episode,MU2MV,AoP-aware,DGTT,Greedy
0.0,180.0,180.0,180.0,120.21596382855942
1.0,180.0,180.0,180.0,120.44264620251496
2.0,180.0,180.0,180.0,120.323376349581
3.0,180.0,180.0,180.0,120.08483031554663
4.0,180.0,180.0,180.0,120.02369212729278
5.0,180.0,180.0,180.0,119.9729532882652
6.0,180.0,180.0,180.0,119.71784668485739
7.0,180.0,180.0,180.0,119.09021854813497
8.0,180.0,180.0,180.0,118.68587294801812
9.0,180.0,180.0,180.0,118.51662820628455
10.0,180.0,180.0,180.0,117.82582993933786
11.0,180.0,180.0,180.0,117.73924043460191
12.0,180.0,180.0,180.0,117.68762558397499
13.0,180.0,180.0,180.0,117.53324720352595
14.0,180.0,180.0,180.0,117.56859808490904
15.0,180.0,180.0,180.0,117.70251529960058
16.0,180.0,180.0,180.0,118.32919892508104
17.0,180.0,180.0,180.0,119.06095298629135
18.0,180.0,180.0,180.0,119.6755188129005
19.0,180.0,180.0,180.0,120.38394317044187
20.0,180.0,180.0,180.0,120.95655512754696
21.0,180.0,180.0,180.0,121.53299231540079
22.0,180.0,180.0,180.0,121.56391111155045
23.0,180.0,180.0,180.0,121.59990424791606
24.0,180.0,180.0,180.0,121.63173804731152
25.0,180.0,180.0,180.0,121.11873665274311
26.0,180.0,180.0,180.0,120.55027057386262
27.0,180.0,180.0,180.0,120.23127660816195
28.0,180.0,180.0,180.0,120.27961296759774
29.0,180.0,180.0,180.0,120.26162380499424
30.0,180.0,178.33540759113316,180.0,120.24718893306463
31.0,180.0,173.96915901735883,180.0,120.82996885943521
32.0,180.0,169.50691494982175,180.0,121.24098628844365
33.0,180.0,165.92894851737947,180.0,121.88579271999672
34.0,180.0,163.4828827597886,180.0,122.88058440562214
35.0,180.0,161.8592409724733,180.0,123.74243171325702
36.0,180.0,161.36253622455556,180.0,124.27346891904094
37.0,180.0,160.92490959774065,180.0,124.6927468693529
38.0,180.0,160.47343892826626,180.0,125.26722286999231
39.0,180.0,160.2036823027124,180.0,126.01998367243772
40.0,180.0,160.3222780051135,180.0,126.99251361255382
41.0,180.0,161.36346419049613,180.0,127.79570306001669
42.0,180.0,161.89381099092464,180.0,128.17957876492596
43.0,180.0,161.54860249937423,180.0,128.7862408506288
44.0,180.0,161.45117063036673,180.0,129.04998704640764
45.0,180.0,161.78603180000016,180.0,128.88963535426353
46.0,180.0,162.10015265897843,180.0,128.44236516171904
47.0,180.0,162.58197978142974,180.0,128.02356975838617
48.0,177.41512729178015,163.86833681315736,180.0,127.4378516666343
49.0,174.59993074748448,166.04307296191587,180.0,126.43409053271172
50.0,173.2137527584644,168.99453646571942,180.0,125.39771484183689
51.0,171.37329168940067,172.29066059922636,180.0,124.33413673598213
52.0,169.16998492039966,175.87377476658136,180.0,122.96645634494288
53.0,166.0353265922383,178.67934278433606,180.0,122.49285146834009
54.0,163.99796265922518,180.0,180.0,122.73211433171201
55.0,162.93293747343765,180.0,180.0,123.24371886241373
56.0,163.93476716357105,180.0,180.0,123.44586486279087
57.0,165.55910581980905,180.0,180.0,123.68816279535561
58.0,166.25996541859266,180.0,180.0,123.96948751054609
59.0,165.59049124984898,180.0,179.23310527979012,124.61787823590628
60.0,164.89895813274413,180.0,178.26577912734783,125.55029360837773
61.0,164.57952866041626,180.0,178.02398943331215,126.4289339520308
62.0,164.75975048591863,180.0,178.6611464946021,126.82732775599987
63.0,165.00363996685368,180.0,179.46735657108707,126.86580013384526
64.0,165.0531681816141,180.0,180.0,126.50753419949748
65.0,164.2104953508076,179.45223982206286,180.0,126.4666095316081
66.0,162.88658834095972,179.49449073472263,180.0,126.39731712622626
67.0,162.01894629586366,177.5352598706886,180.0,126.46961023779372
68.0,161.4675427956903,175.9042302342423,180.0,126.32428535846815
69.0,161.58877445139467,173.172123804553,180.0,126.25277897168029
70.0,160.9449099844784,169.87269878957622,180.0,125.98477780645705
71.0,161.0127137867113,167.13153254339682,180.0,125.58869139130039
72.0,161.66922150845937,165.43145526775456,180.0,125.05911330551899
73.0,162.33393898030545,164.7958560152996,180.0,125.10818548897956
74.0,163.12311820622165,165.36338198812848,180.0,124.99037511641906
75.0,163.06145440846564,163.97595035172856,180.0,125.4077834863675
76.0,161.83953900863688,163.85220643199145,180.0,125.90361672338524
77.0,160.6928991233722,163.6283993092509,180.0,126.39290627353057
78.0,160.1838446025852,163.989629064291,180.0,126.83853851380054
79.0,159.89060347059768,163.14346034217346,180.0,127.5133850251096
80.0,158.45366356954676,162.74432017624645,180.0,128.53664923337067
81.0,155.49878736435716,162.0540743137768,180.0,129.7604871404206
82.0,153.27394469295422,159.7889771650762,180.0,130.31450916014458
83.0,150.2667109127181,157.11795905234152,180.0,130.87753201157017
84.0,146.8795931220304,155.95267754386006,180.0,131.0931751727047
85.0,146.11135472843384,155.72923329805062,180.0,130.82723910210154
86.0,145.53518791423997,154.5090535939518,180.0,130.45857837348572
87.0,145.60652592913002,154.44441998442628,180.0,130.02018542765984
88.0,145.87485151506084,156.32087628416426,180.0,129.70858860775994
89.0,146.39003758883885,157.36242345021986,180.0,129.0078038369353
90.0,147.58070146329806,159.68003406313306,180.0,128.09171004018233
91.0,149.65621243385965,162.47164845071845,180.0,127.6631004706064
92.0,152.4114361138225,164.80638839878512,180.0,127.28369441742643
93.0,157.28043039005286,167.26434000469354,180.0,126.61369988240136
94.0,160.8072890129178,169.4228611562494,180.0,126.23291711084512
95.0,163.7785808705576,172.5645440917269,180.0,126.00778651774989
96.0,165.5431233684901,176.0960228030096,176.13166141265958,125.76096815167794
97.0,167.0803907330044,179.30191710286758,171.69631873165653,125.3540647273339
98.0,169.64236391641538,180.0,167.0146211805262,125.35262322411451
99.0,172.05246519968043,180.0,162.60871268553416,125.64922788247772
100.0,173.65011989947203,180.0,159.33294890291972,125.73456453862833
101.0,174.24802844034474,180.0,156.58592133578009,125.82936110339153
102.0,173.0057769107278,179.90880158764452,155.74865040530315,126.02084692499747
103.0,171.4412696389207,177.66291183877723,157.0478090712225,126.22538017513968
104.0,170.40525577812886,176.45280139358468,157.23652859478975,126.26627773114717
105.0,169.6922512067434,173.96221074469833,158.1362240144108,126.3648216843394
106.0,169.61931103154785,171.9849839669686,159.0312190805913,126.79663625307015
107.0,167.94601282287704,170.9271072416556,160.54147186485608,127.05169044371814
108.0,165.62221574186864,169.73567153169444,162.04764631880857,127.21266558308733
109.0,162.00401219455347,167.90835014001854,164.2411965976362,127.18101865730205
110.0,161.0466506764807,165.95157092921326,166.86678959760488,127.04682180343964
111.0,160.393371218911,165.85939179655455,168.19224020795042,126.9604779217555
112.0,160.86148626753692,165.59146642704593,169.54195715918686,126.9366048232708
113.0,160.8443615597492,164.18271918405424,171.14339383619327,127.09871690595338
114.0,160.63075266779995,162.28347315608943,173.6955883621419,127.23649635699589
115.0,158.40235673704797,159.5294144058214,175.71635590147602,126.8924615116991
116.0,156.55916305572396,156.1498023749158,177.92969782238742,126.29905411132117
117.0,156.04217703856415,154.4817774483836,180.0,125.8163290633712
118.0,155.91025233083923,152.77190592188376,180.0,125.44995954747797
119.0,153.34674650072645,151.26048217779123,180.0,125.23270428628342
120.0,149.80414132334428,149.31232936490085,180.0,125.0184311272898
121.0,145.65817242846077,147.26835245394224,180.0,124.44415002189517
122.0,141.22142863355256,144.99353439987246,180.0,123.677374518743
123.0,136.9369703388932,142.9625461846123,180.0,122.95833472730669
124.0,134.2577323398957,140.92468617204756,180.0,122.57633822958395
125.0,132.93152377666115,139.94560274770703,180.0,122.29084205570365
126.0,132.09399910459925,138.3944693920252,180.0,122.02861072430696
127.0,131.57828072065,136.79396867233675,180.0,121.68163274502366
128.0,131.71985385308128,135.24574847621665,180.0,121.22365427376995
129.0,133.67381888278172,135.2991150100104,180.0,120.65662922564307
130.0,134.860716897727,135.42304328580343,180.0,120.21746537665042
131.0,136.41777936169225,135.87719989958953,180.0,120.29268644978245
132.0,138.6933931408278,137.97955636826518,180.0,120.51177973205898
133.0,140.178697047337,139.8336582770309,180.0,120.3429223390306
134.0,140.15953755223057,142.7928703750479,180.0,120.30042366532089
135.0,138.39598716401875,144.9533707598001,180.0,120.05932537758804
136.0,136.49577960795395,147.5882167375117,180.0,120.34661086228854
137.0,135.32116611397979,149.48163538341893,180.0,120.54313524733723
138.0,134.59048909264772,149.78227723264916,180.0,120.91159456380089
139.0,134.707356021541,150.30952535222045,180.0,121.35743604150213
140.0,135.08400445785324,149.1634773966651,180.0,121.54014490021702
141.0,135.1246169394009,146.84290074093758,177.86495757575793,121.8245501627315
142.0,135.82202548419372,145.81810318437493,177.1580847752352,122.53654905659951
143.0,137.08813454374956,142.03464036241965,176.68821774295884,123.18956215812753
144.0,139.62486512683688,139.12587639107454,176.42378924391994,124.05890537899671
145.0,141.73990433074783,137.1765397078834,176.09243858278256,124.44258118927229
146.0,143.380371877208,136.52486021658495,175.75401339510057,124.79381256608238
147.0,143.43556166035785,137.1333692565244,175.84864981358353,125.04748546767443
148.0,143.2675357280945,137.99516724801262,175.13609439396782,125.40568277133158
149.0,143.2968183230648,140.10862684847817,174.05539524388,125.683670736598
150.0,143.31603395790992,141.46243092661476,173.68937379782528,125.40554025584863
151.0,145.04254004053345,142.41008887582842,172.18066997363923,124.96888152626795
152.0,144.92571691253676,145.66900636973924,172.06937791605853,124.73995421417324
153.0,144.33214912262324,148.46154795146575,172.25855160032089,124.24621834217825
154.0,143.01241123529996,150.8321713220689,172.90293779784395,123.95556038368758
155.0,141.02233395153337,152.22122751053453,174.3995816469294,123.5879897481616
156.0,139.3407434741681,152.24913331288815,176.35146675609076,123.21132485728153
157.0,136.8361725739285,151.95771682741534,178.11064803955207,122.57515482621271
158.0,132.46925559556894,152.107899095077,180.0,121.56206390846481
159.0,128.27658903079896,152.16888497751205,180.0,120.95345574162461
160.0,122.41240195032576,152.76559652729438,180.0,120.2354858770404
161.0,118.29652330755285,152.9275718261059,180.0,119.2694016752368
162.0,112.74287221750163,153.11892604271404,180.0,118.43739633724617
163.0,109.32671024630481,152.84546024574232,180.0,117.44786486643488
164.0,106.52909766134475,152.50902729368238,180.0,116.72715114013221
165.0,104.15885610755852,153.32095034884767,180.0,115.8888144441656
166.0,102.8021926463729,154.88347057785273,180.0,115.32711247614932
167.0,103.17864793096733,156.83571850144486,180.0,115.11611597662927
168.0,102.76329072906323,159.85875180795196,180.0,114.66175058861609
169.0,103.37736952056981,162.2111987599722,180.0,114.36930217069607
170.0,105.34048830961387,163.43818259331093,180.0,114.24905278434339
171.0,109.74384664368908,165.00736461456978,179.78557533045506,114.17332016479433
172.0,112.1283524360343,166.09103548990717,178.35335969446044,114.31445095995724
173.0,113.23661015841905,165.63496244888427,176.40903096544142,114.09763764719843
174.0,115.31605554828123,164.21432545890934,174.99490988607735,114.21655641104134
175.0,117.19596853035131,161.81949717891982,173.362376810149,114.43701469594055
176.0,117.3263801051863,159.06796321088018,172.83441008698284,114.71009222991418
177.0,117.63670744131333,157.53347210895808,172.00766470739026,115.11156632835566
178.0,118.66994324531177,156.03128095934093,171.3249289471271,115.29781945129821
179.0,118.52071202029747,155.11415113143244,170.9900337760248,115.38841828877045
180.0,117.67399256573508,154.2109843298049,171.78374582703245,115.439451244864
181.0,118.27554998397936,155.65710005511295,172.43157910492252,115.65784586877915
182.0,120.11171370209632,158.5030393949051,173.3814877897722,116.32714623743311
183.0,121.0057009487204,160.50050136756124,173.29322737921532,116.8092794453348
184.0,122.31433131020758,162.9165190293623,172.83502413710417,117.2988001278472
185.0,124.15470166761948,166.0927766386685,172.69446737156554,117.36774124848286
186.0,126.3872055880134,168.5921409350585,173.33919502817457,117.5537442396625
187.0,127.12384653646868,170.9127804405809,173.88837715480273,117.83409362312835
188.0,127.9389765429392,172.46542926272065,175.03406111771284,118.02627522692063
189.0,128.39869666850691,172.93126465280872,176.13060870553966,118.5560633167772
190.0,128.15646658867527,172.7309743264257,176.66019600410277,118.8351004111307
191.0,129.05132524749774,171.6755808485442,177.27427616631434,119.18312424327284
192.0,129.96755739994234,171.7034105247871,177.36667817539873,119.64433287323422
193.0,129.92245346109075,172.21386807550482,177.48167252445035,119.99841157351713
194.0,131.90736229290857,171.77347520181243,176.58974676993554,120.90210948110143
195.0,133.86613951893523,170.9134312261266,175.26840092715446,121.75817142271522
196.0,136.12205549174558,169.98783703919543,173.40460209600653,122.89611284285004
197.0,138.56529390677738,168.86613319132732,170.8084392646518,124.12878970065705
198.0,141.4566100003695,168.46434078425034,169.01264688056273,125.00560107127686
199.0,143.2557605327096,167.67162637451025,168.06376713754543,126.07943504042558
200.0,142.5521629712315,168.59465842334038,167.68683020281847,126.80780444005731
201.0,141.50052381179754,168.21341705548235,167.12180622189885,127.44160771522816
202.0,141.14812565612363,166.82292914699278,167.6980900735101,127.7689833234799
203.0,139.0180426672568,165.746872269677,168.21631005932184,127.56114872127738
204.0,136.6385928687712,163.60049176211933,169.202647395088,127.12490435934714
205.0,134.0287014538658,161.68866449318375,170.56150252764476,126.39563828691152
206.0,130.39161099433022,160.4373028407899,172.11699028235498,125.61461474682855
207.0,127.36468892866668,158.53128152367336,172.64251916166282,125.04637164527182
208.0,125.30396219150002,156.64172928083718,172.83382762973392,124.09500275634447
209.0,124.36276810475086,154.09801735715496,172.84646091428252,122.91859722515477
210.0,124.4948416283876,152.17401349987495,173.78708316794206,121.56624879994253
211.0,124.686680266469,150.93481155864268,174.25460914544922,120.48990741071798
212.0,125.01591628101971,150.3684563160296,175.45200773238554,119.7447143345681
213.0,123.8717887045644,152.27751606032817,175.7714812266366,118.98643776254103
214.0,122.13520234176387,154.024196445162,176.37151991681026,118.2951559109688
215.0,120.79755738127929,155.9332693631681,175.42329921270726,117.6907321385058
216.0,118.99633737661838,158.7570939841343,174.52812219356997,117.12282487557115
217.0,118.18890340394472,160.53527368206989,172.90080655825716,116.56835482675164
218.0,117.6462421371692,161.2571329066342,171.81551165834173,116.11792522458354
219.0,116.30514586591912,162.74236818645835,170.8556819346173,116.0503678037121
220.0,115.75666374606027,164.61454574888486,169.29437724804984,116.03202049980915
221.0,115.15888504341939,164.88077498503065,167.96772633296032,116.22653694136548
222.0,115.82684285570058,163.70284298751596,166.76889352996312,116.47610155559406
223.0,116.6718926034558,162.0124023272195,165.80553742964042,117.00086507407562
224.0,118.72583243519036,161.04898082826165,167.73686566833035,117.41616797505205
225.0,119.63537156128554,159.6815985217141,168.68939621861102,117.80851566097101
226.0,120.4162289411376,158.1974624877019,170.05464587790976,118.6211304013915
227.0,118.94495269220153,158.5854929981492,170.96737803259828,119.26193631734618
228.0,116.8301348417753,158.6636326319332,171.40971699929338,119.79938879431926
229.0,114.63808040154063,157.78058753742593,171.80326284006782,120.35632227057788
230.0,112.07951287948106,156.35608043511098,171.78297537624206,120.85569558623888
231.0,110.65107786901204,154.46658861212063,171.5698115368975,121.29784223567623
232.0,109.07120609459469,152.43899140743025,170.5128508946457,121.47021215655121
233.0,105.90587901496244,150.33145637932859,167.86298746378057,121.6719736595047
234.0,104.41061447468553,148.25587607834166,165.58806007601873,121.91701583665362
235.0,102.318681587432,146.75945365849296,162.5726945145021,121.95685754937047
236.0,102.28680272992669,144.20819344563313,159.25026777341589,122.17230126932948
237.0,103.02833743593456,141.49877260878756,157.1135541369796,122.15847118383462
238.0,103.11432101792445,139.24719821222558,155.48736535893232,122.07781168641958
239.0,103.94849625742881,137.88278746806225,153.23620525142942,121.85311260021757
240.0,105.09385557720478,137.6562017159192,151.39598898326153,122.08840543509913
241.0,106.50230842936422,138.78663107481592,149.9848866129159,122.27237608501233
242.0,108.49154163875176,139.4921191569311,148.71799508070552,122.3546988981649
243.0,109.2005670487461,140.60593762927118,148.7295978749939,122.49346766032679
244.0,110.60695073704025,143.27705940583778,150.2155705861394,122.61868181718673
245.0,111.25114729047675,145.72929663931814,151.89870081269504,122.53920444333184
246.0,111.22521738117446,147.88315222575045,152.2451937290796,122.55901406336325
247.0,110.70695724034374,149.77469881715186,152.65880775875857,122.47969985930362
248.0,110.435766956261,151.49339393058662,154.34509866234535,122.45242401001065
249.0,108.68871940888674,152.04103275481282,156.43098936246201,122.30976761626135
250.0,106.2422886965197,151.994880251951,158.90606315915602,122.44645005362058
251.0,104.80782390818752,151.41365142322707,160.38354415685,122.47012860960281
252.0,102.75400021346391,150.1110551242891,161.61819388906278,122.0953987948226
253.0,100.7001798868619,148.3641093466522,161.3187135118365,121.3665484898866
254.0,98.7668576764325,147.2305233879397,160.65923885089066,121.06537736568865
255.0,97.88197597303221,146.82599644324728,160.69478949581685,120.86328239875212
256.0,97.26070283937948,146.72085379205814,160.794678262278,120.60735508055414
257.0,96.98054170916927,146.07543934010093,159.17782693775794,120.25174884437054
258.0,97.20337023347767,146.0743251498078,156.19839096923008,119.49220398315376
259.0,98.14262232701208,146.11159439477612,152.99866674144548,118.58449218573428
260.0,98.09011210704318,146.4801045369258,151.13827209298398,117.80732001733378
261.0,99.68833691286403,147.20784672309733,149.42031883088603,117.0910896353428
262.0,99.61792899646687,146.94630804402647,149.5742821846369,116.65622120062898
263.0,100.87200532464468,147.53907414807236,149.92318043266644,116.10670981969662
264.0,100.87015107954058,148.38623160582947,149.68528387881582,115.86442053503603
265.0,101.81785418801515,149.69053874773053,149.1089507709601,115.69505925233801
266.0,103.0144898864915,150.43994862944965,149.0605746471336,115.46241385762268
267.0,104.3447300697919,151.42235263534278,149.48045369117872,115.34619176293319
268.0,105.44338604134067,151.97783345649358,149.9946400570322,114.78005315746687
269.0,106.73369882473963,153.46661035851128,150.91668572199228,114.61034343369114
270.0,106.22528916392692,154.89025929064059,150.9903519936092,114.62748660332628
271.0,107.26709938215689,155.31711989907492,149.9729804291903,114.7924453112069
272.0,106.80413116673758,155.36680049553618,148.69289350087777,114.9023106807312
273.0,106.92609156903049,154.13379644191866,147.6365482822574,114.55833194368422
274.0,105.80553446458961,152.87086420301685,147.86903986111312,114.19742089653846
275.0,103.09666465521849,152.95705881411257,148.7941357836678,113.90465347598666
276.0,100.5714057617861,152.3380321330122,150.54681395698447,113.6727764904163
277.0,99.44896360589338,151.40304622275488,151.69042544275362,113.89137905698603
278.0,99.06385430906381,149.62435394064724,152.475052257137,113.89223021851353
279.0,99.47271741571902,148.36295617476986,153.2490010254393,113.89821037110927
280.0,99.68036924616037,147.53893425587722,154.3113240493952,113.95681479550777
281.0,100.25220464088423,145.85084468826796,154.65720711337218,114.13726794573711
282.0,101.67141789812558,144.8901646357022,155.2843949496181,114.43391400558816
283.0,102.2859961676796,143.7570378489406,154.9613662608815,114.81688724427855
284.0,103.93911250854943,142.4138300710832,155.31819919167617,115.17103255445612
285.0,106.1835295593934,140.7895186110185,155.15118106643953,115.57575735209969
286.0,106.31435010554675,138.7018124248947,156.24698532155745,116.00888048011709
287.0,105.99216162169341,137.3411635782398,157.35991303070526,116.43934907841947
288.0,104.7132817699281,135.83826466375007,158.2227709291226,116.61155427850791
289.0,103.22178783349074,134.06524070185398,158.4525002835125,116.80945222034131
290.0,102.03582379657209,132.44001150596065,159.63669999525283,117.08128659047614
291.0,100.5321472482218,130.9199646171969,161.54322822372123,117.41955152211933
292.0,100.41169545556284,129.23958882864068,163.4610794119981,117.67834679092942
293.0,100.42340195243126,128.4825045524001,163.7933166181504,118.28088592281054
294.0,99.99024745547027,128.61798369369836,164.0539234832225,118.90956472406444
295.0,100.56146984182814,130.07412666758216,164.0274981014678,119.57368203964717
296.0,100.97265437633912,130.80033917503536,164.134870860184,120.30304760336179
297.0,102.62552158553979,131.28951323188645,165.67985811209314,121.37728178883015
298.0,104.63074066991156,133.06323056631928,168.46734752117757,122.41883311994145
299.0,106.60552996603958,135.40718331893214,171.51891085153267,123.00183472248153
300.0,107.67726540007956,137.92202112930954,173.68899934700406,123.19881864999218
301.0,107.6418675775948,140.3159924405564,175.77193133976712,123.61822983848371
302.0,107.97921158931554,142.64805814210467,178.72766824265787,123.52999020397824
303.0,107.1403811520226,145.12445776086,180.0,123.01495066640653
304.0,106.174330122087,146.57821513678732,180.0,122.44948805499428
305.0,106.17452674931533,148.35964584050114,180.0,121.54102759518281
306.0,106.17246772632447,150.24469056903345,180.0,120.48414277522056
307.0,105.36642003920235,151.4803638336633,180.0,119.46798688488117
308.0,105.20303888637295,151.45204707608863,180.0,118.75242669240004
309.0,104.54158187767217,151.191886549295,180.0,118.12436857462811
310.0,104.7762469267879,150.72287807780287,180.0,117.47938514350564
311.0,104.03777541833043,150.50770170429678,179.85866646606257,117.24922715632655
312.0,102.7848704674238,148.28925999037673,178.2021648940942,117.34674432150614
313.0,101.92784703172846,147.56049020391592,176.92044234317018,117.45539550632049
314.0,99.895275269302,146.664890263743,174.13722483755754,117.95939795701872
315.0,97.11255800102839,145.8470315289275,173.15422511936686,118.37070388132588
316.0,94.2040402885091,144.87292133446934,171.83209229193733,118.36409983279205
317.0,90.59291277734295,144.95474272827647,169.20171197406282,118.24213999171087
318.0,88.7044704804876,144.829732947517,168.2983137515911,118.4035091048046
319.0,86.94313713667164,145.10279139847972,168.8475072249952,118.26831846735115
320.0,85.02487405828974,145.24112059408375,170.59210422137747,117.97696616988524
321.0,85.67677226195529,146.55043398370498,172.32053813089976,117.96765576673971
322.0,86.5411919206955,147.25574393509294,174.0653351534089,117.97429637199161
323.0,87.56814811785192,148.04689067976892,176.19310430374608,117.96710960022722
324.0,89.44055390053951,149.19912102422558,177.18156994576375,118.0077582304635
325.0,92.063510795904,149.74636311919832,178.20165986860133,118.0663103113273
326.0,94.51904144564764,149.76145489578323,179.39580183559946,118.15948336025944
327.0,95.96031959939059,149.22957877676257,179.56773151929005,118.43233872717958
328.0,97.69095414101201,148.73129924683911,178.76297353621143,118.7138208166633
329.0,98.58995369453774,147.58862630685317,176.89661397493995,118.8993374154112
330.0,97.45446374470693,146.82115520238202,175.71592492186278,118.91920685955859
331.0,96.03618697679694,145.31724510584968,173.65154482354694,118.76235996458091
332.0,94.41776814509838,144.44527571140927,172.76672059414605,118.56957139238273
333.0,91.72661951617889,142.52900373065887,171.43100154864794,118.42623347447828
334.0,88.41612713951568,141.34859818361426,170.26313875811016,118.61610157329787
335.0,85.71595466324291,141.46885783405932,169.31370181636936,119.11048946605386
336.0,84.18142628088333,142.11964602032745,168.15442046364652,118.96759620391242
337.0,82.24149716486184,142.93326471515,166.8927518074663,118.92226305241296
338.0,81.70532128385128,143.385875213373,165.2052675810599,118.86367443227167
339.0,81.65262472710299,143.3951028320952,164.20836760158014,118.77735923245992
340.0,81.65985063099997,143.92461284255725,163.31617616349203,118.42059964813835
341.0,82.49071952578474,143.65314727188098,162.5646420030646,118.37463539736655
342.0,84.50511341158415,144.69617112188365,162.85131647478437,118.15803953992472
343.0,87.22946376703965,145.1867191859968,163.20471896795055,117.84865174973352
344.0,89.99664440174674,145.35087113829255,164.101746078937,117.3566633387686
345.0,91.70696644484669,145.54170721039293,165.75479799692587,117.07537282045392
346.0,94.86045530145364,144.92857770265627,167.1084614108673,116.87846131578894
347.0,99.31019646814016,144.18991081613865,168.8879235254862,116.74577544313915
348.0,103.33573135649763,142.9422565203455,169.97916258987007,116.68308506486272
349.0,106.19455898049264,140.55515688655728,170.74082692951797,117.15469643738354
350.0,108.13110765636256,139.10785946549038,170.47196253957836,117.1586054775181
351.0,109.2521626677561,138.24860575802722,169.7773046591762,116.95127053899859
352.0,109.05137537060753,138.59703506522413,169.5732968183896,116.75431189836483
353.0,108.33805147280849,138.40663736103474,168.8259397874039,116.46577640289239
354.0,107.44734634257189,137.90045188689942,167.54809683744372,116.24634983095493
355.0,104.82565945571008,137.2950710548037,167.01164398267363,116.2309027526275
356.0,101.84424535072999,137.03249301851628,166.1274263843124,116.40025766995984
357.0,98.0062253843924,138.29975639215098,165.9612248871459,116.47770685218008
358.0,94.56950078673356,141.0250648832875,165.97199666676744,116.15099916642843
359.0,91.57198158472752,143.365469360593,166.89399658327778,115.72158873813927
360.0,89.0846399722881,143.43860230426878,167.10338635861444,115.62630416459677
361.0,87.43011524888895,144.40616879988613,167.44139685149102,115.41964098217974
362.0,86.73844262292481,144.8970333860253,167.6869177477071,115.66600864982317
363.0,85.55816799187177,145.01472190434447,168.08125571714407,116.24260168992888
364.0,84.63631262197286,145.11784705042817,167.56258550577522,116.83473429690474
365.0,82.79553183761985,146.21248346489583,166.9919024580572,117.31928254014998
366.0,82.38757794396543,145.417067804317,165.72617035308684,117.59233717023001
367.0,83.73312050617275,144.10468665878798,164.3420030855917,118.0112649453127
368.0,85.72889471420366,142.1415101987988,163.89925925346765,118.42130128729865
369.0,87.29005393117596,141.61159602686567,164.2096575651599,118.4894490701301
370.0,89.52601567019335,139.58766904299702,163.77300732517014,118.71510434302631
371.0,90.82984341158412,138.48105792319856,163.73573446399513,118.76016776065956
372.0,93.2434608558622,138.20555055192725,163.6638675349507,118.44694421864351
373.0,95.78923717955772,138.3758590302466,164.01818289136287,117.94008001135842
374.0,98.28441320634063,137.10483606352597,164.62787375486144,117.6087402291298
375.0,100.50512820506464,137.069295281715,164.63513261505796,117.47011288374618
376.0,101.59168506085382,137.0603722396544,165.20685549838842,117.29430194789718
377.0,102.39081582336011,137.43578333357505,163.03172660415606,117.40459289949182
378.0,102.73410723249364,137.45232264809198,161.20155272201143,117.70420619204126
379.0,102.45019638904512,138.66174244496634,158.8625790846263,118.09309293953127
380.0,101.89265329380763,139.58069628539891,156.94411372913495,118.33150723287542
381.0,101.07226564605021,141.00631816295515,155.19651640344986,118.65461707151326
382.0,99.74217476283587,141.81853826988785,153.89552922991325,118.82729052286685
383.0,98.82815407751646,143.0701133020019,153.01616234617651,118.77904913686103
384.0,97.58242909311177,143.48050910273795,152.30488716825408,119.09729772846244
385.0,96.93178904533221,143.86907686963633,152.0935030041539,119.55159558226934
386.0,94.60854877670351,144.44224629378766,152.95669758089502,119.91799846704916
387.0,93.91874761162941,144.36036372532112,152.972995914874,120.26187145532447
388.0,93.06228768459613,143.63770118342362,153.680491772845,120.60635634626114
389.0,93.00515483869307,142.27812574874486,153.90833152207537,120.99245149782769
390.0,92.26906513848404,140.13325269604604,153.3903190228476,121.58229849352995
391.0,92.5206795862819,138.16987403969483,150.84520736406398,122.39628892338335
392.0,92.15172083840301,135.96853671505824,147.9201666740561,123.20696150165577
393.0,93.07647669150998,134.60261447852326,146.2726001918523,123.33513332775483
394.0,93.36963179512742,134.10878709995058,144.15187001369006,123.2458666838368
395.0,93.93788248335862,133.2396420727976,142.28745676919425,123.28759195419957
396.0,93.14298182947319,133.27436277514857,140.99015057979477,123.39763221179395
397.0,92.5160852438026,132.30713756837815,140.62944436848215,123.72789919282562
398.0,91.39203666988546,131.2826667354632,139.92248356580532,123.9337931125414
399.0,91.41137460372576,130.19205994497588,140.10229309742263,123.8436668130336
400.0,90.98069404157403,128.63526785804714,141.2149214945553,123.57457306210856
401.0,90.97995156286999,127.22283332759895,142.89033691517466,123.07477505975919
402.0,89.4632359522604,125.62233301135862,144.13589244125714,122.7954460759443
403.0,89.011071820213,123.09866473883618,145.7951817646411,122.87412265151065
404.0,88.94687881459882,120.41796576454867,148.07628141932642,122.93985306710248
405.0,88.7070086797606,117.66157772887284,150.79894301871295,123.29513393715152
406.0,87.89938444005753,116.60422662285004,152.4410233862949,123.23214523091131
407.0,87.6177923558732,115.75606565905105,155.3357005057797,122.97619266766134
408.0,86.6967328821859,114.9229655198381,158.0202625838398,122.73253430756918
409.0,85.66807625623817,115.70562138710875,161.38888408558793,122.35269164515984
410.0,85.02583795764315,117.7792019955071,163.89220752778277,121.90437767041932
411.0,84.63890120448684,120.14955553663695,165.8024811506652,121.57645792619425
412.0,83.33228184282645,122.88813281848213,166.28541265914646,121.16093380736733
413.0,82.60659948391512,126.78828293978998,165.08223457530886,120.65427126831605
414.0,82.28635399319748,129.35990909486722,162.60297208532458,120.16081254907068
415.0,82.82558839995588,129.08383478533776,160.98019116994024,119.82862342195266
416.0,82.6160094622667,128.98122997840863,158.68133314067762,119.66610699569566
417.0,82.91317569905506,129.3808913213191,155.79313967426648,119.56358518154595
418.0,83.37563072456,128.9411924114399,153.3935883755744,119.65414888043935
419.0,83.15913607581463,127.39521467102094,150.8871464426223,119.94514133160251
420.0,83.31206952122452,125.68440880651252,147.79561901669672,119.9890544887849
421.0,82.48629491947604,123.78390052693202,145.97838684946723,119.97202887140949
422.0,82.28106397874473,120.93713618175323,145.33672246438323,119.96133267528728
423.0,82.93038438666976,118.97731601487982,146.32019914974921,120.16178675264098
424.0,84.11919305029238,118.92845702062789,146.2965670223888,120.13733886982166
425.0,86.62478989681075,119.2582082036243,146.6220752140446,120.12231165325791
426.0,88.2117745514403,119.55633057179523,147.09368758883005,120.2110105872443
427.0,89.33766365951952,120.86426925916555,147.10429491182816,120.26415976273172
428.0,91.25545971383629,121.65281357357813,147.5026675707581,120.21169568321214
429.0,93.68158930597441,122.91110522061969,149.34284557000836,120.25253599669227
430.0,96.8327275178715,124.43132179735596,151.0884905614365,120.39486017938066
431.0,99.11206876837018,126.02621243841516,153.0282032896705,120.21341162122641
432.0,101.75957290004818,127.96712817113253,153.81979291886344,119.61765340472401
433.0,103.27629188184257,129.26536195493637,154.11323195725456,119.16676200259265
434.0,103.74296657556692,130.12883554287586,154.2769823697677,118.94718635302506
435.0,104.4707389835734,131.50487255113916,155.01681339173265,118.71239820419841
436.0,105.44874448843399,130.8588691412196,155.70556261834676,118.74720793529572
437.0,105.57943161039314,129.9911018560012,156.80812664521738,118.95623214609596
438.0,105.16952421276369,129.24221748954918,156.69982087407084,119.21564755493469
439.0,105.33298938943133,129.10355148386947,156.32868247025465,119.12481409101713
440.0,105.49017364310399,130.00231788540725,156.67758606893295,119.37352466948035
441.0,104.90993172667731,131.02416727429755,157.4725217801233,119.72191496134711
442.0,105.68031315901928,132.00841154129566,158.56846930897046,120.04498068542414
443.0,106.48749766811765,133.6768124685552,159.80305067367354,120.44983734500818
444.0,107.23214771923458,134.0076279669701,160.76772898296232,121.04038345979558
445.0,107.7056061895825,135.26183113924867,161.5784836783772,121.34038845753248
446.0,108.25219963102008,137.74702220072302,161.78015409404782,121.4472493713569
447.0,109.12496933221422,139.0989304283994,161.54821503462762,121.62010220667273
448.0,108.78739388066717,139.93117321298448,161.16578599048046,122.03550672372893
449.0,108.0413287069882,139.82106598694867,159.58107632238216,122.51589558976102
450.0,106.6790539361331,138.6593057714208,157.86683197082354,122.68679478372971
451.0,104.78114150350325,136.68651976927572,156.59501221272905,122.98582394387384
452.0,103.1405348878363,135.2558923190948,155.08804378425305,122.81047329685673
453.0,101.06604785685474,134.18509594219194,152.3949211192845,122.4548915559749
454.0,98.89445704574368,133.3294393759831,149.304186338326,122.09931098697257
455.0,95.88433484993963,132.4982995309576,146.33025162401668,122.18095743684715
456.0,92.83535762353253,132.0222140993256,143.0744472870873,122.29126267249539
457.0,90.76786594176525,130.13369727138925,140.59724444205986,122.30164904888392
458.0,89.10553298324388,128.32436956784125,139.04518374805596,122.36828426305591
459.0,87.28677330124626,127.410085691799,137.5758176132333,122.82237985138653
460.0,84.5158554257033,127.76335098470474,136.1288420388699,123.00595812133388
461.0,81.01175786209708,127.00985891565381,135.14946514822242,123.62688222229468
462.0,77.25105417807423,126.55562223259409,135.2039967858462,124.16545099332289
463.0,74.12513463088322,126.65404285950017,136.11340585800463,124.58723885896286
464.0,72.05335038233682,127.11455917358852,136.34846346273997,124.74824056214365
465.0,70.34888752284127,128.15364294999964,138.42431688304384,124.97255627826826
466.0,68.58378929774256,130.44860302145534,140.1929035977798,125.40252831104765
467.0,66.6130795866475,133.41712770699212,141.97332311075337,125.71396679945019
468.0,66.2805580770952,136.61535355850526,143.61060111778394,125.67140634002243
469.0,66.59259505783245,139.73377565192374,144.89066150425387,125.51109727065085
470.0,67.7948076647441,142.85467508967955,145.76423710755202,125.27336542015186
471.0,69.90141490825583,145.0647182846257,146.73827649090438,124.76265666303708
472.0,72.33070002563605,147.0057954757159,146.64291264296648,124.40936510258362
473.0,75.43363758139351,147.56401837466876,147.26487988537164,124.00005332291357
474.0,77.6695903409872,147.41423416035468,148.40130273517747,123.45955644947644
475.0,80.53438728445187,146.22731944919488,149.78577080239148,122.50925402575957
476.0,83.58826607189812,144.59728356109835,150.6231685016317,121.21645803539276
477.0,86.14725484477916,141.24566969052515,151.6712275745809,120.19663155408439
478.0,89.23928963059375,138.57979436193864,152.7309063429154,119.34225753081577
479.0,91.71246672271992,136.21043465872398,153.51265513339453,118.3539686920743
480.0,94.11906992810056,134.44137034674736,154.707865835042,117.80394379302105
481.0,95.52986408235978,132.33056829289637,156.99208270564066,117.34845106669528
482.0,95.885467185538,130.69099024008239,159.2721669297348,116.93569259243601
483.0,95.37992631875245,129.6625539082737,160.17905815629118,116.92925383787829
484.0,94.48686643020977,129.87378417549348,160.52636995741855,117.29199117207006
485.0,93.1174959165931,129.7814730257949,160.6857585941777,117.97065657041614
486.0,91.14979570391071,130.38189866308215,160.4983922865593,118.45535979272489
487.0,88.38109435690467,130.25664867321888,160.19814362643845,119.10337938795857
488.0,86.74636211271043,128.42895885275274,159.94823341299914,119.81817201349979
489.0,84.99674044322303,127.05769865284869,159.702333941367,120.65399032126099
490.0,84.1403792581213,126.71666770258261,160.20255891276307,121.44417293450836
491.0,82.64577236047232,126.00135922861045,160.3353338638384,122.19317403002131
492.0,83.37194010181645,125.14319653850939,161.23617341183788,122.57444728424258
493.0,83.94255090015557,124.35926697436072,161.76595265547385,122.94017638544041
494.0,85.50074402371486,123.91839516650195,162.63572266347688,123.31957827382337
495.0,86.34364857134342,123.7544180706713,163.8868036797094,123.72763148663138
496.0,87.01989193185932,123.87348058494948,165.07876353878618,123.96906671729491
497.0,87.562240111643,124.67670437294977,165.9348409847223,124.18726351199257
498.0,88.26803315974963,126.02464695789122,165.80061594508345,124.07500489539176
499.0,88.69852163491801,125.79721279168349,164.006558522219,123.77981189208506
500.0,91.12759108051766,125.89426468633069,162.27254787475124,123.58464236710955
501.0,92.97880918675395,125.77887992557443,160.1608415692753,123.59644742950238
502.0,93.86956304852433,125.62006153249565,158.76659885265838,123.64686203829456
503.0,94.29142433944827,125.5208288071095,156.78797418343464,123.59402621682797
504.0,95.69606463073592,125.81152433745791,154.3309027161316,123.54248002635593
505.0,97.83417047228532,125.45449341268217,152.23259849648846,123.62734601008611
506.0,99.71059609644925,126.28148832294876,151.13905709348498,123.70854037744073
507.0,102.04166200136898,126.3236817345289,150.60405399423377,123.79971020051116
508.0,104.85771687496998,127.03019955347497,150.61712157640747,123.48026453819284
509.0,107.66007114193789,127.57424513911872,150.81048639745563,123.28476758210645
510.0,109.94298970253728,128.44216961261804,150.63536345145724,122.9165306431506
511.0,112.62075440546806,128.56114253376464,150.17663520232128,122.0999809896764
512.0,114.50357080639584,128.20521634005226,150.23406842376002,121.09138293008047
513.0,116.18494876946815,128.40757884882038,151.0718076885513,120.14729082465685
514.0,116.08780096582078,129.3292402568229,152.64303012863598,119.1964317186343
515.0,115.30782141100916,130.2461315486216,154.12654101193357,118.44262619024279
516.0,113.09837598050788,129.967530663478,155.2837547882907,117.81555994743614
517.0,110.21895172034,129.88658083832453,157.101270753505,118.01899167651412
518.0,106.11607788111942,129.07355536767466,159.1462021465689,117.8948182804451
519.0,101.3145007938102,127.81697102726052,160.8172488073407,117.6213813972257
520.0,97.3133459363828,127.7273239880359,161.76507247455734,117.7095842530336
521.0,93.50148393873599,127.96180976740399,162.81351647854098,117.85023528745067
522.0,89.88266773093117,128.8018544265665,163.19499953575016,118.02860944683285
523.0,86.8054108918898,129.468970634164,162.73385704608452,117.98545679816671
524.0,83.18670178111884,129.74304831291136,160.5390638478616,117.79593082630302
525.0,81.16099683812556,131.1356497010937,158.29693669085395,117.559616475094
526.0,78.75334463609607,132.3421381647284,156.21861949432312,117.27573021408894
527.0,75.67445184951377,133.92557837567216,154.354534734466,117.22183795244136
528.0,73.47881268574994,135.30523742325326,153.0431761548167,117.3499035073863
529.0,71.2150070445537,135.5602165329843,152.2175364142492,117.3791805236985
530.0,69.62803320628589,135.55489737803313,150.6558532214261,117.60006201566453
531.0,67.410043890262,133.63649811833852,149.61700370809254,118.02752118119699
532.0,66.91110127507066,131.7980840717832,147.9731481031192,118.70337399148038
533.0,66.9594646376347,130.9116367697778,147.69195679514957,119.13449081961011
534.0,65.70594181723865,130.78157937880195,147.8419712390749,119.61156349756801
535.0,65.29807694834807,129.76490750054802,147.20992412028542,119.5142948534207
536.0,67.09261897530087,128.6386077835998,146.7038539618738,119.65066103784
537.0,68.23017298393526,127.71178072353692,145.54894321276004,119.8185698854019
538.0,69.13700136464485,127.12024652982825,144.44436357825361,120.25069534824647
539.0,70.94492033720586,126.15159162161827,144.46391925843704,120.74566722334625
540.0,74.09889462069093,126.32585421146699,144.01709357424483,120.91408812839954
541.0,76.33291708239203,126.30997658865886,144.25081708406435,121.27648848407428
542.0,79.58281401455561,125.2739003840288,144.49022913620337,122.1149523487564
543.0,83.7184431720262,123.42433944866292,144.65256621548815,122.83647097273042
544.0,87.73341694884074,122.08167146074872,145.46771330790386,123.83813267389189
545.0,90.59376770369916,121.76933384105315,146.13998784562222,124.94425308031327
546.0,94.29268673933602,120.83366892688579,147.42587393607846,125.73195016188352
547.0,98.51642315703835,120.53673641234244,148.41723134930862,126.13639479439682
548.0,102.13976588799741,121.79896142607016,148.5028629205236,126.40956136508062
549.0,104.46786857138133,122.77731550379757,149.3110356996648,126.67582758280251
550.0,105.58897315477459,123.33500797537896,150.6045620998372,126.61065836497039
551.0,105.03358703061625,124.30624772003699,151.13804904348936,126.2192819767773
552.0,103.98645872590815,125.56723506040396,151.88295976596552,125.89578070260171
553.0,102.80900761627711,126.67768361253343,152.1142602024345,125.80898991560991
554.0,101.56153591980247,127.25416059078887,152.61718794755862,125.21191796418495
555.0,100.3316757801652,128.6931173204661,153.19971016807847,124.79861482427143
556.0,98.09796281266733,129.21300692643348,154.42648435433844,124.48251752834639
557.0,95.36130126713579,128.05645058291677,156.58398378440276,124.05848631415559
558.0,92.98090344342785,126.29932930258256,157.64192352058325,123.7058445767993
559.0,90.63751908852616,126.50432852587717,157.9954426212212,123.22456712176387
560.0,89.45969327766575,126.58292563751039,158.64359573352914,122.50871370382211
561.0,88.56394124212821,126.13968394175484,158.5771571005033,121.54156569485812
562.0,87.90061296072018,125.81048439802356,158.26632372570552,120.37963254602482
563.0,87.26674821249343,126.38242874306233,157.5794970363068,119.46732609266643
564.0,86.23344607695839,126.86190012694465,156.8111453100545,118.34016635746312
565.0,85.65619876341137,128.3224827944862,156.63304260305097,117.40258490484099
566.0,85.38533729318668,129.1218886437863,155.47930117304037,116.53535032070056
567.0,85.70886694648462,130.43565867023364,154.5952096841953,115.83803154285225
568.0,86.21261402610307,129.9068726080143,153.23737642717626,115.6874907767962
569.0,87.01052486038287,128.92055977259952,152.39284902771166,116.04185328083256
570.0,87.26125214684691,127.93887317812091,151.6579823597366,116.58302274264359
571.0,86.53243993933704,126.7333826544402,150.9302166156807,117.26396972410559
572.0,85.90865012533848,124.22375901876698,150.36795665157754,117.92923825843185
573.0,84.77636393166549,121.64872055497116,149.37877415938482,118.97831396590524
574.0,84.25142924582872,119.18864838965324,147.10976504080702,119.68072170326299
575.0,83.24764867859275,117.37404144213261,145.25599564035315,120.30631241835135
576.0,82.03442243004073,115.21656619925176,143.36450212427854,120.8616851836935
577.0,81.72652213779725,111.79040961177209,142.49006520424328,120.83549490080375
578.0,80.40264211963375,109.74118121793768,140.79889214500773,120.5675251455745
579.0,79.33193306397634,108.1556403758546,139.25502068918422,120.24420328420281
580.0,79.18253541057425,107.19585827574087,137.91436855451232,119.80548305722782
581.0,79.83494198521143,106.66611914241011,136.4450048211879,118.93588697331573
582.0,80.59391994687333,105.89043084290635,135.0365382004375,117.65930276597491
583.0,81.51432490780249,103.60766264811747,134.0677835102084,116.90704848090485
584.0,83.98360454439398,101.63950263115369,133.25463569908382,116.30508672391984
585.0,86.44011759489139,99.72173675252911,133.55365308343832,115.61762759938087
586.0,89.0995169931747,99.53691808840874,133.63722433743644,115.31852552458153
587.0,92.12917453552637,98.27807557470678,134.34687443892034,115.05822109865981
588.0,94.6925477822657,96.54968237730975,135.08082121797293,114.68563693530038
589.0,96.20934746524377,94.98693575276248,135.74625150903853,114.52910196367097
590.0,96.92312939810085,94.06656506221366,136.54678080756761,115.01124949259632
591.0,97.97585057488304,93.40746231136046,137.56914899698663,116.05021739686865
592.0,98.21078779026124,93.06057895730827,138.20340224662684,116.60080384110496
593.0,96.94188411636708,93.37090003934,139.0301939778953,117.34723911801377
594.0,95.08836676038145,94.13024476244165,139.09061686256956,118.10879542175991
595.0,93.44706019633558,95.25950400244946,138.82671015665548,118.76390158360134
596.0,91.75819790414519,97.38499718136582,138.78613523332484,119.31966482130895
597.0,90.57473594592851,99.77213259643725,139.00442520403033,120.07407455827948
598.0,90.24051706685543,101.90819783874804,139.75229946903528,120.59470187212573
599.0,89.48565971151585,104.15973349881932,140.89191900234945,121.18429181016782
600.0,89.07145501591815,106.55113221787211,142.12931203875021,121.35083773570737
601.0,88.88688467908109,108.50622351939082,143.90991767090196,121.58971009581455
602.0,89.71056062532995,110.01861034737954,144.37957822373355,121.5224407739835
603.0,90.30621932278687,111.79828778437438,145.11526934648455,121.5252396278995
604.0,89.56994856688839,113.19292983035994,146.73182132375283,121.48017831362213
605.0,88.87268555268702,113.64814982248502,149.21588385771594,121.1088925656915
606.0,88.49503171953421,114.59446272510725,151.61791695713922,120.69485539434143
607.0,86.72280652750872,115.66016184589635,153.58665418203998,120.33543099536155
608.0,84.50870649302617,116.42784032332048,154.90781811688544,119.43267721042412
609.0,82.03756815806473,116.65462196526566,156.08093070222543,118.92824582506684
610.0,80.27190308401003,117.75644262314025,157.14412292251467,118.50095510643335
611.0,77.71059193880605,118.58420885438358,159.28905579252992,118.3746671473496
612.0,76.08844879155944,119.4713410613416,161.52975852521476,118.28536190145768
613.0,74.97122497191822,120.86143180047334,163.57175304694476,118.03125157147765
614.0,74.56192395279645,122.31682538399413,164.15351690014177,118.36299283886464
615.0,74.06274530666543,123.0347679813979,164.64339639428107,118.8061007352597
616.0,74.58331562061049,123.76396672570768,165.05745109136993,119.13237357225047
617.0,75.17382915630509,124.02673574403366,164.86768143698316,119.5487250766624
618.0,75.99195613680774,125.07120156426517,164.70080250245633,119.76187584174696
619.0,75.32353376971977,125.48711607792352,165.67126510180037,120.25558876229039
620.0,75.21721744259871,125.95038735007087,166.2417921333376,120.44229564209714
621.0,75.11021741137746,126.18874440298674,166.14673534720652,120.57999386094622
622.0,75.17019757708387,125.44693140086707,166.03849110796654,120.7172978838494
623.0,74.89668447321168,125.15403923256274,166.70299851848208,120.5736857767617
624.0,75.28280577961705,125.58755443552333,167.02135975836538,120.24856220200067
625.0,75.30770618176663,126.61768348511056,166.53295740345925,119.9675055901559
626.0,76.16189787693509,126.6348802216659,166.18963204619294,119.78515147197804
627.0,76.4543465403053,126.24333180631606,166.23765181691658,119.39700352400968
628.0,76.65227723157628,126.75289668568999,165.48997558691235,118.8781153610703
629.0,74.89976681725418,126.7078672524748,165.66342383546993,118.83955597968863
630.0,72.81894524353221,126.89494024163554,165.2680248760757,118.74424350054841
631.0,71.37929767735504,127.13152818567978,164.5705768155071,118.67711200932987
632.0,70.23440936667436,127.137872656897,163.43684230354665,118.87927957228874
633.0,68.90742161854669,126.13129886700517,162.8751007784992,119.5110328909624
634.0,68.18728749944042,124.53486500598063,163.3721289837763,120.11175416354152
635.0,67.1374360302666,123.56938645458244,163.0028033431198,120.60090087927814
636.0,66.82185694629592,123.80264177259507,162.09204472376243,121.16060732591671
637.0,67.95041092389806,123.58229499645516,160.46097089668694,121.67217329371705
638.0,70.56769364873746,124.11072210433314,158.042338805991,121.83046573750447
639.0,73.74886338197243,124.03802066704526,156.4011116901367,122.11615306243483
640.0,77.03781311606994,123.37043941972996,154.53883995040607,122.62441942235183
641.0,79.8062006789391,122.10157285205017,152.6299615514913,122.90129810329596
642.0,81.60623080708818,122.26029198125703,150.3730078303382,122.76100097858384
643.0,83.15576706690086,121.08430477734434,147.74946802730904,122.62080347437629
644.0,85.58433860659514,120.22544854597881,146.20326170124807,122.72610832721818
645.0,87.33237947335029,118.24888468838603,146.38225688235323,122.76168311269348
646.0,87.75128165579986,116.53023447790693,146.7059815547374,122.60804894526974
647.0,87.71402459686794,115.02233791939474,146.13323752223945,122.61021330735886
648.0,87.50287173523576,113.19298905058561,145.9260891720303,122.70640649558891
649.0,87.11404986008846,112.01206785577217,146.11463135777657,122.58574757568368
650.0,86.6818999450968,111.59298173587393,147.1403597078178,122.71301244783423
651.0,86.89504093345778,110.46538969003714,148.36268647057403,122.88840592698531
652.0,86.85272312670456,110.38817499135493,149.22782914722723,123.35981094862245
653.0,85.07491614850231,110.69453446863464,150.17493509947968,123.44440323147172
654.0,83.05848863519329,110.72366216131216,149.7524607151474,123.4421540650572
655.0,82.26093739706667,111.22303072678989,148.9894250221589,123.54891827752056
656.0,81.82676844546538,111.7113864195127,149.127592630499,123.68917675107362
657.0,81.5214559112981,111.81969124487975,148.59786652881263,123.25025087558363
658.0,81.40952520023748,112.02100455185257,147.20449832425817,123.13004235129938
659.0,80.7299714819565,111.28559919583557,144.91709759521564,123.02946230463668
660.0,79.976471813647,110.40565974025435,142.38242443966166,122.9251258189075
661.0,79.03206714976609,110.08633496686555,140.50791631510396,122.6253990270262
662.0,79.16172465810506,110.3553137435383,139.04698760502302,122.76332563887011
663.0,80.03685560691432,110.11057563756404,137.7781062240922,123.24529399964123
664.0,80.44456820339931,109.06025048005775,136.29049932896092,123.17306205988957
665.0,81.5510837648292,107.49824317759328,135.21580909159988,123.0681498422108
666.0,81.89829228536286,106.74014963481518,134.4229374724631,123.31960459902882
667.0,81.32193041357213,106.33897847510208,134.42718201125294,123.20939020446383
668.0,82.18065837939503,106.4271847565626,134.21767910726666,123.03641375323835
669.0,82.2322964336137,106.75762982468353,134.26614292373262,122.64602721385131
670.0,83.38863045920132,106.19356583857515,133.73475056508147,122.38888092968743
671.0,83.75603860262967,104.2222480438311,133.75125441888696,121.99929228232577
672.0,84.67908391573468,104.2979841741835,133.28590271599754,121.40281447460588
673.0,85.0297811300807,105.5063603521237,133.0170585393106,121.24457009087917
674.0,84.17860900706674,107.16570653604646,132.32719577927006,120.83904482140255
675.0,83.7723574362497,108.54810123184444,132.0141293977863,120.38940259693457
676.0,83.32277781868775,109.88573135900396,131.99664624906558,119.93339677647627
677.0,82.55067427483976,111.21064363206222,132.1850103628094,119.67042038667489
678.0,82.48878372666346,112.91697224123176,131.94070366651056,119.54376622207788
679.0,81.4325865530502,115.26331739043734,132.83119238773935,119.39318617309458
680.0,80.43710801418997,118.2818031649922,133.13571897165215,118.97507786379064
681.0,78.30144555585008,120.05453718299898,134.23251726474925,118.82625689519084
682.0,76.21614967067424,120.40895472796957,135.62922978732433,118.985349716579
683.0,74.75258185960192,121.4492549719904,137.0487325357557,119.17918003682769
684.0,73.1207705719422,122.51377679904569,137.64090448803697,119.61968747316095
685.0,72.7145865934381,123.75906762940437,137.77088720224364,120.02557398113912
686.0,71.77200778408634,125.15344063859375,138.85327827803164,119.96395032681183
687.0,71.56936457293335,125.93832387386843,140.89308874786488,120.16916395944892
688.0,72.43499615218815,126.99330782907342,141.3417003794487,120.49362890986512
689.0,74.16257161367373,127.52129406743141,141.27721908308723,120.88611252027331
690.0,76.80287982323915,127.62644455750396,140.49075157297023,121.35826870930099
691.0,78.07422913029319,128.09298307735025,139.6204495748727,121.47767913215844
692.0,79.14115775086195,127.38261090387341,139.28351240094455,121.89297041868402
693.0,80.41736096119695,127.23756733789402,139.5446317779877,122.10383942766745
694.0,80.72593059562499,127.57334675872907,139.4976852457107,122.47776375031486
695.0,81.27858511134491,127.35671887225145,138.78427073817264,122.90871725807128
696.0,81.77329215841299,127.3874612795605,137.27579066071723,123.19987017861682
697.0,81.77738209146177,127.1142208105784,136.37200146024693,123.29631465648956
698.0,80.94349694111608,127.87682694739267,135.51848754441846,123.3720748257624
699.0,79.03051535875242,128.3780275837021,135.23731120520887,122.91200599286512
700.0,79.01858496210075,129.44706243786538,134.98343954490338,122.43001834816506
701.0,79.29592220798442,129.62439341066732,134.0357955280523,121.63155578210431
702.0,78.93193149621786,128.76177984721014,132.55488226699163,120.65567058638648
703.0,79.28800025289898,127.84173504509228,131.09875723842077,119.61841621458385
704.0,78.27148148789301,127.03853007394045,129.19879125040273,118.62121759112377
705.0,77.43883423197718,126.49924479572775,128.11126786131302,117.58255032283306
706.0,75.97178977915154,125.75952283399829,127.19983924794494,116.60325793479117
707.0,76.11864883249041,124.08153978808838,126.53931002337379,115.66050118878755
708.0,76.51241982759603,124.03326595102378,126.20999313021704,115.38818188617284
709.0,77.32051488122842,123.9737447468462,126.55391340204258,115.62417527101309
710.0,77.38568528357919,125.40646797864105,127.3255513404069,115.75400081425735
711.0,77.10630578694817,127.23331199099013,129.0699477157174,116.20918390853761
712.0,76.48609905818459,128.39462468273518,131.6960388946381,116.73174104086502
713.0,76.51733468221977,128.7771090840645,134.58582118602894,117.30745118333893
714.0,76.51108142376987,128.8234065270525,136.6871224481429,118.00342137436593
715.0,76.56681805978658,128.3844668991222,138.79710696639546,118.54983510993064
716.0,75.73817885817206,128.43339417604216,140.98023022233906,119.40490371067959
717.0,75.67509449326417,127.11841523434263,141.86686868551658,120.06048736219506
718.0,74.18824784330847,125.41307503350025,142.63524865576971,120.41144233040325
719.0,73.88644667387871,123.0426355271095,143.37197676064102,120.96469833561248
720.0,73.3186961871815,120.6061286144839,143.2653064986775,121.27852234130886
721.0,72.69818008088409,118.4386674282562,142.99323783560212,121.37639601049895
722.0,72.53134509019021,116.89136749087348,141.71028399254237,121.41039952253473
723.0,71.3812883823973,114.51702275075746,140.72266021271355,121.5592544834179
724.0,70.46668158376163,113.01088044674022,139.0371739758318,121.73399835368011
725.0,69.00915725696817,111.42940738844271,138.01434611624273,121.92170513000374
726.0,66.83022818103296,109.97366093759801,137.2921466256901,121.7416685090633
727.0,65.84838233087933,108.36160893954468,137.11474225845632,121.40859648095446
728.0,63.66382185453219,107.80846081713293,136.4829298161168,121.16263567091637
729.0,62.84273952144198,107.6777431913761,136.2140160323367,120.93301272597797
730.0,61.60726453607286,106.63700803246438,134.54115835018172,120.63410686476466
731.0,60.948107259355915,106.0023383425467,133.4735864033917,120.59668534561241
732.0,59.949552004447646,106.5534950668644,132.56059829229838,120.43492783626337
733.0,59.6375285605903,106.71199722291504,132.01923855126086,120.29520781997383
734.0,59.874613765667114,106.99403748984297,130.013051268633,119.86889568278498
735.0,60.073474399007985,107.48743695411903,128.2436185648666,119.75875788932363
736.0,59.86972915559129,108.20916565142029,125.77904039170843,119.8008222056334
737.0,60.67320353401347,108.35563862442432,124.54623192963597,119.67314397361909
738.0,60.59690420041841,108.23549001173193,122.8787261239617,119.5496124993336
739.0,61.36592166064693,108.57753876390204,122.83440497397682,119.64854127473167
740.0,60.50221526057262,108.87955349187631,123.88482272219116,119.43604839109902
741.0,59.939740654921344,108.23063008956635,125.2043180287657,119.33288936663932
742.0,59.05814992691511,108.01773162484442,127.06496480426708,119.12865389634626
743.0,58.93986608560674,108.07737155174692,130.41907751290216,118.93325000910549
744.0,59.49715520312975,108.2761793421968,133.17293484422092,118.49944801283283
745.0,60.413245104059406,108.03396014905006,136.4805852350496,118.04769213542684
746.0,60.701586706915016,107.67437959587261,138.61674757001737,117.6017270168316
747.0,62.36095548459299,107.46954822199847,141.0968948744687,117.46879744666276
748.0,64.26632310368934,107.42716246882239,142.7678211253351,117.45828939649337
749.0,67.13697518865906,107.57007628873131,144.14667424468638,117.56254909863536
750.0,70.1386107377711,109.01577326371434,146.01818420802525,117.71120359089127
751.0,72.73181728261672,109.74883814812323,147.80630276840265,117.96789807122634
752.0,74.88852052513406,109.69126212167313,148.8280526599638,118.36865959695865
753.0,75.88711602546412,109.36509529514724,150.59040895751212,118.65742704472973
754.0,76.68684297601631,109.67582838465898,152.01509487155874,119.19091052706074
755.0,77.23528306023874,108.82137132444254,152.42035349787747,119.7407499574702
756.0,77.16937797415338,108.27062288588581,153.10176233145813,119.97528956260479
757.0,75.49244537389386,107.81524713277341,153.56211777646698,120.46308880416775
758.0,73.02065157457021,107.3656177351128,153.6616536463994,120.70891924837919
759.0,70.50988975112033,106.02264511653608,153.19610550410678,120.96790448116205
760.0,68.38503854285493,106.32560884814096,153.0670936368508,121.01559212235497
761.0,65.66650351662473,106.29748879462689,152.96818013830858,121.01319085433406
762.0,64.30160580155469,106.21471950375532,152.45840785692332,121.36327268645636
763.0,62.958461128038444,105.49731117411741,151.80050726548978,121.41725524482962
764.0,61.72514783803219,106.1227446304947,152.85812848174766,121.43597339528749
765.0,60.13090009318106,105.9376735269803,153.2806214652499,121.55381546408002
766.0,59.55326081538123,105.41276135273156,154.0311148589267,121.42846160452866
767.0,60.58286012709188,104.88485285572577,155.16335316975903,121.77478831540802
768.0,62.20889988379415,103.85943539319231,156.07421700379513,121.48524767442277
769.0,64.25190828822042,102.01369546118374,156.45850141287525,121.31590831425821
770.0,67.314625022343,100.83312415256296,156.73188109778172,121.09481321262787
771.0,69.72735476760728,99.54109792728646,156.6291129616918,120.76419045001978
772.0,71.57984331969422,99.0644503759203,156.73716008038633,120.39437936790416
773.0,73.1856497077537,98.66928091205013,156.11611798541531,119.9722956420646
774.0,75.66936713985484,99.48719185867775,155.38030013738256,119.67457567323001
775.0,77.57592170269906,101.20474667768015,154.09327386744746,119.42223901033157
776.0,78.52710091942512,103.30216959532923,152.46772047105392,119.04614542578193
777.0,79.5230175962516,106.08620160794433,150.7777831228055,118.92352762500425
778.0,80.05900977365876,108.63884597309634,149.15380927433003,118.83616969022647
779.0,79.85874238834823,111.05754102737173,147.71917187989567,119.01038965808493
780.0,80.13847203781577,113.7017302032522,146.53499016441353,119.15913271469108
781.0,80.73311636771264,116.61301744158422,144.7876080944064,119.6514866568821
782.0,80.58497341735068,119.19712793027054,143.11193099455872,120.09473689367677
783.0,79.6337213967641,120.88156593650342,141.8926362449182,120.2840504903925
784.0,78.70655634219906,121.34565039634208,140.89497231116306,120.5039390884977
785.0,78.11560112101958,120.88241179797745,139.24016960670943,120.32921382287896
786.0,76.79854264722752,119.55180098604353,138.22033490324648,120.41296077739455
787.0,74.53891373545247,118.44939239880091,137.70393184973372,120.58303112448493
788.0,71.98852834166011,117.24669537810271,137.2819182809685,120.4106232233059
789.0,69.4408117823329,116.57898631388461,136.74689338240492,120.24225328925455
790.0,67.50167679919873,115.22043999952587,135.89456525169822,119.83648150184675
791.0,66.60514775472811,113.5518808093942,135.34067193525456,119.48842002572484
792.0,66.93860360030747,111.72877641251252,134.51605247870435,119.14723574925753
793.0,68.14090008848687,110.90339385064185,133.81274686264442,118.75894120949577
794.0,69.5683342847001,109.97641901663428,134.89993266353503,118.58036811692408
795.0,72.18863870865957,110.38974035267418,135.07937158072625,118.31143270015914
796.0,75.3388258735872,109.82030433205577,134.83076045260202,118.13540984235742
797.0,78.28069064196978,110.05315807585362,134.4363887045536,118.02088967068961
798.0,80.88593697786854,109.3464010673228,134.6054166291757,117.68836888945492
799.0,82.68606763411793,108.02159663528414,135.04030545248736,117.68653594265575
800.0,84.68270033783548,107.34077916057902,134.62997911957805,117.83720399421188
801.0,85.3496917644598,106.67237426221635,135.14841571936097,118.19024190405408
802.0,86.33930151735889,105.7392071052415,136.29541662743537,118.50650159451804
803.0,86.80367621298413,105.67715948232654,136.30934806760538,118.75003711099559
804.0,86.17534216991373,105.52219526449801,136.15211483662563,119.06293859489347
805.0,85.19549823123324,106.47354317577883,136.1016583184158,119.21233196330529
806.0,84.85198376896014,107.0005237722914,136.12589190158502,119.54291891787841
807.0,83.81196055019781,108.12232832735607,135.8951698101581,120.07563275947534
808.0,83.23244371247358,109.08901986118498,136.40805318937313,120.23784806747206
809.0,83.17786373211963,109.96593903638903,137.14741747303563,120.45316720611547
810.0,82.94755627149334,111.2026890693077,137.31227785779961,120.4834414616863
811.0,81.69563213583245,112.2975743736816,137.30415615549552,120.49476077464371
812.0,80.82438514407816,113.71818250392505,136.558009164569,120.56283408785814
813.0,80.23677874739265,114.33053680238467,136.22329508672814,120.26248303579578
814.0,79.90546987214441,115.01300447621863,135.60747417174107,120.18046476006818
815.0,79.55996637401452,115.38730005590236,135.31917265258465,119.86380696175806
816.0,79.15155307358077,115.10131413369356,135.2890930134327,119.39749244572333
817.0,77.70489747089519,115.82039920306755,134.77328360355403,119.19057035601537
818.0,76.4754742675305,116.10575730636737,134.6493350330636,118.72370544217799
819.0,75.61356342343936,115.63073240491231,134.55523286175904,118.2661394625405
820.0,75.64470595118529,114.54998893334027,134.85551302103343,117.56112607231094
821.0,75.8172350959522,112.05114256439204,135.62586855080303,117.05592547938286
822.0,75.71987587600222,110.16683484195269,136.43853742960988,116.80158974909648
823.0,76.03941288252264,107.26581951492567,136.89258628920516,116.40363917419383
824.0,76.24537399960263,105.30896230212493,137.1088825637933,116.15574613597515
825.0,77.15251241354632,104.05328588966621,136.6894811141791,116.13654442406619
826.0,78.38229985421015,102.82001022756472,136.4582072886277,115.99935018426198
827.0,79.14977947817715,102.0094744751961,136.03224309040428,115.93289090810815
828.0,80.22090909515497,102.30599808770415,135.29216994309823,115.92435562097393
829.0,80.98300974887479,103.63506389043428,134.30539365418346,116.1291885449426
830.0,80.5294538970203,105.21455891833519,133.98431941328607,116.25411726598412
831.0,80.42908848719928,106.93080751035878,133.8760781322027,116.33145231404042
832.0,79.85854848002802,108.36917470335993,134.46156724595974,116.57205277002076
833.0,78.78792489344771,109.08501731817464,134.86768673076443,116.81132409497383
834.0,76.6350768755843,109.67642077149499,135.53481910274516,117.02242024735666
835.0,75.16801908221825,110.16703942716254,136.69794457051245,117.39742259503328
836.0,73.13464822579913,110.03763297712645,138.07406775443445,117.82167095289066
837.0,71.3800799148591,110.20108321559668,139.55127475039868,118.475370259765
838.0,67.59179737603539,109.60349222819548,140.3692735422739,118.86824249808379
839.0,67.23462530345277,109.67198058857238,140.99872913822838,119.09028853682355
840.0,66.29784896804088,109.24206414299563,141.699419810029,119.33307872928899
841.0,66.1730555401878,109.11666971855163,142.3727795058966,119.01874194747407
842.0,66.46986913424682,109.34785162742003,143.47604550782575,118.42699674020231
843.0,67.9172608071743,109.59685176367174,145.04689671932238,118.18142798927997
844.0,68.93670596799498,109.62727295692187,146.20403195746684,117.87908786899769
845.0,69.94991714843042,109.81618791885326,147.1670977759485,117.5820955569073
846.0,70.99254580909259,109.1716582260667,147.76677653156608,117.09995527034197
847.0,72.73796491234899,108.29932572861011,148.57144992776264,116.83832540354511
848.0,72.57472471700204,107.53707453065287,148.93623330845196,116.63845052053992
849.0,72.75363063109535,107.2355479572586,149.23826780058113,116.53996765795813
850.0,72.71662590323126,107.49856871375178,148.93557658758036,116.89062283892594
851.0,73.00792075192331,107.26132271666006,147.4881879238896,117.38460589095097
852.0,73.12895598673997,106.69510274655583,145.3494359106635,117.58878788643412
853.0,74.35395641545257,105.9935001766543,143.4913183184687,117.41765287997468
854.0,75.84548010947039,105.09813494502818,141.63265809923033,117.36182678248022
855.0,76.1372839317902,105.14523362278396,140.23845460235538,117.28879622990091
856.0,77.4759328734784,106.56308082318665,139.15097212426187,117.25731060058285
857.0,78.3479982663978,107.53228278830377,138.06463479153496,117.55074155966817
858.0,79.40567922055084,108.11480512176122,136.53499461536563,117.87224332177774
859.0,80.69939780660907,107.90022706031718,135.77503057786853,117.8685153267353
860.0,81.47436262246497,107.54854943216978,135.81050612190515,117.80843607586277
861.0,81.66410514950749,107.7398058127324,136.35666746521272,117.88499573228508
862.0,81.15840488900852,107.48022203482897,136.59616847136655,118.158597348872
863.0,80.9700417876982,108.81708130081054,137.72629889056495,118.4729246156941
864.0,80.91845632226888,108.90477575014243,138.52793211993645,118.92716568068407
865.0,80.3669286681691,108.17064323060971,139.4752284461087,119.5459224405844
866.0,79.43664588926036,107.95280696826373,140.6449857363129,120.07619111192358
867.0,78.09761941950427,107.43561294952251,142.36514136528007,120.45514674117449
868.0,76.85261077727681,106.86139087995619,143.73242854994152,120.97201305324612
869.0,76.03179949456931,106.176556189025,144.74349595666087,121.62968030623547
870.0,75.61989606111901,104.86943831986893,145.4638080892653,122.15171557135724
871.0,75.49524323622722,103.60333949910272,145.44526835486022,122.6123725051129
872.0,75.39043185595999,101.31094434055197,145.1477482740645,122.78433923371162
873.0,75.6793619802753,99.98525775888737,144.90344787040644,122.81641798398142
874.0,76.3199016824344,98.97409108587357,144.93862463210098,122.77492301189525
875.0,76.59490423820617,97.8262692710819,145.46234770542495,122.55173857219168
876.0,77.89972976609894,97.1081671831638,145.4223401111232,122.43464805215822
877.0,78.79366678028072,97.29356449971561,145.5618290829913,122.50787564049772
878.0,79.37483400956492,97.38195925596959,145.75335349405074,122.62468483085246
879.0,80.99973443815762,97.47581434002404,146.79483802190953,122.6321740967865
880.0,81.96071416698192,98.01614007817005,148.22996657940595,122.89699363621432
881.0,82.73801358844213,98.3638371748959,149.58623930515685,123.45336630641789
882.0,83.29906115586832,98.02801180708182,151.07084900883365,123.82997077371326
883.0,83.77282939997629,97.5903656824222,152.34652587535672,124.26847731019524
884.0,84.53943402622286,97.70532566405308,152.74572839034016,124.58483693685201
885.0,84.23352811796452,97.80686578061376,154.12649951190264,124.98749827198097
886.0,83.5971478453592,98.47897563074395,154.9984496783227,125.16642621563683
887.0,82.91254227902212,99.90608871346288,156.27978101277444,125.2039092958225
888.0,82.23735249125096,101.6018323090149,156.4815033857728,125.12563960749942
889.0,81.47445596355188,103.5570731519876,156.5572115688828,124.77075886475663
890.0,80.2491726148054,104.96958683387372,156.10436734176542,124.49035956289555
891.0,79.55981936354806,105.78109059663657,155.00501815910224,124.1609776735067
892.0,78.8360608356749,105.4940792417919,153.8180808064426,123.6778010367314
893.0,78.38422259809421,104.25887629422323,153.1041349611723,123.08998571257503
894.0,78.1766312081101,103.05885629367017,151.80697619201672,122.4794309138806
895.0,78.90187364743826,100.58183355572605,150.15150505203798,122.26999104993592
896.0,79.70688226731265,98.32782994616373,148.55932501486814,122.09965688660473
897.0,78.70332459897352,96.78422398558327,147.59753948660435,122.24571438977064
898.0,78.33237268744395,95.66526470870485,147.00578739216513,122.35580526551725
899.0,78.32498415897643,94.87110004328211,146.65588251096935,122.31916245049533
900.0,77.97632081694998,94.4918926794186,146.88923098715404,122.35071434679662
901.0,78.12046873913674,94.78446909494016,147.30468990358565,122.35854963153004
902.0,78.05976640951248,95.20766674462378,147.56114304682774,122.93306036442826
903.0,78.3359654358126,95.97070456901791,147.7681218126239,123.29167623896089
904.0,77.6120628279097,96.94348828271958,148.64466140378684,123.27960602670223
905.0,76.33180992181674,97.6599385950059,149.78290939041767,123.30210882035801
906.0,75.96477317731947,98.04337907800485,151.01000292206004,123.12016098406632
907.0,74.16491984878871,98.1312995016932,151.78092735223808,122.8458518833485
908.0,72.24299522002396,98.67117299966924,153.17909495582887,122.58524422691966
909.0,70.16473399079537,99.57944521225215,154.71198023407587,122.56151040160957
910.0,67.51285718872566,101.06212368170803,155.5795156486875,122.58675797369989
911.0,64.62499894249679,102.62376388924493,155.6610061255229,122.09931473520275
912.0,62.09727363385757,103.20743923582205,155.82675518511414,121.69321980626373
913.0,59.78113389136477,103.68287541747861,155.29124145124018,121.38914951744889
914.0,58.15634684107002,103.59147457805666,153.45214979728857,121.11716279055342
915.0,56.55313323327339,103.42360319107027,150.8795056481559,120.88790121164212
916.0,56.65985523744678,102.89637501717101,148.9454764882391,120.77986279627231
917.0,57.41954226457347,102.56295216508961,145.98006332874547,120.52425270150573
918.0,57.82591130017664,102.16847109621663,143.14796235602148,120.05895214611581
919.0,59.129539390201835,101.10167588595787,140.10195253540644,119.74624077559972
920.0,60.928153537234564,99.95749245458397,137.9403022118346,119.49067152097695
921.0,62.53572613032367,98.80336717461256,135.50540310638567,119.22194559113277
922.0,64.4014468533889,98.0390093291928,133.61019831190433,119.06955803238766
923.0,66.65846195889237,97.88605673017156,132.58104620603376,118.8619139791682
924.0,69.91268790072007,97.23113827635034,132.0318273881488,118.56887784410269
925.0,72.12503999545036,96.94744590797808,131.38645435140316,118.67195090774767
926.0,73.53298233474699,96.19061824083485,131.5221875009232,118.77130873726338
927.0,75.51450415807628,95.43193106452178,130.95171347660187,118.84796325604829
928.0,76.9590218737593,95.28452158371913,130.87405378918163,118.5706671868891
929.0,78.70849606650887,95.67218436399276,130.2984801986873,118.23072950727122
930.0,80.45913079386455,96.48707888134112,130.27380469866625,118.17504919996064
931.0,82.53292660166149,97.54199051022879,130.67334325512266,118.15056439442851
932.0,84.26844045149582,97.59794317768139,131.12031215845556,118.235727800558
933.0,84.87145478722708,98.15987671949362,131.60039205921208,118.3513148633616
934.0,85.41584167603926,98.60413228166686,131.99481295510756,118.0971479988695
935.0,86.46593676117585,99.56548231885476,131.5322990374351,117.9745042753502
936.0,87.539077993216,100.03727172283071,132.3035389897178,117.8659691496378
937.0,88.27364685001781,100.03536912280428,133.3111579693723,117.81492510686823
938.0,88.05355793931557,99.10192444824882,134.36461410262365,117.72537543207616
939.0,88.02639495438865,99.11714850029169,134.33154844076728,117.67037325042077
940.0,87.90968468647914,98.77471244429861,134.11147887268413,117.49410916040863
941.0,87.32379134969668,98.4663536007436,133.8788676755356,117.4077606065023
942.0,86.74720467128029,97.33188871190306,134.04815893343454,117.49377602960851
943.0,86.56478626015796,95.97185210141595,134.5344566082733,117.58006653579659
944.0,86.33998695799394,93.93297533012239,135.93439199050982,117.52287734796633
945.0,86.38178346656895,92.9960418176951,136.35255398556927,117.54318772414298
946.0,86.61739962750913,93.13534414409403,136.2852191115459,117.63458478385544
947.0,86.97871541186122,94.24255571135541,136.53416544950727,118.07840138478828
948.0,86.49180287105142,94.56013636746705,137.43935623351376,118.15995048929427
949.0,85.25053384143641,94.92064709404161,137.9775342446772,118.09496946709496
950.0,84.72873257904055,96.03583407704471,138.00744159612958,118.07575792644046
951.0,84.37648600057574,98.14978865422313,137.09770274716706,117.9471721811584
952.0,83.34343232653846,100.02080345171579,136.1194779065719,117.73330726010877
953.0,82.46977925974281,102.0922012508816,134.548013071914,117.5060386367809
954.0,80.46209107768713,103.4210756289011,133.11959025123417,117.24244981350361
955.0,78.71719428522772,103.79539850208205,131.96700718120923,117.22595297947235
956.0,77.30347073480947,103.39283640983842,130.96958325508268,117.09457158595625
957.0,76.37265746604552,103.00894436336529,129.93767202262254,116.98217504325734
958.0,75.86737338372538,102.47960106554451,128.8343096483709,117.14796016938513
959.0,74.45984060561591,102.212926698132,127.9631319279378,117.07592613712178
960.0,73.81090424558175,102.15941150482966,127.28600727684999,117.06704794796148
961.0,73.99852814830639,102.31424397845967,126.06513175013885,117.1650932061636
962.0,74.15705623548398,102.6938127734317,124.91905173028368,117.14039734453888
963.0,75.5355760874748,103.22154391177754,124.44331402210068,117.30523720707313
964.0,76.37534942279181,102.95811245014661,123.90055512881393,117.24054232541617
965.0,77.29791228320572,102.93010957115658,123.63004563424809,117.26368939885622
966.0,77.71639271252151,103.6657969891826,123.22917081690841,117.32953474129926
967.0,78.42636070588576,105.10862574540556,123.52906658379035,117.4015886878378
968.0,79.28363107325518,106.5556434210909,123.82274488383693,117.54942540624987
969.0,79.87817973460848,107.70979363857987,123.79979483718826,117.56042936869348
970.0,80.02581948339021,108.11065638328039,123.91976327390695,117.53762211171372
971.0,79.4706054878713,108.02781111688427,124.44172854728198,117.63341036370662
972.0,78.68156318621324,107.95654592867575,124.54092361639655,117.65463991253668
973.0,78.84519993055964,108.47850974487342,125.5051451190411,117.87032149384524
974.0,78.69505935818836,109.11497949588814,126.43778294303894,118.07249853990658
975.0,77.9506404047575,108.33021513510565,127.50231801692178,118.54207617030146
976.0,77.13284941635212,106.85216639630602,128.7870725832045,118.64563469549063
977.0,76.13292760067286,105.39628821202598,129.84951299580513,118.77342927442551
978.0,74.50048580109939,103.32032267539651,131.42191638182314,118.8073868840684
979.0,72.48581027319958,102.23883514655616,133.05644386348274,118.97543475427219
980.0,70.67250285884616,101.01700709856328,134.52792759075354,119.1627466126099
981.0,69.52207362048706,99.65392367168151,135.2429360442046,119.37333154059024
982.0,67.49364318228987,98.33841186885525,135.21881083744563,119.52081793059443
983.0,66.01859852701367,97.39656194675969,134.60229477646686,119.39217583617426
984.0,65.57851968809184,97.15142048220036,133.75305973336057,119.08617241506063
985.0,65.00627185879311,96.57126027669256,133.1203357382727,118.9252667618735
986.0,64.3165737723587,96.20424333316674,133.18582386866518,118.72123981631103
987.0,63.779940793250695,96.20272872906376,132.98931894365361,118.66457891151214
988.0,64.18733222052248,95.54865824757685,133.29012936546636,118.69227696380395
989.0,64.72055481998551,96.53374257674461,133.3299833257043,119.04358880077046
990.0,64.46349744870234,98.04513893258513,134.41306595473978,119.11595195068837
991.0,64.34104823629549,100.32679406509735,135.22120377535603,119.34737360647222
992.0,64.24566272876255,102.09302008252686,136.17641524605455,119.61309895187314
993.0,63.80797278334958,104.02831184915873,136.94272136246107,119.71154759820325
994.0,63.654222634400995,106.23877657737012,137.0948707534821,119.82329691224811
995.0,63.91803347467659,108.14402170254766,136.89355319659398,120.01776633138648
996.0,63.566343206752634,110.5669269802174,136.88924460836324,120.23470084037783
997.0,63.26112235548877,113.19948464080456,136.18615464980533,120.28317436013992
998.0,63.46448386807392,114.62057736839036,136.01656043836977,119.94943153078249
999.0,63.47896335156929,115.18279940068741,135.0448110871699,119.90983368445188
1000.0,64.04349232137844,115.4329014475582,133.42003461483444,119.50543282762618
1001.0,64.57833691345388,115.66315173604073,131.55110986179938,119.23002784748896
1002.0,65.8424648754789,115.78034106875737,130.26117423262897,118.970595287974
1003.0,67.10425322240751,116.33079375191963,128.2700409791271,118.77181837062719
1004.0,68.48622711986785,116.36536397039848,126.26409251781982,118.5850098167045
1005.0,70.3466852113824,116.40075349189159,124.66214571659484,118.36062338971328
1006.0,71.70356501643404,116.18008117474932,123.15698458903105,118.19825008130603
1007.0,72.58569478341389,115.58011816881321,121.04600998749397,118.26152654080934
1008.0,73.66458575212633,114.9734217649327,119.75578551344134,118.03186902429718
1009.0,74.25028210052562,114.69793123018073,119.5722796624125,118.02421465778295
1010.0,74.54023687969095,113.88046650095373,120.16222184289525,118.06837809118696
1011.0,74.38197771161528,112.53664135764026,120.71658234008765,118.12105631052147
1012.0,73.17867682849717,111.00721807126658,122.3716126258944,118.04578483624465
1013.0,72.06834167834921,109.50725143470547,124.21582603907113,117.9415753870254
1014.0,70.94286259536311,107.73810982371646,125.76486843404372,117.65346728435378
1015.0,70.47167147885328,107.12911989213075,126.8114425851965,117.3278083783655
1016.0,70.47859943104874,106.57317428010838,128.25526869463857,117.06814148576878
1017.0,70.35577691091643,106.80404537306923,129.1747359444151,117.19282622880709
1018.0,70.5847408870592,106.84053330241377,129.83152362850333,117.19447332947544
1019.0,70.95219900129497,106.8516696573045,130.2504625968611,117.16419987316974
1020.0,70.91543709741393,106.82944653450079,130.3688821239254,117.27338179593104
1021.0,71.25532807042993,107.39145961763393,129.99621669521738,117.46134852057514
1022.0,72.04407114028372,108.65024538065614,129.16224812987593,117.49066498478366
1023.0,73.72586363819075,110.2127563727983,128.3211124928915,117.6089607446949
1024.0,75.125638501576,111.30367157126832,128.2056616245933,117.79422541194288
1025.0,75.64588783063044,112.15038771308687,128.53296681556407,117.92577259337207
1026.0,76.43261913142756,113.06889135558623,129.34393317524234,117.85060152622239
1027.0,76.52311461539202,113.35187834698253,129.7687272978463,117.77382488681991
1028.0,76.1109175298367,114.90714839771132,129.89909588798756,118.00454465702745
1029.0,75.6377535729537,117.31004186148479,130.55533689112195,118.175284458909
1030.0,75.48728008588603,119.03619616200672,131.21939180791688,118.38079706821867
1031.0,75.04807279578368,120.69667887145003,132.06599357452905,118.58374645685181
1032.0,73.67456621335502,121.29386630996879,133.40496723469454,118.79565512781409
1033.0,72.04033024508743,121.81641585711897,134.9099176689313,119.11989875219061
1034.0,71.05665492782826,122.50670142816105,135.72907055736877,119.37839632878385
1035.0,69.29833323700564,122.18149068906642,135.1245977696476,119.58221931713045
1036.0,67.14123673230861,121.81808730589658,135.2313970414653,119.94668393336825
1037.0,65.47124088334128,120.73158754870758,134.956961141585,119.76962891749172
1038.0,63.87300249933633,118.90243927466344,134.1216937476287,119.51602890955309
1039.0,61.96261635369728,116.95402440307937,132.89209386971882,119.18057820021738
1040.0,59.8630443069166,115.00299062112619,131.2866768308639,118.83680550315411
1041.0,58.19245403635188,113.39465728309692,129.98126748043765,118.54494026509718
1042.0,57.10604872740211,111.77924529775301,128.5105249970632,117.84750415090583
1043.0,56.64153835490214,110.48107843266737,127.23320578097933,117.0899908299152
1044.0,56.76825291020395,109.71118037049143,127.00494754450655,116.33624193999516
1045.0,58.12287899726039,109.05253817854685,126.60314740936838,115.59450068591842
1046.0,59.42177487044354,108.54779184145916,126.54923154243963,115.22871825555613
1047.0,61.43311583568102,108.59936402235994,126.77583611479241,115.20495556650822
1048.0,63.806557546494034,109.6484787388564,126.9397479723638,115.21517800769672
1049.0,65.83576000748475,110.65448700593997,127.30353749465795,115.38523708990591
1050.0,67.52295125782628,111.39019595723333,126.8321573435428,115.60183638961021
1051.0,69.45067850689306,112.10810009547568,126.07073448047834,116.03662213021221
1052.0,70.30804985153654,112.36990067438728,125.58854279607962,116.61579115778157
1053.0,71.20343733784176,112.88904128600664,124.7562301302297,117.50101021645115
1054.0,71.59195243749252,113.6410207157168,123.89750374405244,118.11408217927851
1055.0,71.88541146326797,114.00060950792484,123.04590917853336,118.65645091845154
1056.0,71.92598572907241,114.22721663168653,121.69458405406569,118.89958946946271
1057.0,72.05649574398215,114.07087683807177,121.0433034072124,119.10409082112784
1058.0,72.64321366212562,113.08731478133262,120.86239051750964,119.26789307870844
1059.0,73.15981144741968,112.3993168546962,121.36084912677353,119.30790097018397
1060.0,73.3408622234235,111.49189052181097,122.49626605942154,119.53459282976587
1061.0,74.7948948141417,111.18576971109677,123.04710431695393,119.65416107422719
1062.0,75.85358990029773,110.60366970966962,124.02130656677102,119.56158345630375
1063.0,76.64882964178402,109.92746524462751,125.5036932020879,119.5753667217125
1064.0,77.47287630973167,109.40853252232544,127.6034488901955,119.70438428566251
1065.0,77.5214035297735,108.21340721956446,130.4934472266793,119.74298320417316
1066.0,77.55418884555056,106.282084646175,132.7811812501694,119.78186889939398
1067.0,77.28928891103952,105.4283140522008,134.6753554663513,119.56130519606803
1068.0,77.31262093781787,105.28540756164392,136.41416497696116,119.57942126330771
1069.0,77.38726077103327,104.78330348804961,137.20857864862936,119.28166646102406
1070.0,76.27263633415099,103.77920742859824,138.23364569931104,118.91220598442598
1071.0,75.68080157503144,102.83062809582532,139.42579112502585,118.45436255042767
1072.0,75.92425626495242,101.68617523444105,140.36544906905652,117.95033370300028
1073.0,75.51425238094336,100.17860940599805,141.32776294541046,117.28047772701846
1074.0,76.128252797487,98.9821472437923,142.2856560189122,117.0180296902758
1075.0,76.69645259046332,98.64271368872585,142.9126336484193,116.98314101003479
1076.0,77.17509163983253,97.29417428308905,143.47570491513747,117.50164844475462
1077.0,77.98201699376858,95.86966502098149,143.1828350713771,117.95337628280333
1078.0,78.25370918903165,94.57247122027847,143.51931273236318,118.51987557615617
1079.0,77.9426670013051,94.01951858031694,143.05935097011437,119.15090671018844
1080.0,77.28077303934744,93.81776022030292,142.75470791505637,119.84981093535472
1081.0,76.31727938689659,93.90555282667897,141.96180507796095,120.63910853919658
1082.0,76.08727673975356,94.331015155509,140.2906418502693,121.51700925297847
1083.0,75.24663512011101,94.89783143460541,138.63441173564766,122.27117483009974
1084.0,75.05400486629283,95.097050791558,137.1738115048973,122.89526066133341
1085.0,74.53757645055002,95.32032044610547,135.76755760184437,123.29701512916216
1086.0,74.19749582710611,94.83783221897977,135.2917332212467,123.59449752021933
1087.0,73.86034033535128,94.5759551215686,134.34251358929842,123.5509988913822
1088.0,75.0271635710602,94.29198945723765,134.1158367126246,123.523530294542
1089.0,76.46076060650996,94.09042920637044,133.0874445706287,123.78930261429369
1090.0,78.21841485172965,94.33177718673086,131.81810708118883,123.95684690429115
1091.0,79.01120452271917,94.43379519878536,131.05205610707534,123.82686116482749
1092.0,79.86894720478712,94.71890479035017,130.2088051526858,123.39278870302675
1093.0,79.83037604907466,94.55421357341297,129.48678304141143,122.90454857559303
1094.0,79.75738138590768,95.20329564756364,128.9127690053801,122.23645046891929
1095.0,79.00277613716543,96.47114987857822,127.90228928980927,121.44231459938037
1096.0,78.14102149069043,97.70803738559994,126.68642564959615,121.14530009435501
1097.0,75.92918942361189,98.13184158273529,125.41147009669977,120.9279703149077
1098.0,74.08259000846022,98.72169429588745,124.36878026685923,120.28733132612707
1099.0,71.40321013332662,98.7208767809349,124.00414133663497,119.71281512803009
1100.0,69.79599445294056,99.35371744158107,123.41412989701003,119.23439012618518
1101.0,68.1198132314303,100.23285879417965,122.00434492493788,118.94257050600247
1102.0,66.44563804524972,101.05203554735222,121.25578742595056,118.449430764494
1103.0,64.56743487870823,101.78953935466957,121.00685189991178,117.96281200542393
1104.0,62.89180823772671,101.65557180021406,120.70640578384163,117.9045027070554
1105.0,61.37213188075991,101.72783331527823,121.31439465148891,117.72356356719682
1106.0,60.64478714684426,102.56360367754891,121.84836415670625,117.40978648821267
1107.0,58.79170374605585,103.20637841392177,122.24256039094799,117.04936015632985
1108.0,56.1954844341504,104.67944026938623,122.80229420949628,116.80260253295108
1109.0,52.98355346610257,106.17365162903974,123.2186098838916,116.60418870484718
1110.0,50.70837662734633,107.52382892774506,124.13347710260071,116.25283823157903
1111.0,48.47717435551178,108.94664547328738,124.06539724359703,116.1239994383718
1112.0,47.873434064331285,110.3096062835607,123.28566663624451,116.02825668265774
1113.0,47.94560839030854,112.16680040355426,122.76319986191581,115.7157315031382
1114.0,48.89153258818741,113.58278415349699,122.28101895480312,115.35374267751676
1115.0,49.54771870408231,114.926774411618,121.81864858811198,114.97664575969864
1116.0,50.88657408069992,115.67306194346075,122.07118327205066,114.82056685494605
1117.0,53.172171035035426,115.28671562709656,121.91301908561417,114.67964770557661
1118.0,55.99060326886328,114.16753534108766,122.04696637679118,114.46967561730663
1119.0,58.30137564954174,112.91617810946241,121.97840478714913,114.39623892676177
1120.0,60.2635687483827,112.20930858757939,122.35475071015061,114.31510884764833
1121.0,61.064529960784164,111.07363979020218,123.26111428642739,114.44814903743347
1122.0,61.332146518120226,109.35432373123726,124.16065560385421,114.5850871552833
1123.0,61.19471675088965,107.91374044684021,125.36888215588668,114.59250992872575
1124.0,61.48319417846037,106.1871356988839,127.22108834382945,114.89548616884983
1125.0,61.64421587054157,104.79960995063259,127.86310428642243,115.20607383773037
1126.0,62.296917414176214,103.93959594303392,128.50408096289672,115.29236193604578
1127.0,63.316116520796925,103.80355948264578,129.37966110925197,115.53338173601759
1128.0,64.20594347058073,103.47454795163942,130.23290705299684,115.67534345093404
1129.0,65.15033150259626,103.48360252421712,132.0059409946697,115.80259013317378
1130.0,66.678293661422,103.3883794728221,133.7860088477308,115.69990727895207
1131.0,68.18430105344518,104.18031292365782,135.2516092760158,115.58773977634995
1132.0,69.27507363244557,104.70900373834142,136.31112397422982,115.67804969090103
1133.0,70.64688912919176,105.68557986435974,137.06048276900898,115.82689598118924
1134.0,71.82438021033634,106.64356446031485,138.2727053510912,115.80958601517135
1135.0,72.39034405334628,107.57667926594769,138.82159959216438,115.97856844514831
1136.0,72.4957122545138,108.44068980328753,139.07595613717035,116.18778372206873
1137.0,72.65020616306808,108.87933264463267,138.91682408820873,116.56247895639694
1138.0,73.25825183191924,108.88395843206492,137.6435056873538,117.06478142228866
1139.0,74.34286748060912,109.60535696671263,136.94457952038965,117.58668718670643
1140.0,75.87157025979369,109.85776843098371,136.3127473008292,118.06730875395635
1141.0,77.27578761868578,110.15542670685777,135.1331438971612,118.45176953736527
1142.0,77.83862130062778,110.23974858481313,134.22932020918782,118.54647150438247
1143.0,78.7157258263863,109.41013121609242,133.3827184311856,118.72223877654868
1144.0,79.1287205454306,108.38334908964413,132.697588949559,118.87800392075762
1145.0,79.0753648294938,106.5290799839355,131.7851556605841,118.9211296171421
1146.0,78.70820928162208,105.50241665003898,131.52211623577028,118.77348825507194
1147.0,78.47304560273685,104.34168451105572,131.36802829028983,118.41295336583141
1148.0,78.00098854031046,102.78254856714653,130.24391039225554,117.88889874142319
1149.0,76.8794591291391,101.60144427994086,129.00620502269228,117.40316407617875
1150.0,75.9323193174583,100.79871362000549,128.28987341545803,117.12059833138841
1151.0,75.01784329178415,100.0217395564012,126.98508718371627,117.04026949786146
1152.0,74.38666519218353,100.11413811196631,125.67844510572542,116.9486071650897
1153.0,74.73392333860544,100.35267584954106,124.83022763080015,116.84078161762982
1154.0,76.48753338368351,101.51189328085789,124.44750857708974,116.90257686622827
1155.0,78.71059911652155,102.0346449494788,124.44016460671834,117.14848018708946
1156.0,80.2752597185517,101.47707013339442,124.82289408867089,117.52760471813369
1157.0,80.51965602832254,101.62953868008053,125.40216153595969,118.25541659165366
1158.0,80.24514095646703,102.25564670203966,126.22561265714924,119.13802411587109
1159.0,79.65546691175375,102.47092357710022,126.68388896751135,119.75670085658942
1160.0,79.49737243501775,103.48861758992544,127.43855861292032,120.37326285451309
1161.0,79.02006459440922,104.16431897502686,128.52085173848567,120.78825406590781
1162.0,78.46491540807756,103.96822320964444,130.0564846345562,121.16793258767308
1163.0,76.5086526399091,103.61188932214941,131.15228485849622,121.25273858440403
1164.0,74.37707755309752,103.38482856547104,131.25601397088982,121.36602363994452
1165.0,72.93873546928185,104.57615585259745,131.42838448313154,121.57293714684425
1166.0,72.46421990139675,104.74307490200587,131.90116939665216,121.74992360786754
1167.0,72.35569613900495,104.0283632111324,132.26816585442282,121.6766913047064
1168.0,72.52927318990992,104.03263524677021,132.61721610757385,121.53547871493606
1169.0,72.75649845452367,103.04467460713359,132.59147985855876,121.09066352244173
1170.0,73.09921115439573,102.53489678860458,132.06586080761986,120.8423473119668
1171.0,72.94083003041537,103.18271015248425,130.80119157430667,120.45213054758287
1172.0,72.67114517190613,102.69016469871605,130.22063060096062,120.22889292357625
1173.0,72.0225327498694,103.15798876019076,130.34762632174852,119.88388770490025
1174.0,71.34838752434312,103.14307980243845,130.5098832658957,119.38726462744282
1175.0,70.77130321045806,103.08882220934836,130.6819454174026,118.63460159788175
1176.0,69.99036286267878,103.66707778671858,130.65710133047747,117.83711990659017
1177.0,69.02603679654135,103.59508313955108,130.35275422799785,117.11304221374941
1178.0,67.23166159192868,103.75685187618764,130.60444701912894,116.59260773335464
1179.0,65.5050916946841,103.58094989206458,130.99091110248833,116.29995566467336
1180.0,64.46770665280366,102.3772441419581,131.64515442238616,116.11443176885686
1181.0,63.84260077818967,102.6382671735811,131.6776729077052,115.8133639905503
1182.0,63.0817523589879,102.30982051934058,131.39007384901944,115.49708981143652
1183.0,62.8958538969816,102.50661373363859,130.8580583060769,115.09839965850358
1184.0,62.69465334582696,103.28226340297029,130.70378760364895,114.9166075975736
1185.0,63.21656187919197,103.42363573846615,131.21757216688067,114.83581803097228
1186.0,64.05713037716144,103.80995627532796,132.0224324406991,114.90633057248377
1187.0,65.54262376316456,103.76521645997113,132.11353720648245,114.9746930528239
1188.0,66.79815329661828,103.74984286061839,133.10638167089058,114.65602406514981
1189.0,67.20758111225008,105.12717199367668,133.7054981502798,114.4784225115803
1190.0,67.65405668705267,106.18609186599768,134.04577788694536,114.35218742900197
1191.0,68.05096130838892,106.78143145631725,133.8739201777904,114.21536612592374
1192.0,67.74480411862427,106.78735928998859,133.61910876980747,114.41725270009128
1193.0,67.40768712522072,106.37558887505136,132.43776030285716,114.32185642138724
1194.0,66.33622017477158,106.09228703208261,130.38745405169382,114.26749353886952
1195.0,64.90535145354913,106.06291902321574,128.38343112872317,114.47162464919086
1196.0,63.33814146309729,106.20989049073935,127.16009515905102,114.50040388417965
1197.0,62.161110154050704,106.77078231426671,125.19081912582405,114.77062909459376
1198.0,61.15696848220207,107.17023971686373,124.08260153001268,115.03598418943487
1199.0,60.13459563436149,108.14728782143435,123.71442668624886,115.29893020395481
1200.0,60.12964902406228,109.45081982384482,124.36145941428357,115.88667134825987
1201.0,60.00079062192329,111.06118394799408,125.53079249624093,116.27062548899008
1202.0,60.02151895007468,112.34639028426896,127.15659452820181,116.80530572292992
1203.0,60.20254510769327,113.05303569243318,129.10156918182042,117.25437309178875
1204.0,60.831407477357494,113.5866550375765,131.84090889462365,117.20955649183709
1205.0,61.012035293894215,114.22469960799418,134.31333880387788,117.2672654649473
1206.0,61.334588773628404,114.25042607108213,136.33975490352657,117.27501561239733
1207.0,61.8643642505926,112.64256301214286,137.5170566448472,117.29115335453913
1208.0,62.64827783696999,109.97424211165924,138.77189530322212,117.2505290115184
1209.0,62.47294035945485,107.57783214699116,139.8916087127203,117.04055104780534
1210.0,62.28449751353484,104.85765855291305,140.84240041867457,116.75266041547407
1211.0,61.80038905665576,102.38536825741716,141.38581050315418,116.4733917350388
1212.0,61.83775046533127,99.73875782897709,141.87989828052014,116.20820316797287
1213.0,61.158144867787364,97.30674849613116,141.71236290784347,116.343950871923
1214.0,61.15332232021953,94.82574358783285,141.0055537352867,116.30062031025533
1215.0,60.78496811704418,93.36022694134508,140.63876282799814,116.36193734641894
1216.0,60.73866174066683,93.46241099497007,139.84974824251086,116.27868546337885
1217.0,60.716372340324725,93.78193209871351,138.35918438103164,116.31531222502754
1218.0,60.74994361763291,93.61167522319971,136.2726455010705,116.22625910714189
1219.0,61.246255030587626,93.15882101483761,134.1329464028156,116.02491680488026
1220.0,62.12535965893628,92.72581310319403,132.49547196859612,115.86441252458874
1221.0,62.871475156521285,93.39437248139788,131.2258911300676,115.73589253326747
1222.0,64.27292035512242,93.8757679735424,129.59693492770987,115.4875751792253
1223.0,65.4824492051199,94.5541567399637,128.5406882258194,115.42224973413222
1224.0,66.92532202035203,94.26726588673331,127.24580673469532,115.17781488010087
1225.0,67.24961900081102,93.19888190871406,126.64282375624038,115.28897488406676
1226.0,67.45110004305121,92.21272536052668,126.42612562387224,115.23168501515067
1227.0,67.77356630453191,92.00563095924493,126.50916265919382,115.31723967537557
1228.0,67.88444151397371,92.19373508901755,126.44926839167032,115.6664716982233
1229.0,67.84014270495369,92.18402656708552,126.22699954208545,116.03236848459706
1230.0,67.5277973962938,92.04944927334961,125.59883669754275,116.50318339527925
1231.0,67.19868331035985,91.8056464976365,125.93668093650275,117.17508711960312
1232.0,67.15157140003305,91.37029662466377,125.68479272753387,117.89422421762903
1233.0,67.01046248409206,91.15105134246706,125.93236283896235,118.76410769577393
1234.0,67.70856431576325,91.1762291719964,126.3171735807394,119.23157636265412
1235.0,68.59574540651792,91.08966126822322,126.4542204535643,119.86667240663309
1236.0,68.980605123887,90.21761730321546,126.97972306148797,120.41085343662017
1237.0,69.01501610506817,89.45212898642095,127.10301567656471,120.74780596495974
1238.0,69.29417527376188,89.03652596699615,126.94814708500783,121.02472302456042
1239.0,69.67173461207425,88.53791992427732,127.38221483771137,121.36592472567403
1240.0,69.93728821755766,87.99337573003358,126.95324403796167,121.44515075548418
1241.0,69.79720970615813,87.35436116442014,126.60779269401847,121.42019424289705
1242.0,70.10989255599904,86.62247961326659,126.45174771892451,121.1540059277699
1243.0,70.36524777758869,86.39948212408673,125.96027078838092,120.92029673398662
1244.0,70.60123704702625,86.7258011649632,125.13953664641113,120.8346926061532
1245.0,70.64784263043956,87.15776540429039,124.25749278518066,120.56122980503139
1246.0,70.55962749498619,87.90902590970785,124.23159240958893,120.28716918391774
1247.0,69.9603757509586,88.74118628928467,124.47630987506041,120.04992919399561
1248.0,69.41775667702879,89.3896149148751,124.61184295490999,119.40518711125858
1249.0,68.64996391540195,90.08139467415394,124.64417470524104,118.60143369348944
1250.0,68.16539896264915,90.6093871989475,125.026385393423,117.81909381854658
1251.0,66.91602855954811,91.86219419837951,125.2622988745519,117.23961893970994
1252.0,65.28790039258645,92.2664961166857,126.28986743163152,116.64978041270857
1253.0,63.488037195969234,92.19325653664141,127.56303820792557,115.96217064393443
1254.0,62.68727474887999,92.09364540907806,128.76005913149635,115.67917592926091
1255.0,62.19709546334945,91.49305902310093,130.1402747858556,115.56903412301673
1256.0,62.15739190427415,90.86437265765765,130.9151860241242,115.38315658062932
1257.0,62.15994213952993,90.16894105007688,131.51778759123638,115.59805097811329
1258.0,62.48255859621216,89.5287236558854,132.4958416657598,115.98806919445829
1259.0,62.201699595324435,89.36335932205294,133.2584095470763,116.33648918202056
1260.0,61.645407256089925,88.49048554177793,133.33321831103262,116.41541588062799
1261.0,61.49038425563386,88.49708168684288,132.73852944616777,116.47920218691432
1262.0,62.18592532410845,88.38862953367271,132.51242406687666,116.35720219295284
1263.0,62.94502908780177,88.26493713706684,132.22171795748736,116.12981199398567
1264.0,63.91950315244166,88.08034948382387,131.1263658340144,115.72180872477092
1265.0,64.67015747268087,88.48043481815128,130.18578727981512,115.32208831280249
1266.0,65.2443863766995,89.88859214540896,128.86823605898968,114.75856535081323
1267.0,65.48346431563886,91.36480780546606,127.23760844672157,114.3414120957815
1268.0,65.80460529807601,93.04990038769701,126.01177101206495,114.08653366334336
1269.0,66.4764368165246,94.66501424539221,125.18541477475664,114.05917798226679
1270.0,67.4239505661441,96.12346683060746,124.99703985582883,114.15759740006962
1271.0,67.99558709669863,97.62694582466574,124.4396901221518,114.5902580435609
1272.0,68.21523682073754,98.96214722566063,123.98300018850057,115.07280162986613
1273.0,68.02370286686198,100.41818134886694,123.82865360138831,115.59207000717839
1274.0,67.18350374695626,101.0183652459976,123.80399665487172,116.09778202342206
1275.0,66.20158293573914,100.10780918807903,124.03888001183823,116.56680221318793
1276.0,65.39134829915537,98.97302415595207,124.65706482020302,116.84139196645206
1277.0,65.2154616240915,97.32556393555055,124.60412831538046,117.11693836140427
1278.0,65.79108882688402,96.12882051028696,124.19384897656566,117.39616934596776
1279.0,65.85605302677288,94.47299058919775,122.42511892544182,117.64013660695379
1280.0,65.5574629944202,93.0778722946486,121.78546779989168,117.51156654950535
1281.0,65.26031331876706,92.01378464554375,120.27859660521527,117.46155503526266
1282.0,65.63737873004452,91.14373179474775,118.42049689462257,117.59012470395513
1283.0,66.264350809987,90.31953947356547,117.22540960299065,117.91199911592922
1284.0,67.31446972582772,90.29246315235247,116.66541082868373,118.24071864871996
1285.0,68.74333028623955,90.59245703964564,116.3080779543953,118.53616056678328
1286.0,70.66589309889814,90.7943797136657,116.72925060542642,118.68307768905632
1287.0,71.58791351331345,91.13109530680477,117.74300047146366,118.81151467826754
1288.0,72.18970032975146,91.79595116381316,119.42416933712015,118.93386917033685
1289.0,72.66487336969743,92.5331778091175,120.56327593822405,119.2454128132256
1290.0,73.09581179551043,93.16474715851608,122.18130809962067,119.31964109387417
1291.0,73.42227368871677,93.9368043436289,124.28028849062234,119.38434287728884
1292.0,74.18055720066101,94.99664888016159,126.28578207967209,119.28447774824254
1293.0,74.78617370358538,95.85030735031665,127.3317252771529,119.26499818445416
1294.0,74.76783821098277,96.26582717747074,128.24668770644345,119.40576118307533
1295.0,73.90248911045899,97.04945868503381,128.1944022745805,119.45466904706166
1296.0,73.63041079444598,97.10828282621907,128.22203151410412,119.66637711392738
1297.0,73.97059624512384,97.20311207749052,128.31470325014809,119.87171024382333
1298.0,74.69007107060347,96.93599128245845,128.30846734384195,120.1442246595876
1299.0,75.52938248555525,96.49655578622787,128.27467556558776,120.19623210389855
1300.0,75.83006144713383,95.59617167519131,127.6043155680919,120.00124120013542
1301.0,75.48144764764857,94.99756297832619,126.90466795962162,119.92728041395313
1302.0,75.3001442721024,94.34021911227993,126.54424381761646,119.86054413242935
1303.0,75.00342840759325,93.5422871375583,125.60003184845095,119.6802857388653
1304.0,75.12326495154561,92.5377791775478,125.78790746980977,119.77940327439062
1305.0,74.94979374704903,91.52117826310229,126.10800793651686,119.62134187590445
1306.0,74.34157998719277,90.96603383705704,126.36533897800174,119.48261701244147
1307.0,73.9852693845781,90.54075187403701,125.9635300901857,119.3034296262268
1308.0,73.914603887706,90.7636868358885,126.05720213064474,119.36389337244519
1309.0,74.25812496411291,91.13455810731337,126.98706847765229,119.510992061926
1310.0,75.04015472246371,90.78926464468573,127.73694560632092,119.58489788963405
1311.0,76.07913706727928,90.59170866616599,128.3097763639945,119.51489846395974
1312.0,77.0301415775418,90.95824276295818,128.94962138817613,119.48026711204488
1313.0,77.62582499691096,91.6179194461211,129.37719575182146,119.31518861514915
1314.0,78.01573032347079,92.66331218547526,129.7611347663671,119.37225082290169
1315.0,78.59263641680896,93.30976323707765,130.38749473848412,119.28374978813369
1316.0,78.49625572488704,93.69964060101813,130.8717389362023,119.28439367625063
1317.0,77.6359844010896,93.76865532482088,131.5056178915784,119.2250891605669
1318.0,75.99494340172812,93.73615616016735,131.07812733722403,119.31210786502562
1319.0,74.13244245724545,93.78626537987998,129.2763630759422,119.39906953929372
1320.0,72.385666774537,94.00085232290228,128.75715141667536,119.41770411977056
1321.0,70.71604713481442,94.16719744933665,128.3857880838082,119.39996674941193
1322.0,69.44422194522416,93.64897590274953,127.9483340017012,119.51157934901526
1323.0,68.93674759138018,93.14421048931709,127.37844826455577,119.52785007634739
1324.0,68.821343872524,93.09088756163563,126.46701249693086,119.66708458704937
1325.0,68.9198187677827,92.93815168785063,126.44563281646882,119.69613003353962
1326.0,69.30922347021594,93.1008518357929,126.14279510713426,119.94395841499548
1327.0,70.19883774746171,94.11289529339679,126.56045283799344,120.03901486023561
1328.0,71.21990159692773,95.70433112177506,128.15046462479114,120.20821246020152
1329.0,71.322068662519,97.06540626220239,128.70492287060807,120.41035980837836
1330.0,71.83126216617738,98.33294379623779,129.47897171713117,120.4885918018575
1331.0,71.17131851491537,99.74879709134727,130.23433767642177,120.50827122160888
1332.0,69.93659355085906,100.93970157359554,130.95927756348658,120.43642439341147
1333.0,68.8626686074529,101.01142739531944,131.24199403347842,120.00909643936073
1334.0,67.49481879194832,101.18422638529336,131.38936667504646,119.35775611847093
1335.0,66.50269035642097,101.09705735504212,131.74159982582128,118.54195500157368
1336.0,66.02829694985085,100.64159812349277,131.90270471817115,117.84296242214336
1337.0,63.59373566235488,99.8838525032527,132.069296337955,117.15464731906252
1338.0,63.573002018345925,98.91199464209907,131.8648277928845,116.75016856794585
1339.0,63.34583443017786,98.04337754141062,131.57510277089403,116.46077546720825
1340.0,63.32467306537191,97.0871398775849,131.24634947755337,116.48809800018932
1341.0,63.659051906206386,96.91201785660476,130.31513018574904,116.64741384347919
1342.0,63.8670261897604,97.35211299253487,129.85439930921382,117.13904291533896
1343.0,63.450763435286504,98.8845166604948,129.2317276353124,117.98157179502181
1344.0,63.05339991213629,100.8825463822045,127.62383714255915,118.82976931845278
1345.0,62.290543483023505,102.46641494976534,126.27809528173954,119.48987746611338
1346.0,63.095411699138076,103.90151723707858,125.36183912120221,120.12717929745939
1347.0,62.5037236321119,105.17386866448004,124.80510233569538,120.50724578828009
1348.0,61.81363120483079,105.87215348763537,124.03552747135105,120.83212814639091
1349.0,61.99861276322868,106.39775504685434,123.04918137817577,120.79912667388962
1350.0,61.76846484494291,106.2382657377009,122.81717296206867,120.73541169908604
1351.0,60.985944246679665,105.57264119427569,123.07972209805409,120.66404977015021
1352.0,60.86009431339808,103.8879440710792,122.98849784688757,120.3628936191472
1353.0,60.679175122787484,101.8113072864206,123.76877093236541,120.17184158117257
1354.0,60.8166381331311,99.75127896268941,124.33822132346245,119.99511466630335
1355.0,61.47170144789617,98.06750583474886,124.25991234710584,119.7601959453683
1356.0,61.93677553791803,97.10837053542325,123.77966700412574,119.51956136320418
1357.0,62.64721686587427,96.74595653062266,123.68331746999185,119.29359546375403
1358.0,62.86147559054053,97.07588644754341,123.72890946155424,119.153982350728
1359.0,63.27634045012769,97.44507602627567,123.68493959969356,118.94104080363721
1360.0,63.82764744910619,97.91110116530282,122.97876699743708,118.75736408228106
1361.0,65.26604816402354,98.90651976683252,122.72298819383637,118.50660930745968
1362.0,66.54373817762499,99.53136390249566,122.52536795891724,118.26921061938896
1363.0,67.75023807623685,99.74128397071269,122.82360287454615,118.04338850367257
1364.0,69.1634836778407,99.54129081749619,123.2463697715058,117.95680240692086
1365.0,69.72665112557979,98.37725288333131,124.046003201005,118.05680880481623
1366.0,70.35972491581258,97.34788028891366,125.0988262798002,118.20841923752576
1367.0,71.04966473205249,95.73748299482303,126.34349744432598,118.0990538735303
1368.0,71.57910950894544,94.67577085973181,128.17835202488695,118.01769579057323
1369.0,72.56300477727395,94.34874620889599,129.54949093052178,118.00212376665101
1370.0,72.9777214577926,94.35806837137237,130.11533069817423,117.96432503527835
1371.0,73.76774222926468,94.3290180623506,130.191519802739,117.69320579295166
1372.0,74.08971483553272,95.27464262077936,129.28539442950745,117.58618125153208
1373.0,74.30640082787683,96.57997956625051,128.56172076551113,117.41573739211469
1374.0,74.4699374422491,98.68060364474236,127.88144383971391,117.10562174310745
1375.0,74.52700233046886,100.04344146468847,126.68922232342442,116.96185961553714
1376.0,74.45278472934164,101.84692233519317,125.5352371296313,117.14138789907194
1377.0,74.11423303615763,102.70247294398607,123.32388886693519,117.45369255980215
1378.0,72.78075852905609,102.6626407685948,121.47587625688568,117.64892052958592
1379.0,70.98564425256248,101.65160863043938,120.07568800437518,118.17052689370469
1380.0,69.86647002668727,100.85230271630881,118.94264085130948,118.59194640006774
1381.0,69.10837466223535,99.03784824680342,118.27558629245283,119.00004750379095
1382.0,67.8609047802378,97.16680858930592,117.60917378515968,119.48734340611128
1383.0,66.4291281457264,95.20114037696874,117.22023325171571,120.00104300335042
1384.0,64.67284749229123,93.77319357987622,116.95014651878108,120.36063827970769
1385.0,63.14049789515827,92.57451045218357,116.3723476159579,120.72706194673522
1386.0,61.91984438491288,92.07267604932262,116.49806257023347,120.92842731416346
1387.0,61.76916360725869,91.87954893038318,117.1287343705211,121.06087367152571
1388.0,62.64907658809681,91.10763447103292,117.81494218288262,121.0502462673082
1389.0,62.81373030755782,90.6736752743355,118.50554998914345,121.2335604908474
1390.0,62.98336997907223,91.18173385029701,118.83851629145795,121.43284152788175
1391.0,64.00158851942199,91.47055845619097,119.16470177762072,121.32478556573895
1392.0,65.70271290260922,92.27917498975118,119.28113437915243,121.32765470942259
1393.0,67.55133361671984,92.85655339429186,119.17239974476607,121.34204989535176
1394.0,69.72914695043823,93.48507254758536,118.70012253282152,121.21173370308296
1395.0,71.29273525863388,94.252806782483,118.22403997328301,121.20240648050132
1396.0,72.51206440185864,95.02553649415793,117.87882715816338,121.25573520732459
1397.0,72.51085453432223,96.32001296086848,117.64770971215862,121.23653012016815
1398.0,72.545109845213,97.52363050906493,117.70399997839493,121.07989599722052
1399.0,72.88484864617853,98.35335319487139,118.05267816194393,120.86991018973006
1400.0,71.81045338306886,99.07527686101565,118.4111207937751,120.97524066445614
1401.0,70.66640792743152,99.48117462833395,118.86880306871006,120.94828397735662
1402.0,69.1867588884335,99.83432332283927,119.50270244262974,120.79509198053343
1403.0,67.68530357859483,100.20174979798159,119.8900930875677,120.58385892181715
1404.0,66.74758142937841,99.88064993733788,120.07513946010857,120.19162859298939
1405.0,66.09157691127336,99.48320492896144,120.15467758198037,119.8692814751786
1406.0,66.02536108207718,98.9789846503223,120.67301248303713,119.46974507297303
1407.0,66.04549199898796,98.06559994750326,120.64578612390557,119.30213784783149
1408.0,65.67450263362272,96.95347937579514,120.87000971465244,119.21466606122311
1409.0,66.34626898850978,96.02186544384386,120.7999617033453,118.97970180807582
1410.0,67.83210515468302,94.22272186131728,120.1286565966893,118.82999493263878
1411.0,69.91866127477508,92.57745454481558,119.1398958431796,118.75919863165794
1412.0,71.81878228480335,90.42308675287941,119.10305400342205,118.56364850149006
1413.0,74.0656812108425,88.4390464694404,119.39451842566673,118.48549597729215
1414.0,75.9158001555235,86.46017986905564,120.30986205141382,118.34019009052605
1415.0,77.67775432879664,84.82544839858139,121.10236602131768,118.41332830354919
1416.0,79.24384625019998,83.90622828117739,122.08794439263443,118.45527394502342
1417.0,80.69927403327756,83.39697779965825,122.71742095883798,118.4893047940381
1418.0,81.69925253827677,83.22303571073853,123.37501342409094,118.55074261469886
1419.0,81.6552831459495,83.78319882729402,123.90220193619577,118.49252652252014
1420.0,81.22092763998667,84.13167731919782,124.88889473039443,118.42389209715738
1421.0,81.10933368062115,84.35731465379882,125.47158812245912,118.53999402512778
1422.0,80.88860871358192,84.94556954178678,125.7247737760263,118.51951882335473
1423.0,81.01746825845352,85.32696155225352,124.89449286214005,118.73890580347262
1424.0,82.04108625544755,85.95048014770616,123.97429980355183,118.77955475290956
1425.0,82.51986679507174,86.04173181643993,122.55047016018027,118.74846117321815
1426.0,83.1957743366164,86.0895051102996,121.1688661461359,118.77164589962057
1427.0,83.85515628681408,86.08470450567,119.86568033917655,118.77214702310977
1428.0,84.77234003486909,85.86377437680297,118.59816781542136,118.71874260176942
1429.0,85.89884265531272,86.29793002127859,116.80496390937148,118.79829672374088
1430.0,86.40934774557961,86.987833873307,115.39893897244124,118.77145072897282
1431.0,86.86789714321347,87.71333549170407,113.9852901982832,118.97745322257468
1432.0,87.52638772396082,88.11469664004483,113.47746895963388,119.10301457526892
1433.0,86.67358015719861,88.12620817103655,112.93332462844114,119.23279595146796
1434.0,85.7941390202941,87.80231785652948,112.8424135395996,119.23701750947968
1435.0,85.04821475315099,87.5930256899505,112.45476340039573,119.03033470523454
1436.0,84.21508089340291,87.0229792723341,111.89182580654666,118.81683105445764
1437.0,82.79133848786365,86.55228121775426,111.81964593184426,118.71797594839781
1438.0,81.42271732383465,85.06401319178701,112.33676300421845,118.44295945293044
1439.0,81.0309367167812,84.14328771224393,112.21168176855278,118.21800177882949
1440.0,80.00171064255954,83.0748189584983,111.92044930652801,117.88767871686979
1441.0,78.3677384247863,82.47697025399293,111.06675212601984,117.63391444299573
1442.0,77.37520396178415,82.36665673219113,110.46060986723009,117.3515752077159
1443.0,76.92208453751708,82.79534358554443,109.89845029252982,117.11720206311901
1444.0,75.81342736675585,82.76376026539306,110.31246936694727,117.00745806662178
1445.0,75.29198891247195,83.26784997151572,110.73158175091143,116.86902409093634
1446.0,75.50301075283832,84.21023422630333,111.21517027122005,116.99772666990032
1447.0,75.56400677708973,86.0346145389352,111.63346021023065,117.1648015285167
1448.0,74.71588614945429,87.75751675463023,112.37644715031107,117.32750109091211
1449.0,74.65564257446579,89.03761931521132,113.81782097611298,117.32198276391597
1450.0,75.26209006016536,91.1557793617673,114.48513995241565,117.30134289735042
1451.0,75.72719881760307,92.12752317910297,114.30582523792921,117.29396683753691
1452.0,76.1542766377442,93.05442307918875,114.34616675032876,117.45786431142633
1453.0,76.82722882824126,94.18556181008144,113.96376396505158,117.74790996812652
1454.0,76.86141090957605,94.6699148692365,113.73438729732199,118.09898552351264
1455.0,76.53107274053075,94.81172294464238,113.8938932730323,118.11206596352507
1456.0,76.79457249469044,94.84708152618495,114.17350254280822,118.11061635973726
1457.0,77.40913905371406,94.37441363826701,114.73387909119646,118.22652847193456
1458.0,77.65979012088964,94.97696037136319,114.8411585160434,118.61076279154652
1459.0,77.2649563263424,94.85351982741793,116.10987865080877,118.92372292990842
1460.0,76.85122734136306,95.98727855175986,117.93980189779785,119.41243833783264
1461.0,76.12233008968838,96.45540673366557,120.01663752209109,119.8775379107498
1462.0,75.82875651880896,96.94874460899234,122.30325372900356,120.08019786558542
1463.0,76.78498526283143,97.77267106318236,124.45632098232164,120.21721111151713
1464.0,77.13888592302601,98.30610677345096,125.91544069448265,120.42425008640248
1465.0,76.9142201756216,98.29581456753529,126.72507549615429,120.41715700822834
1466.0,76.72685187615565,98.28285551315872,127.53543194537774,120.29917921466328
1467.0,76.87751861025426,97.46316732124241,127.92609125402268,120.33596677740655
1468.0,76.6889630396846,96.75583282361094,127.73173057576523,120.34926240770622
1469.0,76.69590684739812,95.5625310512784,127.45090158551795,120.17952496387984
1470.0,76.77298637543765,94.86093760750934,126.4766899202428,119.98772353696097
1471.0,76.60381586876017,93.85196201005532,124.70378613649085,119.85724980405026
1472.0,75.86325062892678,92.4531973117488,122.84319365927603,119.79818025879295
1473.0,75.43490501128721,90.88805336586678,121.16702537042529,119.6758115558326
1474.0,75.1905883193544,89.37575509133595,119.55654744563634,119.78778643890836
1475.0,74.4950338844605,88.59498910600067,118.41330016985002,119.92916403117077
1476.0,73.19118707558924,88.31969219730661,117.06072736990704,119.80568587312891
1477.0,72.25407223136187,88.22335080157856,115.20798576534196,119.59201513521722
1478.0,71.45354042365022,88.49445558838107,113.4995174843536,119.49545243281949
1479.0,71.32846593523696,88.40490445874498,112.21351836525827,119.20514919209253
1480.0,70.28608402124131,88.11840873988034,111.7021722512811,119.02365979759838
1481.0,69.29517720930642,88.8271650130466,111.42809341745328,118.92907297024897
1482.0,68.22981642477588,90.09837566014062,111.32357974973999,118.98454708525357
1483.0,67.51532403818491,92.29254649940259,111.60752601198166,118.90344898043266
1484.0,66.83261517243088,93.66060884196689,111.41305529644974,118.75324640729474
1485.0,66.17313195913401,94.1441512133027,111.72241468987905,118.8262461727235
1486.0,65.53918161749678,94.33190009793128,112.79406945792785,119.09413085895724
1487.0,64.85477694448983,94.51954923811233,114.10622269224072,119.19642489128235
1488.0,64.19589922535664,95.58630808332562,115.40692427466627,119.5885185566651
1489.0,63.37315982267809,96.59441698827405,116.33004198037558,120.05822929589091
1490.0,62.79889264956272,96.51762722672805,117.6768558908822,120.59490768570089
1491.0,62.69171995462976,95.93001021796971,118.71867527806685,121.03232459120478
1492.0,62.60845931208416,95.32031727264071,119.2387424860903,121.60182572542271
1493.0,62.89093041861029,94.60530874020193,119.3049600231203,122.28373482787576
1494.0,63.38746660841897,93.92336304735119,119.38877450868308,122.58727264452722
1495.0,64.47636848584995,92.94523731784378,119.17298567269557,122.71029810429555
1496.0,65.08278029468472,91.36393129825412,118.87545825784257,123.00128562523814
1497.0,65.1118152340354,88.88757637220063,118.57710316283774,123.11207060660519
1498.0,65.60630355648833,87.04262367872248,118.33874992054051,123.18864536215192
1499.0,65.92628843888794,85.69751468329437,117.70098483920239,122.90676923880773
1500.0,67.00518482686776,84.25277407171544,117.54997269150304,122.68427073444809
1501.0,67.7544682084397,82.54804991667137,117.81912329544949,122.54478326456267
1502.0,68.03818606412153,80.83822153321536,117.89931809525562,122.34424908225076
1503.0,67.92522026632665,79.94071496375604,118.20989652484172,122.30032814243557
1504.0,67.27625551881133,79.77493091557785,119.15560589229922,122.17223842246408
1505.0,66.6537181186378,80.23983428442253,119.60804057322156,121.99816537104753
1506.0,66.03994138613832,81.04208435958108,119.7097146295659,121.76757107376145
1507.0,66.00802850024436,81.96226403993992,120.05875793651421,121.38060751210742
1508.0,65.77812753284455,82.9481242286963,120.49241526025996,121.23301956524911
1509.0,65.05659791590915,84.04745205125005,121.08062247424816,120.99201472469271
1510.0,64.66640064971607,85.07867912361306,121.62457292633286,120.68364243201269
1511.0,64.59113666504085,86.55743762635808,122.59471284932471,120.37772121716898
1512.0,64.66788068175752,87.49801862068534,123.08102864271562,120.03771393388928
1513.0,64.36083026744733,87.96978980857972,123.4422445187336,119.8630562339224
1514.0,64.92787039086542,88.45080302055845,124.26337512049224,119.62038240884407
1515.0,66.27052915694541,89.7966716464833,124.90835569239906,119.29631426737924
1516.0,67.45582039096034,90.8814516433936,125.0703466744885,118.94414802753995
1517.0,68.46164906860477,91.98392287080736,124.93935069177172,118.61904599504179
1518.0,69.25636963626071,94.00288229046113,124.5749455857827,118.5709200038352
1519.0,69.27933635787883,95.9118062135879,123.64435262847847,118.70207868825337
1520.0,69.83749734920536,97.4050322188914,122.79977320130163,118.92231873527416
1521.0,70.76757205709004,98.79476073722195,121.81218678265834,119.23073775031052
1522.0,72.05159948242677,100.09558589545418,120.50063122169745,119.41938432018277
1523.0,72.63124588650626,100.63516672130417,118.97863113542998,119.81920609921151
1524.0,72.80196524528992,100.09355430054296,116.97493547932021,120.56579607065791
1525.0,73.22611299178119,99.18076787441608,116.47870884023568,121.26266640595652
1526.0,73.12097035124961,98.29099810788179,115.91270356295163,121.79763077730647
1527.0,73.13485339650182,96.60027925140832,114.89167689093786,122.09957254612118
1528.0,74.01770503212346,94.77026987696348,114.49657009953758,122.21549570744256
1529.0,74.60543928781826,93.22601010737742,114.3880723094733,122.27274355328808
1530.0,75.49221243213087,91.89437124303987,114.66858873287256,122.25641138452323
1531.0,76.3116952554135,90.98731356069507,114.82915436559274,122.32325756033288
1532.0,77.09128843563816,90.80040253978572,115.34689593323318,122.2104557754038
1533.0,77.54989432390676,90.80790419598074,116.89521033618463,121.97334818070782
1534.0,77.92161036023352,91.04311343889708,116.87864414377513,121.78061408558865
1535.0,78.3839116458838,90.75828356898083,117.66996366610795,121.6694851060752
1536.0,79.61239357837094,90.62832437168747,118.51188767407747,121.81390013958966
1537.0,80.49705752122259,90.75940536936419,119.06681197561026,121.79004745514122
1538.0,81.42303261714176,90.8049528333476,118.98838250171804,121.50718888107068
1539.0,82.00475171001426,90.72167728894063,119.3491850820834,121.0682906376008
1540.0,82.63388483544334,89.91409680178266,119.97432585342735,120.67934378637202
1541.0,83.32755852559896,88.60835745608296,119.84251993725397,120.34814560615919
1542.0,84.14971814207928,87.5679536478941,119.58547967323686,120.1140932921541
1543.0,84.30091431289969,86.63850469129767,119.28811394625903,119.75072263784331
1544.0,84.77223044028332,85.77741991545834,119.03435034338443,119.47685719760224
1545.0,83.58631432423051,85.23134867603537,118.8609091905968,118.80078292029985
1546.0,83.14694453625766,84.27081265987607,119.22665180413014,118.29270599790539
1547.0,82.1177623114528,83.47597112115712,119.79984814267263,117.90503297905204
1548.0,80.4419952420751,83.23560199882812,120.06976957381937,117.6744270450452
1549.0,78.74444758618232,83.22605559483894,120.13298427241101,117.24828972639364
1550.0,77.35686383766912,83.6040985513306,120.11532907427053,116.92677706117831
1551.0,75.6174237071399,83.94670881684473,120.35257602203804,116.65746500271581
1552.0,74.35497457196868,84.2040505939447,121.10919280887892,116.62532889169623
1553.0,73.36664159742378,84.50089981815535,122.01161492393275,116.51905173182087
1554.0,73.23564471978943,84.9728059388647,122.96360304451048,116.49318843276346
1555.0,72.33114214207896,85.46695835766805,123.93141546986038,116.53742876475178
1556.0,71.22666359654261,86.2368584080665,124.25435765730185,116.756968576666
1557.0,70.60956456467149,87.01210832699174,124.34869247040442,116.9935038463822
1558.0,69.7278978545803,87.60325334111576,124.66283142154819,117.2156404702113
1559.0,68.62867689429794,88.04482266860268,125.21922138012947,117.38210416528221
1560.0,67.23476088437657,88.08014203747418,125.32191974220335,117.31975185813856
1561.0,65.64541877029004,88.45825341025012,125.38802296586991,116.95252419121576
1562.0,63.82053578573015,89.12913087299987,125.02866819029657,116.70569301675017
1563.0,62.45071702634729,89.43500909584127,124.66013286624164,116.66044114490569
1564.0,61.14707244266732,89.86482255107784,124.03406786216317,116.66836580172526
1565.0,59.88552923112176,89.66386351796447,123.74225305017893,116.54587326501438
1566.0,58.56287429027639,89.20925155526325,123.64482009368382,116.25031196213457
1567.0,58.02842635681192,88.80881927472457,123.5120718044495,115.99396160035245
1568.0,58.2620377669599,88.70219839614869,123.77667081920117,115.7801440262508
1569.0,59.486340658589484,88.97393807548951,123.81275712336851,115.63080108292714
1570.0,61.55012144167816,89.48321721537,124.19933000468562,115.91464933687257
1571.0,64.08897919838682,89.45246547444336,124.06046091318257,116.05487350861983
1572.0,65.63278676988605,89.0143525651607,123.46992826234963,116.18190125534187
1573.0,67.11324119967782,88.41129862382546,123.27218176657418,116.1392296932096
1574.0,69.47945366525379,87.91004872077966,123.67336934326674,116.16453794419986
1575.0,71.99061076183402,87.26139275217854,123.77430776028226,116.46651322682924
1576.0,74.09486697127764,87.23003984004461,123.67261083843498,116.9420181731233
1577.0,75.98500723356781,86.87856827075485,123.52021259187117,117.54247101526302
1578.0,77.07089617741703,85.91515546534178,123.33561289042937,118.19735673453286
1579.0,77.52242636413345,84.32586064298432,122.54859269230401,118.7925000121985
1580.0,77.31220867506254,83.57774605013243,122.07636394780289,119.32066698259695
1581.0,77.13454638931051,83.27063467397102,122.10512328417144,119.82079690940041
1582.0,76.85615256570357,82.9526433176942,122.00831754646406,120.27891045121702
1583.0,75.70893095423399,82.79021408754222,121.57138391448554,120.68477082303981
1584.0,74.74508830353999,82.93222901511486,121.18861559799223,121.13289843597077
1585.0,73.37084019782077,83.47868358277229,120.19451972359587,121.45880397442849
1586.0,71.45282124936578,84.64915685686299,118.56044963763051,121.6055129910768
1587.0,69.39224240094876,85.68049016503812,117.14472044642096,121.58336600366741
1588.0,67.88248790812891,86.77501313972068,116.06129244902961,121.4362816108052
1589.0,66.85631576102989,87.49307909396089,114.99752211031283,121.45001973845753
1590.0,66.99204685069503,87.8055049583917,113.4444550448739,121.36735557633104
1591.0,68.17394691819128,88.3620470049623,111.60870047620669,121.41349699920521
1592.0,69.31217265317746,89.4325853495119,110.23237185700023,121.28800181566424
1593.0,70.19777238188772,90.30440491710705,108.82275269456261,121.02546676397247
1594.0,71.67732015919594,90.52580730091057,108.14612815850667,120.80536214121054
1595.0,73.16671178204685,89.81003715641776,107.77292181043688,120.53662844885045
1596.0,74.90828408253506,89.86428061277918,107.96280088970292,120.56653491584343
1597.0,76.35071753221506,90.05625155002699,107.81908632920124,120.49797901603338
1598.0,77.49812588288836,89.89741253950703,107.92481424378742,120.41235451196904
1599.0,78.2234179602796,89.83544050110115,108.22681312442994,120.28357219909977
1600.0,78.35684769371433,89.99600388953809,108.40989941039658,120.3123894173817
1601.0,78.63698073900427,89.55896878676656,108.49282853711833,120.63544755313586
1602.0,79.25012697425109,89.00968200734371,108.65049281682316,120.9191309636505
1603.0,79.6408767417349,88.1207969989818,108.92589605341902,121.23794918634596
1604.0,80.11332703368342,88.0676910892537,109.5528212949126,121.39222930284173
1605.0,80.50662538820444,87.90088820418264,109.68933672770122,121.261687747614
1606.0,80.30467795679763,87.70871287907589,110.11549462986423,121.32392758446713
1607.0,79.62321302394194,87.550601413609,109.92424873568274,121.31892148822553
1608.0,78.11598321250027,87.43671200694018,110.46460473365761,121.25486675004882
1609.0,76.422705005638,87.41720066714835,111.75721982440535,120.95095506417117
1610.0,75.17195904491412,87.88657623617158,112.90977312923144,120.73271216549699
1611.0,73.43280890981475,88.24086400293788,114.32542252302267,120.73314767910954
1612.0,71.5765356794216,89.0815087998348,115.26380073375965,120.69186318542226
1613.0,69.502773571395,89.21021279579068,116.44208351422427,120.92623086988434
1614.0,67.53615893238283,89.61382637660651,117.74589296125198,120.9504362642282
1615.0,66.09786723574652,89.87099349739191,118.35625606439334,120.9087650006404
1616.0,65.09409565355377,90.09052313482427,119.23255391797277,120.94878337957591
1617.0,64.51146577493436,90.66409578419015,119.40286912867882,120.98803487364171
1618.0,63.7544212634918,90.99212138674207,119.31224074039385,121.12462771017579
1619.0,62.71098461666108,90.82561182624181,119.43068044000314,120.94312480808412
1620.0,61.719472426722504,90.80049066581739,119.32479643357054,120.42161553855445
1621.0,60.91602759674535,90.38382442046037,119.69977860890266,119.91287119118131
1622.0,60.53321237531181,90.27800845199292,119.79130268421501,119.3281569043061
1623.0,60.4754489660986,90.28238363251052,119.86815613508425,119.1707045324329
1624.0,60.60602713861758,90.4413842189011,120.46296594753107,119.03742887339004
1625.0,60.78853169963609,90.88301467925234,121.3797659435312,118.78759978528348
1626.0,61.38692744103333,90.79607646091708,122.08941307055325,118.58046025408801
1627.0,62.08200351453826,90.64764508052714,122.28586526374261,118.54246771516883
1628.0,62.73133279610076,90.55172305561534,122.63965533462763,118.470589101246
1629.0,63.52982462829158,90.38435590592269,122.86040238999406,118.5324868326051
1630.0,64.31544251528065,90.57583895345061,122.71639650898932,118.5604214120471
1631.0,65.31309350096,91.17096620210972,122.25794904662669,118.51295219928475
1632.0,66.24619703723998,91.339807463811,121.93689374715474,118.31338137853812
1633.0,66.11850809422398,91.99215063798185,121.35417456109559,118.16581429787152
1634.0,65.95223567023713,92.24052978593473,120.57254245665307,118.12052120644643
1635.0,65.38509463100158,92.69497058994966,120.40905273700818,118.19127835552166
1636.0,64.51261243197129,93.02181649928887,120.20504455294514,118.08303757387279
1637.0,63.41989265446889,93.53901276360325,119.30209276635759,118.20793122119458
1638.0,62.511575830403935,94.36623706112282,118.42182641326232,118.39734743804743
1639.0,61.74753282330268,94.6947363327577,117.53558928430546,118.59922861165984
1640.0,60.90380091161188,94.67820981983978,116.91350306828156,118.83310127794729
1641.0,59.3961158811735,94.88614535217394,116.48288415637806,119.10906937947034
1642.0,58.73472216550983,94.58037208284249,116.56076334482592,119.27794118008494
1643.0,58.27668428875408,94.5044285131018,116.34935128444556,119.2792951728986
1644.0,58.07217431371606,94.21937265638755,115.66338449072977,119.1655532162719
1645.0,58.28992112141097,94.09286295868705,115.44041918131721,119.17438703526756
1646.0,58.70419583884464,93.69281322072266,115.86736947075158,119.28341190350488
1647.0,59.1093572294792,93.07902014832598,116.21483329101828,119.39840042667001
1648.0,59.692018501166295,92.41970050291857,117.26645746264515,119.59874652620232
1649.0,59.87370930757252,91.4348215222753,117.81573265574893,119.774989379277
1650.0,60.53408203353478,90.20854375005614,117.92943491805656,119.92395210270419
1651.0,61.52125490037138,88.77832247897769,117.51402705162378,119.94009767735895
1652.0,62.84033134075153,87.06407928169737,118.06451816411808,120.04669327673575
1653.0,64.16158917830172,85.15785941771156,119.04459219209284,120.21418420307482
1654.0,65.5665559262048,83.37360494172194,120.0474276769975,120.36969617694531
1655.0,67.36808728229258,82.02283471167068,120.15015829038354,120.23856149514775
1656.0,68.97679518255039,80.61823663927423,120.43403333771538,120.1741223989913
1657.0,70.41400285326439,79.71265468799281,120.57504189415442,120.11150489367049
1658.0,71.40822544257091,79.3142096738797,120.9638127746416,119.94525587119847
1659.0,72.15489222899016,78.6398827681517,121.43987985163028,119.60110822806487
1660.0,72.78516903050453,78.14894658625043,122.21883249329586,119.35118990872894
1661.0,72.79782208725398,78.40789351556899,122.05324498796679,119.09809151542451
1662.0,72.49845142238782,79.44034452534528,121.70537838622057,118.92196513727707
1663.0,72.38678971100104,80.08959161706599,120.682611171627,118.83952080016017
1664.0,72.15681350916324,80.6154343123454,119.97044699222141,118.94070312032316
1665.0,72.2640060707341,81.42941411102797,119.1518726833038,119.07181132458
1666.0,72.12517766690647,82.21681709352738,118.89236412577648,118.98715149041755
1667.0,72.13908644395427,83.03051294350166,118.69114035905795,118.93295319757475
1668.0,72.50782922197267,83.9802158850559,118.1811998215263,119.13570466362879
1669.0,72.32194507715305,84.99814940332188,117.22328399375577,119.33709335800569
1670.0,71.85965384080384,85.75436533231256,116.37242800395931,119.51110377070478
1671.0,72.1105405702718,86.27557647836583,115.84447627321158,119.72683058302135
1672.0,72.0049072872822,86.90298883988473,116.24561757343128,119.81508414480241
1673.0,72.64479829846628,87.0977296009597,116.89949419759301,119.86611412593629
1674.0,73.85011352612023,87.27652048710124,117.51312436656376,119.85438250552775
1675.0,74.45125959367567,87.2407823990789,116.66676938803633,119.8369942487627
1676.0,75.25990505280146,86.8596368333697,115.86401998860457,119.95067771579232
1677.0,75.55730863316539,86.98375391914134,115.35675294700111,120.05357391100208
1678.0,76.28058533563438,86.98215950557831,115.30343775133623,120.10949621811
1679.0,77.60924855210347,87.02540825794125,115.00110576225195,120.17061755848707
1680.0,78.19401158600131,87.46120100786047,114.64043232887582,120.08708288288227
1681.0,78.00904452980166,87.74240809952308,114.10039045532686,119.80734712480088
1682.0,77.08400206360623,88.6614494177993,113.73985358845269,119.4910458249058
1683.0,75.21275339533513,89.50029429458067,113.12461056824719,119.1653049563079
1684.0,73.64821089510596,90.44177894619679,113.54493581909358,118.9387296210473
1685.0,72.40095021792722,91.52113674777465,114.33102604572466,118.75128061456533
1686.0,71.13974496592951,92.2331688074186,115.27596754023972,118.47967743265221
1687.0,69.95067199732927,93.00164219576294,116.29759449076224,118.41709399771734
1688.0,68.44758734453791,93.80930118013276,117.31676887944491,118.26900232084132
1689.0,67.22242421263044,93.96871948777162,117.73950058361766,118.17387013418937
1690.0,66.49005206171701,94.09578968330212,118.06650471072258,118.2358213808889
1691.0,66.0966815409129,93.6223954101036,117.99682337959885,118.31722023870718
1692.0,65.44836393744818,92.69292907779345,118.10273037123092,118.27100207127151
1693.0,64.75254052687907,91.75118977926262,118.20434641440815,118.29807818685943
1694.0,63.816083939692916,90.99400594557076,118.1795570007209,118.24478837442608
1695.0,63.42196393651703,90.47580243373322,118.47826217000244,117.9556985305869
1696.0,63.126212110206126,90.26137022671878,118.46808333581433,117.68234620380109
1697.0,62.48964086962427,89.79785958109876,118.731504592957,117.49249204887528
1698.0,61.2563861877552,89.79840654565848,119.34054767937532,117.32733556756793
1699.0,60.499695042641086,90.74098996966552,119.98509791116184,117.22797130949535
1700.0,59.66535160894187,91.82250107860338,120.58778937496479,117.2529821638263
1701.0,59.39695338611244,93.26764072729922,121.47144492825836,117.41860238429027
1702.0,59.80230461792443,94.9520779623738,122.02564118999146,117.47000553916654
1703.0,59.79299383152674,96.39050667775989,122.72278179428986,117.71073589601737
1704.0,60.24629628258873,97.76543280297986,123.2055808849755,118.02018350051844
1705.0,60.20066648091978,98.43579359369386,123.47786815895549,118.07281093111735
1706.0,60.80988513175809,99.5460098102507,124.16180328171723,118.07106187327321
1707.0,62.232007813385536,100.3250552753984,124.2863484968023,118.14957739270622
1708.0,63.014537138182774,100.3694071114398,123.86719980498474,117.91937228837634
1709.0,63.96975271707856,100.33244522654789,123.65699362388796,117.71197333521457
1710.0,65.02065834548834,100.14986770071552,123.6169224279918,117.58895607066276
1711.0,65.46228859824497,99.61040393380131,123.42273997676686,117.4175880482584
1712.0,66.11667796714593,99.01315078911549,122.58301029639574,116.99990565262428
1713.0,65.910440846312,98.14665879056179,121.75794648584123,116.7950532199642
1714.0,65.75393427872133,97.19620743844256,121.37037274558811,116.80815042222011
1715.0,66.2565658130863,95.79202343881559,120.11606903439159,116.99754395449655
1716.0,66.04297319328778,94.71337772368244,119.28340028887382,117.01544533102498
1717.0,65.96348960110744,94.02275038823413,119.01166906716428,117.40564535523701
1718.0,65.41028307402857,93.66205762412926,118.85224511657077,117.74875286075459
1719.0,64.8146140910398,93.49824635727627,118.37130014319644,117.93538410888512
1720.0,64.59612013681254,92.92194584040757,117.90594128848505,118.17444744649488
1721.0,64.7262627762348,92.01062845740498,117.47007333798861,118.41441041263933
1722.0,65.32707466247614,91.43076085876757,116.96510725310455,118.56397025675811
1723.0,66.1510163569605,91.48151462270408,116.7117602877409,118.78728910896294
1724.0,65.51264361569253,91.04534733431382,116.9495228357999,118.9589242511893
1725.0,65.34098213485473,90.3244012915035,117.5272754193586,119.32723457174757
1726.0,65.60456910936578,89.24291177211082,117.22443479433235,119.57839182252265
1727.0,65.80076057474344,88.01573995200094,117.21120369692756,119.69454985621464
1728.0,66.12838283225555,87.10069214689331,117.53286473341755,119.8390349783579
1729.0,66.20065295529544,86.67663572790924,118.02771373224218,120.22678951663816
1730.0,65.84540479685052,86.57614921102933,118.80170601361866,120.60528367039343
1731.0,65.13524552550325,86.53233232011404,119.17213939779757,121.00826234626275
1732.0,64.557169800504,86.06428649904757,119.23578427141845,121.2195389814286
1733.0,64.86596269500808,86.22592458317341,118.73654764245228,121.38810249943485
1734.0,64.81877673611909,86.50919703508757,118.34477146525691,121.34610482081715
1735.0,64.6637420698453,87.17203778391979,118.71111646839327,121.2509598154942
1736.0,65.241360650463,88.30916302863142,118.3976558773551,121.23451690777611
1737.0,65.35413850887133,89.10245151243512,118.04477542911906,121.09837060374944
1738.0,65.49869556472332,89.9036440977315,117.22548407561465,121.02815081911447
1739.0,65.86874652860851,90.88404959581317,116.69976111632636,120.98219335734062
1740.0,66.48993212560563,91.87410501906812,116.68179708190158,121.03231887650509
1741.0,66.56199031284454,92.72067460240842,116.70757432388038,121.14804157696108
1742.0,66.91799431505545,93.62593254964273,117.32697756947734,121.35247448295546
1743.0,67.3246208482812,94.53175894358165,117.67514513439421,121.7017574164228
1744.0,67.67728168291963,95.3191399852051,117.78223148905718,122.17387999361053
1745.0,67.55849301571044,96.34798735383242,118.19776192032501,122.57242652329134
1746.0,67.33860264601564,97.27703820828972,118.46626813007411,122.8610312355321
1747.0,67.36938087803807,98.0916585394344,118.63422931402184,122.95796386765792
1748.0,66.9231237100577,98.96051007481277,118.78788660860039,123.17112897876079
1749.0,66.72587158410208,99.82254686906398,118.35637312870625,123.18884082526215
1750.0,67.422329834327,100.97374990427717,118.34556019267342,123.12678080554454
1751.0,67.48303328935013,101.8096944565834,118.16390215162106,123.0724620704804
1752.0,67.46309520981936,102.10329984983767,117.80536576385735,122.9597165092539
1753.0,67.18562934968003,102.06791134846593,117.60218370875663,122.64908091638144
1754.0,66.78535081921325,101.448745342038,116.94516002045017,122.3398429741739
1755.0,66.44702638644259,100.99688877703463,116.2128242935393,122.20940847494525
1756.0,66.29786429356788,100.32342514533661,115.6531389117162,121.95328032437044
1757.0,66.28648451873156,99.68877911967326,115.35512522442467,121.67877482189796
1758.0,65.82212617727103,98.82376248088066,115.80162521335163,121.40342239827271
1759.0,65.05116815288494,98.83062638301978,115.78446195809306,121.05160043025685
1760.0,64.12701694077734,98.8986720761903,115.54856919156252,120.54528712130356
1761.0,63.036873994575075,99.9521093379752,115.55462288134451,120.07868439315068
1762.0,61.93111736576746,100.63854741378874,115.53051028246513,119.56392807143637
1763.0,60.34811411728283,101.26215131220653,115.95180403748112,119.10207683920676
1764.0,58.92864870126471,101.40112160275235,116.18162978253024,118.51866317862408
1765.0,57.64080823756557,101.69280526358153,116.69363970988658,118.18317243245829
1766.0,56.49596052937141,101.94012389051574,116.27407920829974,117.6579625852423
1767.0,55.10714203650038,102.35251096604065,115.40225679529891,117.31745545029284
1768.0,53.94737810136897,101.58120710035868,114.50288937634849,117.15453250411841
1769.0,53.51337770302922,100.49806236136328,114.4172081119788,116.8887158084269
1770.0,53.947582269724236,98.87790310546424,114.25254540558007,116.62967682344444
1771.0,54.66372610800431,97.45895602887094,114.02618142185717,116.61978070207489
1772.0,55.85121631356995,96.56842223606657,113.54997756622755,116.75354010925953
1773.0,56.8976237348876,95.36485265105868,113.16083138651734,116.87369789105145
1774.0,58.28680956699122,94.64780656422803,112.34421139052718,116.85500486492799
1775.0,59.91450617196112,93.60143540240422,112.22556235115546,117.15355865502542
1776.0,62.133107106928854,92.53336483816955,112.22638908131908,117.37762781302632
1777.0,64.19052227614237,91.85157999307994,112.24888211605665,117.8168374764262
1778.0,65.94365427365756,91.67806639073139,111.95174036377263,118.56326638346681
1779.0,67.00257249063138,91.95206135867427,111.63065967613002,119.24813002136491
1780.0,68.35565269157081,92.93905267112697,111.13737191058094,119.72474189690607
1781.0,69.97539547287488,92.93949447212944,110.78483678556714,119.9256184584142
1782.0,72.06878114015866,93.53925336897966,110.69386150789138,120.23957173880193
1783.0,73.8436179651254,93.58810581880753,111.36428408174541,120.59129345900983
1784.0,75.82925539014408,94.17337151723316,111.5997044394872,120.77869158617858
1785.0,77.81729118074234,94.61105060206806,111.71380912367923,120.94047020512193
1786.0,79.31391635551606,95.12523113301617,111.99156525374539,120.9776148224306
1787.0,80.86424018305144,95.68665383394006,111.96077100862132,120.92800556023356
1788.0,82.21447274299975,95.89333363257427,112.45199397357356,120.89463025394915
1789.0,82.72081984213521,95.28215607452533,113.42656006426984,120.8342729446957
1790.0,82.98327460772394,94.84037742067888,114.86187887505739,120.7660079681907
1791.0,82.87587786865026,94.11895498642849,115.37595577101672,120.67959932382718
1792.0,81.94047914749976,93.47256231363065,115.51936297025168,120.66299747844877
1793.0,80.28413245675995,92.50979294659355,115.7077780235627,120.66762159927886
1794.0,78.53679161023182,91.8846560839417,116.1294593072776,120.75035648156235
1795.0,76.8073542736374,91.15130398519851,116.54862219941849,120.63245121738078
1796.0,75.19952717209898,90.41844829340862,117.12431154767569,120.383521571728
1797.0,74.02963151816398,89.24392099163775,117.41097035417526,120.15545671446542
1798.0,72.81210854436087,88.20540316163034,117.38090538942582,120.16404760141552
1799.0,71.5221989742497,87.2227877547202,116.98635831321437,120.47947611294606
1800.0,69.80418447464763,86.69713134423219,117.49906960861969,120.81063032342591
1801.0,69.36507364325972,86.66020735738525,118.31615609083903,120.98425429170527
1802.0,69.30584469331461,86.57217251006664,118.99536719402735,121.21406441654824
1803.0,68.85391073168093,86.22827773078151,119.33120789739216,121.40117265570477
1804.0,68.69872004479515,86.13147306188304,118.72063333028919,121.7321028542572
1805.0,68.60633315355079,86.08357008089118,118.30689655962057,122.16808531259511
1806.0,68.80993475399865,86.38077586257455,117.92191951277464,122.51265272250244
1807.0,69.5960836625348,86.97291608853364,117.66448328228189,122.66809770262005
1808.0,70.07503968743397,88.09186012206774,117.87830373204683,122.6899054095199
1809.0,71.04079155390656,88.91478309467608,118.08744779618064,122.72590313547406
1810.0,71.59949178153313,89.77285767053137,118.23440361024687,122.8505828439754
1811.0,71.4830010376925,90.33801663607356,118.3312671729416,122.78136360701217
1812.0,71.69745570794653,90.51415494750367,118.33164324133112,122.73669902165796
1813.0,71.70412347355571,90.70067266621601,119.09804473726481,122.62005950847339
1814.0,71.56940505602215,90.38998968889467,119.04134609063799,122.48184960782213
1815.0,71.25694478645178,90.41333625620021,119.25647961760103,122.40458961881644
1816.0,70.25540633466439,89.95731549025854,118.68772298700749,122.31505125242363
1817.0,69.6863560907159,89.05207199544287,117.71789302794039,122.1447725786941
1818.0,69.20915606917961,88.17733439906095,116.72453127394087,121.84999906963434
1819.0,68.41568516220279,87.09687532194295,115.58996560256557,121.47373460167174
1820.0,68.61403149039452,86.07780601430325,114.71140931269784,121.2535918978533
1821.0,69.16781637024592,85.33259435270435,114.24359962418379,121.1019456140688
1822.0,70.0410040393689,84.57637429297755,113.79922238498578,120.83615839641348
1823.0,70.49126532685314,84.32987691469526,114.38156176455365,120.61594333252417
1824.0,71.33516648268325,84.33789262843771,114.34490818750174,120.5368305736312
1825.0,71.48565554312574,85.55184531792128,115.03241095243719,120.32631785293087
1826.0,72.45413141290227,86.72135345609225,115.39822043877851,120.24737752484809
1827.0,72.82345623863625,88.19947884944305,115.94698073716148,120.43277657239527
1828.0,73.52856938694461,89.4076951290658,116.4813702407249,120.74857534787915
1829.0,73.840629147956,90.53636428625532,116.97055651022282,120.96282343873304
1830.0,73.59996158532891,91.7099504294662,117.3649670415162,121.01960228678152
1831.0,72.92590541854202,92.83378659683657,117.79875551719577,121.15699411152356
1832.0,72.37331932626157,93.47317382648676,117.48822981991891,121.33863702118968
1833.0,71.60883188684448,93.19383098996057,117.22421168675831,121.38859176246034
1834.0,72.67244299252381,92.66671129741675,117.17737068122061,121.72188669631447
1835.0,73.03231066410768,91.84916939310773,117.15897661823765,121.76159016306075
1836.0,73.4375007721655,90.83588793588328,117.15774193254738,121.74057039047942
1837.0,73.41803404475806,90.06599459202455,117.03213773255362,121.69603283674792
1838.0,73.60868053217823,89.65024345625427,117.08847245378695,121.5736055169638
1839.0,74.05706531698328,89.48557225553793,116.55329965311283,121.52622002046708
1840.0,74.48211936753694,89.6417325884,116.10997297475438,121.44780459342596
1841.0,74.8229886499551,90.44640734527646,116.34087092616764,121.1812680989369
1842.0,74.5301966073977,91.5298797816856,116.73994953537353,120.7982964710741
1843.0,73.04751062332888,92.16019212598994,116.43762583522445,120.36675421795556
1844.0,71.74108646232247,92.9172583789827,115.99997033631313,120.07147577865723
1845.0,71.42219130589632,93.34933271466896,115.57928461972207,119.78524328490256
1846.0,70.98592732668018,93.85394368913535,114.96731996129377,119.5756204911303
1847.0,70.17556005553446,94.45020313010879,114.45831332868292,119.3972707866355
1848.0,69.83361487340726,94.96299075051407,114.49625168594838,119.22257011099826
1849.0,69.57920031848293,95.06510788139603,114.33535355430524,119.04156228203256
1850.0,69.39763191670727,94.99400994669926,113.89897331210095,118.95191787736847
1851.0,69.82231879704118,94.77176624736529,113.43573094328852,119.08453732364515
1852.0,70.73211028167667,94.45234874588974,113.56713675000934,119.16740626303329
1853.0,71.80491843217237,94.37892420848347,114.3379420147451,119.27663438687364
1854.0,72.1632751367068,94.28086657101859,114.9906537679833,119.2527883749278
1855.0,72.7099263670109,93.634087565547,115.80582546770822,119.03609654184173
1856.0,73.50509198830252,92.75543656650446,116.31659384631962,119.06818924643463
1857.0,73.32046218000727,91.64789447934902,116.99889523110257,119.0357681269448
1858.0,73.19912842089458,90.86100982013579,117.92857216962045,119.04618246433851
1859.0,73.10482772145672,90.72083879583609,118.77345353756137,119.00199860357074
1860.0,72.26523857762378,90.61023954667662,119.6989687138764,118.85024908600975
1861.0,71.49163542963245,90.37488234395283,120.96753752694983,118.78401709241089
1862.0,70.24873780019472,90.0490270479591,121.86550467603082,118.69043520467912
1863.0,69.25707743613489,90.29623531671847,122.71389744231628,118.73495267119952
1864.0,68.54434956917541,90.97024181771026,123.47873813798344,118.86514158051718
1865.0,67.74030110066487,91.56363238890613,124.15329733854479,118.97606056756537
1866.0,67.11432558912266,92.07027542035931,124.17311345748772,119.13532607283452
1867.0,66.53660399866638,92.22165922533222,124.44234658698656,119.40587227804905
1868.0,66.05687958301652,91.95761674694039,124.8958058409344,119.66432488750263
1869.0,66.27564748544918,91.77232376503758,124.79224488191682,119.8807805341774
1870.0,66.97292338395704,92.317013054651,124.05620573344332,120.04835471673312
1871.0,67.56840081256746,92.92921757257339,123.12349707640332,120.22427069988838
1872.0,68.29217146277563,93.556040194795,121.92485336755954,120.39991346675484
1873.0,68.47377595276511,93.89182638465138,121.06808501776622,120.40572635929459
1874.0,68.82285466102664,94.56072011503869,120.01567448297088,120.13044631669398
1875.0,68.96173519089356,95.3705423970403,119.29459547536581,120.02700495943778
1876.0,69.10275736614466,96.3407219796335,118.18462936547876,119.89950974926515
1877.0,69.04807086372507,97.17178499254572,116.96200402708361,120.02403519542816
1878.0,68.47304991410134,98.45922994223997,116.07612472370627,120.0169969892448
1879.0,67.70063038285461,99.37378984607854,115.78174379140371,119.78428905443675
1880.0,66.65285861662005,99.8502356377347,115.51228787537659,119.70580549823534
1881.0,65.63715399342978,99.90276463324572,115.46345968995648,119.68142236239476
1882.0,64.6843750800031,99.93154663075,115.33430121167213,119.7601494073305
1883.0,63.52045909313081,99.32789618275505,115.78711137897447,120.0855880584973
1884.0,62.79031826529343,99.08321313467357,116.36676246549114,120.12963941070673
1885.0,61.86483822106108,98.65225715278481,116.57006805738213,120.03519606952568
1886.0,60.70691965934351,97.91050113404388,116.63003363195737,119.78358212864029
1887.0,59.6577665452284,96.99924224591564,116.85813827668191,119.60446334406261
1888.0,58.056035047676446,95.76436991864774,117.47170612186247,119.72148058396708
1889.0,57.06126674965621,94.84597108818774,117.84158323937211,119.73272247248279
1890.0,55.51138326582993,94.1172842209631,118.34923436636466,119.63700542697364
1891.0,53.93334191085183,93.66483828323854,118.47899864184434,119.4350171760407
1892.0,52.63125072216293,93.2961570019207,118.80452864558927,119.00176426494941
1893.0,51.97714064604112,92.66589063357435,118.9905541588433,118.79548574449619
1894.0,52.064752872085656,92.06213033534175,118.86181580169429,118.75538214816036
1895.0,52.95692345626994,91.89362552455822,118.84383154050292,118.82116846890487
1896.0,53.775113686694674,91.65268392993121,119.03822184136678,118.88362164149183
1897.0,54.9619693429467,91.22413053443836,118.37552074381357,118.83515714631511
1898.0,55.777413940564614,91.21547243297401,118.38734403386124,118.62359686977376
1899.0,57.0152929179303,91.2429656351353,118.45419492721028,118.39377814030057
1900.0,58.59269478008854,91.04537769839814,119.16399435378345,118.32572745201877
1901.0,60.167539421461285,90.99723701339155,119.7353395712719,118.32776268348452
1902.0,61.378090602239325,90.59597964195929,120.34098530317186,118.38932400346563
1903.0,61.729100170729254,90.55240981348915,121.40080749358907,118.37854563681552
1904.0,61.357538799522956,90.08664594009906,122.24491545474015,118.21310068830367
1905.0,61.47976618369296,89.37318641356215,123.00775229125496,118.28947740793373
1906.0,61.81513697265031,88.41856044632074,123.81122303434198,118.37066897587226
1907.0,62.51660471414412,87.46399892198491,124.46824313341111,118.49843041614486
1908.0,63.10047336997597,86.79793982568036,125.18511535999174,118.6287092376532
1909.0,63.722356275444156,85.67701277946324,126.22086375706071,118.55061518292628
1910.0,64.45771025484014,84.93616230816988,126.34154292837276,118.51131650646941
1911.0,64.57307195443177,84.31068102830669,125.93110273553305,118.36490073094193
1912.0,64.63019376588743,83.67477074046212,125.67843102847866,118.2554539272025
1913.0,65.01166165332067,82.95213051273541,125.49305197013322,118.28459019293672
1914.0,65.34208888465736,82.32339111410522,124.85101166532776,118.21465631338964
1915.0,64.75108383484515,82.40333705603686,124.00952229052166,118.12339953084104
1916.0,63.90055241447631,82.88842422543276,123.20060587763437,118.05943561242692
1917.0,63.321252878087854,83.32551470535785,122.29876782361376,117.94346109931176
1918.0,62.49557589235929,84.19721470212934,120.62792493968165,118.16834778680362
1919.0,61.45811576806809,84.7724705096302,119.57950803778299,118.29152004042538
1920.0,60.58214125940523,85.25695926169543,119.36542050219863,118.28017553462276
1921.0,60.25013791815028,85.45691131481594,119.2226486180953,118.42196726273012
1922.0,59.750744884397946,85.71256416265544,118.84072242990209,118.39399093906657
1923.0,59.29191070348823,86.10781366621481,118.69374943649342,118.38609061469232
1924.0,59.427790924086324,86.42238146994416,118.75191363760406,118.48050225703992
1925.0,60.00262957065126,85.85594896130416,118.15933759306505,118.77525194371992
1926.0,60.49385074828655,84.41693601279619,117.8096618393805,119.05977858837875
1927.0,61.262482061059174,83.04281491770041,117.61902966174509,118.95833425711949
1928.0,62.36999946545786,81.78409633621231,117.42043329923592,118.9508900797319
1929.0,64.01189812537754,80.39808057992467,116.99650915258992,119.15078293375629
1930.0,65.11573369016197,79.14928754277885,116.13422083187139,119.10375049363651
1931.0,66.31162383717972,77.86788349577654,115.87018658524694,119.12012554090657
1932.0,67.0615197190642,76.50995323592934,115.8525825797977,119.03764919843681
1933.0,67.52444959218933,75.24249730220927,115.7664026373057,118.85199850160835
1934.0,66.85387712474882,74.5589777151243,116.04971643681111,118.60742747710988
1935.0,66.51684099144387,74.93527170159054,115.38166630203361,118.43685373802684
1936.0,65.75860092970417,75.09761427330793,114.54926952938482,118.5644611885736
1937.0,65.03782377009377,75.4973872713829,113.81527929302365,118.77500856754445
1938.0,64.11237205778431,76.56854466581778,112.8864725260801,118.89433820559849
1939.0,62.968053741627735,77.30781407301671,112.41209776297055,119.10396598078499
1940.0,61.92966712914054,78.55369080015811,111.99299996983025,119.53026101843356
1941.0,61.06155876758829,79.81723928894753,111.30881430260376,119.94441061058662
1942.0,60.77085787686501,80.74815351157295,110.93997704733478,120.30647926425063
1943.0,61.516420650235794,81.48508289829857,110.7697766572212,120.68833662211627
1944.0,61.96504009584383,82.08922331138507,111.01131047861477,121.01010110767383
1945.0,62.93069126306894,83.05717921915999,110.99319889365333,121.08915242760717
1946.0,62.9624625661485,83.6541038049688,110.48142206814777,121.10933169497855
1947.0,62.81263977232287,83.82159674100683,110.4338843016893,121.03136286755996
1948.0,63.55079210348967,84.28807662188571,110.68508720344931,120.91685482594339
1949.0,64.16385683015564,84.38113334392366,110.97944118631371,120.71108467607586
1950.0,64.6189527996192,84.74129354498903,111.4182041544883,120.60394939362716
1951.0,64.50848643567008,85.21590281109187,111.45596968366348,120.44286658422246
1952.0,64.33424163806194,85.83398334337592,111.39898429646269,120.14043334546598
1953.0,64.2568393639311,86.18744364835679,111.69594149233369,119.90337261099624
1954.0,64.18170517689452,86.74840896297303,112.23967523349984,119.85177692112764
1955.0,64.69412748772406,87.75465965759206,113.4086000430022,119.68184626145026
1956.0,65.19117217920288,89.26112403990919,114.81367617025633,119.59046513086558
1957.0,65.27782985701525,90.58122699314254,115.63152238837375,119.39888634311107
1958.0,65.35436000709613,92.11432197310994,116.1327345703335,119.18255366844515
1959.0,65.6311820355715,93.11997168215557,116.67437207593109,119.01139365081704
1960.0,65.95787637403303,94.10549723671296,117.58049398650444,118.92353843994839
1961.0,66.2383720482032,94.49950298797893,118.27785237911348,118.84622188510055
1962.0,66.3262762301793,94.89938493754508,118.63294387029003,118.87509920529739
1963.0,66.39712914334936,95.1151113404049,119.15452467419712,118.95473709277721
1964.0,66.78713318719792,94.98899882031228,119.269830615387,119.019743867818
1965.0,67.0474844794315,94.39886856939064,118.88313974347436,119.24201334692393
1966.0,67.23223071418147,93.8544458646651,118.63728222510663,119.54126984667813
1967.0,67.46582711506751,93.12445979782854,118.40349817754668,119.58093478313587
1968.0,67.6079214726772,92.73148019980889,118.06281820788949,119.52568024172956
1969.0,68.34502861306922,92.65973802345957,117.57177439755895,119.52135268406062
1970.0,68.6695078568177,93.05243532851311,117.1611783002399,119.6028353190602
1971.0,68.75520709381648,92.79889715745848,117.04629024365985,119.47888963348504
1972.0,68.67786018568981,92.4934897573773,117.38816066218266,119.19860760979492
1973.0,68.75383952434873,92.46490455253857,117.70769128869858,119.0403875861148
1974.0,69.14261985851263,91.89695433262582,117.45458724416068,118.88427633908496
1975.0,69.46220930967574,91.14892875627007,117.14692704106295,118.59707467825565
1976.0,69.54347024274398,90.79046640470706,116.91169648014451,118.55695276982158
1977.0,69.95680661298472,90.19348687923792,117.06473183758209,118.42158044372613
1978.0,70.09996921416783,88.46000760206222,117.0041193377058,118.20875896805619
1979.0,70.44263959524855,86.57057599738778,117.38596127145745,117.93127406532058
1980.0,70.82818799708808,85.08550156616025,117.65306015604185,117.6731485942487
1981.0,70.78462079649644,83.66227790659046,116.94186192328633,117.61116690347244
1982.0,70.59962468659396,82.13769962847672,116.32190635913973,117.59869935493448
1983.0,70.16056545419123,81.77072206414289,116.31934196179469,117.49911659846673
1984.0,70.20970391738058,81.69286092755227,116.53967248171861,117.56014618427669
1985.0,70.54467267280448,81.62342125189464,116.79987417480713,117.62882459770803
1986.0,70.8453976228992,81.29481995091795,116.31392714901737,117.80408768454606
1987.0,71.39990574690476,81.47889872428473,116.1107139801524,117.97279229052963
1988.0,71.734627710174,81.87977814769785,115.14033149167243,118.18137999247482
1989.0,72.21409917272959,82.63406539740282,113.97055513345069,118.44755104780957
1990.0,73.27943884009393,83.44950484613916,113.2123551955923,118.70328809650444
1991.0,73.96992710966806,84.20291102377807,112.76635518480828,118.8509639490209
1992.0,74.95993240608684,84.85918816957923,112.3581084544899,118.99727433890754
1993.0,74.83579164861708,84.70817090637577,111.89904897064383,119.22619208413751
1994.0,74.72648081845574,84.68613562226349,111.50636087784922,119.21827457896636
1995.0,75.04653711078657,85.4388591742374,111.52934565786725,119.23785224813615
1996.0,74.9736792142023,86.46637579624772,111.32032959416023,119.41757692277983
1997.0,74.58146584015861,87.33593457305061,111.27799982719613,119.5900352202243
1998.0,74.30331399401466,87.72411860775512,111.22035012146303,120.00351523006978
1999.0,73.62833047763965,88.60767514665949,111.29460436955313,120.3900837921157
2000.0,73.16598895468223,89.30107424138482,111.38699985129594,120.91808726163327
2001.0,72.72652883207047,89.48660522281016,111.37383581813562,121.334788116581
2002.0,72.85960079890054,90.36595832373406,111.12489524926389,121.5887043345998
2003.0,72.75505337665194,90.70179851189314,110.7592625229354,122.03953657220589
2004.0,72.32635793746176,90.98770750985129,110.8092461735522,122.43339699655303
2005.0,71.97499520841772,91.55173269657323,110.93571135563063,122.64400562626497
2006.0,72.40112930165833,91.77315431553036,111.41551575919821,122.80877331112195
2007.0,72.25743603354397,91.78804348912686,111.7450087190188,122.81368853411963
2008.0,71.57172989420224,90.9744674422377,112.18503181121751,122.58131029932522
2009.0,70.67672254296167,90.27088600265759,112.56038720588252,122.38269765921089
2010.0,70.19837901453495,89.76514800192432,113.08307255698816,122.28409673151813
2011.0,70.39712409647593,89.24215972981503,114.06869401310223,122.28347878114525
2012.0,71.33473936006295,88.80483571187862,114.83576537329562,122.05047187996158
2013.0,71.67845363798324,87.89337272170897,114.75805582932828,121.73130306374489
2014.0,72.3489871957589,86.54697248439918,114.7116504320296,121.54470681686087
2015.0,72.7912531834566,85.41780851553192,115.02454932492294,121.4938893203042
2016.0,73.45002844146524,85.27570265380685,115.87717217257276,121.47973348196464
2017.0,74.98039678206193,85.56587208120901,116.38250617487046,121.60202260207254
2018.0,76.34159632056311,85.65697115703817,116.40989950419204,121.71909035282604
2019.0,76.78379196900116,85.6997298381809,116.14622251282407,121.8279250911854
2020.0,76.89828162904918,85.7789127932929,115.61637492496482,121.78656442889981
2021.0,76.28860467131025,85.78108704856392,115.02657304830718,121.90629912524336
2022.0,76.0676884361622,85.66208469051098,114.85970984742775,122.1051938887994
2023.0,75.756331036868,86.00895820249843,114.28730293561567,121.97466081761077
2024.0,75.30997188289861,86.7060726846953,112.96460916985308,121.72157399264859
2025.0,74.76685332255124,87.15480194490412,111.15900711171227,121.30415168345678
2026.0,74.10873285832069,87.58300971402328,109.63098654959215,120.90911294196235
2027.0,73.75366107291968,88.21921352572515,108.63553986411245,120.50523803280552
2028.0,73.46499465726936,88.5188281831692,107.53404956708525,120.1012426023067
2029.0,72.98841391692892,88.81980676847841,106.60681419760444,119.94932533624919
2030.0,72.83585506041791,88.96375938427296,105.86849615646739,119.61717535745981
2031.0,72.2247437266372,89.28196151345475,104.99639168544547,119.21338312014193
2032.0,71.69403255344761,89.38967486607811,104.6453289641129,119.11954141903182
2033.0,70.96493732844533,89.86098129451969,104.24568117326103,119.19985156466086
2034.0,70.09574508524564,90.269054124877,104.08579926667882,119.03346162353762
2035.0,68.760968504096,90.70232603096636,103.89080273762661,118.96455718645261
2036.0,67.41119385532188,91.20544039836382,103.71515552827636,118.81354304823253
2037.0,66.3839447412281,91.50954289567451,103.92694904000585,118.6623716294377
2038.0,65.42174820752702,91.34450256149022,103.94635598659818,118.37125342529104
2039.0,64.52071927004451,91.25917226109796,104.22784552973667,118.36377182273009
2040.0,63.69144813938889,90.74742625024159,104.60063404131652,118.64470255722097
2041.0,62.65241913613446,90.31075182251061,105.02816935338953,119.00091464485672
2042.0,62.189076825672245,89.29624572796529,106.27033375196775,119.09241491674747
2043.0,62.12262690127297,87.7294409367814,107.60345662240019,119.68961516709827
2044.0,62.21880038173503,85.79945571025723,108.62841628021035,120.22066864044253
2045.0,62.58940849324597,83.74710354008617,109.15741045850788,120.90400216319763
2046.0,63.09231366722216,82.02712968263363,109.59581312284158,121.36797466352184
2047.0,63.64896328157993,80.767112267486,110.34485731963379,121.77320234594126
2048.0,64.16864345462687,79.66514813324778,110.4990289700681,121.98312431070626
2049.0,65.42983772836702,78.73966840017259,110.80023659136108,121.88150916247274
2050.0,66.90866643709023,78.0821561427399,110.87545514507893,121.69270050299137
2051.0,67.75226776830579,77.43666267806996,110.64899324631843,121.51395617585133
2052.0,67.98428642404409,77.400915134454,110.18694350439927,121.12873995125534
2053.0,68.35695259444779,77.72189925219405,109.45347409497406,120.6602314853525
2054.0,68.26211521520813,78.70363172404156,109.19867951102358,120.14702680195612
2055.0,68.22612247918637,79.96019925265007,108.9307140391375,119.87447385581841
2056.0,68.12421467396965,81.11861323075914,108.42340772079027,119.7954041028066
2057.0,68.14778515371441,82.05200575699455,108.06518343303965,119.92986756231286
2058.0,67.64952490709675,83.95472422209984,107.62051493507145,120.02952880292645
2059.0,66.72062562385793,85.6039140005513,106.79824610138732,120.03800877724169
2060.0,65.99045136919395,87.4757648892724,105.61512343783613,120.12611122344013
2061.0,65.92701281739377,89.4377917154201,104.25698631171403,120.18495627691534
2062.0,66.0345720189045,91.37344534853831,104.06135797915623,120.31400430704757
2063.0,66.5459409798884,92.36405381240529,104.02246003852605,120.38908755479999
2064.0,66.95272759907715,93.14577813438311,104.3737706708931,120.26977010814683
2065.0,67.58921703231512,94.33146759543637,105.1370053580081,120.06989931183159
2066.0,67.51610348632515,95.75537631124482,105.74510873089388,119.8418009154656
2067.0,67.42945163682373,96.28841202814412,106.17532197533967,119.66786207171438
2068.0,68.00915073912377,97.10342691331722,107.03282238285709,119.65549109958751
2069.0,68.66223041388959,97.3780817960438,108.00195420621515,119.7064615991481
2070.0,69.21206943126084,97.62145680014737,109.60758766855604,119.81010121608246
2071.0,70.25041646823598,96.7208193460728,110.48823194254427,119.91679014721313
2072.0,70.97981260782488,96.87654811835145,110.98447583414882,120.09497221048798
2073.0,71.35675968243395,97.07134931077127,110.94168468791815,120.47616456588996
2074.0,72.0763167743346,96.51617378927499,110.62367630988602,120.61938461662656
2075.0,72.89955487513137,95.29903713765016,110.44242631725852,120.66275324588396
2076.0,73.72236383515273,94.34932353646299,110.41855073715921,120.76364397014171
2077.0,73.90128609057207,92.71724042034764,110.18993526823961,120.74775933327362
2078.0,74.07113988390915,90.88177253910486,110.32827651119973,120.65481803649372
2079.0,74.39387873713238,88.71809403426892,109.96115448492678,120.58658725279588
2080.0,74.01869549299253,88.36974908211427,109.74732661795768,120.47563934681844
2081.0,73.70419974550599,86.78809051568791,109.77703528043475,120.31413545737146
2082.0,74.00711920710954,85.20232795397973,109.78659961967001,119.98831712732166
2083.0,73.85578792225347,84.48110167390932,109.49580555743356,120.02648154806062
2084.0,74.0352659454639,84.43456402855084,109.90801345748855,120.29607918910128
2085.0,74.57865953156565,84.57584221478051,110.53965134057042,120.59647013051224
2086.0,74.97207722081863,85.10318897336838,111.6268573333705,121.04472901833465
2087.0,75.80331292029972,86.64176694293039,112.23356924249006,121.5782072328681
2088.0,76.12260747406441,88.21656028382036,112.83214535464464,121.95990491961068
2089.0,75.98810579463976,88.79204375078672,113.10532547697281,122.30748321348544
2090.0,75.29738806967221,89.37682940229976,113.28246428286734,122.612477595583
2091.0,74.04021449858338,90.17359026099513,113.32296459782768,123.10353142422802
2092.0,72.4936376180164,90.54191538525569,113.75405652900182,123.465156731756
2093.0,70.99157949589437,91.14648037810804,113.72996954839265,123.48460419933703
2094.0,69.70522349187269,91.64473721775803,113.27720054995706,123.48383526363867
2095.0,68.68991419833536,91.93225831443688,112.48755088804765,123.24332593961978
2096.0,67.1648650775198,91.24367731527873,112.04371597725674,122.9323432267081
2097.0,65.80205187267438,90.52019441432157,111.16070350467766,122.7021816894453
2098.0,65.09573615869989,90.4527587901743,110.44278333090337,122.55279644324172
2099.0,65.32826388350155,90.86428103852407,109.75885357648727,122.4402674625023
2100.0,65.75410771135793,91.11874720375509,109.45929354740515,122.15419454195438
2101.0,66.57500002504192,90.97012004875269,108.98632865633438,121.93903404948661
2102.0,67.24568203039972,90.71490988532902,108.48902882363602,121.8017890647177
2103.0,67.48669459030222,90.32089899298222,107.91883354057977,121.46971184981425
2104.0,67.38054780173817,90.45676656483212,107.76356856139975,121.32643915303662
2105.0,67.38632043571,90.95324081205236,107.55658972643448,121.24283980040968
2106.0,67.6332239247698,91.74958441724793,107.83914278611246,121.26870263399115
2107.0,67.70728268183052,91.74872905503375,108.60930710514413,121.2768645723449
2108.0,67.28173698000995,92.17168453351975,109.27963128752133,121.29748947620291
2109.0,66.86217596223511,92.7390621936584,109.69849406085781,121.37886591147635
2110.0,66.87462854147263,93.68027002239867,109.90440606818655,121.38813435523582
2111.0,67.17408081552595,94.1691967519529,110.17405603394269,121.42287258961348
2112.0,67.42167774983085,94.7598400797521,110.5787175087523,121.62408277608884
2113.0,68.34442645880199,95.28072788063005,110.67663871127301,121.62907094983986
2114.0,69.28489411745318,95.591605882375,110.84118560806718,121.5332263277087
2115.0,69.79076722645728,95.31432779609713,111.01554152886905,121.14753282819632
2116.0,70.3867517244052,95.50682033083231,110.50599695644118,120.66403655359036
2117.0,71.02127568477191,95.00385651166792,109.76261710227087,120.20976018183447
2118.0,71.54897549773241,94.54965613372231,109.51014819194783,119.87648032354002
2119.0,71.46259569258608,94.31028110686442,109.44356119009336,119.64735981512071
2120.0,70.89368520536708,93.75796412226453,109.78877562665936,119.53737753331997
2121.0,70.58798167317931,93.06239779184816,109.99322691595158,119.41958195926236
2122.0,69.96230652132486,91.98629249390011,110.0309081689783,119.4163464933068
2123.0,69.439624998217,91.13851352477211,109.94800079556089,119.6013092755126
2124.0,69.41632865689634,90.62712077225311,109.90055407073349,120.02057493548517
2125.0,69.3567349566148,89.62584984877194,110.38755315742618,120.47794194219053
2126.0,69.5900054117512,88.84724765263815,110.50631632580095,120.82981440824203
2127.0,69.81537971982324,87.63526429433212,110.23334893343274,121.0556819452908
2128.0,70.27311371225849,86.18767504907555,110.04971801098571,121.13911592895113
2129.0,70.16959629880819,85.335827119303,109.44236701738811,121.17809685295528
2130.0,69.82054972148201,84.69039176748586,108.84121574331085,121.35757183398627
2131.0,69.23334666627701,84.0146960097374,108.7017499413514,121.51933147690235
2132.0,68.31890313738154,83.55189000116945,108.23474991411977,121.47290257908524
2133.0,67.4672556992362,82.77732404995865,107.77805951361472,121.49409731035944
2134.0,66.61605286821572,82.53856223880318,107.37027838185845,121.59818048364794
2135.0,65.05745448021578,82.33359499862306,107.8822948358885,121.59946969235216
2136.0,63.751131639219,82.55219539984263,108.6677699991152,121.56295767132268
2137.0,62.44765646385684,82.98440431688022,109.32532075988127,121.55509185347363
2138.0,62.339452622620016,83.3180596845325,110.11746505956084,121.57939738889789
2139.0,62.07838704804615,83.41712585969249,111.00055774734648,121.50029636260793
2140.0,62.22097382603947,83.63866278613105,111.62493985681722,121.41157324771048
2141.0,62.59338390934782,83.8221541170559,112.33376572293889,121.35812560821948
2142.0,63.27399947839046,84.15740094989565,113.18242269108451,121.21203355945197
2143.0,64.10474011584137,84.24005344198395,113.59598534598257,120.94014454901756
2144.0,64.82437442254162,84.9244084055223,113.69861039014725,120.75615511893817
2145.0,65.40078401540482,85.21803402443712,113.75995865435335,120.49431742311609
2146.0,65.89321460853033,85.33431525347086,114.01807106920336,120.26128720818983
2147.0,65.58711326783796,85.52526155698074,113.98501287633931,120.1674462959787
2148.0,65.41290127791392,86.03975717130551,113.94909524442845,120.15126750716942
2149.0,65.07137158065112,86.21630716227466,114.06179145105477,120.14024633243822
2150.0,64.84956294765693,85.9432315260834,114.56936806301184,120.25975838378542
2151.0,63.91414391523427,85.9297097499369,115.1408285312207,120.31069160057072
2152.0,62.973667861496224,85.8709126455387,115.89863610562122,120.39575508084434
2153.0,62.539053876028454,85.23329671640687,116.71009258054761,120.55340379729991
2154.0,62.48459552544759,84.96098932220083,116.86007831353761,120.68937025148603
2155.0,62.59114597178779,84.79097826612981,117.10242466521548,120.85153252075516
2156.0,63.386689007665694,84.84576084348656,117.3125482567386,120.78237178294012
2157.0,63.89197971168966,84.83971065261369,117.48481082697654,120.59039574310904
2158.0,64.40467859809269,84.8276180002995,117.17816202504353,120.3860357626658
2159.0,64.91017305366252,85.10709704231623,117.1089959694483,120.18339679997345
2160.0,65.81586096593536,85.68051169297414,116.75698076469264,120.05198733072928
2161.0,66.63161360517363,86.2462033044037,116.53996895339766,119.89373990121928
2162.0,67.82124576531395,87.09977320538158,116.03529581507661,119.80444892857314
2163.0,68.41165301248819,87.52418309750209,115.8992464206944,119.80086937503981
2164.0,68.97945182517304,87.91586719503972,115.10924601920038,119.7526389657105
2165.0,69.10047932401798,88.45115231747539,114.25585137621233,119.89660664462549
2166.0,69.51378675093298,88.92847731377948,113.44976783545592,119.99011775634952
2167.0,69.60592131599024,90.24656241311126,112.96249782898687,120.10775526517818
2168.0,69.28468993673036,91.60242424469973,112.18024881596884,120.03272418852906
2169.0,69.05017253581988,91.95970411607071,111.06419692073256,119.88783144428223
2170.0,68.35412000594187,92.57965551180425,109.72956267348651,119.85093668330502
2171.0,67.8007290404305,93.30994802051784,108.88817667560257,119.68552986024325
2172.0,67.6039220232015,94.70665581622235,108.11207416063688,119.49071189066474
2173.0,66.60294522376657,95.90414689387877,107.51145446772804,119.13160625649108
2174.0,66.0660166513676,96.8441012683691,107.47346424322892,118.41194267231786
2175.0,65.94685653506956,97.68186873740397,107.80357635908511,117.90644816350826
2176.0,65.68510690012778,97.92632968543504,107.87297948354804,117.27228083641094
2177.0,65.55320050909741,97.58698629230294,107.81851033193766,116.84768388251214
2178.0,65.75132266048884,98.10098467586114,108.136947605736,116.72189011238319
2179.0,65.93688470615174,98.48290078337952,108.7417407025217,116.52461527888977
2180.0,65.48021516393253,98.47499567315467,109.16093773550307,116.37343657255673
2181.0,64.86611675003351,98.2411684835906,109.6478521725662,116.2743385971667
2182.0,64.81951125715301,98.0856145175202,110.31580492382112,116.33820598434748
2183.0,64.81851967065678,97.76667641168633,110.20462786962358,116.6205861187233
2184.0,64.44812023264677,97.45799229657908,109.76450260775505,116.69369327067017
2185.0,64.45046997713108,97.39771327546732,109.60859192647231,117.02744980999708
2186.0,64.33007302182837,98.01634188872352,109.31675001245158,117.31479976923637
2187.0,63.59303569254965,98.08831032356005,109.54241136102652,117.37558134461307
2188.0,63.06643818602866,98.00022311346775,109.44330194158404,117.40360407609946
2189.0,62.93368679704807,97.52990397159783,109.58488373811697,117.50070001943264
2190.0,63.25116690786235,96.92499176477047,109.33921207641785,117.54415682225373
2191.0,63.58188882343632,95.9432987021497,109.1777092305512,117.58879115627258
2192.0,63.49221228398598,94.79131896070304,109.58126930849158,117.57504903896773
2193.0,63.102327627367615,94.42146594008963,109.94936482256593,117.64621691711703
2194.0,62.639920665635444,93.46596499597388,109.84822577972375,117.72986594325481
2195.0,62.344626045557945,92.96828589574564,109.84595521968494,117.77923366727212
2196.0,62.296140105290206,92.68255772474636,109.72486890495236,117.90837504624935
2197.0,62.763471322456034,92.6163436422222,109.20286518958072,117.91132601374709
2198.0,63.17995229541137,92.70314106039639,108.73858076711862,117.84075422631585
2199.0,63.233487306131174,92.80718574525635,108.63816958895185,117.88909638626804
2200.0,63.02007797670574,92.64949788840508,108.43710268950822,117.934201515034
2201.0,62.74654677169378,92.97438791635633,108.14372116568302,118.07531851737173
2202.0,62.926506626623706,92.33624948580868,108.26672624145266,118.37655463452381
2203.0,63.27598650530937,91.72704866333827,108.5799050487115,118.4895062510298
2204.0,63.276690719341836,90.6814978987206,108.68760094262173,118.59078561004463
2205.0,63.74655636436933,90.01694722953303,108.25436687026031,118.4483251378457
2206.0,63.71008153682118,89.39978585455582,108.35344244784731,118.55431376972491
2207.0,63.62848815923335,88.99538716944502,108.0389613356288,118.70455886046688
2208.0,63.42838245469134,88.18447988593184,108.1677459195279,118.8472855784388
2209.0,63.55661737796173,87.92502176299428,108.56158305888164,118.91782163050192
2210.0,64.06056559245559,87.08096758834893,109.28933202155204,118.84752532686372
2211.0,64.46385482113868,86.33832164537804,109.71444243596,118.73514168369074
2212.0,64.72963338349759,86.01304527794804,110.23042084284113,118.71952894068737
2213.0,65.39734985501448,85.79113188735236,111.1831433551829,118.73976770521372
2214.0,65.16614080177587,85.2284826709472,111.90651404192901,118.86774841929547
2215.0,65.13508098593418,84.93076029545242,112.4382258146108,119.01016589414104
2216.0,64.84652098643924,84.83816831969853,112.68473034075623,119.02749454125698
2217.0,64.53935866317406,84.98985845524724,112.39826149867055,119.01146047022783
2218.0,64.4002316771961,85.69130652586774,111.87076031441947,118.91202048381237
2219.0,64.11214182639628,86.73832340618773,111.28260795879024,118.97319506646353
2220.0,63.83177166422298,87.69436948461421,110.79034796170056,119.02558338686963
2221.0,63.672990474067134,88.64418082514281,110.15306598628746,119.15247037899645
2222.0,63.12530298170523,89.26013712304815,109.3966278498768,119.31064121618981
2223.0,62.8366168186031,89.8054289991146,108.86539622156708,119.50705313751085
2224.0,62.845239749227495,89.50873245133724,108.93749058219305,119.62282401285798
2225.0,62.9018805292097,89.40676735580068,109.22371058406907,119.7903022855621
2226.0,63.340911894841085,88.99719871182673,109.80838451100101,119.86342803538173
2227.0,63.358955477282976,88.24379146353294,110.349035752002,120.07933276300678
2228.0,63.44980083793268,87.23464417766307,110.42976154190012,120.17219982950515
2229.0,63.816374168676035,86.51868038786213,110.401016519725,120.2190742516492
2230.0,64.04195493004352,85.97588662547608,110.58399045076014,120.14255146711906
2231.0,64.8627232827779,85.46836087037859,110.73183184005183,119.93917228922682
2232.0,65.64279174205546,85.16302915998929,111.29096483405186,119.67337145965935
2233.0,66.00366311554974,85.50805063194792,111.17344383285939,119.27408039694842
2234.0,66.6423074683461,85.25298692040751,111.19330491839175,118.96390999432302
2235.0,66.90169109913401,85.28534221396326,111.06379042336641,118.78255798356564
2236.0,66.92157434881551,85.49743144188515,111.03772689036215,118.67337116792251
2237.0,67.18120094118049,85.72306695753065,111.23949929932618,118.43372415171392
2238.0,67.49047424599257,85.84585851138024,111.55249375804017,118.27492596767325
2239.0,68.14996449984002,85.8131608594066,111.95398968148375,118.11433182921407
2240.0,68.73121176414291,85.84362628239265,112.41472646537804,118.11967951058061
2241.0,69.35070962582247,85.59825906894676,113.10888992593752,118.22310439585782
2242.0,70.1828272916684,85.25589048982653,113.83236873935465,118.38393028545173
2243.0,70.40497548849625,84.83238319458582,114.46617680532664,118.48348234330544
2244.0,70.80244292735037,84.52206651437957,114.96652221042633,118.63475640236825
2245.0,71.78330031988337,84.23459460162508,115.09222217909907,118.7237397995376
2246.0,72.5521329614287,83.70451203457138,115.25376468876873,118.85799480495494
2247.0,72.42137889278708,83.9062780161158,115.45850973528627,118.72995983809578
2248.0,72.13671816580604,84.10575924925226,115.38922728609681,118.67106355857659
2249.0,71.65359711104703,84.03425190164252,115.42888208553768,118.53525942317148
2250.0,71.28451352290051,84.6785996540496,115.11957040024558,118.40192265959217
2251.0,71.03567911356484,85.32596069108119,114.90001305335761,118.48236367004968
2252.0,71.33917917731287,85.90439179011456,114.42886069072445,118.44182410999392
2253.0,71.66518369947944,87.01279067417757,114.64410694450935,118.35677480858118
2254.0,71.95333112245567,87.86844688237781,115.33027895347591,118.27384584529165
2255.0,72.49528721883198,88.84663928488737,115.93623963576135,118.58062367570064
2256.0,73.11037846507907,88.97665280142579,116.26818920826226,119.08562734234573
2257.0,73.2614908158605,89.0629680555774,116.64893283670551,119.37586985668565
2258.0,73.74289704084555,89.5596041443786,117.14898821912111,119.62196437077574
2259.0,73.8361589266435,89.09284313802725,117.31579412975321,119.79315418349616
2260.0,73.7740982704489,88.84748011836543,117.59353887889975,119.7180128934567
2261.0,73.43895932961716,88.85556167920184,117.74351510238002,119.8096502520394
2262.0,73.16081193076214,88.22721162014209,117.33658310923155,119.87221573245169
2263.0,72.21344654927698,87.36272461776113,117.30537716643687,120.00366818465982
2264.0,71.25130156478279,86.65162843340205,117.33353332277196,119.9630176818182
2265.0,70.38440147882437,86.34991166215643,117.47862434608555,120.01493708426764
2266.0,70.06749921378953,86.16989264754949,117.98856951034533,120.2194776185575
2267.0,69.1380196697964,85.47710514515563,118.16787065252804,120.32932335175701
2268.0,68.6778962561546,85.0350964340284,118.4108408862845,120.47071914694008
2269.0,68.06528224025088,83.96374389198064,118.46128186821116,120.68792513879686
2270.0,67.49514101525047,83.30200621871728,118.71546141373587,120.85362311842671
2271.0,66.99518688883592,82.3902429271852,118.91389770447148,121.05519256932742
2272.0,66.97299341532039,82.19120921761024,118.27432835183211,121.3108280603552
2273.0,67.03302691111776,82.29605206800315,117.79751670575119,121.41791490824862
2274.0,67.29142879264941,81.88856997790487,116.9758893468929,121.40457990441308
2275.0,67.18850886259276,81.38718042384322,115.84101643970439,121.35587327019535
2276.0,66.9064207954343,81.01502227783166,115.105975707703,121.460053534866
2277.0,66.29785864533105,80.97956861236554,114.74043122769551,121.73212590389272
2278.0,65.58417503386991,81.67209968229237,114.34391389069853,121.99804409015272
2279.0,65.07987550006162,81.6568337231729,114.26138979862701,122.24667363848371
2280.0,64.6115006935143,81.61445238942329,113.9931709835073,122.37878722406666
2281.0,64.00238238607633,81.7328942430065,114.08362803495235,122.32014643624666
2282.0,62.99764801291323,81.75867649842452,114.08007780685276,122.22549002397707
2283.0,62.42647015513551,81.84300622419472,114.53376031988573,122.1865614998685
2284.0,62.24349536347528,82.0336204299374,115.05868901167013,122.27905295653812
2285.0,62.56470912521704,82.96429023337654,114.98701190734009,122.38566036790469
2286.0,63.246455910527104,83.94202775455612,114.70965557924953,122.48899833459166
2287.0,64.10369088575578,84.23475542348473,114.8644965132205,122.6474242745116
2288.0,64.55586313299052,84.7137965797023,114.5523417703076,122.9208454045158
2289.0,65.10893158344352,85.35166146562017,114.44721763931378,123.08106225713061
2290.0,65.96013135622657,85.36084068111411,114.31498640150946,123.21465097064169
2291.0,66.42189712752972,85.59789855483167,114.12889938444442,123.47770313484133
2292.0,66.12842420661687,86.07453998813028,113.6841939498563,123.67004059031133
2293.0,65.46664552495382,86.38706642526773,113.11784869866614,123.61036899866059
2294.0,64.68848005875381,85.84955259838218,112.77590048576073,123.50262709536695
2295.0,63.5013226687387,85.30318422588697,112.55682352163115,123.24232085018849
2296.0,62.3077461689599,84.5819175070867,112.05820711501023,123.04113323672334
2297.0,61.04221114030119,84.29388280902077,111.85440447556982,122.8598188390417
2298.0,59.656983232747685,84.25601896877252,111.43930821465254,122.6831639740029
2299.0,58.589910148462906,84.38681081572409,110.74226528516645,122.65957963180918
2300.0,57.84165766890821,84.30329810618092,110.22400494308955,122.47020184100114
2301.0,57.86554178780994,83.70744900464013,110.00969519317263,122.43045939525423
2302.0,57.693194922064876,83.96619271893087,109.79042797887192,122.44565815478175
2303.0,57.407080425768136,84.7464048835794,109.7906343771081,122.48425757825791
2304.0,57.649358691540264,85.07848909771992,109.69450072819001,122.63902836466383
2305.0,58.01959193327235,85.7667567029584,109.58996419219085,122.73016763832062
2306.0,58.72857505847892,86.46315283120846,109.99064439511142,122.5678720037281
2307.0,58.841458046218364,86.94841441445715,110.35151697547413,122.49691653546199
2308.0,58.42555185152811,87.23462017265474,111.06156090006475,122.34467242326733
2309.0,58.25017418409967,87.33957782496222,111.52669508107589,122.32797515462477
2310.0,57.667920660025196,87.74405431214858,111.64060593139054,122.02096196824616
2311.0,57.16792323073126,87.46930600794538,111.81034917932826,121.74890693182539
2312.0,57.35720439299174,86.93894787396005,111.68497364641755,121.57505217383235
2313.0,57.342227027406715,86.10137883419848,111.77675773088849,121.20000398265267
2314.0,56.6615776317229,85.38349971454562,111.9535030877463,120.82262151005672
2315.0,56.61747898185021,84.57250511098412,111.90004906485333,120.6850622236143
2316.0,56.876508788697286,83.9019548578607,112.46581471644656,120.66139836779396
2317.0,56.99837134488267,83.38232999181163,112.84275152994952,120.5119573438724
2318.0,56.92316501441706,83.13934180689284,113.11897562656304,120.04408727380319
2319.0,56.6203709119862,83.29907846610391,113.31892796072714,119.66534699228811
2320.0,56.65332887149721,83.06103166403173,113.30169560690716,119.47009651591682
2321.0,56.61403208066586,82.96140639419244,113.34634188890934,119.19515954472305
2322.0,56.357397015448996,83.50805455095005,112.95457254086054,118.98025085461421
2323.0,57.2044406977988,84.17962906990567,112.43374985897081,118.80804037463345
2324.0,57.69864770997597,84.69618583847073,111.74290441438097,118.58331451469067
2325.0,58.382352275460896,85.08889141886011,111.10531431418477,118.31026786416265
2326.0,58.968909860448086,85.5449432247127,110.70758667244645,118.10128156593171
2327.0,59.46312798987504,85.33701478323545,110.11388665003858,118.23283107212448
2328.0,60.39922054002971,84.86016189159648,109.90428763293376,118.44186287746416
2329.0,61.485304451480914,84.54939281899615,109.69584490948196,118.50474468687202
2330.0,62.78819222122021,84.50903397682656,109.26814154189745,118.67747757374065
2331.0,64.09102935278348,84.79980832318614,108.89641860051276,118.86609470264273
2332.0,64.7298247290154,84.6743197443898,108.6426120862483,119.06482268434502
2333.0,64.85787362106102,84.3941346441503,108.53263108367835,119.2416565763259
2334.0,64.9211403389004,84.31468354035415,108.11877568523457,119.46974878050726
2335.0,65.21359678516741,84.06761177284781,107.71296807843832,119.84972585811381
2336.0,65.89418851102741,83.91068763682225,107.9860259017668,120.13232091553037
2337.0,66.40218502596713,83.72863399889847,108.10857798854167,120.33371424547286
2338.0,66.6052233825164,84.25583458295101,108.5826194236268,120.67372076703417
2339.0,66.84060509924835,84.56292291119024,109.19495673927854,120.95578148192345
2340.0,67.38987540048511,84.38944386160895,110.03746915322134,121.23669228408595
2341.0,67.52354989454041,84.29319931799657,110.77183697496937,121.47532517688437
2342.0,67.75960948803787,84.31261687705737,111.43899025246645,121.57510851119683
2343.0,67.54528673437477,84.15986133607494,111.46615952096923,121.57003533929208
2344.0,67.49857382202724,83.89503184271705,111.77157738001664,121.43065954028951
2345.0,67.35666474327704,84.19690805072011,111.65621973206419,121.34459594815768
2346.0,67.32810795921286,84.46279777050495,111.52582466709379,121.43289352411213
2347.0,67.51991085525141,83.84550425760833,110.99397241737023,121.51024283913198
2348.0,66.93633647504006,82.885245655521,110.75267906967653,121.45162130661586
2349.0,66.41585087326519,81.37866414957202,110.67574294265337,121.4677196298484
2350.0,67.03148355840133,80.25740919711215,110.73668724952498,121.24817258563705
2351.0,67.88277296132621,79.11489752897512,110.90231245253106,121.07804406609492
2352.0,69.00984731189592,78.21879465020973,111.34833352566704,120.99060351828273
2353.0,70.30133915516626,77.46377513572997,111.20506367231833,120.9329082860541
2354.0,71.56703420146673,76.82021379752186,111.01501820666486,120.84716005157199
2355.0,72.73865041062888,76.39901027541606,110.81266182935701,120.6233537441185
2356.0,73.68260884284174,76.35575172124895,110.7072198254864,120.31051842804284
2357.0,74.74826530940325,76.3266783612659,110.45974756756121,120.01442250968401
2358.0,75.58551452467592,77.0561229914401,109.76107933896584,119.64891995599346
2359.0,75.423811456708,77.64683088455503,109.3665576590996,119.58944518350978
2360.0,75.19427205364198,78.78055867244252,108.61284042506564,119.58742456496638
2361.0,74.72672680634952,80.31849022184126,108.47222818666778,119.56140893503792
2362.0,74.00540122075432,81.85703761477059,108.39291440953204,119.59011132668249
2363.0,72.91918830071315,82.93253052341701,108.6291726205222,119.76208333327178
2364.0,71.74129533749006,83.51908321760259,108.70458975491648,119.90688150566363
2365.0,70.80752539832892,84.04368820700631,109.1476670763958,120.07769422275831
2366.0,69.94348084202852,84.96994965435032,109.4794239303839,120.32695438828605
2367.0,69.16658047441305,85.91846591550045,109.85985302010108,120.70300308546697
2368.0,68.92555728883484,86.50134043269789,109.81595142806756,121.07731824362088
2369.0,68.69673258719709,86.78164879742604,110.12202526406357,121.4070429476087
2370.0,68.38767928803512,86.60545973339136,110.14467223424646,121.81804800375215
2371.0,67.89754069114062,85.86254714193309,109.71391428622624,122.09424611811997
2372.0,68.07911799220625,85.59646478812769,109.17766736179205,122.13919298994301
2373.0,68.38577235451928,85.55039872281799,108.96407694172923,122.15085232566892
2374.0,68.45343028998766,85.62153825167532,108.45680305340417,122.13443808238814
2375.0,68.7648400101471,85.60339354535418,107.93011615423363,122.0821077691287
2376.0,68.8309111429298,85.38166272645135,107.73936304587156,121.88893683542845
2377.0,68.64762934798627,85.89645231752118,107.48920763422737,121.69428163069006
2378.0,68.46829406239371,85.99475027685146,106.95761643415358,121.51706960930667
2379.0,68.92680073961117,86.51646844686948,106.06633203577948,121.24208499569707
2380.0,69.5700848923154,87.13007520116304,105.83805613269502,120.97010689200657
2381.0,69.80323729767458,87.65957907954655,105.75380543013507,120.8528198199277
2382.0,69.71503593885927,88.36443011592453,105.79813914655722,120.89127929305552
2383.0,69.92646532578746,88.77445670143031,105.9583837887456,120.9660058659224
2384.0,70.1639226710118,89.26035802487789,105.91365420946897,121.04841629032225
2385.0,70.48716114417017,89.68204128149381,105.8315194023651,121.17212583812133
2386.0,70.83113222200856,89.36092464257368,105.56636472882103,121.203796088777
2387.0,70.78526588811947,89.45123665270954,105.44051207839304,121.35220367957335
2388.0,70.25653579288155,89.17738293724386,106.09954619980266,121.48129580717695
2389.0,69.36455403318348,89.46288833207149,106.44059138614669,121.68481543363805
2390.0,68.23771111954888,89.6362602079171,106.80334876062844,121.8626403693162
2391.0,67.39995630490496,89.5929447904426,107.03562601453879,122.03464010934013
2392.0,66.19209522593846,89.65235275866046,107.27356694418519,122.25686191495652
2393.0,64.4544569610932,90.04598473377162,108.02469134683562,122.59539276176137
2394.0,62.817433880551825,90.46482167938328,108.86362384834807,122.87737907857147
2395.0,61.778044807353545,91.43874926361752,109.74779914003132,123.223673435842
2396.0,60.92738208641116,91.7908996784871,110.43673270768828,123.3938628539561
2397.0,60.51911229755983,92.22061309869426,111.0885666170244,123.46145178938235
2398.0,60.42417108536178,92.60800696653916,111.76010279965324,123.62455170314253
2399.0,60.426014452190465,93.13707494470734,112.14303334338733,123.71412111906623
2400.0,60.43399115897394,93.9894385557227,112.35312759502801,123.71212741943003
2401.0,60.89835494597277,94.39705948820031,112.5973154563236,123.72296373917109
2402.0,61.868173018661984,94.1863446900236,112.87186830020545,123.51634712078173
2403.0,63.05206843972503,94.04078928538777,112.77985063635572,123.38205589675545
2404.0,64.03317504997173,93.48751437004516,113.00226046463106,123.12953728784065
2405.0,65.06012893860787,93.44062066311494,113.32336504329683,122.84001230030745
2406.0,65.71471374621458,93.25028690682151,113.23198255143195,122.68035668702298
2407.0,66.63659977884612,93.19953394108681,113.49008683723883,122.35279248695971
2408.0,67.77188253733213,92.8936549305832,113.8760601555782,122.15550512475542
2409.0,69.11388448936987,92.6815345770603,114.46295690839216,121.98902015061292
2410.0,70.17642116530148,92.51063479986952,114.8112385568527,121.72482952263923
2411.0,70.9215621160019,92.55521755774004,114.9140388696039,121.38424566097301
2412.0,71.49643467567807,92.33389992841855,115.10657946063311,121.01674046600023
2413.0,71.55291039576848,92.53239552292064,115.31245695966193,120.58960469074769
2414.0,71.85038098220564,92.51592181179431,115.54951806627162,120.23913533289347
2415.0,71.9878503047567,92.02487344051822,115.58550091131876,119.85378712326178
2416.0,72.0770285499416,91.15704568291403,115.60876529804572,119.39080628403721
2417.0,71.69463123764058,90.55598798583318,115.78632803838612,118.89622731593849
2418.0,71.04568560722791,89.44928967981596,115.55266662962786,118.583815182865
2419.0,70.5536128098619,88.89320485019873,115.22993321033707,118.1819205394877
2420.0,69.90461907513635,88.53048877184042,114.67872088615297,117.98519720623656
2421.0,69.07011906631745,88.17326878770245,114.14650418101266,117.75571913354516
2422.0,68.1163568335993,87.56146753095643,113.10327168306294,117.68226140868845
2423.0,67.06139793289225,86.89992790774387,112.08534460483335,117.60166382928261
2424.0,66.2637403846967,86.64397805002272,111.23710985999507,117.52264379229298
2425.0,65.82976575318204,86.58842948862275,110.15670353393588,117.80014904337493
2426.0,65.31032422568028,86.25896230397487,108.70359764431146,117.97254564077585
2427.0,64.70727530944119,86.16023525725613,107.5504911617758,117.85221345206399
2428.0,63.64195055463992,85.79671431102405,106.40930143203342,117.86130584563384
2429.0,62.96861258392575,84.99850699780157,105.68647872053955,117.90265800414394
2430.0,62.63812670828337,84.5577323693243,104.88049269645542,117.89670569485968
2431.0,63.025873746885686,83.55659697043036,104.69137440791934,117.87499132098543
2432.0,63.56505480205939,82.63144081638764,104.70257889003993,117.87213855083601
2433.0,64.56879197843156,81.45909729489998,104.83408736879635,118.0291900760968
2434.0,65.09228851112864,80.44347416064515,105.08590161956803,117.94990314704319
2435.0,66.29177030493965,79.29715423856771,105.52135239250134,117.97102887749237
2436.0,67.37388510935476,78.25126795087769,105.77701928457078,118.18459951943642
2437.0,68.7998549499684,77.28909478428588,106.65924676340737,118.4143511664151
2438.0,69.94620159894484,76.80108236283587,107.1617577202772,118.47125477386544
2439.0,70.80965666017877,76.26161186009135,107.90022435682351,118.69357261958828
2440.0,71.63825866026987,76.18388591545533,108.36417973869933,118.91018253536645
2441.0,72.32063364228901,76.3107044458003,108.63932686812593,119.2727970705356
2442.0,72.40282963632487,76.96257653719861,108.86197292011965,119.46847370320755
2443.0,72.08205448400102,77.59296315966228,109.50074080466823,119.67800544837024
2444.0,71.48088410844264,78.51919963258929,109.79605121981994,119.87494796318971
2445.0,70.97548944107137,79.54211459064416,109.81269950961135,120.08172375803878
2446.0,70.49973337437717,80.34134313042567,109.66012709309014,120.1776864832232
2447.0,70.0493441894777,80.82500742157667,109.22741066977818,120.39802051525825
2448.0,69.67235565668827,81.10232763805197,108.54360311853159,120.50162801416671
2449.0,68.63202687187302,81.33682767835248,108.34594100257476,120.57710026668663
2450.0,67.13903791584616,81.38111652127392,107.91411167074114,120.50839482586674
2451.0,66.01992371267067,81.34544029374634,107.67589836754489,120.5205391450984
2452.0,65.36433561365635,81.08508952573479,106.85250151608386,120.65283192829119
2453.0,64.43945699167736,80.83134556441094,106.9401567747787,120.61971030447003
2454.0,63.71575888820718,80.35268901145177,107.50607617312299,120.47747272307055
2455.0,62.831148953479385,80.37109448509734,108.23141225724581,120.48018343587991
2456.0,62.06709225336808,80.49727385947206,109.34183072393132,120.56206090834222
2457.0,61.04490022172701,80.7760172393472,110.49484762243462,120.62076126260123
2458.0,60.20621799904283,81.48793780652072,111.02894248805377,120.69906404087493
2459.0,59.94851459481959,82.92401393497403,112.0535516971746,120.67535590458263
2460.0,59.877632897955586,84.12114441240655,112.64625967792412,120.73876756072724
2461.0,59.614337301999306,85.15237106502234,113.15756253480808,120.65031748741745
2462.0,59.756447552433016,86.3009979886739,112.42793182776197,120.83677373347486
2463.0,59.519246944578676,87.40172266500736,111.66696821175759,121.00107287492521
2464.0,59.38363636705094,87.8318470699307,110.64067725039297,121.04529080916916
2465.0,59.32966753442063,88.03938721237527,109.67877139292499,121.037000070881
2466.0,59.67920583925524,88.25669619746742,108.4385763681928,120.9854595171149
2467.0,60.409639973361465,88.1473851948922,107.39616406570443,121.00814155212908
2468.0,61.47512289078352,87.18147625267297,106.23133930319612,121.15118296202331
2469.0,62.5686738883747,86.24988749498357,105.26479847257292,121.15548358195466
2470.0,63.0659740719255,85.61580444949787,104.63415685451268,121.12767507690018
2471.0,63.42376600520219,84.7171134102964,104.47245175200231,120.90366674130043
2472.0,64.45903915522594,84.01225967761198,104.8506031095765,120.6730077646364
2473.0,65.5241607578401,83.66033547723828,105.41583217616738,120.4712911060013
2474.0,66.99278034759647,83.41956924529856,105.70787421930467,120.20831395936052
2475.0,68.17155225818824,83.14795575269476,106.31680556696853,120.16743750547276
2476.0,68.82874038309116,83.08530656719368,107.48059533165718,120.07711055355196
2477.0,68.53776644699154,83.47844857521298,107.57628238518001,120.10783052458233
2478.0,67.89770158063286,83.70341809990032,107.57395619762323,120.14598291767405
2479.0,67.78181155523747,83.81054759201668,107.51565818042629,120.16902005760646
2480.0,67.57736733670828,83.75956487017865,107.54571605221808,120.14514915181452
2481.0,66.70889206740961,83.66161053303819,107.42452795865402,120.1092007226749
2482.0,66.1380488674956,83.64731895921904,107.14432680308033,120.1762241084294
2483.0,65.33832057309013,83.57874977991708,106.92285680941723,120.23290536737132
2484.0,64.62751850019134,83.30915151810393,106.85913346316197,120.42306461524008
2485.0,64.2165143784945,82.62705557249767,106.24141351236463,120.61637604204472
2486.0,64.21849327504975,81.93861419229175,106.54619778414984,120.67442072226851
2487.0,64.27023503031445,81.29315364961211,106.69946961821785,120.79098746557719
2488.0,64.30051087476396,80.89146426275425,106.74035065540654,120.97871217303998
2489.0,64.07581974302815,80.66356974073167,107.09662989400302,121.09128972572225
2490.0,64.1986602517739,80.35752090630903,107.14911250247577,121.14947558441794
2491.0,64.46838767954615,79.70490015986776,107.36420502655727,121.14435569402659
2492.0,64.10819720512156,79.04297008766142,108.02440301087067,121.18496474361245
2493.0,63.684819596528435,79.0010035563728,108.77092693688436,121.00547883704365
2494.0,63.381550192125886,79.5698768205286,109.48419872020128,120.9551789135205
2495.0,63.28878035112607,79.64773630197625,110.3055141839963,120.94005266785618
2496.0,63.525373643446194,80.30702339311554,111.16375546368002,120.92797964904094
2497.0,64.23631561672323,80.63919627545096,111.97638466073477,120.95938753477058
2498.0,65.31380624559989,80.69889256267359,112.26256267565286,121.11058161123603
2499.0,66.11876043263415,80.98952176570123,112.23500351489514,121.46844804013946
2500.0,66.22296850180487,81.52993821728231,112.1612889240393,121.74142165369679
2501.0,66.83931728362789,82.11813699397851,111.87482695047045,121.84721841312653
2502.0,67.13698102331321,82.09466085324273,111.39161762944025,122.0290372796604
2503.0,67.36899957091113,81.54376715721946,111.13899686320524,122.01011535262013
2504.0,67.29689193159439,81.17857103212505,110.89851462515823,121.95249595459563
2505.0,66.79538924396948,80.98071873798864,110.77883580103841,121.82687088859541
2506.0,65.80856254484965,80.85983492837993,110.66192486854997,121.59936900103091
2507.0,64.94139669026956,81.0244015856046,110.92647858340442,121.40752578166004
2508.0,64.2309074271205,80.94596049215919,111.10271327240503,121.13193465467275
2509.0,63.549943113236736,81.22247454705851,111.30862656096188,120.96435931829068
2510.0,62.62959394139875,81.66614793912818,111.37987848685935,121.00338722973342
2511.0,62.522142013627715,82.27395698120009,111.6097438828634,120.89015568295308
2512.0,62.46706923871092,83.5298871356629,112.0760198864231,120.87821503821
2513.0,62.611691923072705,84.63863843406232,112.7019525048772,120.9544361820757
2514.0,63.00718882126941,84.92254003256235,113.39569060558716,121.02133009149861
2515.0,63.219651435078816,84.97235316144233,114.094194108115,121.09795182216543
2516.0,63.170661147365706,84.66665641371287,114.63486677166738,121.10072278603147
2517.0,63.229789130115414,84.63260951717659,115.42040238760461,120.9952144554876
2518.0,63.30362859171061,84.31893779585783,116.31822973970671,120.82597559060292
2519.0,63.54396864983757,84.37245262233137,117.09460423871249,120.54333880324882
2520.0,63.37842805818008,84.23358210682701,117.67997706010037,120.33090242802014
2521.0,63.34921027880816,83.7296287037149,118.06554723290479,120.04528856504987
2522.0,63.11062164039875,83.43642787910971,118.18031669679245,119.77804187807548
2523.0,62.584177321255495,83.34163091016522,118.00007356425142,119.48369586737525
2524.0,62.538747692370954,83.8231013483096,118.42387626490074,119.35453973826327
2525.0,62.645607986002794,84.78993609829134,119.03283851396554,119.24836139003351
2526.0,63.12897351827528,85.43506324397009,119.34849620253091,119.34967617246969
2527.0,63.92037756719265,86.31926420798476,119.19985365630198,119.39488701127055
2528.0,64.47475565637876,86.68448685698084,119.28370059588048,119.45175470600938
2529.0,65.10023636786501,87.2442418829116,119.43099090876075,119.47907616246134
2530.0,65.89331249213734,87.5078995264501,119.15483520683006,119.63448016395786
2531.0,66.67570716752762,87.83447757627658,118.28876265502345,119.7600799241273
2532.0,67.70594152444903,88.01117345645267,117.56593900741566,120.04320744565577
2533.0,68.43191582017081,87.79979209335502,116.36021202307408,120.25404269472853
2534.0,69.49297502420684,87.33428884956194,115.0561625448705,120.60092397481523
2535.0,70.52643092350313,86.99021799618157,114.28798536093804,120.73197513887548
2536.0,71.8113233154027,86.7648189656436,113.74463254409392,120.85612673423097
2537.0,73.01878124201265,86.4804630061714,113.14445460879588,121.00992526620499
2538.0,73.7626968455648,86.34369771932147,112.60826568217895,121.10226715694772
2539.0,73.89912784528309,85.9459242809288,112.54394619850903,121.08593484822188
2540.0,74.18605589870387,85.17308352988088,112.5494893217282,120.88064876177876
2541.0,73.58763299512536,84.60856784795901,112.35094762034335,120.52536102191455
2542.0,72.90155737409182,84.24158009111957,112.0001044296349,120.25723391118889
2543.0,72.07572694753762,83.6030569422581,111.89307334810688,120.12838357161245
2544.0,71.11156899611495,83.09340171369021,111.53929281955007,120.05901633299992
2545.0,69.37565593689185,82.27368725237477,111.47299248592088,120.0312036895899
2546.0,67.62386548535093,81.65084156806668,111.46201960190244,120.03747031120047
2547.0,66.01031144778162,81.07509877166902,111.18749206602905,120.07296191568166
2548.0,64.56991795545837,81.14277014028725,110.54568787527225,120.12803889942296
2549.0,63.22904305402835,81.71277480461876,110.47468008954377,120.3896337816299
2550.0,62.58465679815714,82.15239884151939,110.59424365059985,120.61795670536247
2551.0,62.100296578540686,81.55875735088097,110.73806051480655,120.67133560170018
2552.0,61.253755882169806,81.4777620597539,110.6591495804543,120.69521199119018
2553.0,60.700695383197335,81.80690155451872,110.63101987132589,120.70269080829597
2554.0,60.902800628138564,82.10616446266084,110.26314140579437,120.7234665029882
2555.0,61.507577646523515,82.4609867521057,109.74370413751846,120.77556932831091
2556.0,62.32480321843363,82.6802640618269,109.51265946423821,120.98849917492161
2557.0,63.177835839439766,82.8765002499308,109.31908159082032,121.09376363879308
2558.0,64.14377191233926,83.32313595822639,108.9721450393458,121.1431822380854
2559.0,65.37908973220654,83.69629133314682,108.70350656449916,121.25636028937602
2560.0,66.2384127916565,84.85175361194358,108.46027346849198,121.25316565955453
2561.0,66.90772288031141,85.82687760634904,108.13242465269761,121.0541681037948
2562.0,67.02985834005125,86.23128529556749,108.05121090791073,121.04857390403183
2563.0,67.07694240685677,86.7481064932306,108.12743734398663,121.03573486435288
2564.0,67.29678301863957,87.12894691171567,108.60627758341788,120.86222628296976
2565.0,67.51106868127923,87.59974078919481,108.86587536180545,120.66403678378089
2566.0,67.5253391845695,87.905878341141,109.44270918456006,120.55633637547635
2567.0,67.50110490276637,87.59106354100717,109.9651178877845,120.43280375290207
2568.0,67.18531571302402,87.34678235491812,110.6266071587214,120.37962609275927
2569.0,67.2039090994187,87.11207651980747,111.69923534879308,120.330079782326
2570.0,68.01585337647657,87.0505028165044,112.65286886658956,120.2218156710263
2571.0,68.65490501294829,86.57998062299689,113.43049104748802,119.91575749397694
2572.0,69.16222879069308,86.02248308444992,114.0063164174058,119.71803241355603
2573.0,69.17339439127433,85.61060761294962,114.49755750229068,119.63437368727925
2574.0,69.16419584938551,85.32107161942923,115.31597672974978,119.42559725557324
2575.0,69.39342339109992,85.22866472395333,115.94134237813623,119.16810121855131
2576.0,69.54769609707408,85.38506055814298,116.38492089471036,119.01152238323691
2577.0,69.60111932829167,85.50515645164309,116.95686194811374,118.74620841485073
2578.0,70.06397176547624,85.66374807608824,117.26506837415545,118.68438769470546
2579.0,70.07014033358656,85.90878466315105,117.89658182679213,118.77446791141668
2580.0,70.10847115259482,86.2922152776908,118.06863602947548,118.8906963892866
2581.0,70.08865067376588,86.38770722717301,118.10056787283379,118.81010286519296
2582.0,70.14256515864605,86.37192705762327,117.96454854727239,118.74825135195609
2583.0,70.38627460169577,86.47592566776001,117.12054353282083,118.64504514887786
2584.0,70.75390688371665,86.166829345915,116.0793090976115,118.6486127268073
2585.0,71.09939387084572,85.37158892987287,115.53135606954973,118.47808486906116
2586.0,71.69655668494323,85.06901658726746,114.60379020119167,118.47367588236682
2587.0,71.58634009808706,85.07067839782741,113.4828725854426,118.51415533915562
2588.0,71.4487885343802,84.85996148211376,112.51113131355945,118.5086366869934
2589.0,71.17400485714313,84.86028866237655,111.68436358333854,118.68442697425584
2590.0,70.52718688151738,84.66796276158605,110.9126543093573,118.9600647047931
2591.0,69.72220409537778,84.69624412417635,109.85234496140014,119.15081429388624
2592.0,68.95506225833925,84.65617850306236,109.09422701553392,119.36139240518078
2593.0,68.0689321515744,84.42101212660836,108.39238084266553,119.42712467670798
2594.0,67.3382930615977,84.84130508708101,107.45752297482636,119.61717034761772
2595.0,66.3457165442349,84.67045521771017,106.82912699359842,119.77162550496571
2596.0,65.92328299931529,84.50342002217191,106.33636570424852,120.01296001222423
2597.0,65.1753349645911,84.10232307671114,105.61889388651112,120.2761542457501
2598.0,64.81576258759563,83.9590856277735,105.24244767693133,120.38617354867918
2599.0,64.71269559521512,84.27193929442521,105.108282816119,120.40983994882743
2600.0,65.14624289232364,84.33662380071915,105.1136193397652,120.34940293835419
2601.0,65.36202468017015,84.3624899816866,105.19789143885774,120.31754972146564
2602.0,65.4320204868635,84.79097735478446,105.38148687333003,120.32227648606398
2603.0,65.39149833888534,84.964161001983,105.67316571757289,120.38597091787896
2604.0,65.25972310555291,84.94600405156972,105.96330928254906,120.34367003332765
2605.0,64.86697953446934,84.48838137018184,106.51987416480172,120.17513070693087
2606.0,64.66340956231231,84.68661435406084,107.14182559163783,119.971194926589
2607.0,64.40753328559445,84.79277775900503,107.49190496893566,119.74178404500887
2608.0,64.37858942774137,84.75644375346879,107.31107842699114,119.52653096155846
2609.0,64.64404729836,84.46300330818039,107.31626742968092,119.43930670524448
2610.0,65.03360946013566,84.04367864996975,107.58918714255488,119.40317716644664
2611.0,65.36344502134146,83.64429645834502,107.666117148596,119.38641301076298
2612.0,65.64696762396775,83.09671249893043,107.28560105963838,119.22570011693225
2613.0,66.41654753099895,82.9399971985693,106.71376669921155,119.14302881635123
2614.0,67.07849830820584,83.16903089842266,105.85846135638158,119.0376762125433
2615.0,68.06438488650336,82.72081765930545,104.5983139066708,118.96412073499478
2616.0,69.11491048654247,82.07021732673702,103.71660401570315,118.99319770330578
2617.0,69.71524807685923,81.73075121189146,103.3336604852841,119.15065369515537
2618.0,69.925611276261,81.58295309423572,102.83088360102923,119.39859871075282
2619.0,70.26730666994726,80.51283976612623,102.38014899114496,119.5980016529761
2620.0,70.56365650160022,79.7798845507094,102.3734671908698,119.80198552799048
2621.0,70.71779860724818,79.43974699652955,102.78362541833191,120.0662066790845
2622.0,70.35180695956485,79.23286776202228,103.51089538677257,120.30981318185226
2623.0,70.30683202834723,78.65166906962727,104.59171786238583,120.45526722163928
2624.0,70.17375604416517,78.62300730953696,105.56752661761931,120.47811759445278
2625.0,69.73371333634816,78.4767435412193,106.06429335235845,120.35199354746175
2626.0,69.64470980721566,78.44277553131455,106.33201974578144,120.13397968966724
2627.0,69.55514037248531,78.53654255602065,106.41481249172561,119.91433239148468
2628.0,69.5422970964392,79.38911846309276,106.55807135602122,119.799630721174
2629.0,69.51967718884845,80.03743054744518,106.38020753395833,119.76273143578508
2630.0,69.38201111062783,80.75630886881228,106.35496386499739,119.72688886628254
2631.0,69.44392501972655,81.53590409834425,106.47490196463744,119.61408677275058
2632.0,69.36890146957492,82.35931796435207,105.8994669776069,119.5007301924763
2633.0,68.90089067158777,83.22664542977233,105.35956956111511,119.45997313353587
2634.0,68.92535949296717,84.2244899088712,104.7931379753067,119.39714528155518
2635.0,68.82602114509261,85.40433647789524,104.36117258557096,119.45847422188297
2636.0,68.86294112768196,86.62072810254155,104.68239939646708,119.39603960359135
2637.0,68.54897450438148,87.86438825246307,104.55135908407537,119.26219187529703
2638.0,68.49684853992781,88.6437984048893,104.7202395271035,119.07815069155184
2639.0,68.84907685870812,89.45089708049339,104.56259277029096,118.80799903611162
2640.0,69.01301734075155,90.04816733213053,103.58141704693605,118.5720123199662
2641.0,69.37891673685095,90.73107803033595,102.90274061260226,118.42835697395189
2642.0,69.94189057402842,90.74550694472408,102.27022934421174,118.28385315928178
2643.0,70.23209019079353,90.83907617909573,102.32142987555876,118.31807752636637
2644.0,70.57091633060003,90.7649245418792,102.3322216811396,118.3254588941947
2645.0,70.35144074419837,90.06505707095917,101.71240967331644,118.17418162856924
2646.0,70.54379472443968,90.01397327960441,101.49175499782935,118.11189015022066
2647.0,70.4611782550352,90.36762461459928,101.33710678901775,118.09792373380094
2648.0,70.26195462053167,90.43437264617822,101.54144253036995,118.02694940277367
2649.0,70.52768690203854,90.64572690198474,101.76713664717762,118.1690505618023
2650.0,70.92983618866661,91.04179520043502,102.04370778714598,118.27662648887238
2651.0,71.17602148923358,91.75516205590314,102.70881801519059,118.45568516085649
2652.0,71.57100262992223,92.52115450859586,102.65925284161895,118.60969494937771
2653.0,71.66966354258427,92.5225811303272,102.735019647993,118.70902527103937
2654.0,71.712346176663,92.94624467254758,102.88068063612646,119.06837689244925
2655.0,71.0749024451968,92.94801341228668,102.95384540122788,119.33449889421217
2656.0,71.167359994323,92.59462131595396,102.7395290186531,119.59638412236843
2657.0,71.06549741950774,91.95143133369037,102.3014753269105,119.91227229744517
2658.0,70.89467145753298,91.19655841559049,102.27558895603055,120.0924617028079
2659.0,70.31000296286875,90.46261901866345,102.44349465668313,120.28833638346532
2660.0,70.14040908834173,89.7898460582282,102.55269414267998,120.30035505879165
2661.0,69.75384886851656,89.11561957506606,102.87347463423457,120.3669674797727
2662.0,69.69289787244985,88.47266331407648,102.97667614888536,120.60549900999742
2663.0,69.91145552445698,88.17065576042327,103.19904469318364,120.63074512893067
2664.0,70.2130851766192,88.0196368375391,103.27752429997491,120.73335743516078
2665.0,69.86735753657844,87.88840945867823,103.2135487234126,120.77908904436953
2666.0,69.38039253927174,88.30849626265845,103.29374066394254,120.92589496067657
2667.0,68.69875474583078,88.59044360489753,103.39260014301011,121.12547678716918
2668.0,68.43019149856563,88.84682090377379,103.44542028958737,121.25796869869265
2669.0,68.23270849556458,89.04782575003935,103.19202126653208,121.3952544820716
2670.0,68.27431536408733,88.9999932025696,103.05240704945861,121.54202576243863
2671.0,68.07121754655806,89.30590656316916,102.9716521037988,121.36010116330262
2672.0,67.85555127886659,89.29454556495878,103.0513316809706,121.33721939261905
2673.0,68.18856522112611,88.81255655074335,103.25530532636989,121.13896609939589
2674.0,68.62750382802297,88.71112108232985,103.68858414423197,120.94959575406965
2675.0,68.7740781727775,87.98867592630782,103.81417047380815,120.70475980689618
2676.0,69.02440705210942,87.3686899325681,103.74617334447676,120.38951853530847
2677.0,69.01474845412453,86.63309464240906,103.70439345974684,120.17403469515968
2678.0,68.42797028257583,85.92297440604081,103.83335881648858,120.09767933383941
2679.0,67.53476073712858,85.21755295223363,103.80174010649867,119.89476794876292
2680.0,66.91776847848242,84.69480362552504,104.36158273923166,119.81684647166283
2681.0,66.17068185069242,84.09371603263762,105.06334190760789,119.84949550620682
2682.0,64.89441223312481,83.70560888457968,105.27476532155636,119.92467752922546
2683.0,64.14799549006806,83.22659277905198,105.77213842631384,120.06533763802481
2684.0,63.873452000714046,83.36095492602597,106.10547463288785,120.12534213742754
2685.0,63.706852458191285,83.80708021927514,106.4792718203685,120.05573465931748
2686.0,63.34881392163877,84.46797885696806,106.71718151376129,119.91365105497296
2687.0,63.13688616138086,85.01162955409892,107.1327078552721,119.72788870100457
2688.0,63.076342093891114,85.62220826519162,107.53805724882474,119.57268741302502
2689.0,63.38405060273247,86.0147383339655,107.45378127537501,119.61524973691064
2690.0,63.567156141366176,86.63528865496633,106.69863473007406,119.54857639231845
2691.0,64.03847676815626,87.21805110188177,106.25852468099454,119.5240145861644
2692.0,64.45408150811338,87.74014488248244,105.29179909568,119.53977901609476
2693.0,64.7036671255915,88.0148216582915,105.05541380354576,119.54963261608269
2694.0,64.7286237829248,87.7726141905486,105.18974933759031,119.6252102549296
2695.0,65.3670897833948,87.6769122661934,105.46411769589697,119.64502152682898
2696.0,66.4731400911659,87.81348671861197,105.92464971688062,119.76783497049928
2697.0,67.6676155243226,87.90111786273287,106.1997311726605,120.03356653891215
2698.0,68.53169222356132,88.07374058226492,106.32823561738343,120.18613534050735
2699.0,70.07711071172899,88.20642329406965,107.01855377823469,120.40103330646869
2700.0,71.38307913636429,88.10661743320635,107.89263144663074,120.51933026078022
2701.0,71.98576125740958,88.01144615445502,108.98021009804219,120.51539533266319
2702.0,72.8966629768703,87.9631754621649,109.37177237015021,120.65525990536547
2703.0,74.11309050716906,88.06239006123623,109.21894692588754,120.86826375336918
2704.0,74.68697708370237,86.99959326850482,108.69789853695538,121.24669063141818
2705.0,74.72917978208324,86.50956223230901,107.50289470294139,121.60589638637113
2706.0,74.24589134121348,86.26168994104593,106.6862365935211,121.87308417243764
2707.0,73.67255218546016,86.38189370390387,106.14072236893539,122.09946069219687
2708.0,72.66549765101892,86.53500192836526,105.44842175635782,122.1867342408985
2709.0,72.0966796674235,86.58933428676397,104.49902646232233,122.30628442258853
2710.0,72.0522043657744,86.49898037432563,103.61648283569599,122.50761346852495
2711.0,71.7469333395816,86.21233906544586,103.40175575953819,122.7303868802351
2712.0,70.93898023605513,86.20713782318988,103.50571138464386,122.94016499615867
2713.0,70.17614705765618,87.00774584869005,104.02337440788037,123.08367410586062
2714.0,69.46331441306789,87.05780362572105,104.47056329736006,123.08489971122067
2715.0,68.90092470186153,87.06478330737164,104.88391652417778,122.93682808491296
2716.0,68.64991611518386,86.71118234069655,104.97620305891564,122.85433695070145
2717.0,68.1475268382352,86.21195370988842,105.03968663814906,122.80485813141831
2718.0,67.09391606527493,86.24468019716608,105.55975761910057,122.66896937884587
2719.0,66.03133387621489,86.27440085807189,106.34144325939691,122.38824077624957
2720.0,64.87146498124008,86.9147675662346,106.52730181229737,121.93158607783393
2721.0,64.24955274086379,87.0444686086456,107.01981016658513,121.46061071638503
2722.0,63.37844481291958,86.92931995599609,107.25474875064285,121.10477434253808
2723.0,62.76960193463415,87.08335363634508,107.6510282558527,120.85720732855034
2724.0,62.44049363346484,87.52746650171012,107.72523880387854,120.64301739649173
2725.0,61.59767132260533,87.8885665672665,107.85058382143241,120.2312675922977
2726.0,61.038115979317105,88.18013332863549,107.84464683084343,119.87359051072445
2727.0,60.69038678819022,88.21669281238152,107.56021307969002,119.66968561265541
2728.0,60.10695913966039,88.41524833792636,106.9460126193078,119.61587571666477
2729.0,59.771653674561215,88.34277448227125,106.68166508149007,119.73050440095705
2730.0,59.384212461938674,88.04239141882452,106.42583733421347,119.76947854422845
2731.0,59.393970497684904,88.07127187823066,106.35596572166679,119.6877112793475
2732.0,59.53133281149372,87.7132178647148,106.69928069892272,119.63434901776472
2733.0,59.27303696133765,86.74835758146128,107.5234991411355,119.61519384693969
2734.0,59.352052142253534,86.20451890622742,108.60690439151124,119.77648243635129
2735.0,59.19906045229553,85.47762326944334,109.35052173416548,120.00790043999233
2736.0,59.34303741243508,84.58180807605127,109.78810341734119,120.07881924714586
2737.0,59.279912755684556,83.88665549999823,110.12560352126309,120.1351197814254
2738.0,59.26878483849357,82.95600858738072,110.61727046967984,120.05506854523736
2739.0,59.12846754334524,82.58400897037504,110.59962809125292,120.19408405721548
2740.0,58.84965685268582,81.93068563172427,110.68637724025426,120.2043894555385
2741.0,58.521451148051014,81.53013594995102,110.82425282942125,120.13422953327219
2742.0,58.5992529054504,81.39643558403857,110.6901850690726,119.92700501373119
2743.0,58.757641863952124,81.09369000819528,110.69462331499194,119.69082211562574
2744.0,59.121889389511864,80.9205440824359,110.98296466742408,119.33598418441322
2745.0,59.286761868183795,80.84293934300197,111.45509063857028,119.1616587719609
2746.0,59.67159750320315,80.50216733111112,111.64057047977691,118.94939385431591
2747.0,60.17126881509201,80.3909840816396,111.29414554878136,118.87274919003158
2748.0,60.69529185329146,80.39747224492305,111.46545478964413,118.66314485357098
2749.0,61.3308532224354,80.29278080981896,111.51285253175274,118.722137209761
2750.0,61.917795061627686,80.33007957946894,111.5026370585373,118.93470649806447
2751.0,62.804432888764524,80.16085108603122,111.3118021762549,119.20501444528837
2752.0,63.674309015552254,80.2340583672122,110.97906683584979,119.47210605261233
2753.0,64.76715746754293,80.51256353754059,111.04564583560804,119.85698175163414
2754.0,65.87470765480393,81.11742285907955,111.116636030795,120.2471183005592
2755.0,66.910730379215,81.5025643859083,111.37114131742128,120.60910228230328
2756.0,67.85224293790445,82.15412862697663,111.52431977809786,120.90118295812019
2757.0,68.50684571244183,82.58270455185523,111.2120495271336,121.08063193933523
2758.0,68.84303493869132,82.99678263507354,111.1226705216815,121.10395681686936
2759.0,69.38108805254015,83.37994025699334,110.79024543204466,121.03747526095107
2760.0,70.06453587274815,84.29413605027095,110.84614552328546,121.21707919369707
2761.0,70.50373397663793,84.83728293660089,110.9708236363792,121.42145541014489
2762.0,70.34060158538242,85.38741332207667,110.82228285305554,121.57920608874915
2763.0,70.08130551489405,85.42041083962086,110.4844410541596,121.55303444057029
2764.0,69.80440746035677,85.67406755151534,110.22769680047276,121.43795365183149
2765.0,69.44975283247082,85.36148652939816,110.18097821414926,121.42311800038502
2766.0,69.27204864220369,85.11244267626122,110.28354384894544,121.46376650174642
2767.0,68.87252048649565,85.34777045724034,110.28174539884849,121.50301032155534
2768.0,67.96336213045645,85.49514481986537,110.14132646818237,121.47264111766617
2769.0,66.29087540110658,84.86956515675577,110.09441752790624,121.29144842246258
2770.0,64.64882105921323,84.61851918402567,109.9514521785812,121.17143712442592
2771.0,63.45594394210174,84.28279306419434,109.97476281748425,121.08514789001211
2772.0,62.27864159487655,84.10595111027828,110.17013522388687,121.10749759880133
2773.0,61.247352142395194,83.83008014831256,110.55991521688134,121.09836698785688
2774.0,60.440975149430145,83.53494242368032,110.9620622581846,120.88506771642383
2775.0,59.82329775173396,83.11841401693228,111.46933408640338,120.71259997175403
2776.0,60.151786164644626,82.66247780044834,111.37959438388823,120.69883566603869
2777.0,60.525555284892704,82.25456747306522,111.44797927452194,120.73308673983848
2778.0,61.32558257007359,82.48379067946804,111.1498392213759,120.71001276713262
2779.0,62.142475713919666,82.09285152564044,110.85094963828033,120.44196571904612
2780.0,63.21466678797356,81.78026814042863,110.53169893858626,120.05076860070422
2781.0,64.36643176747866,81.8694776321132,110.45480267982175,119.64929867622062
2782.0,65.44515403620315,82.21747978559486,110.23959652226546,119.44972141864955
2783.0,66.56568507047342,82.60734638355532,109.92363442881467,119.48554776565953
2784.0,67.48056375163438,83.29797021816624,109.26115500674103,119.52131578404143
2785.0,67.97646744747261,83.94755274355941,108.81272250209574,119.44822082001161
2786.0,68.35057875538953,84.06214782882314,108.456825402716,119.45596004519388
2787.0,68.58238845238417,84.04229956320924,108.02204484817636,119.4605817482617
2788.0,68.9192170806201,84.26262506417544,107.10532658053066,119.60711565831357
2789.0,69.29506200507622,84.54717686869058,105.88413984185233,119.87501804861398
2790.0,69.84008042508952,84.53918977348492,104.54293665572433,120.18889654382838
2791.0,70.22733929418175,84.55105296789085,103.26951295158048,120.38319717459363
2792.0,70.34915898266249,85.15298982395943,102.06287045149242,120.4563649681506
2793.0,69.97896080090919,85.5081345778502,101.2867579388984,120.39759502974493
2794.0,69.43297594893426,85.83735865820185,100.65669071624146,120.26679534698593
2795.0,69.19367180692251,86.48912402337132,100.34533494020656,119.85252800710725
2796.0,68.38742693793647,87.27008593129128,100.3005784083548,119.40092032530451
2797.0,67.82436131203468,88.3063879936728,100.88189062114796,119.08724031228567
2798.0,67.42400587476263,88.82074159680695,101.95495624863244,118.72472150540973
2799.0,65.89829905091499,88.9964874529323,102.7777638615555,118.42214198133931
2800.0,64.61174123466928,89.08512309940282,103.60939206631147,118.235787019391
2801.0,63.64292041599493,88.80880694847399,104.59950562909826,118.09025248358515
2802.0,63.04301417970281,88.40732048863087,105.34977147321644,118.01050921857421
2803.0,62.7909722985538,87.74779355668821,105.97089581137394,117.98853869331562
2804.0,62.35735893675301,87.09152158337386,106.1971610974283,118.2209630432015
2805.0,62.85203328189045,86.29612371454147,106.64280606683677,118.62200100063494
2806.0,62.98941446591036,85.28258643963112,106.9521770338573,119.08704871000464
2807.0,62.320574391349176,84.84720511967079,106.7713168249983,119.62592872767527
2808.0,62.46168400923289,85.06439196677493,106.84021067019512,120.13471098566362
2809.0,62.68592554671456,85.1468421902277,106.82647231820675,120.62963891616752
2810.0,62.58476267232251,85.38658950120764,106.84455032946101,121.10321052839174
2811.0,62.40845422266976,86.04728063188706,106.59754882257904,121.67895669752885
2812.0,62.130456512765946,87.01966787679574,106.17842306312072,122.27401060061601
2813.0,62.004936700473024,88.18155325693142,105.92775983427207,122.84795975790784
2814.0,61.276918130681466,89.03177007953624,105.46815700091034,123.25608516509331
2815.0,59.97700235836482,89.93692861450418,104.98783798134262,123.58972595371189
2816.0,59.22071258659311,90.50671266703753,104.85145718653328,123.85391280374137
2817.0,58.7365382520657,90.60416945147465,105.16675059043591,123.96581224581608
2818.0,58.326829515346176,90.67553925692732,105.56367235604134,124.04457764753923
2819.0,57.90538607458933,90.26055412924676,106.15062744259349,124.0625446039589
2820.0,57.68885851014985,89.8942251013113,106.85555545775223,123.84893787974275
2821.0,57.701352249908474,89.45911731922502,107.79400185341456,123.52998989020314
2822.0,57.87460107105209,88.70751267324927,108.23423190611122,123.12579550868705
2823.0,58.5290667307556,88.13425043613762,109.26066238144922,122.74057791212988
2824.0,59.662252314663675,87.51203709721875,110.12711977362011,122.1325652494305
2825.0,60.7012847225495,87.21424850698749,110.9095776417681,121.45289581496633
2826.0,61.912314290893086,86.64397508955871,110.87526294608371,120.93380366686955
2827.0,62.73813371826047,86.3207083953201,110.54995454291914,120.49038384226085
2828.0,63.218159803171716,86.38324621472955,110.11875011840104,120.17223904649266
2829.0,63.85288055251195,86.28112545961262,109.98056905972659,119.99885077566795
2830.0,64.37305785383047,86.0150514955835,109.82157840467897,120.00696888704474
2831.0,64.69964031956295,85.85135277203581,110.06442593502949,120.04668996057306
2832.0,64.83533880277223,85.69170715412154,109.40956682211159,120.03212769414417
2833.0,64.79319914519655,85.21876953646336,108.99796921112689,120.15823616617423
2834.0,64.63233523937754,84.3927148982397,108.7202570864677,120.23185273064878
2835.0,64.26816165307699,84.06616836435037,108.78267482388954,120.35996096528446
2836.0,63.63878840236965,83.67031869009347,109.09871917242667,120.42947620095477
2837.0,63.636439713371004,83.15612138210858,109.11441003558575,120.40837306597214
2838.0,63.53232415643654,82.78715877691249,108.94760919491056,120.44836881598978
2839.0,63.23645525879042,82.75449574879389,108.57259263100434,120.30404285071401
2840.0,62.916067880016655,82.76167882002194,108.1415830586611,120.20179880884902
2841.0,62.48865582401447,82.8348432007819,108.29591726168199,120.32416819106385
2842.0,62.49025034366036,82.8823356854459,108.22602422965795,120.37500774824923
2843.0,62.648811773539165,83.0111857162558,107.84633621422374,120.5386473888083
2844.0,62.60780155645445,83.31694002339209,107.36924289082492,120.63622692919535
2845.0,62.9369840646941,83.63252077515942,106.74882614838523,120.84014801017241
2846.0,63.26713806388861,84.04570380467025,106.17688636512631,121.03699435938758
2847.0,63.666342373241164,84.15155570711947,105.95647722791392,121.3361131490035
2848.0,64.14153634337713,83.87821513010309,105.99483979441965,121.65739407138038
2849.0,64.94442254272337,83.60340730068151,106.18911342485754,121.96387953278168
2850.0,65.81004548943572,83.22040183498844,105.9888416039486,121.9784952552582
2851.0,66.62166444451518,83.36685321302538,105.75331761485876,122.10373920993386
2852.0,66.97951291989081,83.11030398370947,105.67089099297681,122.10445465252278
2853.0,67.70778571238694,82.3205952574958,105.60512619810754,121.96526769961858
2854.0,68.50166006981588,81.84212460272849,105.89457654090727,121.63048972440247
2855.0,69.07227945233173,81.39694924334434,106.22791609490659,121.50035417411006
2856.0,69.77936444719325,81.37552538111423,106.36567051962088,121.20225617101708
2857.0,70.53816206165757,81.4216812774925,106.58827154807878,120.90807959551424
2858.0,71.07939233643182,81.5156882246837,106.52627121935117,120.65268862460402
2859.0,71.39377036280723,81.82016633669448,106.64060884162156,120.55843790959308
2860.0,71.38301122898089,81.94668864472996,106.7022003610685,120.34947525782073
2861.0,71.4594762482358,82.1413845437284,106.55902281974517,120.23940548089851
2862.0,70.997126672897,83.05201070723653,106.5698061148749,120.23895897238216
2863.0,70.1751992599242,83.71763755803089,105.85586361016166,120.51942222315687
2864.0,69.75976778517186,83.94745499918798,105.6526359747758,120.58487204982164
2865.0,69.3527593383175,84.11354745881518,105.33162985188781,120.78678773898906
2866.0,68.739456700747,84.56988345511277,104.63083692136946,121.06455847251013
2867.0,68.10917629034084,84.82200826130482,103.72841716949874,121.39917569238725
2868.0,67.56443466799341,85.12023108981154,103.12683514220765,121.70516280516411
2869.0,67.2353671776449,85.202937735582,102.40097236916816,122.0401795498691
2870.0,67.22867713787728,85.93902947429686,101.75034849026885,122.34865244664994
2871.0,67.71369637945172,86.36950816610984,100.67699516500504,122.58564002630742
2872.0,68.19344202654442,86.65929295656301,100.01275195296003,122.58099855163394
2873.0,68.22628355856956,87.21424907836118,99.30268333841279,122.50145361757754
2874.0,67.96383987005956,87.87103356005956,98.28801866289048,122.44343927957173
2875.0,67.76331126719242,88.35326234817173,97.69044066791494,122.33509348750333
2876.0,67.39232904742441,88.73698339596378,97.7893189386143,122.02398863069749
2877.0,67.2757063605569,89.24746353881534,97.47267751673537,121.64884468458936
2878.0,67.24688218162767,90.02579503437718,96.96547805253105,121.17509696732051
2879.0,67.38672227004245,90.24842486757777,96.60736387119886,120.57559398432501
2880.0,66.93160440772282,90.67284190248232,96.7242321237474,120.02051242783928
2881.0,66.77837074680097,90.94673939854084,96.72587861879785,119.52915417310234
2882.0,66.91372449376674,90.9345817143936,96.47927378867541,119.07483616663338
2883.0,66.81387345624265,90.35725984926191,96.77337137094068,118.65290854618056
2884.0,66.94150465230331,89.61139389099058,96.67107437447562,118.37362714435878
2885.0,66.95754795448588,89.12092160743742,96.27516466406964,118.22505517667501
2886.0,66.93090543692469,88.26491289257653,95.92660375564085,118.14277922774775
2887.0,66.9619527609903,87.28886425267174,96.27184044308531,118.08855539694622
2888.0,66.51058586698002,86.7601922171151,96.71681055853026,118.22634016666943
2889.0,66.54091426700113,86.0382526012657,97.20710163877722,118.44148395848603
2890.0,66.82561885037914,85.7041303692501,97.96268493922418,118.78777588452047
2891.0,66.5824958225967,85.33588685448042,98.47545826868804,119.17491970061091
2892.0,66.55866444922569,85.3057226951464,98.61588833857842,119.30647103591994
2893.0,66.27822638648219,85.89701416274947,99.22705351424317,119.27088157557219
2894.0,66.09741901508734,86.2574274576873,99.78212833702847,119.12078375802663
2895.0,66.02662100124917,86.71779540328444,100.4698109812788,118.9396277328137
2896.0,65.06662530853369,87.05056071694672,100.88606928675574,118.88429327671336
2897.0,64.72063050681737,87.12873546298451,101.19586971018055,118.84757190018135
2898.0,64.37951473709421,86.92826348940383,101.13230675191622,118.9051922300162
2899.0,63.70845107976861,86.86730732426007,101.44043805154732,118.76531835887769
2900.0,63.12189478573268,86.74569053907221,102.02080022861429,118.61333011937835
2901.0,62.40516135674879,86.67542447244018,102.93797287702995,118.70144050396364
2902.0,61.811301714724486,86.39577553854393,103.07145606916329,118.64265362727949
2903.0,61.46360672350559,86.30606790657005,103.11799383789491,118.74477805437493
2904.0,60.97600230870793,86.06642387118444,102.9195017100527,118.90357519151473
2905.0,61.35915902287978,86.01237150915757,102.98528470335924,119.01497730195469
2906.0,61.47840141633549,85.97340186758187,102.7186286266613,119.03792540745532
2907.0,61.82465871100448,85.85582719249771,102.8963610191367,118.91623551121775
2908.0,62.03522057251422,85.10893566066417,102.89985952860934,118.93197652775177
2909.0,62.39412395272969,84.6093574519112,103.02475332872416,119.06787959720931
2910.0,63.182885718293555,83.91564460906969,102.9110662268084,119.0315846450439
2911.0,63.62254392090389,82.62875795515248,103.69951201755865,119.30173043020005
2912.0,63.658326807423805,81.58151270671019,104.47651200071624,119.5290775178319
2913.0,63.96169653277338,80.93486854455945,105.31255794850402,119.8381172436321
2914.0,63.81448008540458,79.81575836102311,106.09937391982677,120.24473363800513
2915.0,63.58672906532489,78.94829343452118,106.95055837413074,120.61453422611469
2916.0,63.065637187299615,78.49140859601201,108.120542745884,121.02682026200665
2917.0,62.79881858936344,78.24142981591933,108.43178751910004,121.3311510857111
2918.0,62.50058805447076,78.0418293293942,108.47361845937746,121.43819289087133
2919.0,62.26524056671868,77.5213746274309,108.26397175986443,121.58218623333596
2920.0,62.19020259032423,77.65942093488728,107.87386712020951,121.65589562799715
2921.0,62.3224555096027,77.73072801555763,107.40687055693574,121.69236443261164
2922.0,61.97105201289896,77.76002884372575,106.73798571271962,121.69724119982112
2923.0,62.259080422317055,78.40771875986819,106.01650470991083,121.6168440201146
2924.0,62.211099861607806,78.98409746302956,105.31877268916509,121.6346685448692
2925.0,62.448236062549725,79.42051747638615,104.0011503234696,121.70938324718813
2926.0,62.460419366993854,79.87521433347095,103.36998458002941,121.70263982274854
2927.0,62.731840721289906,80.43264569322848,102.86949352498313,121.78494289291348
2928.0,63.09701166576167,81.37145323155215,102.5203596948216,121.73494616340999
2929.0,63.52245079207351,82.63408409759022,102.3988972858414,121.66822206626416
2930.0,63.83011111479003,83.82645520059957,102.19308852765762,121.69293406501029
2931.0,64.17967838310474,85.0037291504868,102.29262362245737,121.73163297343687
2932.0,64.0796930446909,85.81837501270056,102.23912638289494,121.76153908383422
2933.0,64.17025458657302,86.58211082915027,102.24229627979904,121.76640917754806
2934.0,63.843294298650434,87.2383461200192,102.38163472593948,121.71980762461409
2935.0,63.79708070664088,87.79978788861216,102.47849416102656,121.80965102282482
2936.0,63.4167673914757,88.22447268504058,102.58549701940565,121.85975434664545
2937.0,62.73134796832908,88.60358196973446,102.95672488101584,122.0686982379514
2938.0,62.09108121156596,88.40574832185439,102.87454387931315,122.26643728892341
2939.0,61.79221934841597,88.6148694728752,103.57895938605583,122.29528238623466
2940.0,62.253512885354944,88.64170558832224,104.1649139853083,122.21868280487001
2941.0,62.12855352731351,88.71728202859501,104.52328001305209,122.04092511347454
2942.0,62.07721405141632,88.8411608357932,104.90862963073818,121.72444680762577
2943.0,62.13160428243641,88.97474622843711,105.29572366389195,121.32352708623178
2944.0,61.90462017472706,89.05483572386598,105.74154323013268,120.93676910674627
2945.0,61.74265374964249,89.19004193284748,105.85971324479489,120.62033987985562
2946.0,61.60233157642689,89.42366911949844,105.73594138514915,120.29543956396782
2947.0,61.799513459110656,89.53932081725029,105.68046932414296,120.01235786454453
2948.0,61.945360356005715,89.21658095330514,104.95762307403439,119.74958539631263
2949.0,61.382007828177116,88.71489126086927,104.50746126710867,119.55403779429804
2950.0,61.93391060825713,88.27986913077186,104.32623073769905,119.4199194207816
2951.0,62.42170980453162,87.80988182812288,104.22106608133512,119.41270477362245
2952.0,62.48586915063174,87.19917014608272,104.15535360871971,119.41071727939887
2953.0,63.013950438836574,86.60113837108072,104.0255125187343,119.3215038128602
2954.0,63.41208551264031,85.8248580872123,104.22789286251027,119.21825693849641
2955.0,63.63712951370148,85.05433096529961,104.57775564267929,119.10788581173239
2956.0,63.5312170201646,84.30371190784757,105.05808401803466,118.98525348842678
2957.0,63.58751410728113,83.47100105751154,105.48151005432132,118.92314651889706
2958.0,63.915374214813575,83.1369446227484,105.551839243856,118.85301225021948
2959.0,63.62400020553895,83.03834797665279,105.535140746742,118.80534848891584
2960.0,63.37868672803957,82.89756158656263,105.2960043837842,118.83312549285736
2961.0,63.55307939048541,83.10811147024764,105.04538012923634,118.86980889282465
2962.0,63.92225318695751,83.53107513174801,104.77558775454341,118.88723506479741
2963.0,64.20166887734426,84.21345220209439,104.19841399439248,118.83284128471573
2964.0,64.46166816896223,84.88780513432788,103.68222108521766,118.81003512945814
2965.0,64.76957634554135,85.66806736247655,103.53008850422454,118.77697136242547
2966.0,64.93311632558597,86.56608301167871,103.47671849160719,118.71474859074033
2967.0,64.94100448160569,87.09034795653508,103.72495575843493,118.73667474408278
2968.0,64.93867193207264,87.37762664219166,104.0473523555768,118.69792587996355
2969.0,64.9132147327731,87.75716607129186,104.62115542839815,118.55156738498475
2970.0,64.5310408717332,88.22643239374803,104.79127390869019,118.40948898021911
2971.0,63.627668772491496,88.50740211084154,104.98050353670604,118.26476927737585
2972.0,62.84412074797704,88.58574884871102,105.59604214498049,118.25563853847193
2973.0,62.27647466318954,88.68769154060682,106.04495256106422,118.21110103881588
2974.0,61.961102500926984,88.47648391589719,106.05105704026954,118.34221985328846
2975.0,61.59942476853782,88.31411505184258,106.11545258036243,118.58240963194321
2976.0,61.05473030484661,88.24898926919445,106.10376044980555,118.81804325798052
2977.0,60.66706479932461,88.06699055270639,106.01780411296511,119.14922858382631
2978.0,60.37015434976522,87.73186273750595,105.89537623126544,119.47975233812754
2979.0,60.71627041702436,87.20311023037846,106.06282291218388,119.97717516416763
2980.0,61.07731125977562,86.99467724673174,106.64829916769703,120.49617591079124
2981.0,61.405188237159116,86.59038265763462,106.93168002471435,120.91695408122376
2982.0,61.27794842816829,86.01936999546439,107.53309900499033,121.34632667742645
2983.0,61.07334479421853,85.9161117978849,108.50214763880389,121.65500362229248
2984.0,61.034141529530515,86.03837572699993,109.36856464369906,121.86750291140271
2985.0,61.20357571106187,86.26961414871545,110.05430523206309,122.06688045638334
2986.0,61.564244094540086,86.81858954049206,110.7393646430427,122.19757166059689
2987.0,62.02285456870029,87.50887772003077,111.4288542581329,122.42834319525294
2988.0,61.89200199457241,87.10109720136748,112.26393907821816,122.54402862197759
2989.0,61.819956451850416,87.1278147232893,112.39802146236768,122.67850260786126
2990.0,61.92577144064828,87.24681115369378,112.4230035927376,122.91127702098801
2991.0,62.422418423222396,87.4110862800924,112.3066616933695,123.12556318365515
2992.0,62.20527941579585,88.08333764461815,111.70763036372745,123.15872618029685
2993.0,61.72122232971725,87.53553605234856,110.94814797714517,123.12005620794517
2994.0,61.02950626386355,86.82861206814522,110.68961143347624,122.96912778460167
2995.0,60.10103520952043,85.91208693994683,110.35318967009924,122.81830747603763
2996.0,59.2396204289816,84.9230340951046,109.99542569943904,122.49827554377316
2997.0,59.073441217692526,84.84745572471849,109.48362194432582,122.24474096065993
2998.0,59.27790819170558,83.89910642666024,108.94655744079274,122.07268676713971
2999.0,60.028627855500346,83.3352737776769,108.23587644883821,121.78032229819081
3000.0,60.398721874103764,82.91961283284596,107.34523673493416,121.38420160084401
3001.0,61.4274716587134,81.82701744073985,106.62103217739207,121.01855552121067
3002.0,62.73503578940611,81.50286163046715,106.05987292527038,120.62979335823222
3003.0,64.48513680534697,81.05420334845735,105.05548298300707,120.26511289465797
3004.0,66.56332398482677,80.61130843941575,104.16153894454709,119.95606981980063
3005.0,68.63515284620254,80.39488441675056,103.60847568492267,119.76758481781334
3006.0,70.56512158958323,80.41871425918875,103.09971240756717,119.59832940085069
3007.0,72.19117962921561,80.61487391810724,102.8646242557849,119.27567117609227
3008.0,73.05508235244677,80.92746252273986,102.67277896226473,118.85966144531808
3009.0,73.63913808886363,81.1954183227206,102.28935919335524,118.5815213156217
3010.0,74.13117764061349,81.08954174621277,101.78244325268406,118.35434780548002
3011.0,74.06669656754644,81.04529855309377,101.48868217750953,118.19125690193903
3012.0,73.42481102203314,81.6777629804573,101.1146149366057,117.89758426269385
3013.0,72.77132328086424,82.47570511154578,100.7860741935793,117.84374897663028
3014.0,71.98450085467925,82.9962378234758,100.01367096902781,117.66065003682446
3015.0,70.97798893756249,83.06522267528968,99.18491477434951,117.65227779192637
3016.0,69.68167276188123,83.34907837231195,98.57563141897681,117.64228187789695
3017.0,68.81964916607895,83.41860384255622,98.51690926149698,117.81164962457547
3018.0,68.67656344410787,83.66332744985448,98.50035983109062,118.04116783498931
3019.0,68.18886713186708,84.3036280443433,98.99285545426756,118.23511852952498
3020.0,68.24155527326207,84.9426038125107,99.65113812010767,118.48977308705282
3021.0,68.66143880024231,85.12910963067324,100.06972103579369,118.79930669481396
3022.0,68.63361306451088,85.06465112715892,100.56008677478071,118.80243573482845
3023.0,68.71024416319422,84.99463451941797,101.30170951005147,118.89910022326555
3024.0,68.70202170086858,85.37530756837268,102.18679083010494,118.76350408410862
3025.0,68.78190928783104,85.52716407156007,102.97148670917365,118.74696669527415
3026.0,68.62397461930908,85.4658774905055,103.56144390314509,118.72766124297188
3027.0,68.30800719817584,85.00044562795611,104.43764299029507,118.7709979363982
3028.0,68.41157743699792,84.40896405237794,104.71480360638891,118.78975064884592
3029.0,68.77045168149102,84.02609572036377,104.6897292585295,118.84241955716911
3030.0,68.63977541027975,83.21647840507526,104.70458935460653,119.10896552290305
3031.0,68.43579790505223,82.82128814056951,104.70790627116297,119.36643606392322
3032.0,67.96158702028053,82.36799721122517,104.57746717297805,119.55033963093953
3033.0,67.54133649142766,82.37406519702824,104.42870047246306,119.70094897320777
3034.0,67.19380602362111,82.61012533215867,104.47527000692763,119.82952992073984
3035.0,66.92209525536298,82.76684213944026,104.50006411698617,120.04445806980748
3036.0,66.53150030034682,82.42461651397032,104.32153992313035,120.04631652850956
3037.0,65.95747803779182,82.4921914339589,104.34934553167578,120.25625798775637
3038.0,65.31388405227293,82.39426213888119,104.25233226991934,120.42415791311946
3039.0,64.93869617183928,82.80902019226856,104.76947577553311,120.53199826162276
3040.0,64.59919113078475,82.87811062935765,105.45257973144102,120.73436260376802
3041.0,64.26307797351421,82.97136696355048,105.63934495008299,121.06283114130454
3042.0,64.10083499451223,82.50407612643555,105.63957315613112,121.42579915245348
3043.0,63.903651151576476,82.06504971149668,105.31751460194428,121.74428920112967
3044.0,63.86974600460283,81.84622787341883,104.90496498871715,122.01215502433458
3045.0,63.75414284184173,82.53454069223866,104.54284882029258,122.25716712472705
3046.0,63.841101069491316,82.67481863787796,104.42372211592122,122.4373438713339
3047.0,63.444158469295104,83.16808148170566,104.41155649796416,122.69231486004766
3048.0,62.91134187507014,83.63020851589442,104.19610794591524,122.87939809377932
3049.0,62.667728876917764,83.92002917778711,103.84283582407967,122.9908334024624
3050.0,62.498851589961006,84.75501571701813,103.89096665321046,123.05499074786812
3051.0,62.46115294082211,85.18381396241391,104.30457155804629,123.00649491847423
3052.0,62.98711466094878,85.52190057287136,104.73064379186492,122.8967481564739
3053.0,63.45546009184402,85.82152537112512,105.28883623272321,122.693061058441
3054.0,64.1715060460808,85.5472320584309,105.73000978053349,122.70072767146911
3055.0,64.49771733101986,85.63175306420436,105.64886085324173,122.69627803221572
3056.0,64.64702558409837,85.89338191215505,105.69143514757019,122.56316352553466
3057.0,65.10453816611978,86.00157552050914,105.63619338681808,122.35549758592241
3058.0,65.65446304141174,86.37310580227083,105.67457163310851,122.20261660540837
3059.0,66.2084026816361,86.23057117801318,105.59198879980516,122.0533677881414
3060.0,66.27920562664063,86.36292463777373,105.22743548099785,121.91883699578537
3061.0,66.09110739983855,86.53592968014642,105.08733310835251,121.8613814996986
3062.0,65.82731569324963,86.59445688238716,104.945596769625,121.87586069865019
3063.0,65.61695722868042,87.02829671143174,104.95376504181891,121.91362763544991
3064.0,65.69054416260722,87.52950947125599,105.6062375801637,121.8535627322847
3065.0,65.90589740503702,87.36567412162994,106.10011912857021,121.80934881073175
3066.0,66.2548385594225,87.2268036480315,106.38573403946597,121.87352798821179
3067.0,66.06761732672827,87.03460673471422,106.33358499484658,121.99511687564635
3068.0,65.74579511319453,87.0995385349178,106.18052047926231,122.05666257718245
3069.0,65.80860129694258,87.02082428173497,105.78814205841549,122.07562696484685
3070.0,65.56635245213273,86.96690867274606,105.33498300316361,122.0135510057845
3071.0,65.68290935203451,87.28337564330877,104.91148318040618,121.8879464924623
3072.0,65.8215140565331,87.30877661896834,104.3351551556784,121.58261776717406
3073.0,66.13536116478843,87.00283724132672,103.59584502920248,121.35024919759891
3074.0,65.9452820792226,86.83364357984172,102.87853747543691,121.09050472251388
3075.0,65.72596048117049,86.4562364671785,102.54294677034957,120.80722168684584
3076.0,66.0097485473879,86.1558837182023,102.21633335625799,120.46380394599882
3077.0,66.20159278307307,85.46141357784025,102.2838369723757,120.16702838603655
3078.0,66.17696501788922,84.99103329037922,102.6654806556447,120.05230731303651
3079.0,66.03136107212029,84.32967261016775,102.97918947963784,119.99652950172111
3080.0,65.6882049599595,83.42615922883108,103.23259679946638,119.94375638417795
3081.0,65.38062776421492,82.69153734702086,103.28899443284551,119.78222363202494
3082.0,65.11704782464611,82.04638068909821,103.05754053001351,119.6999150117964
3083.0,65.56933003430746,81.47551164999562,103.01918671294467,119.62160261472376
3084.0,65.98411055332092,81.24019973703177,102.7668339817223,119.45963685991892
3085.0,66.08599364011634,80.89464064644486,102.50869963440596,119.2239218701221
3086.0,66.17778366815469,80.69961518041656,102.07866776842381,118.9866514560162
3087.0,66.14090864520894,80.5312715979665,101.88170691268215,118.70827466558703
3088.0,66.03818205721763,80.39955598584989,101.55451119550176,118.5730126212843
3089.0,65.8602330926932,80.35322906835123,100.9940455713302,118.42659639788226
3090.0,65.31726605339287,80.51799088825372,100.91105540204835,118.37777896928908
3091.0,64.97811917492228,80.57541392256557,101.1166597758292,118.23146755290574
3092.0,64.49958394139847,80.75594312852961,101.4093275496186,118.22762612061311
3093.0,64.16204454726856,80.63051584085545,101.73381598900751,118.20982095539306
3094.0,64.06476606757151,80.59887010101664,102.13135036598526,118.23019932231907
3095.0,64.31092160179679,80.72656720222913,102.5940994366239,118.31205358204947
3096.0,64.86118289847309,80.73048909696735,102.63185229289896,118.25547934782571
3097.0,65.68163262137324,80.85589285418381,102.82274969956639,118.08017635500552
3098.0,66.15435470734711,81.24708002969857,102.73504549699598,117.94988291940412
3099.0,67.48876121400366,81.23043440373081,102.85086785647846,117.83754310249098
3100.0,68.33021931990845,81.50686883247728,102.76550237188701,117.77149713625795
3101.0,69.25201282156448,81.95556733582131,102.23340642436956,117.55005123104647
3102.0,69.69038780918108,82.54095162786614,101.82874130174551,117.4794610681943
3103.0,70.00695982694957,83.04579511538957,101.26712743645952,117.50139845248866
3104.0,70.23979418387682,83.28019995983509,100.6123207894852,117.49163268047084
3105.0,70.09464063961886,83.4893264001146,99.91298496846656,117.57574326998025
3106.0,70.12124572938778,83.71950742361672,99.50763244367674,117.67395755542589
3107.0,70.14134625670047,83.69224687840524,99.85278096559173,117.77286464281373
3108.0,69.53905291498178,83.80915281966448,99.88190787353734,117.99642241762365
3109.0,68.65154534022064,83.393378531675,99.98060704798863,118.14483988091835
3110.0,68.14776577717085,82.22008592861144,100.10972311137694,118.36173283356466
3111.0,68.13575235050895,81.48094198725126,100.40385150234958,118.45443872144394
3112.0,67.98650920099267,80.74803603605099,101.53613379633914,118.66682617177719
3113.0,67.85832036222995,80.30399044265629,102.36608022132823,118.93116322707614
3114.0,67.92073935539024,79.84273578216131,102.90782563331271,119.14815885112576
3115.0,67.568296051586,79.41208167226426,103.1083720004633,119.32257703793195
3116.0,67.65093545412707,78.97032780838185,102.81162833319996,119.54776303063359
3117.0,67.30394694221059,78.77796575282157,102.43474229696821,119.679422345012
3118.0,67.48478719066907,78.85467545217418,101.84716134984599,119.86975534669364
3119.0,67.31453023765532,79.39477249241429,101.68990069963944,120.20789688717242
3120.0,66.90966915275314,79.53357891299325,101.09131822781598,120.50699288851496
3121.0,66.64114633301502,79.44794528277711,99.9563581333522,120.48852429486041
3122.0,66.15393567587093,79.51526682348202,99.38166259198516,120.3374088562665
3123.0,65.42039532096193,79.64152894491887,99.44411674430188,120.21208449863839
3124.0,64.69038652828364,79.5004568043326,99.3370999687231,120.26991960113844
3125.0,63.79837304689423,79.29169174501328,99.33227471894457,120.31005460907112
3126.0,63.599448102161915,78.97681518732536,99.67107941506926,120.37506850393012
3127.0,63.38779296557016,78.84347097888643,100.0915485359114,120.38562035959032
3128.0,63.24650802597901,78.38069538332954,100.03771740024693,120.16015715374314
3129.0,63.149601186474364,78.26194414236436,100.45019589629176,120.24230592026024
3130.0,63.11154977226182,78.29706215437358,100.81802887800845,120.33705137401593
3131.0,63.54151165261993,78.17091946762613,101.12142225205683,120.452931387057
3132.0,64.66176853248383,78.27781838151884,101.4400279018804,120.53909492081277
3133.0,65.6369981888324,78.64136177862508,101.91167739635048,120.63228694447916
3134.0,66.58203951756516,78.97469750701786,102.65377758950953,120.68564330210586
3135.0,67.06318492664761,79.46384624084939,103.30697518344833,120.66591279566278
3136.0,66.80183400156284,79.94307879816499,103.78700375835062,120.60665168401204
3137.0,67.49626259122473,80.48511732154542,104.25137011427992,120.48434601067429
3138.0,68.2251270801526,80.6645875652014,104.519860504555,120.16199068815504
3139.0,68.85735897776733,80.63247229110162,104.90529266087302,120.04373395029914
3140.0,68.95816702371629,80.72949785130231,105.29192072309577,120.08159205310216
3141.0,68.8309552411209,80.94541766225896,104.99514469038242,120.09209527742037
3142.0,69.23539588350772,81.16616043489792,104.91118045696943,119.8818001800424
3143.0,69.55468812559764,81.57952258616857,104.49404772421919,119.70176165341051
3144.0,70.18186944974515,81.60467612106119,104.03320987881261,119.56229076351705
3145.0,71.19712604308208,81.34178094122848,103.79101972634484,119.420166201939
3146.0,70.93188079626799,81.16854157832242,104.07301094427694,119.47897764943808
3147.0,70.76255345715651,81.15624756153203,104.17876808667062,119.71302808685495
3148.0,70.66297636524862,81.66696428546483,104.20603786644354,119.87585638796104
3149.0,71.13792796503463,81.8083915448625,104.30099349937535,119.95421632043342
3150.0,71.60664767400168,81.87544456745218,105.10988328381906,119.95328809091276
3151.0,72.13942799404732,81.7822631551823,105.4940046201496,119.96908115388968
3152.0,72.5006384167157,81.52927949255476,105.79511049765892,120.02879412049296
3153.0,72.72924559844333,81.6507197364817,106.65643017907752,120.15981755848229
3154.0,72.89849061245403,82.27442233954261,107.48593160116205,120.3068800318907
3155.0,73.57821069766284,82.81522377993116,107.98206236826657,120.4561791589863
3156.0,74.18500105491051,83.12526757630823,108.60244917743677,120.43495726389703
3157.0,74.38642354600856,83.22821569272637,109.39860370636032,120.40664613978649
3158.0,74.146174029102,83.52362267271874,110.07272312564729,120.3482396130071
3159.0,73.57472447417273,83.5265113165686,110.34565272192565,120.35926164730502
3160.0,72.59208248408336,83.72551940119682,110.64236148093336,120.3893972974974
3161.0,71.6909109513671,83.69091414369103,111.19838989048506,120.26637817825544
3162.0,70.9971341028998,83.38030381894112,111.1899356111052,120.22373130768167
3163.0,70.50918864652266,82.82687450548872,111.14362777652303,120.19158546286064
3164.0,69.83917885137811,82.34524069865009,111.03304144138242,120.03373815513282
3165.0,69.12213316219685,82.37127071196443,110.99380191689218,119.88854266896924
3166.0,69.08148176720908,82.47879555521952,110.82151307227286,119.77782092449318
3167.0,69.07938805144957,82.50960868086273,110.567098436219,119.70920553741516
3168.0,69.39993486198344,82.84503489439837,110.51515314570534,119.7119520620204
3169.0,70.01521362977132,82.8769657278516,110.26331558802278,119.83280200149906
3170.0,70.98469697482234,82.9759488093517,109.74364714971615,120.0005193441634
3171.0,71.66063775743119,83.10402190401648,108.94553998452639,119.98910745114539
3172.0,72.41709571035581,83.15954034341787,108.21918040493684,120.09732545678082
3173.0,73.03653662856048,82.85394002428508,107.80745562557509,120.16840723198378
3174.0,73.55280078294331,82.35651198739129,107.29338515345714,120.25409557228238
3175.0,73.6824362565122,81.98136327356514,106.76300909824737,120.18254127150784
3176.0,73.77486876157623,81.47995821437328,106.20087878256206,120.15831663018835
3177.0,73.77890172143769,81.0495101544154,105.65500570935451,120.11134354392972
3178.0,73.72910022194948,80.23401253728915,105.13635361061314,119.89108515886744
3179.0,73.50501004313995,80.0149571546985,104.9250332308046,119.72306275720231
3180.0,73.36319755123967,80.42656135118357,104.97019348935797,119.53260438552154
3181.0,73.25115944415789,80.61298809577201,105.02401893614937,119.31395944536703
3182.0,73.19339389919645,81.53933230684329,105.07666674890731,119.26444161008979
3183.0,73.08502175183747,82.18940114230442,105.33604302864028,119.17615858383185
3184.0,73.0549678349261,82.76741390444974,105.57096929711858,119.15387209422302
3185.0,73.07883790619952,83.4027503600628,105.72161950422539,119.04508912233597
3186.0,72.93321814265008,84.1923601984579,105.63605181728052,118.92189822104594
3187.0,72.89583411585794,85.48248892606476,105.85112298536293,118.97579028771712
3188.0,72.89010547137563,86.32401522347051,105.92538786266172,119.01953659754051
3189.0,72.92473314055692,86.5631916406557,105.82087242638698,119.17266602054684
3190.0,72.66574323489093,86.7609566821925,105.5085406302714,119.19710740355126
3191.0,72.45593762848793,86.7504558227707,105.18065786993441,119.16097788908448
3192.0,72.25973806654171,86.87952588505865,104.57838268185115,119.14923009708588
3193.0,72.02358677177995,86.62405797706577,103.96994422895257,119.15638415498682
3194.0,71.87972989059537,86.38713185672839,103.22203660908201,119.15896008799228
3195.0,71.85693988134163,85.51146574249556,102.86989089828995,119.33901890672462
3196.0,71.53284825294693,84.53119604212426,102.71636423619253,119.43389453793141
3197.0,71.30208652066699,83.57534948796732,102.45289757894705,119.49584972559991
3198.0,70.96050607583724,82.77381348210365,102.30816586825026,119.48376079017362
3199.0,70.73967906555413,82.17425523657079,102.60640044014934,119.54765825534123
3200.0,70.55156659561212,81.37325936202107,102.50657385450722,119.62888058759846
3201.0,70.37830645358864,80.65677540295448,102.46847082380648,119.69177364196298
3202.0,70.53805309075001,80.2764997252636,102.19509319630997,119.74668833000158
3203.0,70.59430938602928,79.77352473631795,102.27453986902523,119.80032595549272
3204.0,70.6324174032478,79.18870891525467,102.18658175148046,119.77135693475839
3205.0,70.83751271247289,78.84907659073191,101.8992207601122,119.8741764589395
3206.0,71.05140733776932,78.70339038220531,101.91675358880978,119.91360085587083
3207.0,71.15113136944497,78.3979548280804,102.03991339859721,119.91931716919572
3208.0,71.17377371814433,78.41739028806114,101.62161882853458,119.97213557103032
3209.0,71.15831990041146,78.57229625913084,101.46516078340107,119.89647609017469
3210.0,71.17757426892406,78.45161010746595,100.980019609988,119.90169914410887
3211.0,71.06470764314705,78.42826334214118,100.70555326001357,119.98049235971041
3212.0,71.06572041870058,78.24953444033132,100.69707854480335,120.21172309791618
3213.0,71.1551879769159,78.75417959946724,100.77573333569117,120.30861222043958
3214.0,71.13378506254968,78.60195826782612,101.14314148856347,120.12803874575627
3215.0,70.871462724424,78.15561678766348,101.36745157541978,120.00719992126176
3216.0,70.7108126779487,77.77447450802511,101.57133857377282,119.95354760321294
3217.0,70.89861158608498,77.00976003844171,101.5579464575627,120.00615719378534
3218.0,71.07614547402154,76.41965272263337,101.65320170411951,120.14702119878072
3219.0,71.42624175375921,76.09532268624636,102.05089970215039,120.17377987187713
3220.0,72.12967236214551,75.6194841739504,102.78767585559383,120.21791918004948
3221.0,72.87111961938803,75.64015205222846,102.92784962304785,120.12977266435496
3222.0,73.21165667860281,75.37565972074955,103.00413557442525,120.19439369194608
3223.0,73.69705229612791,75.86298630549338,103.03971678398196,120.42439366474713
3224.0,73.9414333880644,76.63000998783419,102.92732086275963,120.58489973872358
3225.0,74.19687869851772,77.4704831636331,103.00374329467756,120.79999179321882
3226.0,74.56679312651018,78.45884959105585,103.45815957849116,120.92594377038247
3227.0,75.5739460920452,79.25450228916452,103.94299914281561,120.90805909163518
3228.0,75.5442783308924,79.99793666329282,104.18750409975986,120.897608568901
3229.0,75.14272252564243,80.74914184886892,104.14802150522722,120.81015722460823
3230.0,74.5840574928371,81.08461949770026,104.38632222632457,120.73015479399947
3231.0,74.57587268743691,81.35733115541234,104.91200948264488,120.52400684742501
3232.0,74.34420502228305,81.69707427628447,105.08340053698012,120.44356964979205
3233.0,74.22668919127372,82.01628273385376,105.34362898987668,120.34539159831967
3234.0,74.15394684122953,82.17155731168363,105.46161588646854,120.34791154420452
3235.0,73.61809223554559,82.0863639180048,105.56205718418735,120.22227233526071
3236.0,72.56056975696295,82.17010831447296,105.30202115324195,120.2489123767493
3237.0,72.04163412334763,81.84689546920463,105.11134468417714,120.27680270068726
3238.0,71.50122719770614,81.49054433297044,104.62904772743711,120.35778179836377
3239.0,70.88146097038629,81.52021892263727,104.09875473369908,120.34618558169876
3240.0,70.34585204656267,81.37407492205183,103.0797440817211,120.49417771627719
3241.0,70.3122696021795,80.9662585425738,102.31605545290441,120.4948388044929
3242.0,70.08453620192944,80.13894764616951,101.98709251007658,120.59738421581002
3243.0,69.77681987820188,79.30308054434983,101.52932076520528,120.7348638890364
3244.0,69.78990206563012,79.0730925732179,101.14089290231061,120.85566812353684
3245.0,69.42722663968944,79.03239133293478,100.86588108674574,120.9908823864078
3246.0,69.19246495669796,79.3423727700331,100.47969305137266,121.01733519803687
3247.0,68.72670064012662,79.62901556910131,100.40302538083138,120.89221987299686
3248.0,68.34104130934288,79.68232210885506,100.32496098128341,120.79901661285132
3249.0,67.71111047302227,80.04153644634478,100.23920477970401,120.61813170738816
3250.0,66.83399542922311,80.35904209718466,100.24433762711841,120.43294861739741
3251.0,66.31664880006802,81.18069863842496,99.87220477905238,120.31733436368818
3252.0,66.29718048501357,82.70523447350635,99.41133223342138,119.92495373051936
3253.0,66.03792528018981,83.41851033115779,99.18098241267077,119.50574861962974
3254.0,65.87132517677978,83.7341474053162,98.8358325899743,119.18254323617668
3255.0,65.52253337131965,84.14436192855273,99.07556384688378,119.0124862347367
3256.0,65.30454993787563,84.73730918272557,99.12822278643253,118.9572504483119
3257.0,65.2691546105339,85.256799042857,99.2780418234734,119.04406084408204
3258.0,65.40822257161979,85.23897880203201,99.91149741702758,119.26054308600379
3259.0,65.30974535702174,85.36116739261908,100.26173833904085,119.42361915605267
3260.0,65.33898144652058,85.35303144129733,100.51005696345858,119.50212023912047
3261.0,65.21134080619854,84.97664974210402,100.89875810697187,119.4881758664811
3262.0,64.92389730438423,85.21733533159633,101.21351087776355,119.61654952542081
3263.0,64.7770262224647,85.15223408738285,101.86965140681325,119.62337106140217
3264.0,64.96830305808388,84.78731972492513,102.34678631452262,119.59134339734896
3265.0,65.38692263534594,84.2158538279841,102.63768032743779,119.64574336395061
3266.0,65.52689418247287,83.80685977474275,103.12931036527024,119.51866047996378
3267.0,65.4428114154075,83.57188970121427,103.01360120687181,119.2839716506468
3268.0,65.42240118135574,83.1029130966557,102.74415350567736,119.11060735877398
3269.0,65.47504462438727,82.78209165891018,102.550079098293,118.85446974123572
3270.0,65.10987197652281,82.35056358412808,102.66749194544047,118.68271070810658
3271.0,65.30864709641163,81.46292433984515,102.77671195481346,118.47035924309928
3272.0,65.36064502820516,81.19239039623497,102.97792745235157,118.32862924315916
3273.0,65.49835680752498,80.89283164217048,102.99863134569844,118.19178326741407
3274.0,65.41828936340224,80.65537983797911,103.06086789243192,118.14728993791026
3275.0,65.69792082614671,80.58278916255003,103.03572988252921,118.17746546826201
3276.0,65.93034740180194,80.9369978068611,103.27458150495563,118.27753462116199
3277.0,66.45806259421911,81.63082094500312,103.80215989363951,118.4243008962631
3278.0,66.76681495737142,82.12221583003696,104.58346274022085,118.69399180611016
3279.0,67.23839050546555,82.31030531458265,104.64714525916258,119.01405757482418
3280.0,67.27376606770012,82.8231943724168,104.45144723484235,119.34273214743588
3281.0,67.37172370883125,83.30249962141065,104.17801051345243,119.60587819613679
3282.0,67.81235503630221,84.04895430303698,104.0059162507571,119.78507674271931
3283.0,68.01747864097725,84.49355315830654,104.06725990292477,119.86586262968709
3284.0,67.97206046271882,84.49460118094365,103.92415088737528,119.89567597763514
3285.0,67.72866541153726,84.56574904859679,103.68858543560899,119.87247307434308
3286.0,67.3981069097748,84.61357250830872,103.1565676617933,119.85725365672961
3287.0,66.98674693197313,84.44821510494626,102.48338540292794,119.96774609134613
3288.0,66.51540501038146,84.54260233877137,102.15564034819516,120.10749573856637
3289.0,66.26809691495309,84.58592898363506,101.92154143171835,120.1571132518788
3290.0,65.91713429412101,84.46602686725855,101.41997592883233,120.12275472238053
3291.0,64.98239428147546,84.3957205519496,101.11220636496154,120.10460030637748
3292.0,64.48596927689057,84.16072323652625,100.77790472875805,120.01384723891691
3293.0,64.18211967982464,84.07009024912924,100.25266987751394,119.89335518699116
3294.0,64.17039119916218,83.3893647660307,100.03568204855556,119.7644657899408
3295.0,64.34883624735926,82.45723472485244,100.01986418447257,119.60852366294064
3296.0,64.64230349807103,82.10576478463105,100.12907264623773,119.38978776656606
3297.0,64.80301324517106,81.60267954056044,100.30510871505419,119.28238663342141
3298.0,65.06260955741897,80.93192418852385,100.49281137716005,119.26327351652388
3299.0,65.29717909863585,80.34440538725264,100.98560328699735,119.41020700551383
3300.0,65.61745583170553,79.73528191586108,101.13407633373708,119.69910976602809
3301.0,65.57918587807123,79.65847128200524,101.41361195151487,119.93948580395173
3302.0,65.09748318813664,79.95879652098003,101.80108448178461,120.27753074859505
3303.0,64.31457880675718,80.83847107334599,102.24320885558895,120.63079707567638
3304.0,63.085498783231955,81.98580860420424,102.81618753741569,120.98607939364227
3305.0,62.09919531675736,82.42563073446509,102.78927471749314,121.23727286040305
3306.0,61.339556027407944,82.84980441242632,102.71610083737151,121.21630996683811
3307.0,60.42069326076593,83.52123568795795,102.51817850661729,121.01624987008157
3308.0,59.851397012005144,84.15649703228588,102.15558549038454,120.62535914330594
3309.0,59.55212609273839,84.74422351601184,102.05483504165001,120.23921856817628
3310.0,59.33046694784232,85.1982333721427,101.87793017932773,119.81015219699087
3311.0,59.129444780930044,85.2349355421221,102.1336955717414,119.39388445424042
3312.0,59.2794843289678,84.95297492731555,102.21359763059682,118.8569902323301
3313.0,59.8811922319959,84.23932105965771,102.32132983345286,118.31728829296887
3314.0,60.60011633376249,84.09153551381304,102.84379788831872,117.74876722732287
3315.0,61.176871031721916,84.01227980782573,103.28870577733566,117.37512003086256
3316.0,61.766467114216404,84.02568007001324,103.85557959380314,117.31078793416852
3317.0,62.08948884941284,83.93848036356465,104.22681584109198,117.40195447299219
3318.0,62.31094908697531,83.81250949089807,104.61403253827456,117.45866267394074
3319.0,63.30148854638883,83.8287923129765,104.89988326578904,117.6601361641045
3320.0,64.50632964970603,83.92867509370977,104.84993814882768,117.99032972210229
3321.0,65.56543672687049,84.17226458398906,104.79189507519695,118.39222402465381
3322.0,66.33248844939692,84.20874049606964,104.5020354801188,118.76815077713894
3323.0,66.77781725372198,84.27588539384163,103.96108594753727,119.2775890091394
3324.0,67.53290935931973,84.6253375087603,103.45477543121649,119.75785658284265
3325.0,68.28032987582277,84.73615514794811,102.83916024406902,120.04400242607494
3326.0,69.10265594932918,85.23392646420506,102.44763845763329,120.29676152565096
3327.0,69.74905061549677,85.97341009930632,101.97761846110008,120.50279469482794
3328.0,69.83430023795815,86.67305490705145,101.63322098315335,120.67769337476197
3329.0,70.36274774854249,87.4614820580084,101.15095103914139,120.7241801627692
3330.0,70.85167223784052,88.00377130034748,100.55390243707058,120.79030857997924
3331.0,71.13495004318513,89.1772297701592,99.96322411197227,120.8549285940855
3332.0,71.22040599926288,90.05012901584647,99.42174489306282,120.867506773527
3333.0,71.04752623301484,90.35224159601779,98.91122203246502,120.90390708706727
3334.0,70.96673655015266,90.64555512655947,98.62533346793535,121.07090790025083
3335.0,70.94454385442214,90.35335478909536,97.94395143806524,121.19233074138475
3336.0,70.94839054496246,89.78156808697858,97.14072886185386,121.42681343507763
3337.0,70.71959325946136,89.02627113578924,96.37430425442643,121.70505383246092
3338.0,70.2421559592371,88.32373313151,95.88889520895924,121.78797744932912
3339.0,69.99783430888343,88.15189333368994,95.77863948166973,121.86547396618045
3340.0,69.97509675611278,87.59868062809304,95.75695442820248,121.9576399493686
3341.0,70.04021203952313,87.22317137165466,95.93527150044308,122.00717235980473
3342.0,70.1887457133065,87.32647354507864,96.17527416195288,122.01213663602124
3343.0,70.29894524586953,87.56540207920088,96.06870329978697,121.81584250692232
3344.0,69.97227860212456,87.66967137413884,96.56668774478322,121.69225631486316
3345.0,69.85854458944507,87.88729095352755,97.12258438223238,121.49983201100362
3346.0,69.96273047999095,88.05198359489793,97.38170324429029,121.36349379159266
3347.0,69.67010786552278,88.28733565101959,97.7700317928972,121.39310253098563
3348.0,68.98054731141146,88.21780234574187,97.39556695965972,121.36072491793605
3349.0,68.59216929942967,88.3117185149584,97.02769087680757,121.29689873731684
3350.0,68.17674816150613,87.85233690133654,96.98438655381044,121.28663811627774
3351.0,67.54957815836272,87.01649945123367,97.18216713662538,121.34187865314634
3352.0,66.76205221157247,86.03229040932192,97.78951754051279,121.55528434812189
3353.0,66.44636301730729,85.20146754035116,98.00710896542266,121.80649512591529
3354.0,65.88497778345713,84.33907493348659,98.47710146672497,121.95707867661211
3355.0,65.2314090244416,83.87736438273475,99.20782673265582,121.9447609628157
3356.0,64.88177423531242,82.98319197003512,99.65111344270365,121.87629322393472
3357.0,64.8075017982893,82.3823499284201,100.60152338027572,121.80776325518403
3358.0,64.31525854388339,81.75490912242823,101.45635728916118,121.72507615934897
3359.0,64.06803269541761,81.5588987961389,102.28927623936433,121.67240102487919
3360.0,64.09290426207598,81.44759827697285,102.84512949763314,121.57403605621039
3361.0,64.52109184921238,81.53091317607944,102.96806452321493,121.43493424729
3362.0,65.14732333462307,81.52779035278132,103.10399317177797,121.12831189612834
3363.0,65.81985461193771,81.31458291385756,102.77127759487165,120.99480827421209
3364.0,66.4402848466091,80.78564081490867,102.32254768617835,120.90303883997352
3365.0,67.08377885689418,80.4892789790871,101.83673103599563,120.938955647847
3366.0,67.7294536541287,79.93719856865599,101.60428764499966,120.91671335608208
3367.0,68.78140073198686,79.73844027905702,101.21849628500834,120.85475997537668
3368.0,69.81262997227188,79.68031664211966,100.64858084967489,120.63095463858181
3369.0,70.53671301471209,79.93368925299316,99.79485063761392,120.39375912467182
3370.0,70.62954175709365,80.12318281636385,99.01009637496794,120.35233755494563
3371.0,70.30571547926199,80.48015821903937,98.2420359786317,120.42987251291203
3372.0,69.89738052517563,80.84513805965213,97.56114570327777,120.38808277770258
3373.0,69.57613838788916,81.18914555881311,97.23743563322672,120.40636449712727
3374.0,69.30212025805714,82.52720180048325,97.14442086952718,120.32213817781064
3375.0,68.86358017302832,82.91826601269352,96.84968334243625,120.3523602237197
3376.0,68.25826224785844,83.20477853005328,96.60828836700061,120.38045746860533
3377.0,67.5042446361173,83.33158883161065,96.06814806652417,120.51870680252628
3378.0,67.12796063017994,83.39728974633121,95.8052018958091,120.57148037937856
3379.0,67.18660848755857,83.12744534448402,95.59702851376562,120.4929781949285
3380.0,67.26504949161703,83.33339351748411,95.36145178200029,120.43559598150071
3381.0,67.42344061370167,83.33000757374658,95.18897167656144,120.38741576888
3382.0,67.824274293169,83.33207248254301,94.82324254755004,120.32550790977669
3383.0,67.85792308188734,82.56593639352472,94.15185534803973,120.15562648412246
3384.0,67.68556193698628,82.52225471073064,93.57155318048552,119.93698892969276
3385.0,67.47088726974432,82.2566103851265,93.32480588139241,119.7584844112869
3386.0,67.3113596060625,82.25304723675234,93.3515929958419,119.55502941979351
3387.0,66.7034253473227,82.04574535508043,93.42082978172249,119.53022340174941
3388.0,65.89988642162382,82.25860929462158,93.7153645228999,119.44387531236534
3389.0,65.28225890036308,81.92624226527913,94.41945717739334,119.36826125717388
3390.0,65.12874827071701,82.03861151055126,95.31796299515983,119.33981953458152
3391.0,64.93905660004259,82.50508797580135,95.96521764039889,119.21930270086017
3392.0,65.01603463038697,82.74384151582375,96.82528776027785,119.23544749669324
3393.0,65.4271812496081,83.1100698670904,97.23703404998393,119.36628281774422
3394.0,65.68535200209564,83.30796717019567,97.80138478971247,119.558271401853
3395.0,65.82537086050186,83.25933507163568,98.44130976392077,119.78738984327003
3396.0,66.03584436675546,83.09229890261551,99.00389457580685,119.84188710420304
3397.0,66.27067816852262,82.91848845565471,99.66676467830618,119.90250940564623
3398.0,66.23684656964215,82.93732843917724,100.14956808928018,119.86737393155019
3399.0,65.84925722437035,82.82099901811321,100.49796137845887,119.82112592271196
3400.0,65.7851015881619,82.57259038255599,101.15507140012292,119.8188752121
3401.0,65.75733745325093,82.42206324049674,101.44102906710467,119.80428362008982
3402.0,65.68764549821927,82.04139827441638,102.1543471404608,119.79393638886084
3403.0,65.92308703508368,81.85580321350363,102.68801662927135,119.83613204560338
3404.0,66.10731717491267,81.76292847326764,103.50360361441861,119.9155812773818
3405.0,66.65919666794895,81.631934885565,104.33832785464546,119.98967198985397
3406.0,67.0533126831905,81.29352044350783,104.89353629009943,120.16120307593124
3407.0,67.61664419668901,80.79183897244542,105.46677446358476,120.33781203379044
3408.0,68.25545919118962,80.21642307791342,105.95906729778827,120.58049963978219
3409.0,68.24197741144403,79.48973885909554,106.35307196583038,120.92039747302918
3410.0,67.95906956423087,78.4723225654664,107.25392095811807,121.18987264589707
3411.0,67.86085294280753,77.73618801085524,107.95473792083571,121.2793574047259
3412.0,67.30782511302225,76.92470790792083,108.48994031280968,121.23894586621672
3413.0,66.82761971641443,76.34995985943279,108.4996738886006,121.08640968516339
3414.0,66.16226033691301,76.0164624583946,108.43849485007445,121.11438024387131
3415.0,66.08864226144257,75.75000079387104,108.10120825719066,121.07432567391294
3416.0,66.46915003599092,75.78148175744025,107.74842537338073,121.0936600588889
3417.0,66.57274236250652,75.92005052335044,107.59927207802268,120.94492258175944
3418.0,66.99500565035157,76.30438749692115,107.19304730759843,120.71994095725285
3419.0,67.26977978550028,77.14665171635845,106.61495430797027,120.48981297354098
3420.0,67.64862091350166,77.82594076345988,106.00699143058472,120.37282005480749
3421.0,68.2509564455134,78.65703658504393,105.55768699814104,120.41391146238917
3422.0,68.77367194163347,79.31053897313149,105.22428525801207,120.51492248498134
3423.0,69.76471690749376,80.07841546547412,104.77334918235793,120.48083321684149
3424.0,70.32009019888548,80.77222367694209,104.72914314279143,120.54362156930158
3425.0,69.9408100286435,81.32050295621245,104.5200892827243,120.56190199183105
3426.0,70.01796940854904,81.86478594258398,104.20678792634689,120.62828636232005
3427.0,70.13882113064184,81.95824441763044,104.11874127086703,120.71780621997719
3428.0,70.45754572936967,82.08829739839135,103.91124149085815,120.83143506921755
3429.0,70.1965256800999,82.61151701510936,103.83468526017437,121.03730118223261
3430.0,69.79547268666666,83.10477474042322,103.81229393835588,120.98261710575159
3431.0,69.77812208802166,83.48557636386104,103.71842449132407,120.83295137266411
3432.0,69.40510902817587,83.43710029705102,103.61494634358179,120.78086505139177
3433.0,69.32181727080214,83.59095898898255,103.61459876200362,120.59154374131809
3434.0,69.45647110281418,83.62033510821449,103.88784189828357,120.41760560730896
3435.0,69.61926613142951,83.62980495798128,103.95866757026278,120.31162907672766
3436.0,69.51699556446611,83.94500633583478,104.22432591459511,120.19715272094491
3437.0,69.81552225947746,84.09147737220076,104.38392820877131,120.10204855535393
3438.0,70.73521018174574,83.88104073601981,104.72902689658248,119.79335884986953
3439.0,71.68613994703499,83.52930883860783,104.82731520690292,119.51658200297734
3440.0,72.2582939591587,83.4459417485637,105.15885167309281,119.3420255056229
3441.0,72.47426478766374,83.40258957607749,105.7877348268071,119.06902707323931
3442.0,72.37007849199226,83.24141726622823,106.30871485980725,118.7657141931669
3443.0,72.74021251539008,82.97506599804127,106.66758838559842,118.49222664197856
3444.0,72.69962227497712,82.73538961575979,107.0864394445139,118.25059941267038
3445.0,72.67781645813348,82.60256868505041,106.98300042985544,118.04214108898275
3446.0,72.29034123811455,82.48373514242725,106.86562467387546,117.88131402708201
3447.0,71.2776062172556,82.87119604611422,106.07289717190014,117.83848702787954
3448.0,70.5303607853413,83.46324416994419,105.47178676582145,117.84859107516759
3449.0,69.76160422759648,84.04843928267778,104.71152326334082,117.78379279364077
3450.0,69.13844276837251,84.99860624952562,104.06163836874511,117.7210460247677
3451.0,68.42408541350598,85.54919913993626,103.45228603888738,117.70002980647087
3452.0,67.52687537552046,86.32661828972306,103.07493082174139,117.624273777177
3453.0,66.88401550191858,87.01095275834228,102.9308389051744,117.62047208258149
3454.0,66.22059509515783,87.95955479415801,102.99782024030162,117.66567103187367
3455.0,65.63999984956268,88.8624515559684,103.11171102783888,117.60966278119885
3456.0,65.56215369769541,89.29790598885222,103.50518371387702,117.471471855392
3457.0,65.37624068723972,89.52959015334092,103.72182711775454,117.34428538058506
3458.0,65.25103387070747,89.40586404141739,104.14363364454765,117.24995345801901
3459.0,65.29664248566237,89.17262981156195,104.07348610271724,117.15582974567998
3460.0,65.6194916257121,89.33180675371723,104.3126663812274,117.00118554423942
3461.0,66.11572717870189,89.56161625554117,104.48796271314544,116.98074167590909
3462.0,66.38353040228886,90.03751994951995,104.42273091635329,116.81280467011459
3463.0,66.89202063299629,90.08093091573157,104.12217845372513,116.6548607061078
3464.0,67.5320314414028,90.25876322313368,104.24845114919776,116.57008470947531
3465.0,67.82783017777562,90.37257676217267,104.32265749316493,116.4657841581389
3466.0,67.99685108806695,90.34468471368565,104.338681940962,116.45575264643328
3467.0,68.31676644948173,90.62637422822985,104.20959674340482,116.42603313852868
3468.0,68.54751686094762,90.45892710030449,103.79312869152912,116.50536306994849
3469.0,68.95903453922264,90.28960120053712,103.53773804015199,116.73648921820657
3470.0,69.44284913604515,89.93221745982936,102.83972989363873,116.8610203803813
3471.0,69.8142323984708,89.36960303576787,102.16947765349838,117.06796245688612
3472.0,70.19385297439678,88.81443162013217,101.78061267963913,117.320186689802
3473.0,70.0744499251654,88.37518696606581,101.02655577713973,117.52002378763606
3474.0,70.11621874861487,87.96962915939822,100.60122088720462,117.81060396289136
3475.0,70.25017033205779,87.67789853754407,100.01405517811645,118.03925322646754
3476.0,70.15428419760283,87.37533924010032,99.42164539266157,118.22925235158648
3477.0,70.0874078130547,87.40320988928748,99.32140599453949,118.34367264073454
3478.0,69.76503356822613,87.34053318775958,98.92065011258605,118.5075601724094
3479.0,68.97064001252251,87.28760950387786,98.82428825561674,118.78574855953995
3480.0,68.7289781212472,87.32944779190352,98.70961321555993,119.0514642175115
3481.0,68.06597929397333,87.40348731803299,98.58643482686051,119.1742531443845
3482.0,67.65368489008443,87.20567280069214,98.6130178317854,119.55742745841789
3483.0,67.00906917505091,86.86683526070338,98.63631516833614,119.92516173564879
3484.0,66.21340000558871,86.67574000734,98.82551087670332,120.37865177297233
3485.0,65.50997625689219,86.2055859838855,99.16791288694318,120.8886431284179
3486.0,64.91538005676874,85.48832789686276,99.71988782914272,121.46474506885687
3487.0,65.04943377824416,84.99875000742105,100.11222011976777,121.88062650476651
3488.0,64.56421953099245,84.07999204737085,100.4089094629837,122.04367095524627
3489.0,63.939064573171244,83.36592252602247,100.83627331920414,122.0695264903073
3490.0,63.54050113010299,82.64750847664948,101.46706081554844,122.02012702804069
3491.0,63.534384769867756,81.66015341524475,101.80074150753818,121.76414698915949
3492.0,63.7349969750967,80.7576411590329,101.75710113793969,121.50660598389975
3493.0,64.1066120064127,80.01925019316553,101.80785748089508,121.20815479392571
3494.0,64.39892090438246,79.2787582801197,101.595139768779,120.9939975389174
3495.0,64.53573411125907,78.76189563098565,101.28712453382437,120.75186236246839
3496.0,63.816498454273756,78.364201817367,100.95399399725683,120.4343056058788
3497.0,64.08273940606745,78.57854105853832,100.60585559651992,120.33643643447111
3498.0,64.20097202501566,78.28096767911524,100.02595250161394,120.2490219734784
3499.0,64.75730312270946,77.97500095134262,99.2360095816921,120.26637862523827
3500.0,64.91305890228368,78.05604791619822,98.54734287174672,120.41720083233898
3501.0,65.23908817706611,78.33541714544974,98.0099928497672,120.51600094558586
3502.0,65.63044401723599,78.10155668520284,97.2161096725216,120.65768165741183
3503.0,66.27543358080591,78.00702543236231,96.60304169165065,120.65776662610043
3504.0,66.71421246727937,78.05461132176524,96.15733554208816,120.49249364489306
3505.0,67.18204308139596,78.07380342436775,95.33793461005047,120.4409290396582
3506.0,67.60615256290642,78.26308694196214,94.78001895469868,120.26891225519462
3507.0,68.25052650559877,78.60994331037568,94.41360935392484,120.10625236145717
3508.0,68.32233508849433,79.1685904318309,94.41366220796888,119.84626447108435
3509.0,68.69270601392674,79.8660045629952,94.69507721465081,119.3830483242714
3510.0,69.00113500016873,80.23129237466243,94.96165108672398,118.79695917854254
3511.0,68.96396594785637,80.95741790186065,95.36631427861997,118.27769901556557
3512.0,69.06008193927337,81.48522757281947,95.69747445822463,117.83089334906276
3513.0,69.37486519653345,81.93581336611942,95.5807191374787,117.68132522713248
3514.0,69.57516779014435,82.56827135447904,95.65641155038284,117.54981847141572
3515.0,69.74303290295957,82.97027353832314,95.65503496951034,117.54407379011789
3516.0,69.52019353468377,83.16585243176695,95.88370368808961,117.54147097143421
3517.0,69.52885160115622,83.34179631333387,95.95059095539597,117.58349372572606
3518.0,69.12873818495338,83.574306570852,95.84495396415406,117.78592101847539
3519.0,68.77127526523982,84.09321149321669,95.83075923947654,118.12296238366307
3520.0,68.25309843955283,84.41739168653287,96.29271054689492,118.27541967120973
3521.0,67.2692086572413,84.63462854885563,96.47123513410399,118.40008679232211
3522.0,66.5545542380813,85.00247920664972,96.82180942741402,118.347392719699
3523.0,66.27627602518743,84.60662521536224,97.58155389108559,118.3997641821008
3524.0,65.80592295917432,84.3046786560202,97.94456201866767,118.3947027753556
3525.0,65.53248442491758,84.51514430960032,98.25456773027518,118.51161653932371
3526.0,65.49375930465887,84.38589308486806,98.48438863380015,118.58159254811389
3527.0,65.83956549161513,83.8452147270044,98.67103414659663,118.59583216045381
3528.0,66.02843194021163,83.1095970544778,98.96181940687343,118.66622265207728
3529.0,66.30985764673297,82.49135511709653,98.95486920851117,118.83574908478651
3530.0,66.77636813517036,82.44648641321126,99.12021793139728,119.04805525445116
3531.0,66.96397336478489,82.43667135049414,99.48929619225129,119.33192798238841
3532.0,66.94568251469316,82.75657692365591,99.60635819436507,119.46814776621443
3533.0,66.79198361776784,82.97861166037751,100.06508971540865,119.54142396758648
3534.0,66.63573733999233,82.69294324768882,100.44959976829784,119.57251321020911
3535.0,66.18483142851359,82.39841976663041,100.84000676316653,119.65367687301143
3536.0,65.79624881967874,82.54627681640108,101.20319253628894,119.70204217668606
3537.0,65.44369177131477,82.734339322055,101.62292264776944,119.70222740641431
3538.0,65.50010633483835,82.9202045231041,102.2397919980823,119.48336244742713
3539.0,65.45699391326802,82.74428891039354,102.44485949818365,119.24410292426352
3540.0,65.55462554864044,82.34250897534022,102.49594747900403,118.98932287696601
3541.0,65.54100819242635,82.18480936048866,102.49069209216717,118.7309706423813
3542.0,65.9888346255181,81.72870527236553,102.76635126138683,118.57683165638633
3543.0,66.40119503964662,81.39184254938199,102.85183554519615,118.30357292862628
3544.0,66.46188388083056,81.61758582133358,102.81109951139469,118.08890344362315
3545.0,66.45388456615262,81.5109497762562,103.02409388681158,117.94993706707523
3546.0,66.57808393738702,81.77470771747609,103.18238017241465,117.84348642102485
3547.0,66.99124109742614,82.2881757143567,103.0228137930964,117.91886101339038
3548.0,67.41951345499288,82.5288473225967,103.45083060897984,118.01044431114981
3549.0,67.87502772343773,82.46223942263475,103.86661687277689,118.04741047634205
3550.0,68.35839553026602,82.26154258207193,104.30551282923791,118.1622103026182
3551.0,68.59861365031779,82.31751093615661,104.1885872953227,118.2151579687467
3552.0,69.00438745352709,82.9073725013361,104.58000791938309,118.3691316473326
3553.0,69.45761195075687,83.00142820542939,104.95848357495214,118.49051590766136
3554.0,69.86475674540651,82.82742534239597,105.17270182660445,118.66318758468668
3555.0,69.84563822712799,82.55216408123826,105.53420702046489,118.88734073679184
3556.0,69.26326616269837,82.13945340126195,106.30700630215902,119.04105169823677
3557.0,68.9859821074996,81.89512615623488,106.81629211675828,119.22567105400437
3558.0,68.64709700801097,82.28512039689011,107.22160011279597,119.45627516771059
3559.0,68.52417702581343,82.28137068824518,107.50392775576249,119.59691676984389
3560.0,68.68400902473574,82.09049226480072,108.19636442948634,119.83676477674352
3561.0,68.76157462559343,81.54885964901017,108.46776565119137,120.00466166636005
3562.0,69.0485485094762,81.50475756970697,108.71771447940917,120.06057023096352
3563.0,69.23150010136285,81.80510157851204,109.25979886450357,119.91094933742797
3564.0,69.52363076187089,81.88464522309172,109.39835262312958,119.75235838119187
3565.0,70.18542889496378,81.7080361984064,109.1946901086065,119.57104551931596
3566.0,70.72832967918438,81.63972734284563,109.04352996946294,119.33953157398017
3567.0,71.34813948562437,81.68534441028267,108.99381904346018,119.08942402896601
3568.0,71.51640806421678,81.68477597913491,109.14664775630499,118.81350600942557
3569.0,71.68366586546584,81.64743005921973,108.81472893685087,118.58159370761611
3570.0,71.53023696384759,81.43551264950086,108.34838674681656,118.4452361567825
3571.0,71.12770510114314,80.67947349316182,107.91891705410742,118.33779048122142
3572.0,70.62862012044395,79.76489557746564,107.14217132042995,118.34366704883854
3573.0,70.15259692989459,78.90835282097427,106.45029199435479,118.43829303981575
3574.0,69.62163917758183,78.19544907455605,105.84960639226519,118.62979268905056
3575.0,68.95046197657689,77.32321530901481,105.54803691544535,118.89277420627876
3576.0,68.05116790305081,76.13940484528388,105.06584717117622,119.1660128532728
3577.0,67.35275438180197,75.27294375203101,104.55693999380964,119.58321029467943
3578.0,66.23152137366903,74.91449705358161,103.98749826406078,119.80020980293347
3579.0,65.44140820543294,74.88902970079963,103.3847793240622,120.01626762327179
3580.0,65.37568564086784,75.02504050300021,102.84617739260243,120.22300221032476
3581.0,65.35738474703047,75.13114518772187,102.16466391383916,120.4420686407718
3582.0,65.45952913132567,75.3614354880711,101.70730312657435,120.5388982977632
3583.0,65.16901421311161,75.81293248323337,101.04861967886629,120.65915494385727
3584.0,65.09098795369246,76.38575155571627,100.17725680974605,120.70704249303317
3585.0,65.21554917685891,77.18114188213804,99.23156727753658,120.7322155979427
3586.0,65.51562422833933,78.15839366585075,98.42528483512727,120.57844390612166
3587.0,65.91370304860129,78.97809167016445,97.99688431000256,120.54187395260158
3588.0,65.98635909543702,79.89149547745032,97.90852491465724,120.5085199128608
3589.0,65.87425062154738,80.94386202204814,97.86898456558609,120.5942483708911
3590.0,65.87905051722757,82.07018141684615,98.11588742466176,120.61663431259257
3591.0,65.74629075657401,83.18779225910734,98.08639515692701,120.6487202577291
3592.0,66.00833315038396,83.76574970658868,98.42757918544098,120.69748192485116
3593.0,66.35498663123758,84.38238253158562,99.0404342296843,120.64923159260063
3594.0,66.61282423966455,84.78967967464713,100.19933857790615,120.62643796280189
3595.0,66.25502095679425,85.02269091170382,100.97013017889098,120.69074056170354
3596.0,65.78311050027388,85.32249179274915,101.6103393936206,120.56466031865705
3597.0,65.62627808280104,85.43862265424642,101.65741628856934,120.45127149482178
3598.0,65.3965844940599,85.57847782396198,101.59340465712276,120.36783337640816
3599.0,65.26307648762517,85.17811926865045,101.95302602761532,120.25310359168635
3600.0,65.13276976288157,84.61202979531525,102.46517765752102,120.19138520488842
3601.0,64.7519608888186,84.05316027096818,102.50125755867923,120.13139981755359
3602.0,64.4865092789954,83.26585607519952,102.28648699691348,120.276159373363
3603.0,64.21765006260885,82.7607714214985,102.05764598611836,120.33309597140719
3604.0,64.24380134775485,82.29139036895235,102.10712307602348,120.48784016548676
3605.0,64.1609469567784,81.95165885869271,102.16306384307947,120.74419392790432
3606.0,64.04288217252011,81.65072435960545,102.67842267527898,120.94861081727272
3607.0,63.7098820767393,81.13197982875946,103.35085605675462,120.96839646128426
3608.0,63.35550116117337,81.27040723550986,103.44258077532412,120.91600521776037
3609.0,63.20901360223567,81.27127063778637,103.46700145910518,120.77559321763266
3610.0,63.22676992073599,81.56566101552599,103.72514459408345,120.5448359215104
3611.0,63.067848882357026,82.14760462802366,103.98203439975087,120.39276580000322
3612.0,63.086377599005864,82.14221370124812,103.92865990781316,120.32224311787347
3613.0,63.21790238841527,82.04610109621974,103.91509424185571,120.08948531290282
3614.0,63.793228210247875,81.92818398969524,103.73739684862109,119.91003127037176
3615.0,63.98840784836017,81.7020566305724,103.55085988603476,119.62742225054582
3616.0,64.31352121712968,81.52295147703707,103.16569114844876,119.50258170445186
3617.0,64.62782707553464,81.23297948719429,102.80525734306782,119.6039492455431
3618.0,64.90718853390497,80.94495531275481,102.12050534999153,119.67569193373015
3619.0,65.21353477668787,80.66007623747592,101.32052167275016,119.84068075731889
3620.0,65.4555766895466,80.24007540140902,100.55684292461358,119.93413362154978
3621.0,65.64908220505515,80.0940774347686,100.0745989710669,120.06219250480972
3622.0,66.07320986999245,79.89815315964084,99.6003779692545,120.27618714260132
3623.0,66.56424774551948,79.57719593495356,99.21100612491679,120.44319821245067
3624.0,67.37752257067666,79.22898528964305,99.09186362687403,120.64765895076104
3625.0,68.06882929124906,79.09594445875099,98.98245249782224,120.80954002395619
3626.0,68.62499662743062,78.9917302918313,98.68692357510746,120.89879371502956
3627.0,69.12066076138441,78.8644156099563,99.00545910516226,120.9980113512582
3628.0,69.50864270231861,78.82567871929541,99.2151048950534,121.03947198905435
3629.0,69.80555010698397,78.98286720120939,99.44198509811793,120.98363748503093
3630.0,69.84410793628196,79.23785517857087,99.64476394386892,120.98138561407771
3631.0,69.9724488766401,79.49410086256951,99.8255802768069,120.93614322146473
3632.0,69.92601375277985,79.63015284440432,99.87126002123844,120.85535358301193
3633.0,69.92804126736662,79.47523153394845,99.85774743073928,120.8829821989024
3634.0,69.98688562603134,79.3330895179515,100.22789750180527,120.81717909299203
3635.0,70.05506306793083,79.50350045127685,101.10034705908863,120.78287287818334
3636.0,70.22308410916972,79.84119204758944,101.67088397576285,120.81964755463308
3637.0,70.17156621665428,80.05990980717452,102.42901412125372,120.76937302513745
3638.0,69.96876584306399,80.29979402163545,102.83195602090751,120.65724324122624
3639.0,69.86102672972076,80.01971649167996,102.90913809208614,120.45389493157305
3640.0,69.24297032108673,79.83241709243897,102.94421990827588,120.19864194189698
3641.0,68.43037178434433,79.97670138763391,103.447306076559,119.97204078373746
3642.0,67.87081148159862,80.73075803587213,103.71568547933938,119.75799003483242
3643.0,67.8125651684782,81.45603560967596,103.51547138463712,119.58892218467062
3644.0,67.62708392905968,81.69318974500716,103.02815169399766,119.36290877564971
3645.0,67.19127508963832,81.74956714214508,102.57607802195433,119.15253003915987
3646.0,66.99853770971602,82.23550765566284,102.30714599622061,119.02077743185532
3647.0,66.89378260903078,82.69908224323399,102.42585921975811,118.93452517106742
3648.0,67.16258862292926,83.60182227557449,102.43348728931528,118.75533901934858
3649.0,67.57102465128604,84.40292108103134,102.19166818557275,118.56928675377651
3650.0,68.0539075052005,84.54301901138227,101.61342643578367,118.25573729420917
3651.0,68.39899911225314,84.16504567643388,100.9302830646692,117.94406629867143
3652.0,68.17055520622924,83.52147746853028,100.1564646751296,117.64397635375882
3653.0,68.50873322940518,82.96579805866524,99.69973094855123,117.3520588194686
3654.0,68.99185683060566,82.3849471072201,99.3021824765155,117.01195910521055
3655.0,69.40829521994229,81.42116795996472,99.13520991925303,116.62580479564383
3656.0,69.88543088634019,80.254414604867,98.59055014434585,116.33998360759406
3657.0,69.76257832457586,79.38158361464907,98.3628647251793,116.16774440321755
3658.0,69.79773219270058,78.67262908998072,98.44047498310451,116.1807082892921
3659.0,69.89959035625266,78.25789332865058,98.94002124542624,116.32893970634248
3660.0,69.7380456611407,77.88178391493933,99.87545042792256,116.53709862885653
3661.0,69.8407584143331,77.7017270087703,101.12647073250973,116.74137625482246
3662.0,69.43455286210714,77.51959906838673,102.23547026459894,116.98156776044979
3663.0,69.11473306939884,77.64638138308898,102.90845786038261,117.35122553849713
3664.0,68.68880897272629,77.78810832498517,103.06306054558415,117.75246249768992
3665.0,68.06361431501482,77.92039122186321,103.3323638470836,118.1015135655282
3666.0,67.53886941944285,77.86210514169763,103.67365657302682,118.40103803174543
3667.0,67.06646177205158,77.87917403941152,104.035998017152,118.690638060319
3668.0,66.6373773665117,77.73313789389088,104.42175801599765,119.02155543659005
3669.0,66.13830505773606,77.95316987377906,104.596086315118,119.3473677378811
3670.0,65.65627582213276,78.09898526289949,105.0969472422343,119.72358956410292
3671.0,65.06530674073717,78.56788662940902,105.43376499187221,120.1242429760373
3672.0,64.51724255109305,79.13034804245157,106.11263535214596,120.52764012591278
3673.0,64.11387587482265,79.83439980665938,106.85287831786144,120.86561706931782
3674.0,64.11834328116217,80.43840396843504,107.9415064574159,121.17813839857402
3675.0,64.41480832358909,80.95282585089483,108.80057483405484,121.41744479170225
3676.0,64.79846897951381,81.21342573472079,109.55007305737037,121.65285232352984
3677.0,65.04926829881941,81.88504545417624,109.91145026113347,121.93154639762042
3678.0,65.46600685042206,82.20075203558494,110.24179394815648,122.10407872848698
3679.0,65.47857145162143,82.61718714304564,110.2529130789459,122.14457462841631
3680.0,65.90571229704109,82.86244621151654,110.48734652993888,122.1801858131442
3681.0,66.18916593323314,83.07382703437095,110.84627286117458,122.01731558754408
3682.0,66.82023881461976,83.14888754370565,111.05249381557915,121.9842716096688
3683.0,67.05414742998639,83.41979087750154,111.052489009089,121.96743034773608
3684.0,67.29842522404961,83.67813287059795,111.1771488025613,121.99035150319692
3685.0,67.38755335022341,84.32450318449771,111.13626220254932,121.91006604849288
3686.0,67.91763768857277,84.75944701717575,111.36191577904371,121.86135419462751
3687.0,68.1753898357996,85.30285300741998,111.38390467284525,121.77298633834974
3688.0,68.47593157368463,85.76572680625614,111.2090458760639,121.77910428899547
3689.0,68.38321289620902,85.98552837331012,110.5557908037216,121.78018557124598
3690.0,68.34207686850931,85.98153135532561,109.98096682033503,121.81875016051762
3691.0,67.77763760356974,85.916055865021,109.51018068204088,121.81437683040949
3692.0,67.43111272750764,85.79677902527993,108.8858672824881,121.67390027734669
3693.0,67.13640274941312,85.80281120635114,108.29556467779013,121.59082642212387
3694.0,66.88511007882468,85.60836793625036,107.66111342170483,121.42626482770893
3695.0,66.1947734115339,85.18412247237062,106.98645427525638,121.12066599874673
3696.0,65.79847541574279,84.78487296714881,106.63222276950994,120.7539172034584
3697.0,65.89842059819091,84.31499701290315,106.08221457392827,120.44261505022237
3698.0,65.80676320536003,83.7486533252262,105.76583096790785,120.0170638268038
3699.0,65.45591248485962,83.46092578675018,105.35379620807785,119.56723559088721
3700.0,65.51330865787546,82.99709679619032,105.03978349379958,118.96802370322459
3701.0,65.61413763936721,82.71827347652426,104.99024707306016,118.49392198052657
3702.0,65.62271243155743,81.95555207622571,104.92133842856397,118.15737500674086
3703.0,65.7059003026892,81.30911029437519,104.710340157217,117.87196317489413
3704.0,65.90005391887925,80.85312194159467,104.44615273953539,117.70622535531771
3705.0,66.37306365644915,80.83703027672946,104.19579752797534,117.6386174835211
3706.0,66.74907297247536,80.68306229092127,104.04372214777838,117.47215971846481
3707.0,67.41182189428811,80.85257449839246,103.8445397124387,117.45895670748415
3708.0,68.33093462247317,80.889971477254,103.87561994447677,117.53671017983469
3709.0,69.15605013107266,81.42009509568847,103.92891922786912,117.61364022593774
3710.0,69.9400835758457,81.85825399659988,103.55068867671775,117.674942468962
3711.0,70.66704978807545,82.6223555344425,102.84456433790862,117.54348803466742
3712.0,71.22767388453074,83.02810633352814,102.46243943539706,117.60823396174065
3713.0,71.33997765412012,83.26427006429523,102.11523513888135,117.59197357905673
3714.0,71.20592370510265,83.33396845174467,101.56391258655238,117.53539524338221
3715.0,70.77425837522657,83.59229581512562,101.07258890969867,117.54973442509379
3716.0,70.2553491497465,83.61492804442172,100.87460315485701,117.42263168056353
3717.0,69.683108003086,83.87638062579715,100.36182235910329,117.36618876599294
3718.0,69.05396787063971,84.0817394969433,100.22475625895666,117.44655036271229
3719.0,68.50063144547674,84.32308933322348,100.17625601977161,117.58031979418158
3720.0,67.78745914061075,84.2205737335506,100.28853181027162,117.72570046580284
3721.0,67.01004292321541,84.33754910403401,100.17391714615074,117.81701881564885
3722.0,66.87846724470029,84.74344404365272,100.16885898477,117.94661753781041
3723.0,66.48785857546596,85.14214879926871,100.3601267312685,118.19710900204834
3724.0,66.20447175650322,85.19273263376508,100.61859895557564,118.50325574678884
3725.0,65.89250224987221,85.5256815674967,100.77802409039161,118.9275214716211
3726.0,66.01733240924011,85.69658023373518,100.92064475872145,119.21678144128148
3727.0,66.4015021640828,85.71212525272769,100.70379850209349,119.42859249987112
3728.0,66.70947833732889,85.4380427291615,100.80863515149838,119.50445691686055
3729.0,66.89144860007353,85.72244218633936,101.06380057023405,119.68586634268868
3730.0,67.25726931259081,85.90530317116605,101.59765219441937,119.81762234927596
3731.0,67.76685335023953,85.60550615521167,101.83723196486447,119.93468529576319
3732.0,68.39251118893017,84.85857269546204,101.70773723990419,119.99625885271153
3733.0,68.95178626810142,84.57581084677412,101.43877658921302,120.11293281219456
3734.0,69.63402143567814,84.05463929655309,101.20028342318841,120.22944658554093
3735.0,70.04302921161845,83.52753274570479,101.11030864167569,120.29466832835217
3736.0,69.92277517260591,82.54702030853063,100.90754523861783,120.4375551299974
3737.0,69.73522484249892,81.99550877095965,100.49664665183477,120.63407976756064
3738.0,69.38996468882748,81.11813191493472,100.11802751516619,120.74825048953957
3739.0,69.20224567915628,80.22078390851675,99.82803516469947,120.83127764659505
3740.0,68.47296134930794,79.73452654628785,99.56884953542459,120.91244878414162
3741.0,67.94277362220465,79.32781776233745,99.56002794297962,120.92770990717729
3742.0,67.41496231648668,78.84771730864429,99.61753660011036,120.82658833090287
3743.0,67.02379191197117,78.48722999974218,99.5577222276602,120.67594060616109
3744.0,66.6784428419974,78.36131329717801,99.06931403510772,120.62766965393801
3745.0,66.6664402159586,78.80706028675911,98.52648479312397,120.66774165016766
3746.0,67.11881477802676,79.04295040055447,98.28162392215194,120.6057149610621
3747.0,68.07470843011527,79.39133208237719,98.02781216937748,120.55023868575515
3748.0,68.72156489157366,79.74075716270073,97.62252753875944,120.42169354728924
3749.0,69.48429629499013,79.73175624063562,97.23208451033153,120.3382483508349
3750.0,70.32535253553893,80.30516744582408,96.96131424037415,120.39784585839803
3751.0,71.22637355267887,80.88425571562546,96.76928280325096,120.57144466588389
3752.0,72.15112004736449,81.34318856780652,96.50276188327196,120.74352904692776
3753.0,72.73409274924077,81.45094593975841,96.4848163536499,121.03276284372596
3754.0,73.29458630491918,81.45561252385157,96.85679754503539,121.13960413350112
3755.0,73.37626932196473,81.45441440224926,97.1492224472776,121.37890647292885
3756.0,73.4382903468095,81.46184427582735,97.35278858792239,121.55450825336523
3757.0,73.27535974875117,81.40972588384165,97.57333074575789,121.8406422649913
3758.0,72.78697097069228,81.7832218614108,98.04537509594502,122.0404106470105
3759.0,72.23825190273652,81.66920861253223,98.37273059972262,122.20794428369958
3760.0,71.63959720727054,81.80829186440735,98.9736698994931,122.17115271263512
3761.0,71.00342533960469,82.00285406095836,99.7915514809904,122.10618590617796
3762.0,70.857080327985,82.15424072043017,100.76440036929831,121.7848811685178
3763.0,70.51119598250101,82.19794097166044,101.36943963431028,121.46595610312464
3764.0,70.33258374989684,82.1274763591511,102.16798598297767,121.0755180851059
3765.0,70.2487813850258,82.0946705974151,103.27956548183322,120.82021957679245
3766.0,70.59232881918108,82.39716521007263,104.33068233087057,120.48502520948693
3767.0,71.49615055595663,82.38093522997838,105.0133545671226,119.9675317127522
3768.0,71.9607242132505,82.37597510061994,105.55879469995608,119.40691333136027
3769.0,72.39233924410954,81.8517838840053,105.79689609110619,118.87692950050119
3770.0,72.78851665414886,81.42335445975552,105.77476338886156,118.39254796231113
3771.0,72.913396161757,81.17947735261649,105.52314902541869,118.06235235722976
3772.0,73.11692330442271,81.12911447852049,105.31181389259697,117.80007265725662
3773.0,73.03549363552946,81.24118270214728,104.82088206200523,117.55665242045762
3774.0,72.65154514503669,80.92679513090778,103.95996235347137,117.24281800008983
3775.0,72.29667738817952,80.68936504412362,102.84659929955434,117.03141226209009
3776.0,71.6949222876306,80.79395928216502,101.8260363266279,117.17154864357748
3777.0,71.70516558808602,80.94716154319912,101.07321505406215,117.40689617231908
3778.0,71.75898946386158,80.95648475454496,100.38312738438955,117.72216321681012
3779.0,71.81716373380827,81.3503224648152,99.77787446485814,117.98648731442455
3780.0,71.83912564935221,81.91828352222302,99.27867641413927,118.05071406203139
3781.0,71.74034459752576,82.36800678840618,98.9008108970783,118.28094475529228
3782.0,72.06283627261337,82.60465416934163,98.63416434502565,118.47644461360284
3783.0,72.39609669956214,82.9073760128222,98.16700139877955,118.6683279370349
3784.0,72.76016397130248,83.0579253277431,97.81838880186832,118.82467393052369
3785.0,73.35868333356701,83.02472339125165,97.50500242108458,118.85477080583274
3786.0,73.55745411767757,83.06663448730762,97.18592916069008,118.74060173722133
3787.0,73.62708998502278,83.5273345353228,96.95686879442542,118.59845536430322
3788.0,73.68631339425538,83.80489303385382,96.87299648854412,118.43735668852332
3789.0,73.59235917819151,83.56894508611116,97.00238285798673,118.57230173365886
3790.0,73.35505977001984,83.37365344897475,97.01605306547026,118.59814602671082
3791.0,73.09631463810982,83.30027093117408,96.97572209562493,118.70860844293357
3792.0,73.11046527277097,83.5947666313759,97.47914981868131,118.76854326541235
3793.0,73.07180828899746,84.04329215134024,98.05393760875698,118.81083177705611
3794.0,73.00222876279246,84.73552100635061,98.47764494573272,118.73573372154411
3795.0,72.8236685716599,85.34941679257452,98.8250633130111,118.73076376814886
3796.0,72.95911055350565,85.64496736842307,99.31532891032343,118.81408794166342
3797.0,72.77008726764795,85.7929850363418,99.71188695362325,118.95899796345869
3798.0,72.72804912282939,86.18358850529816,99.67126854962056,119.0037299876542
3799.0,73.14186666839967,86.90139019225346,99.63716942649968,119.0544760722892
3800.0,73.37873491171015,87.70400602744488,99.51523339270408,119.17704876005546
3801.0,73.45954484150313,88.30778752776173,98.96214932404382,119.1426446930207
3802.0,73.53166885258065,88.5555088701047,98.27886173765144,119.48821079784389
3803.0,73.38018054331387,88.59430293605152,97.85198067058477,119.9554961472497
3804.0,73.38438294534312,88.31944794560714,97.0914268040516,120.21205383062195
3805.0,73.13198242440312,88.3103303776695,96.37645357976574,120.3471605954302
3806.0,73.20887212091915,88.15700669083684,95.7409213056561,120.4719117155309
3807.0,73.30630058888227,88.05416524629631,95.49009108811914,120.57245385378852
3808.0,73.11557305657014,87.46433563186397,95.41484338666983,120.66326617240509
3809.0,72.747859706455,86.36085337113293,95.4781281183618,120.69796112348098
3810.0,72.30324962978341,85.31655031366458,95.73741876433029,121.0271434399432
3811.0,71.65826835831301,84.40027305442268,96.49323815556693,120.92543809878376
3812.0,71.03206222551829,83.19566404327261,97.41672921694729,120.77979405766186
3813.0,70.48539181789236,82.11427036781629,98.80845304279269,120.86933971487059
3814.0,70.01542244323838,81.16643290701424,100.11482012517124,120.9792436553
3815.0,69.36290804492492,80.49385605482365,101.1917575313746,121.11859950028511
3816.0,68.60860962645975,79.9550171766911,102.03416604342605,121.2251592138742
3817.0,68.00900475389382,79.57610181732396,102.85607119004548,121.28899199238563
3818.0,67.39566854059463,79.4101837771549,103.77566848226587,121.32772366133158
3819.0,67.02930825022302,79.04904079044069,104.65771591405975,121.24108884268301
3820.0,66.79135347125629,78.64388290410882,105.34468100168783,121.07411803380614
3821.0,66.5715528612898,78.71661687814336,105.78423670321212,120.9865831105431
3822.0,66.21145705160309,79.15521080377076,105.82314571345285,120.88272936201928
3823.0,66.18983585571766,79.61851819886043,105.8997338120652,120.78641627735686
3824.0,66.12366323926838,79.8938469203315,106.26962497612254,120.67231125521323
3825.0,66.0001652765285,79.86655755669449,106.15414537579952,120.56649818525929
3826.0,65.83800975642608,79.78836931661542,105.84759729566564,120.49751888524425
3827.0,65.99535900626692,79.89977218049765,105.24154012692048,120.41076176606215
3828.0,66.46139714355563,80.27819844793233,104.44624316396165,120.3846829693178
3829.0,66.81129893443556,80.94841040183364,103.58011777304233,120.48146040751048
3830.0,67.2735581263014,81.58757882710285,102.69476946410215,120.43039791849066
3831.0,67.83090089569194,82.22656360141053,102.00984290331195,120.29531320980813
3832.0,68.22447828689346,82.63384091276814,101.45776640742781,120.1901013880774
3833.0,68.69493231349452,83.0712484193133,100.8475519019691,120.03915003911781
3834.0,69.08170667344082,83.54058733492872,100.62040015693529,119.9449596518108
3835.0,69.37907409570504,83.68221627860994,100.3295470346288,119.86296261089083
3836.0,69.27108144494457,83.85045388337402,100.2982586822404,119.78667572088807
3837.0,68.55939091729039,84.03777439010024,100.28401817323035,119.68696587145361
3838.0,68.21082387807667,83.97840470853497,100.42303998606357,119.68640481442894
3839.0,67.53496933905383,83.90131017165487,100.35501440177265,119.76162226011655
3840.0,66.98951362751977,83.69585038041208,100.28705890393019,119.92403990694406
3841.0,66.12669333522815,83.49851136216577,99.79187111610834,120.14668851039754
3842.0,65.45984703645412,83.3658158913812,99.42330614882061,120.34102819242565
3843.0,64.78123216254357,83.33087386732198,99.27192041169654,120.39275841763104
3844.0,64.39163058434455,83.45315862671839,99.31414227132244,120.44418774754405
3845.0,64.20052361889286,83.58839341046087,99.37905405514344,120.52691200667934
3846.0,64.02228554131935,83.72816006560717,99.62959005504771,120.63360436826387
3847.0,63.60331021254731,83.91959137114124,99.70700996433102,120.6136573473782
3848.0,63.54374945520408,85.12476316315369,100.11834095902368,120.55799443480089
3849.0,63.27330439472012,85.272011439446,100.5458295583153,120.43754507975997
3850.0,62.93152439879234,85.25921628005214,100.91564162991793,120.1214630154469
3851.0,62.841645296754024,85.17751346816432,100.75787463711922,119.93949664760657
3852.0,62.97887861084965,84.77737439336681,100.2011878683156,119.90870772049493
3853.0,62.91116599715834,84.39025163396934,99.96448864032426,119.88598340475421
3854.0,62.8425760821484,84.1468673273863,99.40941233242567,119.84598902443373
3855.0,63.19961563218141,84.33115673898206,98.95911483599446,119.83233173589228
3856.0,63.557021649329876,84.44345591998974,98.76159329343076,119.86835245207993
3857.0,63.952748441363156,83.27569410559903,98.3857417376009,119.9590212977288
3858.0,64.45925610800035,83.1866740512659,98.09977171285576,120.10255773507173
3859.0,65.22580274644936,83.59045915733648,97.8948631591292,120.27143500169623
3860.0,65.61884273741146,84.11839892099424,97.98126926832958,120.40179227636308
3861.0,66.20430873482964,84.53727158217612,97.93208823441616,120.58855125804092
3862.0,66.87627201630443,85.15372283145612,97.3645475235517,120.74253377893274
3863.0,67.45494915932014,85.59953481057912,97.18249167704697,120.81436806388344
3864.0,67.83295060108561,85.52968182306587,96.94716909879732,120.82047177167895
3865.0,68.00662594357796,85.49672064521666,96.86031813056309,120.86540657533622
3866.0,68.2526518851127,85.58011729903518,96.71147063364084,120.89766258921293
3867.0,68.66631378372064,85.56956837512622,96.49160999058809,120.84732018930363
3868.0,69.22698449168871,85.5651207807731,96.33646269477961,120.87989827312322
3869.0,70.03511535107258,85.29010841020732,96.07528660064547,120.92992667157566
3870.0,70.84962833072086,85.3179838569408,96.40756461286628,120.93993923033742
3871.0,71.54526411065173,85.04846536394923,97.27382283539261,120.96317438246498
3872.0,72.41364311096781,85.13261211655407,97.88445571347222,121.12760522036525
3873.0,73.01707330837704,85.36095958397837,98.43907673042493,121.25551783601101
3874.0,73.83050957372463,85.00499549432386,98.57821330483424,121.30472445330278
3875.0,74.42985645078328,84.94710783430969,98.85534094820972,121.2641244575587
3876.0,74.68241769284329,84.8259963854049,99.177108247029,121.28540817794972
3877.0,74.40719431233967,84.13966199650437,99.35406172134772,121.30284503660314
3878.0,73.89595730466236,83.53530089436819,99.76155415474932,121.27355106551335
3879.0,73.338228157593,83.254183262299,100.10469513102973,121.07078173043486
3880.0,72.4755700351523,83.12607776157444,100.10360043286862,120.81620919737794
3881.0,71.2680892506133,83.02088475363264,100.1120913897427,120.55140316677618
3882.0,70.20528635316148,82.75851244387258,100.01597189030115,120.2533942641612
3883.0,69.09682679906226,83.11275879510363,100.03829052330659,119.96174404239142
3884.0,67.75582699277422,83.38177000343494,100.08034506094899,119.83596841747203
3885.0,66.77790109109637,83.8716808023191,99.85540917473651,119.86980751316165
3886.0,66.13152322115408,84.24089951147955,99.88106986888577,119.84509585280789
3887.0,65.92109027947079,84.82644075009685,99.95034852536955,119.79481199275172
3888.0,65.77400852685051,85.3109605287759,100.24594142889046,119.85460327159366
3889.0,66.04067605394536,86.02041817933909,100.2095815381148,119.84847752936194
3890.0,66.63800560858692,86.39292819643717,100.0417224044645,119.7730013215004
3891.0,67.2852875167309,86.65961322347992,100.03656301624451,119.8912644624455
3892.0,67.94410508674214,86.84118040571717,99.84737087624339,119.94147528067677
3893.0,68.78600540406119,86.57167895077482,99.60202486112554,120.06875863520601
3894.0,69.43863806216613,85.9888570953478,99.47286588737208,119.98172929282022
3895.0,70.50654030934295,85.61101077372014,99.32993267992786,119.93737126149165
3896.0,71.23261176759385,85.31824220742328,98.9571902853251,119.89902298097653
3897.0,71.80405965687984,85.18181442646187,98.22486682888302,119.81992071328251
3898.0,72.16572844241016,84.9095403744827,97.48520014753049,119.88372394802371
3899.0,72.52607568556948,84.61118675926915,96.61744084717628,120.01667088885719
3900.0,72.61309317666866,84.55559622597121,95.8619865975688,120.04156401473831
3901.0,72.66710073863644,84.25663660198309,95.37454356025086,120.26542404267832
3902.0,73.00291440174418,84.25689161520324,95.0534705910944,120.26137337604166
3903.0,73.27221872370215,84.38347448541728,94.62673604554092,120.35310578993969
3904.0,73.09337739620594,84.52002881797812,94.58236722170825,120.47941610824918
3905.0,72.80300106447459,84.38258766053622,94.39701628609382,120.63156238983326
3906.0,72.38008352310744,83.87664346115726,94.46597756654236,120.84155474413294
3907.0,71.67382523306925,83.38895264283272,95.29997693327368,120.9622939351904
3908.0,70.67505185843099,83.05427090429612,96.23795963324311,121.08500601926144
3909.0,70.1549628540899,82.71643049983406,97.21675343806476,121.23066949067936
3910.0,69.60523841245336,82.59272397147475,98.40024373041521,121.22285651411946
3911.0,68.70543437330971,82.45532275178815,99.19352435905785,121.28954151276115
3912.0,67.80825354645022,82.66157968952308,100.3909422080164,121.30968073184032
3913.0,67.07452398032746,83.05938110051264,101.18403907169443,121.2816269812962
3914.0,66.58871132770055,83.43647504884417,102.16174297781254,121.30705784431618
3915.0,66.16978485945978,83.81603451363495,103.04116516958639,121.1728989476106
3916.0,66.01334323277352,84.20821303760471,103.35874599930702,121.06159793495904
3917.0,66.04214332651343,84.02118441304594,103.82465612256902,120.85227760094176
3918.0,65.64768758941695,83.88421918308438,103.8522033914862,120.54349306676521
3919.0,65.40414569222924,83.57147110573776,103.45002580568597,120.30194212642348
3920.0,65.47302673966811,83.32139711811789,103.56839455715541,120.23105013357893
3921.0,65.40191612860156,82.80537449767492,103.50781560845924,120.1953268400083
3922.0,65.19913601824005,82.12368827938417,103.60576800325052,120.2539398972928
3923.0,65.17441873723095,81.91141048709426,103.72165270368446,120.25870112961198
3924.0,64.76952936364515,81.9405691628311,103.5082735061697,120.51087894661086
3925.0,64.51958191580825,81.78490828626258,103.11447662590255,120.78953888919742
3926.0,64.39927313867933,81.91049244972277,102.65914480043311,121.01576894892595
3927.0,64.51772406314204,81.84804907437344,102.25815413361765,121.31003451763983
3928.0,64.59505320738234,81.82722785984332,101.93373418195513,121.60959760450308
3929.0,64.76249159712214,81.96820351529789,101.45911865464429,121.63282449785939
3930.0,64.95846463637169,81.72976717665782,100.7590033474348,121.62336443571361
3931.0,64.73139751340368,81.61416756431998,100.00103495211285,121.59168615319152
3932.0,64.46187695290806,80.98956391768587,99.25128249287211,121.57744096556075
3933.0,64.566071628972,80.37767970029284,98.807974298896,121.47597586988152
3934.0,64.77866371708194,80.08473339429628,98.56312916056339,121.34082137863878
3935.0,65.28959396490819,80.18006242043226,98.14826311436914,121.26957136433798
3936.0,65.73995655688354,80.08056685809018,97.93124032892906,121.24720338915208
3937.0,65.8238829717128,79.8769190157165,97.8914792875691,121.13018871953739
3938.0,65.5752972998457,79.38715293021296,97.74124905000417,121.19970809524224
3939.0,65.74329468393279,79.69117201372606,97.80038864414041,121.22443949398705
3940.0,66.3213266720009,80.0610678443341,97.5071580768375,121.14059571443478
3941.0,66.78056042278457,80.73259232698818,97.29770615849782,120.93866227094578
3942.0,67.35922476971308,81.12610621276687,97.06424193224059,120.76757208596733
3943.0,68.05108195671258,81.40989780186452,96.93655554198298,120.60132525617843
3944.0,68.2169411196694,81.0965073987604,97.03170337730046,120.58781059292285
3945.0,68.4939603175603,80.96962904430934,97.26736663367629,120.55216037978226
3946.0,68.92604119786644,81.15065064185879,97.16715302309147,120.5025127989808
3947.0,69.25765453150085,81.25148787656661,97.42486002805254,120.32030196807214
3948.0,69.08911575197504,80.99671890043135,97.76482046647574,120.17736718757885
3949.0,68.60559627037921,80.56690309138224,98.20738839709709,120.15212686709262
3950.0,67.84189818983822,80.25748851560616,98.50691055444337,120.21057399644151
3951.0,67.05760961641136,79.68127447711827,98.70521374694299,120.31784395038781
3952.0,66.08135723140146,78.98697869542929,99.01239416719841,120.42672521205604
3953.0,65.55887465223365,78.70940794305064,99.30792072264238,120.59276965649322
3954.0,64.6537074335316,78.54653818067615,99.69139227506825,120.77742126053198
3955.0,64.0479053208749,78.4372686343822,100.28453523171095,121.00140520917297
3956.0,63.797931926428156,78.3439990122621,100.37687533720066,121.34880084228223
3957.0,64.02042269587027,78.33518834723786,100.40968858101634,121.62225161194927
3958.0,64.67781660585581,78.41376041631105,100.71578274963828,121.92476115928224
3959.0,65.3137371413895,78.04655664104124,101.0018860512996,122.2092744143201
3960.0,66.09616526973015,78.00486994430548,101.30726085735557,122.34123036048248
3961.0,66.51437573065067,78.23294909598685,101.65968331448882,122.4948384292913
3962.0,66.51086141614836,78.47929840660352,102.04223537082504,122.52280782900367
3963.0,66.95862637582876,78.77483286780289,102.13117218657887,122.58980171648409
3964.0,67.32267716442769,79.07648704781771,102.21478143667221,122.59874022712317
3965.0,67.68527944939305,79.62401844245738,102.50832227920097,122.4184192116233
3966.0,67.36878729023948,80.22770783451354,102.56076580857757,122.34587331818119
3967.0,66.80496100927449,80.64121380047246,102.51192384138439,122.24946451729102
3968.0,66.85379359408739,81.38237310800315,102.4866420696308,122.29223736667228
3969.0,66.14535564314814,82.25687048487607,102.53995945194231,122.30153833200902
3970.0,66.06062698702999,82.73779616545681,102.53057737776906,122.27120661358167
3971.0,66.17397809629142,83.00333193986717,102.4425494782268,122.10467422814816
3972.0,66.13495402820631,83.03302669239324,102.25606926952591,121.82544017755814
3973.0,66.27494057629339,82.93788820136871,102.1600396464595,121.68934459690078
3974.0,66.02369206227672,82.64453142412798,101.93098483875873,121.58904268912181
3975.0,65.86480659527167,82.09125800678643,101.78674685528034,121.42245625344523
3976.0,66.16421900433144,81.91750154062828,101.54972679557552,121.23544446601788
3977.0,65.93386365298713,81.40495834042481,101.31577210239573,120.9618821062261
3978.0,66.35820261847913,80.8473172157658,100.95652588290275,120.72008642483549
3979.0,66.36682197960337,80.69965406222163,100.33840488163179,120.50759609192694
3980.0,66.32362914863772,80.34172439534125,99.93884592910045,120.33551098063873
3981.0,66.17339356685432,80.06464292947115,99.560007768874,120.2558231976282
3982.0,66.13874260828369,80.28666617759997,99.20883621312201,120.10470537398751
3983.0,66.39132872431111,80.47284920278037,98.95294697465512,120.0275714295996
3984.0,66.71503042359384,80.6519314432889,98.97842797052581,120.0252114787602
3985.0,66.95120493310878,80.52784715090543,99.07103792525137,119.98303316360241
3986.0,66.94489235979202,80.61452808354939,99.34497046811951,119.93403743200815
3987.0,66.60525216592251,80.47387740598595,99.46419494877652,120.03829119748106
3988.0,66.39548222519177,79.78048916762367,99.57850268206577,120.12767537581902
3989.0,66.30542478096572,79.39637410380487,99.57598223274947,120.22396219963186
3990.0,66.1088255404045,78.99424491483458,99.69710267005587,120.37903182375516
3991.0,65.46479508836964,78.34353969639326,99.58926854271779,120.568958212918
3992.0,64.91430211403886,77.7883515281107,99.46090807291142,120.78525750391367
3993.0,64.51455509427913,77.18750926367981,99.23209806043606,120.95432406089989
3994.0,63.99638958759192,76.56196563949945,98.8869800193777,121.27663987234752
3995.0,63.83864006362347,75.74174818279764,98.50669473139905,121.65204994067643
3996.0,64.0678357215982,75.1129844648104,98.45610455569461,121.86897590107165
3997.0,64.33241277484412,74.64483885386731,98.57930425770186,122.08177661412044
3998.0,64.30504167888212,74.54970422924082,98.45011543041741,122.38421288548332
3999.0,64.44926372013019,74.60531583856583,98.43385481227047,122.63756280103169
4000.0,64.78338531455465,74.47284642845972,98.84669658332204,122.81341250137673
4001.0,65.09760651980683,74.55505487604111,99.3547829146682,122.81062559247108
4002.0,65.60233894389873,74.96932346975359,99.5958204266777,122.87317570113262
4003.0,66.08679979501238,75.15443850748127,99.89052973703086,122.76366394173203
4004.0,66.42762616009205,75.4660810334558,100.09352069679493,122.47459289059559
4005.0,66.45740833232969,75.87406208292772,100.07622265440953,122.34447126826906
4006.0,66.32478044622167,76.50813717528067,99.9826501433034,122.1533695961475
4007.0,66.43500001305404,76.96250995959056,99.95306362906202,121.85472685292663
4008.0,66.62535171366541,77.15889062521225,99.99512760208748,121.44405883417842
4009.0,66.41380156566944,77.42421930267558,99.71344938931524,121.09864376136296
4010.0,66.34108820459299,77.50368496266219,99.39296310761246,120.91730894786771
4011.0,66.33712973233403,77.58012275574472,99.23505259268471,120.6446305443509
4012.0,66.30033519762308,77.91088689276285,99.14590328100196,120.44507293249626
4013.0,66.36822077790076,78.26492658291238,98.67753593538524,120.32729853420233
4014.0,66.74121836101584,78.36740354141057,98.62481476193143,120.06327775762381
4015.0,67.30535558849405,78.45106392731446,98.49503537812083,119.95541758972338
4016.0,67.95522670768443,78.48684487190648,98.29587858896079,119.88193875250195
4017.0,68.4488892565086,78.64302905102092,97.78138999217812,119.88530350673803
4018.0,69.12552195256053,78.63654463384005,97.43194200360779,119.79378223022614
4019.0,69.7132749180371,78.72971793276517,97.0732534413181,119.6583081291798
4020.0,70.08444400694253,78.70537846771718,96.61228405475845,119.63272153497752
4021.0,70.34462541100667,78.8753634077825,96.03444787506784,119.6168420703807
4022.0,70.5967327336929,79.06467158988836,95.82633436883498,119.58827313351316
4023.0,70.87417681710104,79.15952304065176,95.505341904655,119.61330373550797
4024.0,70.99686531093285,79.06698856252774,95.36193121107516,119.49204490133437
4025.0,70.92228177397332,78.66657257398579,95.28376039814337,119.40599395760702
4026.0,70.7420738964272,78.27553604248976,95.59598000522413,119.29287415397313
4027.0,70.80792784723658,77.9667762030713,95.76934261662905,119.47755537332876
4028.0,70.73768131336216,77.5840719609273,96.1345399199645,119.72342343236939
4029.0,70.39120861043885,76.98650685113638,96.777001710813,119.84940281518269
4030.0,70.24371723174986,76.08848098244039,97.79422544263835,119.99594859670978
4031.0,70.26179328447368,75.57197316605888,98.85223843908267,119.98032764965824
4032.0,70.0114815063035,75.39302415647256,99.96429519919677,120.02041591744239
4033.0,69.86448368003444,75.21307576612598,100.92619689132775,120.15350487622717
4034.0,69.84436917177506,75.26577517762132,102.04807003143124,120.34592949797425
4035.0,69.87452563210755,75.47851782892502,102.84552078442152,120.43204400929369
4036.0,69.88397539079637,75.5348414975669,103.43552532721966,120.31551499412993
4037.0,69.81946685212881,75.62305109681375,103.70522248068164,120.11063797722733
4038.0,70.08499940814242,75.81440452434947,103.95696570902422,119.92980770131801
4039.0,70.34147912135407,76.48873165314114,104.07804169459168,119.83015805380758
4040.0,70.66314336742549,76.61464083652581,104.21884328708252,119.97904405173271
4041.0,71.0765387958935,76.81727745127603,104.10537851009086,120.1286255755626
4042.0,71.01231050456087,77.24809670823706,103.92171406577607,120.30598582252661
4043.0,70.68841066998532,77.75938625608339,103.7940885119788,120.42042713127327
4044.0,70.68583675453581,78.1241902682922,103.61183176934107,120.63133529852482
4045.0,70.66825561279451,78.69885275926853,103.38546199004577,120.88668157019744
4046.0,70.55578374455325,79.47660197637906,103.18601664998029,121.24182348019201
4047.0,70.25681274612164,80.40743659860273,102.76684398869578,121.61860720779858
4048.0,70.00398672698472,81.04373588972938,102.1613940462579,121.73932858463525
4049.0,69.4470255385749,81.61104308496927,101.46326762806903,121.81720337962606
4050.0,68.72528612200828,82.07863427891627,101.05220597854937,121.80945292821256
4051.0,68.65587382044977,82.47555830689276,100.75012642162751,121.73584075618177
4052.0,68.42767688931212,82.3969353756456,100.16232482517353,121.54607513570454
4053.0,67.87490974192936,82.18079337099512,99.78711574694927,121.391802413015
4054.0,67.39841619549692,81.9749370179552,99.68731540924313,121.29388350702135
4055.0,67.46590487302183,81.3295070596735,99.72522472004998,121.12919623614216
4056.0,67.72704016312143,80.50984727026133,99.80804314599672,120.9323359411038
4057.0,67.96302679423226,79.76669266489137,99.6758445279207,120.87638630576933
4058.0,68.27971317904259,79.15656464987029,99.67178556040844,120.6451970460921
4059.0,68.97177399227246,78.69769455350993,99.70073135333705,120.49810099916633
4060.0,69.35905680539442,78.06361050746781,99.6314581177306,120.29493351909944
4061.0,69.98170459539003,77.91868473066744,99.81337836067976,120.1464948101203
4062.0,70.34171947043858,77.72440154488554,99.96423092039882,120.17959101126534
4063.0,70.38457639151872,77.69730071338162,99.7249609169281,120.14472864657358
4064.0,70.11733596550205,77.99354373584724,99.53824675148854,120.15673984933908
4065.0,69.87765216784916,77.82502145009725,99.47876938637405,120.12622654423134
4066.0,69.52683879324238,77.6858844687311,99.67529176025529,120.00470406334317
4067.0,69.03442217805208,77.86688136647726,99.50338771175433,120.0542429958004
4068.0,68.22174692471708,77.53520576169288,99.14732693775349,120.23782595675483
4069.0,67.6661625511323,77.45930087573338,99.00519244431752,120.40218852391337
4070.0,67.55095315289861,77.12897870272408,98.95394993055186,120.64339925030872
4071.0,67.85130723616182,77.1975644020673,99.02376401201965,120.64501897070984
4072.0,68.02436835932876,77.06867709411739,99.32174854520147,120.65169179885608
4073.0,67.84847502133132,76.81488908902942,99.40774337359876,120.74125597959869
4074.0,67.62563123206021,76.95316904750293,99.5579510217336,120.96350313658316
4075.0,67.22127436660016,77.12979312218701,99.62821197832406,121.26025406002356
4076.0,66.87561162178811,76.74711543586588,99.77248969430052,121.4900361667603
4077.0,66.67127818402405,76.78734880545174,99.88265377100342,121.43522827705281
4078.0,66.3414929862075,76.54612776577748,99.86316923779563,121.45997830794163
4079.0,65.95681469777475,76.4459157372667,99.52251804694666,121.4755847762722
4080.0,65.68051941776609,76.41049277907146,99.00914248171705,121.51462432861042
4081.0,65.53729329319074,76.66708446292316,98.60676045586263,121.56080504837188
4082.0,65.47087428598755,77.23154203901767,98.16199934382234,121.53515134829276
4083.0,65.46503378213396,78.1898063724539,97.55695525345557,121.42349224081299
4084.0,65.70141492210855,78.91724071504599,97.00411775768924,121.38393542982072
4085.0,66.19610728248001,80.01113219481917,96.74118316331617,121.37997577206389
4086.0,66.45601785813778,80.79434762968387,96.73188147490225,121.43064671706047
4087.0,66.75089616726444,81.85155983034929,96.89195592512326,121.35001969280532
4088.0,67.06891767026369,82.826013919071,97.13576922642864,121.20227116851615
4089.0,67.30939041965081,83.72420957743594,97.45271513276731,121.20079379627657
4090.0,67.52108393357555,84.12118999916643,97.93279168279254,121.06675095498426
4091.0,67.86146614231386,84.17208427748659,98.78570851134323,120.90380202158347
4092.0,68.55592004002386,83.6548607965931,99.54450293508033,120.72879867361489
4093.0,68.96396564811818,83.08356709700432,100.31212432576733,120.46505848643643
4094.0,68.942110866449,82.16489372805349,101.22901024828121,120.10379728151875
4095.0,69.08720390868103,81.43426422657268,101.84171590478235,119.85653588797388
4096.0,69.07715100665081,80.87884805724309,102.34133230745479,119.74835444864492
4097.0,68.77520034417277,80.37160249894983,103.13133859363074,119.76269769122844
4098.0,68.07121777039907,79.67741801167108,103.93607127308441,119.59381422092524
4099.0,67.56615283756551,79.18289022124111,104.48410543777067,119.45344693875978
4100.0,67.16726999019139,78.81697217675294,104.89171229183978,119.38497725147937
4101.0,66.59471698501387,78.66178881062564,105.28296895841751,119.37466452069161
4102.0,66.22816065791963,78.9184090629803,105.67696851590557,119.43210367973387
4103.0,66.22740805983906,79.08658471444691,105.83602602008472,119.65123892932118
4104.0,65.99268550922527,79.03747142395977,105.95909137705584,119.76927349834112
4105.0,65.7660989582208,78.64599422240457,106.05918164738155,120.05136003570034
4106.0,65.62112198957283,78.24710008999567,105.84051049671123,120.35999347607867
4107.0,65.74389436482579,77.8624504500304,105.32954873415105,120.76025496062748
4108.0,66.06639203460574,77.81042251727581,104.81433808034537,121.21541953454818
4109.0,66.22451628880854,77.68737379639781,104.0232410710435,121.59978941792944
4110.0,66.03427339655747,77.88541458570239,103.2339832578102,121.95567298873905
4111.0,66.05997878746457,77.9869590276033,102.62628605108523,122.23345346789252
4112.0,65.82655022424755,78.1897264727329,102.10358019555491,122.52878410356833
4113.0,65.7700071627486,78.30157435444866,101.62149870529643,122.80086999597786
4114.0,65.8705985173627,78.45229299134516,101.37328051646914,122.9856782594899
4115.0,65.88247034725754,78.53457440728988,101.27061616026577,122.97292038094106
4116.0,65.81176414596102,78.56182499181965,101.32252571787936,122.93112205915403
4117.0,65.41755441445078,78.40784101562762,101.42320165563497,122.78272482580903
4118.0,65.05560037434014,78.00765923165287,101.4184752216184,122.58692304536318
4119.0,65.03880058357052,77.35111391086309,101.66381029076689,122.44466274453022
4120.0,64.74329242152527,76.67999544380717,101.94415312946558,122.35942849309443
4121.0,64.71734955529986,76.37802243434507,102.07341711785922,122.2696596536585
4122.0,64.80703380523407,76.02756819666395,101.9207171264218,122.1089626735016
4123.0,65.23968078980917,75.92585114698,101.53096297341655,121.78099400925372
4124.0,65.41219994794952,75.85499175904475,101.28154517007451,121.55830134403885
4125.0,65.6493644270802,75.9951175811956,101.06536150099654,121.34796779501305
4126.0,65.91985844777182,76.08541312603649,100.81472524049494,121.20936576572213
4127.0,66.1958740791924,76.42106769739887,100.45209141530705,120.88054448376937
4128.0,66.30427809366627,76.66994361411108,99.82751288595726,120.49726159682783
4129.0,66.256397153748,76.660403522847,99.00351925226178,120.05887324056185
4130.0,65.90450736652271,76.69415390118291,98.26935871309676,119.60320622681283
4131.0,65.6477329374741,77.1028519774692,97.96823680112658,119.32892640593197
4132.0,64.82791208637194,77.63132259207092,97.91747981901798,119.25716718754519
4133.0,64.02640857251195,78.34618826244657,97.84867544511714,119.11860731052323
4134.0,63.40643383220408,78.59947637322432,97.85604738866836,118.91185854488292
4135.0,63.011220199489934,78.7050708080096,97.83555583725129,118.72618286168682
4136.0,62.77249310649311,79.60448886256967,98.0657403490564,118.7552095308966
4137.0,62.63523867596483,80.01838940250192,98.7082901053525,118.99125179869372
4138.0,62.6981077604941,80.61965642643806,99.44554516085445,119.3442080222439
4139.0,62.99738613097286,81.10397473684584,100.06099397632404,119.62047444940828
4140.0,63.42814764824078,81.56077926938015,100.54798313978493,119.76085569287748
4141.0,63.87373650166928,81.56333297310918,101.14004530066336,119.82332941778057
4142.0,64.62351661049392,81.59331534253552,101.61365016396304,120.03118467649499
4143.0,65.40624733498122,82.0575994916666,102.01285047561373,120.21617715938122
4144.0,66.31576364599555,82.56789362864698,102.45770891597815,120.37027227131786
4145.0,66.87886907438882,82.30835236707121,103.06673749632489,120.59820577511869
4146.0,67.2463061603291,82.65466279212477,103.29493841115412,120.49392499650057
4147.0,67.49624406544575,82.90431345166553,103.27461762147286,120.16295178804984
4148.0,67.86333024695726,83.00528556724579,103.37628983038402,119.82981932757207
4149.0,67.82626386899707,83.05419535856868,103.3612456248467,119.5597877634192
4150.0,67.75120864534915,83.35552099489131,102.94090281990343,119.32418739834735
4151.0,67.5831394168652,83.26362388699597,102.6129418783357,118.95766028942367
4152.0,67.45351486696335,82.88019990352488,102.28295404548174,118.65317738026539
4153.0,66.97198400793782,82.28351003569692,102.00501538951058,118.40294730511545
4154.0,66.8305450751628,81.66747727159556,101.78878903613814,118.0951185863095
4155.0,66.69767291094502,81.12609317413958,101.51212790954155,117.92838875147196
4156.0,66.7511597790999,80.77845163541595,101.48114764209082,117.92807276331827
4157.0,66.63885275097071,80.71530220331059,101.48229284769194,118.00078202876446
4158.0,66.52388286142667,80.59051995366072,101.74550721967537,117.94461464302304
4159.0,66.61641216350684,80.27080596704411,102.00687597278632,117.70570551655706
4160.0,66.86591133516758,80.58258443422459,102.02502015597818,117.43815464145564
4161.0,67.12043857151157,81.06929491367929,101.9883789901494,117.07937889982978
4162.0,67.43272266811213,81.50854282198213,102.06804658704196,116.66458217346215
4163.0,67.30960466708288,81.60334662777623,101.87343693805917,116.37658349343502
4164.0,67.09636246881429,81.57160014937968,101.78815467279134,116.06520411289259
4165.0,66.84854736325504,81.67823485906813,101.46530329154784,115.6811400853895
4166.0,66.55167735137776,81.75881294084488,100.91916714221995,115.30935965150128
4167.0,66.80711873969484,82.13869729306163,100.27279734466852,115.08987371309428
4168.0,66.1760121958242,82.36694962325035,99.90101661006571,114.99677596831278
4169.0,65.35003560382152,82.13867278788001,99.38841580648176,114.97286769578086
4170.0,64.32006306774647,82.03340985871037,98.72111901270188,114.99943194206853
4171.0,63.527497144514435,82.19770675824343,97.83842768863397,115.15007816085208
4172.0,63.24735206836473,82.45899090519312,97.09957573043687,115.15828812119685
4173.0,63.16201798165992,82.9435888096042,96.1146687976405,115.17357900052802
4174.0,62.54460769393053,83.04193992163788,95.33527500143803,115.22260445749687
4175.0,61.945781609534286,83.2319462191486,94.70200909520358,115.28795388571476
4176.0,60.72799157156948,83.30461298190467,93.94653201303329,115.39809652303731
4177.0,60.29706518782545,83.48192547607347,93.19534286756212,115.53259958493426
4178.0,60.29616695664081,83.74280737878641,93.00664438211751,115.58524925033794
4179.0,60.458039535677855,83.90615813652497,92.85013209729374,115.81797746185457
4180.0,60.37002855477468,84.28572868843992,93.03906823990613,116.04708082123653
4181.0,60.039166800539626,84.55388893636058,93.28088591160221,116.32406558533654
4182.0,59.712890911993185,84.6719110558919,93.72945780300057,116.57836627551242
4183.0,59.93872197934677,84.95719187336125,94.02678623124483,116.92903639624177
4184.0,60.411876044898165,84.9245315349947,94.4848421141429,117.27266157040039
4185.0,60.768719606145694,85.14244960485823,95.07115939117153,117.76217138658546
4186.0,61.32687610424004,85.43433375521143,95.5259051130267,118.27184754170284
4187.0,61.66751624657975,85.68787829205662,95.70431054454708,118.79783961953406
4188.0,61.91245732645799,85.90064928692834,96.00301748867707,119.16929169766075
4189.0,62.326813115185544,85.83286185226666,96.01342502079113,119.3690930370776
4190.0,63.02527654793282,86.10848974694274,96.05506875912154,119.6100706163784
4191.0,63.6532001045731,86.46962078767638,96.01145099194447,119.79283007572165
4192.0,64.28540707151014,86.77679264261944,96.02904711175287,119.76962947599966
4193.0,64.81436984865714,86.89837983319094,95.88667652519648,119.72531321410017
4194.0,65.68620136885873,86.64087398553507,96.00615907952944,119.43901748860294
4195.0,66.47604730094717,86.35128400110835,96.1180407177401,119.12811685427229
4196.0,67.1134383686148,86.3902345155703,96.15855894286886,118.93976482793033
4197.0,67.80232121313554,86.34244238767772,96.22203037502369,118.71498784061033
4198.0,68.41046661799027,86.1466585270328,96.27121516665052,118.43775478805253
4199.0,68.82859332969466,85.90191119736413,96.2890802700367,118.11204182680711
4200.0,69.19699962238148,85.67864809922008,96.58825345791672,117.75913140300604
4201.0,69.42134765345892,85.51378581088163,96.84570164531263,117.4020417301102
4202.0,69.16715315503161,85.34667124632394,96.96711011795087,117.23733857145895
4203.0,68.83575680589993,84.99961503055457,96.91886954690023,117.12489160386005
4204.0,68.61685403904755,84.70965116653835,96.74615031522232,117.01314290384806
4205.0,68.48245466478188,84.40047288274334,96.68993215579607,116.97025019484073
4206.0,68.35692107015464,84.24841644355438,96.71024709056914,117.09841780103659
4207.0,68.28916688163213,84.0333040234731,96.56584793575828,117.41432492493243
4208.0,68.13331087811078,83.60337759550745,96.38208208746005,117.72177097312667
4209.0,67.92500298839197,83.11167075863652,96.0155794613639,118.10878280913015
4210.0,67.81773176886634,82.55463814409372,95.5914694865507,118.70061254277655
4211.0,67.8654293687708,82.2695477002337,95.5630549385878,118.98521554060292
4212.0,68.20483114856847,82.2084052142175,95.46881319750064,119.28196627149651
4213.0,68.42502377201394,82.00715922038488,95.30602851117185,119.514542462772
4214.0,68.70287306549525,81.82437831213194,95.23284010429086,119.66617839273766
4215.0,68.65116637859141,81.84198211094902,95.45272274332208,119.66344494114043
4216.0,68.49252529476992,81.97668347432602,95.7758547596512,119.56932403002797
4217.0,68.35505960032366,82.47966809417261,96.16076016375311,119.43721554050165
4218.0,68.15429326020097,82.71568982737635,96.55730635701354,119.32017919618599
4219.0,67.95925524134016,82.85486677996082,97.43283234307256,119.08254957141102
4220.0,67.71362884655726,82.75161239831178,98.1575310854415,118.86149239580392
4221.0,67.15167378641281,82.69877503584975,98.5604266044175,118.64299509345271
4222.0,66.39263753080436,82.74549363600323,99.23027017410337,118.44645761360793
4223.0,65.84695973334297,82.62653166681656,99.87848560648992,118.18073666451592
4224.0,65.9141080797399,82.29826277924705,100.2590529655964,117.89181871692207
4225.0,66.08326254257607,82.22037771868705,100.72716630139601,117.68591540165932
4226.0,66.08465484704125,81.96650276185593,101.21198709742812,117.51586401109076
4227.0,66.08579525706334,81.63784031923223,101.83690976415039,117.4630553827476
4228.0,65.82965618394624,81.23251259270795,102.13049151958253,117.36972717519689
4229.0,65.89148338774407,81.00687532991189,102.37974666586753,117.33404214480811
4230.0,66.18385672335725,80.96832607517533,103.02259910105155,117.25595373677046
4231.0,66.85487163364417,80.84102831253635,103.53134224251914,117.21243618075252
4232.0,67.21087150970865,80.77976266722932,103.90115520665086,117.26413677444518
4233.0,67.26562458890997,80.79456518752333,104.10114483354263,117.34367030977297
4234.0,67.41747879700111,80.69774230310144,104.39674900008903,117.41062446467477
4235.0,67.47520353320377,80.55677988759112,104.62868564740499,117.49257774045981
4236.0,67.54238049457442,81.01700239526947,104.904982985137,117.5509009052394
4237.0,67.82798639425312,81.55301619072407,105.13690416282682,117.6227141192941
4238.0,67.98776020576777,82.39862534441176,105.19623247865842,117.62191725265737
4239.0,67.98459203665719,82.95581751817834,104.92967470006434,117.65604102524381
4240.0,68.16699648832311,83.73726565625952,104.69403405378733,117.80606454766843
4241.0,68.27904819115838,84.31326470558665,104.5302656700354,117.92311259236234
4242.0,68.44137361646905,84.38675740140829,104.48055278981492,118.1051961342199
4243.0,68.24646038480623,84.54956704898619,104.49064339216224,118.22073428789501
4244.0,67.99350277412334,84.76077973642036,104.42081056235857,118.26771814738409
4245.0,67.82473323683307,84.73343983517651,104.11359230721158,118.27967091269818
4246.0,67.9167693206265,84.67626635831566,103.52756688385334,118.310700309152
4247.0,68.03016644596458,84.14469151593545,103.18852155693908,118.48845347668053
4248.0,67.8978167744314,83.48892942329884,103.02182122665828,118.72351262962032
4249.0,67.27459552321007,82.77170653446314,102.86301176494833,118.93269354228974
4250.0,66.97935685966496,82.13082223923684,102.42457812656308,119.16163819507342
4251.0,66.51456485429117,81.83311817574365,101.78842221232637,119.36122612918747
4252.0,66.26558831838497,81.43946878702519,101.05943217780148,119.57520317283766
4253.0,66.34182252316087,80.90832178484759,100.65510881522836,119.87165504927114
4254.0,66.6457994098848,80.40392184755825,100.1392444003569,120.10095979815192
4255.0,66.52528579577604,80.16789792880027,100.03124241415955,120.34083780386389
4256.0,66.04675593569257,80.14104113663043,99.63136424149727,120.44308363181567
4257.0,65.5833683271224,80.34196610001788,99.3762383874394,120.43413354226736
4258.0,65.29577184262627,80.72064464297388,98.91343726635097,120.32197489162084
4259.0,64.94205363822053,81.02653533325515,98.52366776104128,120.10339395088752
4260.0,64.59868271078005,81.36641395446313,98.26763402204178,119.78257075459035
4261.0,64.3910814838213,81.60800356757298,98.19415965640664,119.57838140195011
4262.0,64.28098023502397,82.17769001806049,97.95861710169105,119.39344880683188
4263.0,63.99039518250281,82.21126421022078,97.9960791428987,119.20480431049097
4264.0,63.79825643581284,82.0582643555335,97.87431300787755,119.06582968532176
4265.0,64.04299410559884,81.85960721410399,98.19054179840671,119.10487214733222
4266.0,64.52830383729922,81.80824526968516,98.3025607752168,119.18090873276508
4267.0,64.8362459473732,81.47805067252843,98.72139795960358,119.2942093057699
4268.0,65.08623674848788,81.40350366450241,99.35640189542502,119.57310164979482
4269.0,65.29212985020442,81.49381015890818,99.8194847525435,120.02026396953009
4270.0,65.0696198007281,81.59967575043336,100.23599916072823,120.362697905411
4271.0,64.70495844149195,81.51901837263598,100.32304184174127,120.61514341903612
4272.0,64.38742199710717,81.96938797420194,100.04640570575184,120.91076429643391
4273.0,64.2124235694544,82.45569053867742,100.01904860076723,121.09547083033569
4274.0,64.04012422895461,82.94601764272981,99.5735054952797,121.18087484419709
4275.0,64.02626438463821,83.30014872803434,98.95604736894019,121.24917296919455
4276.0,64.10543762024929,83.87381975770872,98.05534319908463,121.23272122182843
4277.0,64.01169565180994,84.34337528790358,97.22121821170883,120.94614684664191
4278.0,64.2115289646311,84.6514506210268,96.81518910593176,120.55756524609271
4279.0,64.54391132376662,85.14230031059628,96.20360410384856,120.18599410424508
4280.0,64.88283018495628,85.40365303822047,95.60748987448031,119.94966675433116
4281.0,65.47807713439997,85.73660296641398,94.99207702215483,119.6842941382191
4282.0,66.1248041690353,86.16843803024152,94.27831379568289,119.56306170499442
4283.0,66.73435152401105,86.53197427091585,93.8179181245427,119.31533648746112
4284.0,67.14550257793805,86.61515635190263,93.56381725378398,119.14405702060427
4285.0,67.84945792067833,86.72197435544115,93.35594224070977,118.99377330910096
4286.0,68.72381226942336,86.30643344613219,93.11939611868942,118.90987823519188
4287.0,69.2379651341225,85.60771883808889,92.55412913569032,118.82813258970222
4288.0,69.73531288122727,84.85219448917931,92.27128791318427,118.81091742228199
4289.0,70.128574701983,84.34993845964624,92.49018098742411,118.73518781031346
4290.0,70.23460376706103,83.96882987681364,92.87943722979035,118.64757883754775
4291.0,70.25759911493583,83.54357790330018,93.20568880548224,118.48278338854522
4292.0,70.36181506794553,83.27803606678091,93.4791613709133,118.39981813170283
4293.0,70.40763203275883,83.20116039953317,93.76250734481604,118.31682995196876
4294.0,70.13762635821732,83.08081114205407,94.0713683327443,118.30754633163555
4295.0,69.95944339589693,83.47493957557488,94.40283742489576,118.39227117271227
4296.0,69.86979117499945,83.96924859669957,94.7118862587974,118.50957481882367
4297.0,69.78816731258212,84.19258331267362,94.9145631353108,118.46285865233133
4298.0,69.67262868607958,84.45761730659058,94.76466994149706,118.53233541356043
4299.0,69.59748378789689,84.42622620182999,94.76787370982436,118.72513809835925
4300.0,69.53824532160188,84.08223592808156,94.94704348389683,118.87849821515479
4301.0,69.3788441260469,83.86461634816328,95.1423128893087,119.06563632560652
4302.0,69.29154345089346,83.90312109261345,95.31918779266195,119.12962017062002
4303.0,69.10559413942023,83.82371231534468,95.64750112920551,119.16797500187919
4304.0,68.6588315178197,83.6148538133593,95.93071199314979,119.25890048041812
4305.0,68.26983784429353,83.51331222069048,96.15782471371956,119.27812466552642
4306.0,68.07680482874446,83.36962976450695,96.62289600964343,119.37335271952094
4307.0,67.86866002214313,83.04139153430472,97.04199520622373,119.31899935091303
4308.0,67.9096314953115,82.65985816742739,97.44026381706739,119.25388956087491
4309.0,67.97144129645422,82.53925969980558,97.84068247532235,119.2376477922006
4310.0,68.11553061312814,82.33024171328564,98.18120864584095,119.25857559382443
4311.0,68.31148908578633,81.71562987180519,98.16439503221423,119.3839402626109
4312.0,68.52281687425906,81.15100096872825,98.33879408977053,119.5157183189052
4313.0,68.82881730692557,80.31547694430006,98.48156140273477,119.68416377510225
4314.0,69.2943739144595,79.55958729749256,98.8143176639338,119.98439065388517
4315.0,69.77203484031952,79.1104525592612,98.80600553156422,120.23075012039298
4316.0,70.23587190315024,78.79303591550772,99.24344441551257,120.46091789279674
4317.0,70.62636522646733,78.4966749503828,99.85450223656404,120.55314468674847
4318.0,70.80472146080918,78.38124411263328,100.30028209188521,120.70404901082256
4319.0,70.93390350152548,78.1385026455838,100.88095716349756,120.70379023512078
4320.0,71.20609329562642,78.12485219725734,101.38526154023596,120.65536633500977
4321.0,71.45777782635321,78.2268505716468,101.76342161885756,120.58322128429315
4322.0,71.20778226388393,78.06463683848222,102.00942157979732,120.40148492184902
4323.0,70.89124576909258,77.92073831236101,102.4725578459164,120.20833080332027
4324.0,70.4869269807357,77.88357801233585,102.7874575816803,120.08651878948689
4325.0,70.42749595479168,77.79209740387336,102.80825111635886,119.99221153320086
4326.0,70.29032420210234,77.75044359344405,102.55964538907577,120.02551156667624
4327.0,70.05167944391157,77.87278947272105,102.26171958256427,119.9752914477694
4328.0,69.79199012535786,78.08543924053826,101.87199651583266,120.05876866359162
4329.0,69.2918273132911,78.3299433216897,101.97157737631227,120.1047679588343
4330.0,69.06921748175594,78.21550015370994,102.15897599201347,120.13908634549261
4331.0,69.20536933855543,78.76383975018098,102.64571486459258,120.16664461903372
4332.0,69.46785592381018,79.08551520553074,102.91075366175536,120.12670946626862
4333.0,69.507358230056,79.29788402953507,103.30316897956234,120.00312701847267
4334.0,69.41904157609586,79.54030464463618,103.68070262096558,119.916593319889
4335.0,69.11332282023939,79.54579604148421,104.05357779975702,119.82703123424568
4336.0,68.85529549817514,79.31597876848615,104.53101468980388,119.64568455111545
4337.0,68.30830412645675,79.1446722713668,104.96498595148375,119.56847969067724
4338.0,67.94235571586273,79.14775772002184,105.22847250982878,119.5386793544588
4339.0,67.20857117319272,79.2576155954654,105.18507951382901,119.55619239587602
4340.0,66.36734409344272,78.98967183080336,104.73012467348848,119.58218614089179
4341.0,65.18742394886758,79.02191151050964,104.31312832078301,119.60792453954637
4342.0,64.61427105533637,78.90040478362563,103.8959897302578,119.72602177898146
4343.0,64.32096686173546,78.97089239849583,103.32809758059184,119.72763278146958
4344.0,63.964824598102346,79.38250313562229,102.98594076120214,119.64265281462586
4345.0,63.709252134020566,79.25320198738626,102.69503073208072,119.73905995476758
4346.0,63.82281320459681,79.23392177871386,102.42608572522231,119.82004149763075
4347.0,64.15735182438078,79.12774816041556,102.34755016837411,119.82279009944432
4348.0,64.48540869113407,79.02731937399307,102.46494060872226,119.83113587397558
4349.0,64.81248632303254,78.85080182672776,102.95770463854358,119.89620630876679
4350.0,65.20765970015195,78.86000071220651,103.20987869717409,120.1163316889563
4351.0,65.0855134969288,78.90278549429016,103.46423101356133,120.33918032608743
4352.0,64.79510812240451,78.72751684828455,103.9181264049305,120.67187174032735
4353.0,64.7464285434042,77.97928748560669,104.4495356267125,121.06325013021126
4354.0,64.86937545406828,77.52883666001073,104.57257126644377,121.35453529725234
4355.0,64.9016381622341,77.04969754546852,104.89449328948653,121.51291223490865
4356.0,64.61214459057575,76.36035211494654,105.07499445291741,121.80869712146801
4357.0,64.61878796441823,76.01732346232107,105.31948972977793,122.06284934805106
4358.0,64.6072556692997,75.98963833159188,105.33163988307332,122.44119857027349
4359.0,64.82671890105871,75.8708799072948,105.6786613654266,122.6868616495224
4360.0,65.43601937761754,75.83865863592737,106.06095270178194,122.90913454914124
4361.0,66.12054701590012,75.89977219863121,106.42511242544977,122.90294743356601
4362.0,66.71264974006355,76.59912679706032,106.51253827811948,122.8260572431497
4363.0,67.4204715319406,77.4282022426762,106.80520059370382,122.75606583020831
4364.0,68.10112781713991,77.85780805847567,106.54985582164778,122.69757045635049
4365.0,68.79031123832351,78.2285326587908,106.31473604509426,122.51187450398015
4366.0,69.31693601439487,78.61375495081873,105.87040014817694,122.27112008451324
4367.0,70.18367806626847,78.61567969791699,105.40472159444317,121.81902128056285
4368.0,70.79226911232263,78.50128444182646,104.66924084686462,121.39029699632482
4369.0,71.12319889123489,78.41624528601078,103.89731076084462,120.91939755073079
4370.0,71.37920947213559,78.2298985817498,103.23277311442551,120.63844135899022
4371.0,71.28945034093861,78.00731787750776,102.79373503109139,120.42679576969029
4372.0,70.91199512919702,77.95628766380484,102.344587098556,120.27851118348755
4373.0,70.55207414993612,78.09158167946363,102.29583354320938,120.26836926794564
4374.0,70.23138820447913,78.47506788761766,102.12448531413058,120.36995127910598
4375.0,69.7531967595521,78.79563369406429,101.98504778549923,120.50936883992239
4376.0,69.15904138192987,79.31528069509594,101.8431197669189,120.7062353180943
4377.0,68.80922743174287,79.86764907387357,101.7645903424758,120.8179323679116
4378.0,68.19725633081876,80.33790656112217,101.93112736286378,121.02320285607256
4379.0,67.81167159476956,80.8127361527371,102.11545060331943,121.28121653635303
4380.0,67.67603690803347,81.09843629466587,101.9141665798885,121.50481728197462
4381.0,67.8932218965405,81.22903799188093,101.73689424190529,121.61326858977415
4382.0,68.02271242622592,81.47512907278917,101.47407855399754,121.49785117112816
4383.0,68.23657310513549,81.6545753580169,101.28605924622602,121.39561686722148
4384.0,68.61916192114884,81.82003409542413,101.2924635543299,121.25478865491755
4385.0,68.95881917689624,82.36319852280927,101.24595510769915,121.0721149726887
4386.0,69.37488614840981,82.93733068250044,101.23602521014392,120.9819647422995
4387.0,70.1731203314744,83.3352052004463,101.09064479788212,120.89521979481327
4388.0,70.40573528477982,83.60799761511736,100.95197337114654,120.7769353242538
4389.0,70.59326134874118,84.01202985312634,101.30862766486594,120.63200469162405
4390.0,70.50684558302237,84.54360249447882,102.06721699155256,120.5193026673432
4391.0,70.121646924646,84.60476388497652,102.90151678618875,120.49970392620538
4392.0,69.52608330170348,84.31151391791938,103.70662269129053,120.34493827947004
4393.0,69.02620264603388,84.21095780281794,104.10349550275822,120.29724176297091
4394.0,68.60749623541695,83.934648355698,104.52079049183548,120.2166570961012
4395.0,68.02094747695006,83.55928719022418,104.82189031158157,120.1098818443662
4396.0,66.93259898897786,83.41859584773292,104.80740029815256,120.07516520715359
4397.0,66.19235338174043,83.5352084074611,104.52440375411811,119.99888474787798
4398.0,65.53832488415694,83.96316232743021,103.96944657440237,119.97992204129123
4399.0,64.67127487673062,84.07912273084581,103.02343264445672,120.01841601844212
4400.0,64.00239191804616,84.54318792449385,101.9571518906562,120.08639102476403
4401.0,63.29807272785229,85.34096470117154,101.06246618385501,120.21172619126861
4402.0,62.77211235955385,85.82991853419729,100.25979293518432,120.27617946093255
4403.0,62.036690081466915,86.53043028253785,99.63775241598032,120.28127240017925
4404.0,61.555088917377205,87.1139871196572,99.24928510520857,120.25801680585887
4405.0,61.37587477071832,87.74175274924501,99.06321106877662,120.15806988888735
4406.0,61.194161090265425,88.26373040043306,98.93030434107294,120.1095967981545
4407.0,61.12210050273498,88.41040221174637,98.98693993589674,119.93208754934875
4408.0,61.31629258798238,88.84025928694642,99.19874429894686,119.75175270656077
4409.0,61.372296939075284,88.96944970591387,99.41702271052534,119.50697157404333
4410.0,61.75253484637151,88.83914634702796,99.50158859297191,119.280388852438
4411.0,61.9446996265538,88.53161261275038,99.72414442813047,119.17814356819741
4412.0,62.58530790775438,87.98715870444623,99.97707621073762,119.26314527849243
4413.0,62.93544727041089,87.58408363738349,100.11722067827485,119.34323251240785
4414.0,63.27866854713642,87.04760150927125,99.72587802143525,119.32061898792723
4415.0,63.39566445397528,86.52407799667301,99.55915985809906,119.26339422783916
4416.0,63.71165956515274,85.95604313718793,99.21193279493076,119.25587603765915
4417.0,64.3371922556375,85.10526049410458,99.12367478443349,119.23116321811277
4418.0,65.26669056848772,84.84950413709299,99.2554244502943,119.2919175826711
4419.0,66.14092766168538,84.74376649747875,99.50290105632078,119.46031523255813
4420.0,66.77313126185048,84.78369929227868,99.62419892635324,119.49165925067743
4421.0,67.29450436357116,84.87071480566811,99.62699302141121,119.49841860096208
4422.0,67.59758948603564,84.86461770634749,99.4734283457588,119.39277473832944
4423.0,68.09519344452238,84.98921625348633,99.83961234345158,119.23383640152926
4424.0,68.8262042994092,85.0797238196039,99.92508385402546,119.01024909461476
4425.0,69.27760994310296,85.41417562036992,100.004587906996,118.8239730963913
4426.0,69.42442032140919,85.73833116205222,99.64401345386057,118.74768841107313
4427.0,69.50775868423257,85.70246488327848,99.04795064996887,118.6981123067766
4428.0,69.26247073314192,85.69364318977044,98.34051371054365,118.54109862547664
4429.0,69.17966379611023,85.63081494611477,97.9579018696183,118.481936031809
4430.0,68.89445099812332,85.43681570251063,97.9447305698373,118.38422252860974
4431.0,68.77227974109668,85.21933881295908,98.34307566084647,118.52914454761502
4432.0,68.66847453528348,85.04957610893878,98.58469627767033,118.82174772047077
4433.0,68.50702638858576,84.92199231903138,98.80463067675868,119.18575783765961
4434.0,68.22112308080733,84.45590865255181,99.07627661325184,119.60646048237815
4435.0,67.75423171272047,84.2310947418356,99.28659285836962,119.9766886637905
4436.0,67.59516364156559,84.20417101444667,100.27756276855472,120.24216083236439
4437.0,67.36675534460747,84.31405970217662,100.41471094255182,120.53591304712377
4438.0,67.31416933670832,84.60747791085534,100.05419865764704,120.7977486215521
4439.0,67.5353977436917,84.84172666847567,99.27592709751708,121.03849616346218
4440.0,67.77693958518469,85.10018471884011,97.88822540442267,121.1069107438935
4441.0,67.90449617179368,85.28037819479874,96.73164870236263,121.19220468552817
4442.0,67.86107764331192,85.35285515460153,95.65019237583414,121.31429482763899
4443.0,67.8508805805797,85.64103405282015,94.65579496869552,121.46465368712862
4444.0,68.01583630403931,85.68363821293404,93.99025097509048,121.58151534402899
4445.0,67.83003644282243,85.56917700499308,92.32963624501772,121.77420307318152
4446.0,68.05395414547432,85.41216478994157,91.48721486301844,121.89942495272861
4447.0,68.21902086610474,84.76968274452145,91.0747653772559,122.00206258536704
4448.0,67.96631542070178,84.34578450932825,90.88300288694975,122.24479402674795
4449.0,67.45090485832735,83.78288499970283,91.25012951541488,122.48638696034224
4450.0,66.87458845247363,83.13707803315889,91.37275263871045,122.65140793151097
4451.0,66.31555125182942,82.45268833993181,91.46263796000753,122.77882232641745
4452.0,65.88325028135091,81.87939710306112,91.53657839506226,122.82804906568877
4453.0,65.47553985091243,81.52899918363853,91.36334128367318,122.76511348178943
4454.0,65.49220737674707,81.15693552271698,91.37360505735131,122.68419101649167
4455.0,65.51289075328192,80.60865630738054,91.62763071700658,122.64111951590944
4456.0,65.52348667038696,80.27064529308528,91.94417894559356,122.5204058062963
4457.0,66.0054143054532,80.12195199500675,91.65610268614542,122.37827645608509
4458.0,66.52003338809374,80.242394012323,91.75281890619729,122.1881703367335
4459.0,66.89096689151745,80.54966161651743,92.20943516899995,122.04943005085352
4460.0,67.06132705879763,81.03571953399617,92.90670021390335,121.90427589472996
4461.0,67.13590048577328,81.28828125276648,93.57747121249305,121.72586045958863
4462.0,66.97397808548446,81.57894028452966,94.20020242471864,121.54671067991546
4463.0,66.7654752371129,81.6475739702723,95.00651286787084,121.50215386738572
4464.0,66.34362260192381,82.03716406346757,95.62750543600174,121.34856385338362
4465.0,65.85216179902572,82.61343855962808,96.10466308135857,121.2900076806826
4466.0,65.13751004786948,82.94520447894286,97.06876737107156,121.11959019702469
4467.0,64.7911211436398,83.32286930507395,97.43452670199868,121.12711966277294
4468.0,64.63639412815752,83.51936328524442,97.32791888649635,121.11414595069813
4469.0,64.68909536630231,83.69767709511937,96.98072177545052,121.12491202287167
4470.0,64.97178674091086,83.93905005865408,96.7574882109036,121.13431898575753
4471.0,65.4344364348496,84.00615417224343,96.59122427705609,121.11009471606398
4472.0,65.76274847999491,84.70444288648179,96.26725178678235,120.93567707033243
4473.0,65.91206855328164,84.7964977190516,96.0370014228699,120.87291315964076
4474.0,66.02057077148267,84.89772332308928,96.02960646592916,120.81602492530727
4475.0,66.04295477354164,85.03434026251632,95.88585348330724,120.81507015579702
4476.0,65.72690690564563,85.03622105527117,95.76124519960653,120.79474929934098
4477.0,65.25138455193188,84.99007546908433,95.7789685906762,120.80799742231275
4478.0,65.06385613974075,85.02346979830754,95.97622083484657,120.79573241779075
4479.0,64.7833759357387,85.09410450630146,95.86195007507911,120.90241340594092
4480.0,64.52663536082542,85.38353340554269,95.73376948167764,121.08190267311721
4481.0,64.14876336256204,85.30453657565539,95.6628644538112,121.31302479199606
4482.0,64.1065239555258,85.46945902144564,95.62484698861729,121.56070972760268
4483.0,64.01424637905158,85.43376569921737,95.62988625967833,121.72235978637949
4484.0,64.0557078298444,85.49955093874948,95.51593730804434,121.7137359150272
4485.0,64.28800793680223,85.67647943368426,95.26803399979337,121.73161410546267
4486.0,64.76075328336312,85.66271892724005,95.13085058101444,121.72268962936627
4487.0,65.26665641675295,85.6311607175845,94.86667672938805,121.68669773403724
4488.0,65.69999563685522,85.60263090869522,94.66600138784135,121.6102358561064
4489.0,65.98448982581972,85.30964583937883,94.63285910049609,121.71924517574922
4490.0,66.49515608993092,84.9181479352365,94.87648840136535,121.76113373072562
4491.0,67.10600888366683,84.69637848790505,95.16362275762623,121.73129693192132
4492.0,67.66466909533952,84.39988583872451,95.2547358070187,121.68585483161898
4493.0,68.08469817312765,83.74355335074898,95.42487566279243,121.75908477382784
4494.0,68.81125147450058,83.12994948567844,95.829383997642,121.75182786765943
4495.0,69.5438957774234,82.71374795243472,96.21402174362044,121.66350705997579
4496.0,70.25234984030517,81.90926222224829,96.66531455306453,121.47393824268497
4497.0,70.56204109853701,80.8726945055474,97.4524655307319,121.23933095836998
4498.0,70.70011817591204,79.96123009302089,97.9838946290902,120.84508004344373
4499.0,70.52004292129374,79.10224757707013,98.14886522858198,120.33054042923567
4500.0,70.28992498804693,78.39293108888086,98.03885191253403,120.08570423942955
4501.0,70.02404760826543,77.98796914957603,97.75919944808656,119.92256690402127
4502.0,69.90924363546316,77.92053932646242,97.66687247079491,119.82561484875316
4503.0,69.57418141856726,77.89760343407315,97.53011396256045,119.78743758153404
4504.0,68.8671808903113,77.88046439017128,97.29993952042858,119.83810709049138
4505.0,67.80784733706244,78.27059509055236,96.83865482011306,120.17044952565864
4506.0,67.22198601960208,78.76523031261527,95.88389995593025,120.55066956509792
4507.0,66.71361587398911,79.24534658278527,94.95521951060648,120.91498096074744
4508.0,66.21610379022,79.78744181985043,94.38586536685597,121.32329915120762
4509.0,65.53963874884633,80.33469023584722,93.93424401165193,121.4976874650003
4510.0,65.062303959874,80.93469278024634,93.48286247714209,121.70449175727596
4511.0,64.55162670389326,81.34775153006287,92.88866749848137,121.8027938064872
4512.0,63.914971002544696,81.68787331931001,92.20115999932793,121.8903387759831
4513.0,63.74082235978615,82.08722574144035,91.69417237645854,121.91248098425564
4514.0,63.36368711735194,82.61791091094808,91.53555993099705,121.73122927926158
4515.0,63.044558471612646,83.13553210909802,91.80092510997665,121.50887178258291
4516.0,63.01938856513909,83.71506408079652,91.93919406623681,121.39256323837178
4517.0,63.081272324222695,84.10894926735396,91.63864416956285,121.4187527854206
4518.0,62.92978666551407,84.11593984916757,91.3250723762996,121.44593378663014
4519.0,62.69077735488347,83.9629067508547,91.26069284303219,121.37544213991758
4520.0,62.41180270895907,83.81004199829822,91.43968758374365,121.27056144401239
4521.0,62.31368441647386,83.54022991538123,92.07512767005599,121.12523021151665
4522.0,62.30347294817442,83.36649324621663,92.68238985538456,121.09082965627151
4523.0,62.527217136244644,82.92509649560421,93.39246153849066,121.18122912838163
4524.0,62.65424081259233,82.23314007549624,93.70761319609053,121.34535905760558
4525.0,62.697409997814525,81.52793682940101,94.23740372993606,121.35792703834132
4526.0,62.690097043603984,80.97951705200099,94.60713722530947,121.38258090807729
4527.0,62.68420732758541,80.63661737314546,95.24294214113762,121.46124051976554
4528.0,62.5870055430935,80.29437560257635,95.71301133297835,121.55237484653641
4529.0,62.392337537535965,80.35232331943023,96.01932697754756,121.85462368382274
4530.0,62.0428318154184,80.19997110734505,95.88276950911259,122.27924318252253
4531.0,61.281808436825415,79.89913185718403,95.81704480336744,122.52638895501677
4532.0,60.679410160268745,79.67922071508131,95.53937671109563,122.70793043373288
4533.0,60.232808499273574,79.94990988569404,95.20774028936789,122.73659091249567
4534.0,59.884379175390144,80.31591923368802,94.58304691496772,122.88991423865164
4535.0,59.511875217240785,80.52580732281601,94.38414391399182,123.02079948960404
4536.0,59.289644126671,80.95946871927936,94.11411538988409,123.1328370953264
4537.0,59.29472819804488,81.34715200224363,93.91795603914214,123.3179695714862
4538.0,59.131539535237295,81.21689779885683,93.8278157275429,123.42960490732298
4539.0,58.980979491723886,81.36222755613619,93.86761308282345,123.35866009114777
4540.0,59.01104319895391,81.66675942277158,94.14183425689292,123.4164479425016
4541.0,59.209173056880324,81.89840199137339,94.48041028177276,123.59307112353365
4542.0,59.415425687394475,81.97145552092428,94.95428377972462,123.73436915203696
4543.0,59.45461585479595,81.798171382673,95.69049641963869,123.8959412678482
4544.0,59.60475564708499,81.93974131565618,96.36183777325893,124.01313018874507
4545.0,59.8348723540109,81.78657186041127,97.38019082124629,124.02545879580033
4546.0,60.2756189577089,81.85208711943766,98.50182468569766,123.92793590357519
4547.0,61.120423533125674,82.22031691366135,99.37425582509849,123.74920075941893
4548.0,62.11254305412193,82.14906757285078,100.19431564668258,123.64689563271853
4549.0,63.263787085521855,81.9664972357096,100.78350263464836,123.42470379707984
4550.0,64.4280465872336,81.65490933845359,101.29868915502762,123.06924925998396
4551.0,65.26030677740803,81.2836316670504,101.68763940039231,122.87859086540378
4552.0,66.07897647652767,81.1680090517337,101.96570100907694,122.6446550833559
4553.0,66.74985128280552,80.9738091766781,102.10381662242946,122.44753546728187
4554.0,67.31607955895355,80.79980047146088,101.77596988141025,122.30896414786791
4555.0,67.39041271152198,80.46932732847766,101.27574786791764,122.22797362767746
4556.0,67.58491971980271,80.04766032554494,100.67718354550516,122.26742261774058
4557.0,67.65017399320035,79.84304310639865,100.07787309964647,122.2439959688982
4558.0,67.5672780502902,79.85768593464039,99.442017298074,122.21694923593003
4559.0,67.42303980149066,80.16904312239373,98.80915213952332,122.1224265879906
4560.0,67.41869143846596,80.4806860370823,98.25674801795209,121.8969714343846
4561.0,67.77825396747454,80.72847323023164,97.77180081139754,121.65480961658986
4562.0,68.07628214931987,81.31248066135957,97.63391221070893,121.3722717376729
4563.0,68.55643623265942,81.95695869224343,97.60049111435184,121.01660006325304
4564.0,69.09596804530051,82.35606933685798,97.29032661453516,120.5847803140764
4565.0,69.0510713571674,82.77710293118324,97.3991297800316,120.17269907815259
4566.0,69.2795804074394,83.2807791606904,97.56615342967936,119.9163705433264
4567.0,69.4123578742566,83.61000665234131,97.89208045538838,119.68426591529587
4568.0,69.26863056717723,83.7837264029276,98.138624539645,119.51309205943296
4569.0,69.0778347938758,83.90969792684048,98.65399254036657,119.40056741623468
4570.0,68.78598078207317,83.96605511625481,98.99641586800996,119.26215756460611
4571.0,68.59969944010784,83.45913172088265,99.01195377173208,119.11442619666268
4572.0,68.07352395901567,82.90232394047322,98.81652783446576,118.97794539117135
4573.0,67.78613045312723,82.3822395620872,98.58641594324087,118.94618290956608
4574.0,67.84483352484831,81.71677328621436,98.17433290775062,118.79143204943577
4575.0,67.54419155813663,81.17981637893871,97.60321676944707,118.59319190084135
4576.0,67.33528184830024,80.82496288951596,96.96462771903248,118.50677908115061
4577.0,67.18496675607734,80.41944554060248,96.3773495082629,118.50393584681522
4578.0,67.04746749794248,80.23739576408855,95.47092053403485,118.37139125793604
4579.0,66.56920709701052,79.85376380067954,94.85260279375288,118.34799571094639
4580.0,66.10336694122333,79.78828376979791,94.44284293276692,118.36978254771188
4581.0,65.88337518161165,80.04691443418967,93.99126909808965,118.40544525117367
4582.0,65.69136799184623,80.5036732937376,93.72762124596377,118.44546703769078
4583.0,65.42542163648916,81.1499970984598,93.1503864869108,118.59753729382426
4584.0,65.05177173636046,81.74403936841799,92.50343104335265,118.669169119945
4585.0,64.50518903874728,82.44833933801597,91.99062802266138,118.68579360041025
4586.0,63.97958702472028,83.21657907514188,91.31407846708626,118.60496651226863
4587.0,63.716922811697884,83.8423272020217,90.78873246495097,118.56662755358244
4588.0,63.787371777567365,84.608900949625,90.03466679521986,118.42450504892214
4589.0,63.873339223940825,85.25835066874905,89.21250162464402,118.2899688690085
4590.0,64.19956561686188,85.51094835273989,88.64946117903926,118.24230215829222
4591.0,64.69083561942443,85.70596911358295,88.24894252273475,118.07500663253336
4592.0,64.99131233009338,85.83298102249438,88.15603884586174,117.83757532452766
4593.0,65.34979304392553,85.46972892856003,88.08283437202667,117.69451561850003
4594.0,65.66740801796698,84.9423151739442,87.77666908115133,117.58072299578879
4595.0,66.02738343570691,84.60945935531007,87.67901853206895,117.53360878623818
4596.0,66.08128620669258,84.00395806503666,87.64087236168328,117.60612925319316
4597.0,65.86260816999699,83.44333609883758,87.80313266888642,117.58910362555406
4598.0,65.94328423915897,82.75795630177029,88.1208395808644,117.59883521337427
4599.0,65.78082236083443,81.99609075393641,88.46676184218153,117.60993608609948
4600.0,65.89961694213584,81.4953657394632,88.87697832216566,117.66735348851093
4601.0,66.0233608461656,80.85832949476583,89.568670629656,117.69956439861863
4602.0,66.48771495334354,80.9623645280092,89.93619454925502,117.63314809333124
4603.0,67.16817942785848,80.58647487490579,90.26732693698035,117.63582115922712
4604.0,67.99990934806051,80.06929038599995,90.6421660083601,117.71588104841558
4605.0,68.74214217179029,79.78793351476504,90.89056813303063,117.67673071615391
4606.0,69.71702630809806,79.40817888877167,91.07476824084404,117.86135364927415
4607.0,70.20739777616916,79.03395853164639,91.34973942139604,118.0193066582514
4608.0,70.54079126010099,78.67692824792032,91.52229029997883,118.33912749140467
4609.0,70.26490504074246,78.15254354706077,91.8246052101543,118.7165055159061
4610.0,70.13276445907346,77.78605081316505,91.78863698463896,119.0542041289921
4611.0,69.88248136823654,77.47624036880921,92.14096870498366,119.39581795895322
4612.0,69.35520384409656,77.45694480147753,92.47945656232024,119.73840414213933
4613.0,68.81676799907007,77.4872230735333,92.88020765827117,120.054574488132
4614.0,68.14842224635795,77.34402560585464,93.35051046719751,120.5012737448069
4615.0,67.50315962961079,77.44450083462492,93.85212399286677,120.77786136229912
4616.0,67.07481993654605,77.72635421565371,94.1145039197048,120.9523889580231
4617.0,66.77945113097557,78.10966021575744,94.23725593901088,120.9804365767349
4618.0,66.29318331305703,78.6301520896095,94.18359364819692,120.95932796684838
4619.0,65.76569029422984,79.27843950550817,94.0606219997457,120.98160648799548
4620.0,65.55972325399784,79.47022863423328,94.08647160031931,121.06071181662513
4621.0,65.57181189614504,79.54045617216538,94.200489236694,121.018845526955
4622.0,65.46416938404636,79.73854096698258,94.3254847223084,120.90402181464752
4623.0,65.47073428936487,80.25829043622956,94.55887568491701,120.91417840036529
4624.0,65.20162854277402,80.24288217809685,94.78520125402989,121.05791808747396
4625.0,64.9426323429765,80.3168051493677,95.12824775758443,121.32273829443183
4626.0,64.92769731400251,80.32276258806417,95.36081346956726,121.49432271831306
4627.0,65.26636165214586,80.05975864053326,95.90805140921263,121.6250934092018
4628.0,65.68069649725379,79.71846583970044,96.47959865609472,121.8031228040094
4629.0,65.66395110264993,79.60338009688195,96.91615463923624,122.07364218085777
4630.0,65.83922746156924,79.47549353052534,97.38919854187291,122.30261726731662
4631.0,65.93514310819175,79.38671082536298,97.9189729266042,122.54939712936797
4632.0,66.41044045106024,79.1129001454616,98.5756135967703,122.63796018633924
4633.0,66.85045366335108,79.19967959781516,99.01461074133415,122.60172739120507
4634.0,67.21466997650074,79.18780310842787,99.04497334426878,122.47729335965364
4635.0,67.37102301584474,78.98228530175645,99.42630903226203,122.4034051953653
4636.0,67.46945016053952,78.82959050645742,99.39099928651765,122.41068705774225
4637.0,67.46386064194475,78.70990246742633,99.53726746259156,122.44320709295441
4638.0,67.50044474341918,78.66944079939132,99.72018055026163,122.39134898782855
4639.0,67.57600214520853,78.8868158747906,99.65033393417175,122.41251378207714
4640.0,67.57001042106312,78.70737482796456,99.535815022309,122.48716807348625
4641.0,67.40570951265713,78.57677949693591,99.32324056647863,122.52079047089194
4642.0,67.41110021289147,78.18518825391259,99.10294500824908,122.63756540018458
4643.0,67.45963240120376,77.70926050425763,99.10124741917313,122.67495449560637
4644.0,67.37853411481633,77.65412602674272,98.93451773470693,122.69758863167043
4645.0,67.28656172778672,77.73235990019698,98.62000428538998,122.70930885670379
4646.0,67.43903795834977,77.74834492927293,98.21452528650184,122.60267814808944
4647.0,67.6834017440427,77.52818047717246,97.97024460257664,122.38523433261763
4648.0,67.68726268648805,77.31313651152908,98.04440272741866,122.04291809827386
4649.0,67.80436611661713,77.4461747855055,97.94593099330707,121.6910322753976
4650.0,67.82618931595621,77.62763633806044,97.77560040404813,121.37718955005137
4651.0,67.51284368510808,77.88983532955396,97.81959491298535,121.01119071017902
4652.0,66.95556544529623,78.36449061156013,97.87131977846855,120.66940448648808
4653.0,66.72690361404875,78.97137146695316,98.11753617268039,120.47880201288581
4654.0,66.31610707589806,79.46206032470317,98.54309820872209,120.3482885894821
4655.0,65.79721009611838,79.62887780641772,98.95619051128874,120.20924299008385
4656.0,65.12522477313674,80.107953268333,99.21143416483822,120.14219976783653
4657.0,64.52559917391407,80.58981949884611,99.1606284561395,120.19543493915022
4658.0,63.81184712747683,80.80000725903486,99.40593976451277,120.21374806341171
4659.0,62.59947991097146,81.00815900098351,99.46696401390194,120.20607975780892
4660.0,61.73932617632675,81.43898300948835,99.56552469935951,120.33230219048133
4661.0,61.1513065620082,81.97503117688076,99.37272630755491,120.5073020689875
4662.0,60.49659706087837,82.35582833883801,98.98706317357735,120.54586639611809
4663.0,59.76895100448402,82.6543753272895,98.62609633017917,120.52013393305172
4664.0,59.24283652698953,83.15568566524217,98.39713933964227,120.56113433194248
4665.0,58.82514843009007,83.334763418857,98.36195222546682,120.59401669984732
4666.0,58.56541143524251,83.61568524107345,98.21983878443484,120.62655169009753
4667.0,58.66190826367693,84.096219570091,97.84681425873796,120.57716175156415
4668.0,59.226856743904605,84.19215097899283,97.7653681369139,120.49335590007676
4669.0,59.56833153694276,84.14076598157962,97.7569453061094,120.39212197691529
4670.0,60.043382031230045,83.64340292014676,98.07643859078154,120.34800798413892
4671.0,60.47697615107018,82.96447610080631,98.43175260643967,120.32302083067927
4672.0,61.32077778227913,82.58601776930382,98.74345164470535,120.34192322604217
4673.0,62.205901400857215,82.10443651788795,98.91389664052791,120.26421876656978
4674.0,62.903787911567115,81.81128253136532,98.68732674287278,120.25898254875815
4675.0,63.310331983717916,81.36419059100676,98.69718491660592,120.4220562408944
4676.0,63.686279096525915,80.80122062127978,98.43420627466375,120.62064351514087
4677.0,64.19028435300997,80.71996168264603,97.98695710774352,120.72673691116361
4678.0,64.86027110963308,81.03031580209105,97.40360119198618,120.72523819601892
4679.0,65.53490520762007,81.42770676221565,96.72708838729937,120.67843201332846
4680.0,66.05699437915086,81.75983997556976,96.17510949159247,120.53420469338997
4681.0,66.20868756673345,81.77427246973434,95.35922956211569,120.35847352655341
4682.0,66.29489386471562,81.7991397978281,94.36957223476958,120.23752488790142
4683.0,66.69963456062337,81.666927867565,93.87934724026964,120.1042522701822
4684.0,67.3592409971153,81.52583701900963,93.44247583968367,119.84000957889782
4685.0,67.77131196751394,81.39091203289632,93.0490192424341,119.58150761797066
4686.0,68.1301313298446,81.3293949363234,92.76901159555305,119.36486211569417
4687.0,68.52559551376638,80.76850129502205,92.69525901567187,119.22438250352472
4688.0,68.6452415235448,80.2686058095785,92.82568789535347,119.16633906055446
4689.0,68.6792499082934,79.84555744106666,92.62516689867489,119.11103577337524
4690.0,68.69869838178228,79.67905051616398,92.91414838805305,119.11150081916551
4691.0,68.29408222951294,79.41064823473098,93.42035210798483,119.12242259683836
4692.0,67.87821834459876,79.45529921774036,93.53171879775077,119.07924979676157
4693.0,67.48120963268623,79.46011140880844,93.63139423329201,119.00784277104717
4694.0,67.12212823515267,79.40376339872904,94.11270742838178,119.00999596074598
4695.0,66.7222905642805,78.83683829986832,94.707272548044,119.07239290761454
4696.0,66.1948691474261,78.62243071005348,95.25651243304536,119.13486546486355
4697.0,66.03900977912312,78.43172860555957,95.59818316128793,119.12719862451249
4698.0,66.24886697761501,78.39253536094364,96.10270733409162,119.16976916814855
4699.0,66.67640221470329,78.12988017416572,96.09022754604861,119.08865903251584
4700.0,67.56948586371165,78.15463190691082,96.22627596495812,119.05116371556066
4701.0,68.3979600796352,78.15893585639519,96.76585678787859,119.05495897010125
4702.0,69.04105658895149,78.09120650606722,97.10360804887642,119.08991728715422
4703.0,69.57375574620475,77.98622645621562,97.49698376424578,119.03867497323091
4704.0,70.13386319628911,78.11839078197269,97.73936111599299,119.15336368494552
4705.0,70.72879534103987,78.2831176873975,97.23426960990548,119.22883092513459
4706.0,70.67264643026084,78.49605101650545,96.84222976880231,119.32352643164104
4707.0,70.28241092187953,78.86347870990619,96.64115209972346,119.52167982852755
4708.0,69.75648897382294,79.32752347072025,96.98000339388543,119.7621644220041
4709.0,68.64928749186409,79.59527413459814,97.21409959020552,120.1774195273067
4710.0,67.53233783774601,79.57305483580198,97.41324279675385,120.56957677502197
4711.0,66.46903676916638,79.6203581685979,97.79591050387111,120.89066257392342
4712.0,65.5392924073204,79.60937666222148,97.79468707815319,121.32882436849566
4713.0,64.77687855310525,79.68945914834828,97.65896765928709,121.56144086541295
4714.0,64.02448168931791,79.91350220018798,98.17214034924672,121.71788965961761
4715.0,63.73800495149426,79.94695557953693,98.37958571234701,121.90199689888654
4716.0,63.6191340086699,79.66506838895724,98.42251379530558,122.02669299501298
4717.0,63.66038412178915,79.44198000900232,98.23524825209515,122.15272111823364
4718.0,63.761814760760394,79.30946673925051,98.21988932267881,122.10753372838016
4719.0,63.927173586703766,79.41766915905261,98.08493946418902,122.01717437512353
4720.0,63.94954667084909,79.71018936470841,97.57677944298017,121.9821915707138
4721.0,63.8447945895126,80.0932254732597,97.26436331694484,121.74345875555713
4722.0,63.590362218955995,80.11991517124571,97.20697665829621,121.61784313863183
4723.0,63.41163705204191,80.12327646028216,97.10597930959064,121.56653577025355
4724.0,63.317875979644626,80.4118236490927,96.96561536981402,121.51775720833643
4725.0,63.17460012709134,80.76000388146075,96.79602846264264,121.40653299693966
4726.0,63.18666489155459,81.12115212832569,96.66656215306466,121.37987261138147
4727.0,63.27273411596384,81.59188094644243,96.13253770992004,121.29114091327916
4728.0,63.40868390398333,82.05067403522767,95.6060618878978,121.0632536450708
4729.0,64.08952944919918,82.39568691568533,95.35280635615402,120.9145573410115
4730.0,64.95944980183266,82.61506167403901,94.98101206929908,120.77757963188805
4731.0,65.80254299575097,83.08579540560216,94.46884625269296,120.58675839968598
4732.0,66.68528889239234,83.3526794714269,94.04636751248799,120.50461225532182
4733.0,67.61991520089215,83.42486529790973,93.86740433240548,120.37091547236017
4734.0,68.42256814569308,83.78662886637707,93.86177680491981,120.20150787882008
4735.0,68.89156829125287,83.86203682997046,93.9511891623351,119.92817805190718
4736.0,69.58251040902726,83.98778960217189,94.32995695354896,119.64604339934272
4737.0,70.09641390781721,83.62065650708341,94.70925728156868,119.58230075163588
4738.0,70.17536916799841,83.05883481054892,95.20284371592582,119.40588707058237
4739.0,70.46380546573145,82.59630798836619,95.55352881360244,119.3460605028568
4740.0,70.6782522448776,82.4409032936424,96.13055490563593,119.45556419718751
4741.0,70.87808689378396,82.21259559537776,96.6884325975314,119.36019717303365
4742.0,70.8103750987494,81.80474830009278,97.04051333726063,119.35848270586034
4743.0,70.74072193160717,81.03366570919982,96.96123600783018,119.37297253030565
4744.0,70.88054680120591,80.51740967394034,97.02252455286397,119.44559976472848
4745.0,71.05480520170653,79.88525685824695,96.96310754529273,119.61781828540191
4746.0,70.97138622232356,79.81804099032513,96.56586850683176,119.74799651918775
4747.0,70.84884924480221,79.87022640743658,96.2768579664797,119.89833068725692
4748.0,70.47162244297007,79.94861267118722,96.26133292514444,119.88642776379781
4749.0,70.20898728602842,79.80438622314202,96.19830262055166,119.8004212116979
4750.0,69.89966740532918,79.5529198226684,96.00001903120264,119.8132720213346
4751.0,69.5955697701173,79.44667206599479,96.1582418741661,119.81590284729907
4752.0,69.58597448633095,79.38503751132976,96.64270890107113,119.84449895757244
4753.0,69.61773340006407,79.42251261800128,96.84225286432229,119.77606552090316
4754.0,69.36534694500781,79.578739904812,96.79904578544208,119.71157697164497
4755.0,69.52086096645593,79.63154982780702,96.75083423806215,119.62709461386729
4756.0,69.60625097479097,79.695108362949,95.9869453865688,119.57805387138836
4757.0,69.55968779234443,80.06077641692623,95.17581943631237,119.67018984957691
4758.0,69.3472748116246,80.27062478192958,94.0917632901455,119.73628521678596
4759.0,69.07866462213933,80.32628955326655,93.42338867095829,119.71265316163382
4760.0,68.74063163065604,80.25505235822905,92.62024473317845,119.55743965728092
4761.0,68.28016750410403,80.30195789850558,91.94630675465243,119.50953973398816
4762.0,67.64906414798197,80.27210761248885,91.32632521836055,119.51409008498592
4763.0,66.98453665846927,80.23155548481688,91.07015819976465,119.44329617751926
4764.0,66.2398705733938,80.43872566028472,91.15785839339058,119.40784304979218
4765.0,65.7991119028871,80.72746602642789,91.72453600087294,119.25138085705098
4766.0,65.49459182749769,80.67605124069148,92.28579270482116,119.09267248927
4767.0,65.58492088259251,80.77839807587037,93.10403800264933,118.9219259434451
4768.0,65.44565151576887,81.20626977342415,93.37590197280097,118.84723840642667
4769.0,64.8285131576451,81.85315755337173,93.72053123655442,118.87701476889903
4770.0,64.64912164956414,82.65268353859095,93.87362015896615,118.79300029826751
4771.0,64.71552131655648,83.38236121649703,93.85345779119976,118.85070024469005
4772.0,65.14422064363272,84.03332837511746,93.9432111766968,118.93562270137949
4773.0,65.66595647810813,83.97637421732294,94.06679956619416,119.06446239789781
4774.0,66.07901810059921,83.79765326004058,94.14441524361175,119.30070734612606
4775.0,66.39426918522096,83.55007498453753,94.10415235271918,119.5371167484124
4776.0,66.30772653535418,83.2426542531433,93.85544327724895,119.77431847092575
4777.0,66.6107970861628,82.64447130950299,93.85778896414025,120.02503776521387
4778.0,67.69371164089914,81.82572649218358,93.97073367161138,120.23599238148402
4779.0,68.16035825070914,80.98023437853568,93.99265028573146,120.57286667779736
4780.0,68.69386414101214,80.10412461682058,93.99886089152528,120.66265196871984
4781.0,68.96558052802945,79.45623965285385,93.68259770488486,120.75924209579544
4782.0,69.05190583855521,79.26962932679064,93.28688790906827,120.73522565986933
4783.0,69.08373449400938,79.13543160429464,93.32889804853343,120.59584286378212
4784.0,69.00296859330204,78.94797732490476,93.18151845456418,120.48492549324679
4785.0,68.79049970947312,79.06897391092794,93.22358366385039,120.39949542305374
4786.0,68.53272335793794,79.31777990623534,93.0368311588759,120.27869741158725
4787.0,67.98855635757141,80.07849661119717,92.73686717994848,120.09560343068134
4788.0,67.45488765857971,80.7361869604983,92.368014152868,119.89620422541131
4789.0,66.47782462052191,81.27121694828081,92.06243054312968,119.83998205838108
4790.0,65.6119090586765,81.62746368385808,91.80534453349507,119.73039101562824
4791.0,64.59285413498256,81.81069470183701,91.69875695508301,119.74971850785731
4792.0,63.42732432838809,81.88497519566916,91.17246887597932,119.98497195344255
4793.0,62.638669888367225,82.13710937328642,90.9726518881207,120.28657074334822
4794.0,62.23109594008489,82.13556951953953,90.5261076580622,120.47711182129308
4795.0,61.80342825357782,82.11165559811255,90.52724252234863,120.65048122839515
4796.0,61.557576213119845,81.92357960326676,90.43542807446119,120.9572527973401
4797.0,61.58120632328256,81.84498220278603,90.47421175170321,121.27453524515813
4798.0,61.82325933849231,81.81079725408227,90.62355223415997,121.58054361791562
4799.0,62.09418616635911,81.91519294602755,90.69806136545799,121.91872450106025
4800.0,62.4027610045746,82.25021232906182,90.58453416759284,122.18101134101737
4801.0,62.66592734520692,82.47292606791984,90.70188602586077,122.43477095793111
4802.0,62.497043512081525,82.68774560195304,91.02366467974304,122.46549007918289
4803.0,62.64210973393941,82.69006528021127,91.17997149006672,122.61521842397981
4804.0,62.72463903809388,82.66803171265234,91.1664516861737,122.73026660862483
4805.0,62.86101811265101,82.50254392460323,91.39307643025694,122.72151956363568
4806.0,62.78809213963304,82.09844188240496,91.83465357612944,122.59448963168545
4807.0,62.78760858453194,81.7998871707329,92.19736078958486,122.3973175123468
4808.0,62.8516990194175,81.30935612735134,92.74678396098649,122.27462279260345
4809.0,63.07138117100937,80.73286030323833,93.09268101933876,122.2704413425082
4810.0,63.48525956566343,80.26412730661238,93.16786429949114,122.17876420558042
4811.0,64.21891095659434,80.00112092430555,92.8182081569145,122.26366486325135
4812.0,64.39254059863113,80.03406311675694,93.30032868107659,122.28683510852679
4813.0,64.70664195795055,80.35113100357665,93.54695252186859,122.41721470418723
4814.0,65.0336520275745,80.62505516713435,93.72392367933352,122.56445299878187
4815.0,65.30817194869032,80.69345678103845,93.62537018366092,122.73622421743406
4816.0,65.36643206314012,80.57172758598774,93.78153415849329,122.93347226848341
4817.0,65.55236205454196,80.68663883931524,93.84310991232692,123.02051592684526
4818.0,65.73211632605079,80.58342920879801,93.85591655849822,122.99853798293779
4819.0,66.11051125647545,80.60994447184923,94.15070298897098,122.95284197765513
4820.0,66.64339453582552,80.49202105736954,94.76267672370973,122.9057383219097
4821.0,67.53517110480092,80.32337093799568,94.60748088959355,122.8095341920055
4822.0,68.41348011705293,80.08357411439185,95.02184207239753,122.75948736152365
4823.0,69.35550096717881,79.9228150081246,95.25713906482186,122.7310649513935
4824.0,70.28056208274543,79.93877554329582,95.57393193906235,122.55913559252966
4825.0,70.84258579864296,80.16562845046616,95.57740226796867,122.37223425087004
4826.0,71.31096431147175,80.2840684675962,95.62666806626703,122.30048432346616
4827.0,71.72487541997218,80.75428860380538,95.9218969943442,122.21711919341435
4828.0,71.58784818290883,80.99685765327659,96.21223312955318,122.13164802967513
4829.0,71.45647108195202,81.32581075527446,96.18441867501824,121.89485278409163
4830.0,71.00419114709473,81.75278954279996,96.50179119185307,121.71576851384263
4831.0,70.57370423298917,82.28114736819833,96.35960181749172,121.44756871557772
4832.0,70.00980683308737,82.64313524071478,96.30999622925084,121.09656555426693
4833.0,69.25502199957668,83.3803355040641,96.39784600394744,121.00474147956321
4834.0,68.99380183978286,83.8203373644298,96.44004025865414,120.90486815160726
4835.0,68.7233407840771,84.05863933680794,96.43938218559774,120.714495620608
4836.0,68.28454630495145,84.06439939520261,96.42746704899221,120.52397819330808
4837.0,67.91720427646611,84.09626872613899,96.58661006917788,120.35248218557486
4838.0,67.43510924042577,84.22093328757717,97.10787289685899,120.22726845851469
4839.0,67.13920850100563,84.24774314942051,97.40637371154837,119.99882011100335
4840.0,66.66166409161306,84.17434902834994,97.56394268434134,119.72300076417343
4841.0,65.9571580161637,84.2173145666905,97.38958136586272,119.58206423003004
4842.0,65.38241605230407,83.82364914832303,97.0763425493795,119.36566081049517
4843.0,64.85214591389065,83.84665659239344,96.87926403866771,119.16653681972824
4844.0,64.44396975308955,83.80178345118112,96.96545758334534,119.08228068615622
4845.0,64.45753503692384,83.87591460308177,96.97954928405133,119.06729053687565
4846.0,64.9140950708204,84.24534340762466,96.62898040219478,118.93573549385431
4847.0,65.19688884868569,84.33179100392842,96.32143246627619,118.68995594686143
4848.0,65.39068789599675,84.24655329117824,96.15402590974091,118.51534634026072
4849.0,65.4870908776974,84.27128143803333,96.39673722246096,118.43043950560302
4850.0,66.01188636878298,84.1340197416905,96.94369189030925,118.33286996692895
4851.0,66.9380068050727,84.19415311113431,97.5520093114313,118.30637847461753
4852.0,67.721821266589,84.26494908266841,98.15019921564092,118.3642943256941
4853.0,68.41850106332649,84.14872737947452,98.57322324525687,118.32458613672647
4854.0,69.16436829244034,84.28847139957968,98.83861937704641,118.17832985914481
4855.0,69.4899936203044,84.33618945786745,99.37128940456047,118.2615650086263
4856.0,69.66857480636256,84.30701488476052,99.52040915900001,118.51284732679298
4857.0,69.7223825544117,84.37676238806691,99.27180185796021,118.89373129251551
4858.0,70.12739817285546,84.2275654335882,98.81429893077964,119.25919294391666
4859.0,70.19171254254286,84.22016453083606,98.27548930952115,119.51006539938649
4860.0,70.09114640763588,84.32889528925963,97.7594796629541,119.65484874751508
4861.0,69.93225735573141,84.33447288345717,97.44451006035078,119.79299786611588
4862.0,69.61783573201356,84.6779614768777,96.93730835678812,119.95547413541063
4863.0,69.11681362126487,84.65843583082695,96.82481558127158,120.17135341248135
4864.0,68.75015869861537,84.47839033753993,96.1185294225701,120.32352920054562
4865.0,68.42997987352275,84.29661151335033,95.5074968874262,120.48852752104987
4866.0,68.24809374946211,83.97982574262547,95.40740262351389,120.57785047628713
4867.0,68.06427242485694,83.76126121281058,95.27338189905836,120.6152841968157
4868.0,67.95563907499559,83.53257137478577,95.40358813720677,120.69376417583055
4869.0,67.90775836074667,83.28840818224128,95.5867671409547,120.83086707829473
4870.0,68.20317127609925,83.09388708149274,95.42306146996451,120.97912212147469
4871.0,68.58861781651093,83.22771184805646,95.6532695641642,120.97358806571434
4872.0,68.84993150848105,83.12109818619831,95.4360402652053,121.08325676161617
4873.0,69.06322245374557,82.80380535799614,95.55752673664092,121.07866011537847
4874.0,69.30617714323155,82.64545687501715,95.6112394975421,121.01263735131323
4875.0,69.49928605062233,82.75876888308746,95.64394122693443,120.92707459392852
4876.0,69.58299097394325,82.97271399223705,95.51965585471874,120.97934628322604
4877.0,69.6175097897287,83.26952072296547,95.24462066296121,121.1922736475348
4878.0,69.31443626209503,83.55277263534681,94.55175408216138,121.31433992454647
4879.0,68.67787276083358,83.65911347776076,94.25851119548594,121.40233353154017
4880.0,67.8279390466059,83.38578598185246,93.66079603369272,121.59016420290386
4881.0,66.91315457080287,83.39925478078506,93.37298185045526,121.59692918411025
4882.0,66.12074097535474,83.79364532499076,93.44010638276681,121.57919806158387
4883.0,65.322976191116,84.33744391839349,93.59922281339813,121.63123953822324
4884.0,64.32129874113154,84.73014775259084,93.71335220394337,121.68409315111022
4885.0,63.3041933144788,84.92743765662262,93.92132266508023,121.54087776366897
4886.0,62.43222605078745,85.13727731755418,94.19454263834787,121.26615729749324
4887.0,62.08975783297473,85.27934640144152,94.78026813568302,121.00495349011271
4888.0,62.20565701686891,85.38906790441462,95.11147406930759,120.71176678855838
4889.0,62.833729146088395,85.17019327536683,95.62204871962575,120.40589760252568
4890.0,63.61936372570556,84.85321921459152,96.25915309773544,120.28192160516959
4891.0,64.38684527810973,84.3867459453364,96.33617571747413,120.20643705853607
4892.0,65.03827123275452,83.63758448951909,96.24493670475792,120.18618083321101
4893.0,65.97649336210912,83.02339432958217,96.15615527528229,120.26802056124136
4894.0,66.99159942795714,82.53029990026202,96.21005592820892,120.32831088233102
4895.0,67.6722848831951,81.93042988881864,96.28547614148655,120.41248092497277
4896.0,67.81337540546247,81.51179538824084,96.4936174644805,120.43840770698142
4897.0,67.69610715001126,81.22917748692737,96.55817315560654,120.50990379631946
4898.0,66.93404527129057,81.50060220603928,96.70711345383029,120.57433789318945
4899.0,65.95953110308047,81.7281656953628,96.85209171020084,120.55610010662977
4900.0,64.79860371989349,81.70094759851997,97.1928154281964,120.48898692321498
4901.0,63.86155532684678,81.4980507378986,97.65825480387352,120.25460350310242
4902.0,63.068770370620825,81.31636578640513,97.96402023843892,119.89466941727679
4903.0,62.058008060393306,81.27122159112454,98.29916735105583,119.70280114458126
4904.0,61.4274298461744,81.33428933134037,98.63558648454968,119.499778644952
4905.0,61.24007103126856,81.15047975140905,98.96144122466359,119.33826834561395
4906.0,60.96237754560202,80.8376102524714,99.13554850229178,119.15451313591242
4907.0,60.92113776807973,80.59656970289194,99.30512563562814,118.95047307658318
4908.0,60.81742296972687,80.30707911176287,99.03244432799792,118.73480062472993
4909.0,61.12553557008263,80.56918917177263,98.7331378553293,118.63859534214262
4910.0,61.41310168239518,80.94737413723448,98.33748814798982,118.57875063370874
4911.0,61.76220963717916,81.19611895562177,97.86073556857043,118.45625478358937
4912.0,62.18041635073362,81.06906881726324,97.44643430762282,118.18674607453394
4913.0,62.44135480654181,80.94956290675471,96.65013630681521,118.02425388740016
4914.0,62.77993185697857,80.82305155731255,95.79105508061774,117.99409614908043
4915.0,63.19506946821774,80.70190126617906,95.13059775383837,118.00110914049583
4916.0,63.867994220763926,80.11413202751308,94.4885595407986,118.0371948506732
4917.0,64.95811145792091,79.54860296777383,94.22410449323893,118.0454096718203
4918.0,65.70396414838197,78.84499288100685,94.08362468280954,117.9822408293708
4919.0,66.39657048605204,78.49679396762572,94.23560705694001,117.91203186187299
4920.0,66.77994242432236,78.55954792616119,94.52902611996761,117.8697692795642
4921.0,67.0679235026311,78.89345242015003,94.78188137747576,117.95522125226564
4922.0,67.50198551679854,78.85106467246082,95.37701455029294,118.06349028197947
4923.0,67.57257848102194,78.59771019333861,95.96010944480668,118.04232498602009
4924.0,67.46061478244641,78.26990238901361,96.6713078241893,118.10703562183869
4925.0,67.06873941682016,78.24589932387423,97.03953261104803,118.24700402124874
4926.0,66.56994896408827,78.44617970097485,97.38275358901421,118.40371527083802
4927.0,66.44006013311989,78.57662213557448,97.76163606244931,118.61158029265553
4928.0,66.3906106556197,78.76329649718338,98.02972774062488,118.84042667012609
4929.0,66.8463929677711,78.24582909314071,98.38160207562302,119.17494454420809
4930.0,66.79161178821853,77.81533780378172,98.58914682585753,119.54596656898325
4931.0,66.48057735780709,77.65643116415038,98.70678258405447,119.70254366087653
4932.0,66.21587132287712,77.68707100260103,98.93172883183743,119.87726973460934
4933.0,65.95918464645379,77.87519341609259,99.09142287658626,119.92562488164873
4934.0,65.83869363662494,78.08613195469057,99.20418324684681,119.8634139137357
4935.0,65.61927418279393,78.41363671523565,99.38928338295553,119.756134473898
4936.0,65.14986192686258,78.79378054932562,99.49062198156601,119.57658705449334
4937.0,64.58779810799737,79.0131219891964,99.72077945903709,119.32682768086559
4938.0,63.657730725533554,79.64995270031078,99.79759851833448,119.0044925005869
4939.0,63.52045806188534,80.0998130063501,100.32236908339125,118.6395823646039
4940.0,63.70785285676865,80.5171878555707,100.67300056317359,118.51923124765122
4941.0,63.94703186955536,81.05490886266907,100.74636081657344,118.50978861117866
4942.0,64.34297728554625,81.37250803234394,100.91857400717932,118.47427232475036
4943.0,64.60848785715777,81.71516346119422,100.86205080499533,118.44117160760129
4944.0,64.94389639676784,81.96066409246487,100.56293460753876,118.44107467131624
4945.0,65.35863550450208,82.09016990566705,100.26192483712819,118.44902626482889
4946.0,65.91577312665862,82.21165439737933,99.94707738248852,118.7071787172637
4947.0,66.09097831708593,82.0884335748948,99.70988503918157,118.98598595402974
4948.0,66.21206982610147,81.80531059080597,98.79644211239135,119.20767154917868
4949.0,66.06457763862738,81.39495129554341,98.01019825666245,119.2736419239815
4950.0,65.86177366419354,81.1401117987115,97.35802621372767,119.3977316610828
4951.0,65.76570499339871,81.10680843850439,96.90286306139957,119.52325365423516
4952.0,65.83636073872,80.88226610282551,96.84514579653802,119.6580880123587
4953.0,65.82801805218276,80.36133222835079,96.92815249735199,119.82862569626494
4954.0,65.78279988705287,79.895592761159,96.8924233661614,120.02122808410755
4955.0,65.48485803129049,79.51776706236615,96.6886236183849,120.04219201993709
4956.0,65.61937845787544,79.30919942843204,96.36547658562202,120.06944738771199
4957.0,65.691362298533,79.2063863489579,96.55175445996056,119.97262453460111
4958.0,65.96949836601183,79.43047111189254,96.59264301494093,120.02202539875229
4959.0,65.99280730187809,79.4486145401803,96.6665172451694,119.82687078731368
4960.0,66.03888407762486,79.39976012857504,96.72766245237857,119.6777996481775
4961.0,66.4296708904574,79.42123719083818,96.94543395409946,119.68098598347142
4962.0,66.9848057664555,79.75003704264918,96.8151176805319,119.76993910823967
4963.0,67.54495524449587,80.10633721312246,96.88258394673936,119.93488031444025
4964.0,68.52978722638034,80.40539317813776,96.76172915161257,120.1031215165024
4965.0,69.27620365807857,80.61685470336842,96.75302809614294,120.29874910204869
4966.0,69.88255603219095,80.80399218420905,96.37287778875455,120.58222010356809
4967.0,70.15786940683505,80.69023849388384,96.25466271354517,120.77360536990405
4968.0,70.51912680307626,80.57764695450086,96.23143905882972,121.11577620521555
4969.0,70.53789609626614,80.55994829693445,96.10090456734784,121.41722662022889
4970.0,70.09706698449361,80.61972191871934,95.61216666111153,121.63139545617616
4971.0,69.59764090859485,80.23210757760548,95.3454249736367,121.61906977781759
4972.0,69.0809550359639,79.58200267899404,95.03337072049231,121.6507849909628
4973.0,68.3818751005106,79.02762365862745,94.85636422285454,121.71560704505036
4974.0,67.92737649071601,78.58266311203262,94.87797412536189,121.69939197302273
4975.0,67.55326243365765,78.12770569172567,94.97493661027985,121.6182751797291
4976.0,67.43631898725596,78.0482805802572,95.06098245265186,121.53212615726997
4977.0,67.59481460012582,77.78329290521994,94.9211620176543,121.48649840314462
4978.0,68.03439306157827,77.24659671416663,94.55329242393607,121.40016136176834
4979.0,68.46394063792343,76.70077264893867,94.4100243353973,121.28201814679491
4980.0,68.85844902046725,76.35363250559499,94.46979676400194,121.29536237978583
4981.0,69.02667526790478,76.38627844927007,94.46051829414228,121.1962560517027
4982.0,69.0235111821234,76.53999135156731,94.49630094292155,121.0766519983063
4983.0,68.64919621107664,76.58089540257086,94.2995919234932,120.94473150331116
4984.0,68.32724407687289,76.80793407839643,94.11076774977903,120.93175682217468
4985.0,67.96768310236781,76.52690781880277,93.87405761360479,120.94909040141665
4986.0,67.44888279948964,76.69191260828154,94.05560754302496,120.9277881881909
4987.0,67.10848000027441,77.00105495399629,94.58740575625279,121.0797720439684
4988.0,66.63062173830784,77.19463397686854,95.18105154206047,121.2562704212805
4989.0,66.43756461303025,77.69085186345254,95.86725959958471,121.17784681156004
4990.0,66.39022005179247,78.32128030673977,96.69968676967326,121.22807554230317
4991.0,66.47806600003975,78.45676018671064,97.60269767930463,121.40593383747235
4992.0,66.78547456062736,78.73023166116525,98.64017053212402,121.68311462187509
4993.0,67.01145616955937,79.12842614879132,99.459685551902,121.85832826998814
4994.0,67.01451964982019,79.7114169010232,100.19704758637496,121.99093138158177
4995.0,67.1523243398006,80.09580723466993,100.55519244620773,122.08041055584582
4996.0,66.8666078506816,80.4774053926777,100.54484189470209,122.0914183903979
4997.0,66.76455239685939,80.90292146574475,100.42875875001461,122.10584552501776
4998.0,66.32374971240704,81.10874991605971,100.08975352091772,122.3356163943933
4999.0,65.94062135156707,81.07231329651714,99.67455390982437,122.4519685002686
5000.0,65.56897191427026,81.22951367866116,99.21617289681403,122.45830678873024
