episode,MU2MV,AoP-aware,DGTT,Greedy
0.0,0.0,0.0,0.0,50.09158278350224
1.0,0.0,0.0,0.0,49.97044351573237
2.0,1.0500048738837804,0.0,0.0,49.82952289280687
3.0,3.0087110020315406,0.0,0.0,49.70273576222504
4.0,3.5205206688722996,0.0,0.0,49.70809310749232
5.0,4.966418232413323,0.0,0.0,49.84375196552881
6.0,6.45785590784582,0.0,0.0,49.97489021689875
7.0,8.36491582361801,0.0,0.0,50.39399887169545
8.0,9.678626389629768,0.0,0.0,50.83703191754879
9.0,11.331906542253515,0.0,0.0,51.243981456186255
10.0,12.561602066836516,0.0,0.0,51.93361907556207
11.0,12.55660601461202,0.0,0.0,52.387052749994666
12.0,12.054136327160275,0.0,0.0,52.920504257538084
13.0,13.44452582753872,0.0,0.0,53.277136323032636
14.0,13.042242002734154,0.0,0.0,53.261618240874796
15.0,11.266525458981045,0.0,0.0,53.18295767768116
16.0,11.355626839428249,0.0,0.0,53.06299058627546
17.0,11.71000061494344,0.0,0.0,52.73784221155714
18.0,11.302619308492538,0.0,0.0,52.528311705493564
19.0,9.367214705423205,0.0,0.0,51.94963944405387
20.0,8.581728851450753,0.0,0.0,51.61450729137647
21.0,9.245860854370454,0.0,0.0,51.32351346758897
22.0,9.82857084437,0.0,0.0,51.48698173901116
23.0,12.117739161174047,0.0,0.0,51.63297855329134
24.0,15.147102778266035,0.0,2.121322982641891,52.24208502828096
25.0,15.997586848542538,0.0,7.0373697403607185,52.703122433621346
26.0,15.93406157085372,0.0,11.79630339845605,53.11986901325359
27.0,15.725479005602857,0.0,15.321485752653134,53.36560045112193
28.0,15.721728445462952,0.0,16.59790448757608,53.64623501635462
29.0,14.019377705435538,1.116382479952271,18.10753022662076,53.92381642163394
30.0,10.137529164912566,2.314031835994929,19.832410048358675,54.28747117561633
31.0,6.355238026476087,3.9531386053737907,21.433687458381904,54.31129433461068
32.0,0.8179181335438486,5.004079425823366,20.821234070743728,54.676910549410685
33.0,0.0,5.7502429732719165,20.217220558822145,54.24158973202654
34.0,0.0,6.448622887888366,19.970853848510416,53.780566169422244
35.0,0.0,6.289267856209094,19.600716088651993,53.44810560700895
36.0,0.0,7.113034836492853,19.65502302506898,53.41182428559107
37.0,0.0,6.895293626366972,19.77084198498862,53.313218968656436
38.0,0.0,6.72813099018687,18.78800574016147,52.89185083020544
39.0,0.0,7.031043432885051,16.169429583002593,52.10082736539876
40.0,0.5810343865696834,6.457811558579166,14.273257987413476,51.15350637749563
41.0,5.072915091083022,6.160097106119066,12.22364343291223,50.51837336247902
42.0,9.070094556743086,5.623992711897048,9.149039978309226,49.984311423088
43.0,11.591487852289873,5.281647691164713,6.592233846750805,49.492915678052526
44.0,12.262949380757572,5.549217444831037,3.2582194956808497,48.87145716500942
45.0,13.546665290663183,5.466189040489734,0.6114806075841135,48.376399719057176
46.0,13.32266942957474,5.776335128179285,0.0,47.52873964632295
47.0,12.343780685771227,4.801076726799615,0.0,47.18493231280148
48.0,10.938715651579477,3.51061407284515,0.0,46.90576382083234
49.0,10.144378485270064,2.211702168996399,0.0,46.637828764182636
50.0,7.412215146195239,1.0567344929371392,0.0,46.34879949434578
51.0,5.505903969257857,0.268131656070982,0.0,46.44399137911667
52.0,4.4429083352957,0.9614250823388452,0.0,46.44706578588572
53.0,4.072112782427767,1.3378890707599402,0.0,46.71451770103617
54.0,3.1368150175571214,1.417669738867259,0.0,46.73474370399318
55.0,3.062617988702652,2.912286983044186,0.0,47.42927631271668
56.0,3.0141646251661016,4.905231178996565,0.0,48.1636565363603
57.0,2.723318665175374,5.422657646559112,0.0,48.96087234608767
58.0,1.7201289921547418,6.957659035592259,0.0,49.71921488600695
59.0,0.9800828970056363,9.929652597453988,0.0,50.1672992955538
60.0,0.0,13.100550470085741,1.537309038747856,50.44099338635383
61.0,0.0,15.966635073461143,5.335836897666731,50.4634039904613
62.0,0.0,18.010153428812405,8.6252932104307,50.13074203881111
63.0,0.0,19.119665395573495,14.397852412650536,49.73910531204339
64.0,0.0,20.120974771862556,15.982425194129748,49.4057831193374
65.0,0.0,21.7519552618281,17.5774398270439,48.81400262337104
66.0,0.0,24.651328372439334,19.455259568987845,48.4285383496782
67.0,0.0,26.22519364739417,19.228934468372877,47.930383956775515
68.0,0.0,26.071522136252657,20.172953682732906,47.40106274871622
69.0,0.0,26.142239473481197,20.677362596162336,46.91538347460059
70.0,0.0,25.38172674833243,20.239550176755216,46.895365270272364
71.0,0.0,25.596164664950386,20.01270183546885,47.23866741060069
72.0,0.0,27.13287662083227,19.580942380469,47.53301698963999
73.0,0.0,27.03791218755863,20.229178826343084,47.52761260130317
74.0,0.0,25.774001731144608,19.064838065487606,47.67175786918569
75.0,0.0,25.64134419646738,17.666665876550983,47.64178976593243
76.0,0.0,25.47046724787004,17.437465506517007,47.899542903388266
77.0,0.0,25.32555787722432,16.518461687337847,47.98489577201854
78.0,0.0,24.294739304514682,15.63711612713162,48.22382237222879
79.0,0.0,23.33693259974511,16.129384689537105,47.895172439318365
80.0,0.0,21.060173990015624,16.130626385722564,47.28610507164842
81.0,0.0,18.893845809511422,16.46405675120255,47.125589822431195
82.0,0.0,18.534375909339325,15.880470978994493,47.10168831792028
83.0,0.19900353814928984,20.11448223526348,15.700199844376494,47.250143628980396
84.0,1.251448280658595,20.900410557199557,16.559071279156278,47.439780202233045
85.0,2.401638540680885,22.683556980541084,16.972242436122087,47.68519394701636
86.0,3.392649603771457,24.194254512841347,16.744881818621753,48.28206852356026
87.0,5.689223729684841,25.07882632016798,16.85328032573607,48.44156736062156
88.0,8.524857314393223,25.020839601612714,16.263365836696803,48.755129222335526
89.0,9.36191437305958,25.888171013390505,15.978930184846424,48.79904569854855
90.0,11.148564739445709,26.04468311650111,15.05030923360735,48.69010718612689
91.0,13.285262309503715,24.40415911435494,15.095090423173328,48.752981051735304
92.0,15.705461000499797,22.722826403947547,16.110745752671406,48.85153435582692
93.0,18.29699113394306,21.27114462699769,15.284161778468263,49.22210110990925
94.0,20.76785060770748,19.88311571203661,14.244021685429365,49.32559769346476
95.0,23.055628930369664,18.527283805262485,14.559569780079725,49.16862415680874
96.0,24.862451921941428,19.192105936312014,13.605539606881386,49.36501267335016
97.0,25.874125041955722,21.747892338139284,13.170830863856668,49.54264183832248
98.0,28.842319603962974,24.118335893886687,12.894408105085397,49.942882112063835
99.0,30.954700270152966,26.686757237872087,12.802161539558307,50.61718731746179
100.0,31.435189396554865,28.4018608988715,12.665807094658723,51.189157934629236
101.0,30.837025017842038,28.56740570244549,11.741864298329103,51.21603075959584
102.0,30.62549551403777,27.209649234762193,12.759811265875811,50.98047907084526
103.0,31.91333077186239,26.3598973130135,13.01396623804037,50.804154829835454
104.0,32.585209975551976,25.605628717209058,11.56571138847915,50.57537856320709
105.0,33.52068935031535,25.002584171226783,10.585915714597133,50.32473029891322
106.0,34.807778404076025,22.00844593683735,10.208934513586762,50.457869993849236
107.0,34.79629524433872,19.233644834830287,10.748325391130024,50.68122903388952
108.0,36.06073370979704,15.929400102493894,12.00043481094915,50.541632643548375
109.0,38.487183267131485,14.523232195589703,12.887472822104398,50.46007054240581
110.0,41.230127804555416,14.162007667357669,13.694835202056542,50.4938459336789
111.0,43.691800505117776,14.560520135741006,14.227653908242708,50.59768251086709
112.0,43.82762104924935,13.95326698282521,15.595437705373788,50.95210587657477
113.0,45.49774302412986,13.786531476407905,17.587855484495645,51.45946994724467
114.0,47.79381629086866,13.493952077215496,19.808105134446542,52.060527744084666
115.0,50.11756724217749,13.881694232562337,20.1884210977085,52.29369202129185
116.0,53.606048924640504,14.064153854819843,19.454136604091588,52.804387791785075
117.0,55.603498390158784,14.609951111332652,18.58813109840017,53.175252246930434
118.0,55.99495200162478,14.500065272373625,18.15002030995973,53.43008480834447
119.0,55.540413762553875,13.729689743881075,18.29369406140529,53.386498831729234
120.0,54.06998247663731,14.54862396723317,17.97381872005359,53.032508383321336
121.0,53.48403274689284,14.954636276243326,18.601340896330072,52.57890376743234
122.0,51.72352048232846,14.426990517214438,18.159807756162994,52.36780683124731
123.0,49.00014829173507,12.222064369973793,17.532247171968113,52.11162376593838
124.0,46.552764778898215,10.275712020006328,17.89578180713715,51.952059013645325
125.0,43.20154740899125,9.1206363947981,19.184315566843672,51.733136159231364
126.0,40.89604930121271,8.006628376862922,20.053615667285577,51.96136626361768
127.0,40.33342325744753,6.614033310947686,20.014753892383773,52.02775127710216
128.0,39.664072345566495,5.94021745903942,20.524843227254628,52.75440993853832
129.0,40.919142188308655,3.9993243842547255,19.610206410710337,53.61103976674361
130.0,41.086793908440164,2.3198374546247837,18.510166687588065,54.39830618740364
131.0,42.248375120797185,1.6412357098417163,19.035638744831573,54.79434290089224
132.0,43.56221222008545,2.5210960161137894,19.413331632431994,54.68105441801701
133.0,43.829255348829506,3.417857114860187,19.687679142138258,54.5765895426607
134.0,45.14620161788108,3.9903011030853714,18.91387076347114,54.5723892714626
135.0,46.581426954100074,4.313269500505456,18.57080123302643,54.159342207286166
136.0,47.540822186715,5.12420444211498,19.540500563169267,53.73083505678079
137.0,49.24595714096984,5.627336491987598,19.55574930820033,53.01038172253595
138.0,50.00070131577416,6.862633410268759,21.07062128973654,52.19948941268607
139.0,51.70503890095162,8.185200462416867,21.951367706251887,51.45766489893632
140.0,52.67880964213202,10.805061658924608,22.28879388666946,50.68467767041668
141.0,52.81244541408854,11.73414644852992,22.83671216572377,50.67257584494673
142.0,54.10756949037412,13.311887219471833,24.786409282072043,50.96410115660893
143.0,54.610440755423376,14.447983998428246,27.387317921882513,51.000544021801325
144.0,55.21311404533836,14.995603114621789,28.180515574873727,50.97518441593595
145.0,56.643622418519236,15.503874774322966,27.163375888846392,51.17320260630554
146.0,58.50915004412428,16.963653474709606,26.730318043463534,51.25236102412581
147.0,59.51278047687259,16.555898459705112,25.42596621020084,51.17116825570936
148.0,61.88317356517737,16.251520431122735,23.78114490876998,51.22500647794345
149.0,64.07716988482763,14.071823240022685,22.813285005309616,51.511901338732535
150.0,65.33951786542052,13.556092956953066,20.955801736391614,51.25631660872533
151.0,67.48740523480333,12.159337967601122,17.511100893864008,51.01534310656511
152.0,69.35527475660625,11.432375556935726,13.313242586692699,50.998249266830136
153.0,71.17775500026234,11.815127052720026,10.042469862374722,50.915546384920425
154.0,74.11637187343922,12.255926411183902,7.876863537648385,50.959081729679546
155.0,76.82868698693161,12.008867013920604,4.513685037813729,50.82140592022075
156.0,80.78756764694417,12.539433206539348,1.6033136216380948,50.98406761429653
157.0,82.4426596757318,12.937146491804452,0.0,50.803311415769215
158.0,83.6068180707309,13.935358488287408,0.0,50.732062050556166
159.0,86.24651438506767,14.583101750459381,0.0,50.96165729249568
160.0,86.44244257070265,16.151568425750455,0.0,50.95198380067413
161.0,85.85148553190383,16.712551974626393,0.0,50.82941018042713
162.0,84.54145125402673,16.316813891045967,0.0,51.12148388974744
163.0,80.57340068956694,15.3422162966272,0.0,51.02881417460445
164.0,75.96411590428828,14.914358345404958,0.0,51.47728925777519
165.0,70.1932746552772,14.872854116327414,0.0,52.04383223949921
166.0,66.1426245981648,14.991168866159212,0.0,52.75703568231503
167.0,62.32378610423132,15.916510245021442,0.0,53.440488450444995
168.0,58.61273937954446,16.42642028688448,0.0,53.8058511641937
169.0,55.86924480982288,16.16830955013781,2.6122095393711184,53.89060827934262
170.0,53.84437384261484,17.228857302636513,4.695060277658821,53.69461061745256
171.0,52.02130781983532,18.981929459730697,7.6440205367961225,53.43727159873736
172.0,50.76294506950737,21.503415750332636,9.148730464335166,53.22899915857743
173.0,48.844671870173265,24.72234194780744,11.381719738874263,52.88280747204898
174.0,48.29557532593521,28.529455028575484,13.19989242932605,52.175260409034834
175.0,47.91044608803714,31.37128232473607,13.381472614930477,51.377472002957205
176.0,47.20135918327533,31.311987755539572,13.868550323170941,50.51163113784634
177.0,47.70134049794312,30.867813307180604,13.305657382013552,50.23680353610182
178.0,48.30595843998995,30.2498962054936,13.219735992433757,50.383727258271456
179.0,48.6971357669276,29.785961536700555,12.731124957541526,51.05266302860288
180.0,47.68530044994429,29.4968666653066,11.619470930189202,51.34880486368361
181.0,46.317112735084855,27.865410762450047,11.264431110219796,51.793750109439145
182.0,45.52582059074276,24.98949599217513,9.859156192660173,52.094409609360746
183.0,43.62284202952614,22.07539252505409,8.97493938803535,52.59393601533995
184.0,41.53894037004137,21.072226182361746,9.831542520872338,52.95340698085009
185.0,41.263810134570825,21.228941655883972,10.037272117697526,53.248143057425246
186.0,40.05532751322836,22.251065430860294,11.400180286392878,52.9947180264598
187.0,38.64883248015049,24.586180111808304,12.391611784318185,52.27448994757167
188.0,36.96762136963402,26.61150267297884,13.938257440516463,51.53899222568379
189.0,34.86630420099355,28.43894639658485,15.145560637104804,51.06812619890877
190.0,33.9184105088872,32.61778542764795,16.350809777508225,50.76464124539918
191.0,33.68407259625697,36.52273677129397,17.660073627543035,50.489887643844
192.0,34.08010182128017,39.797159625807225,18.98682395040145,50.44280477738518
193.0,33.5233941667132,42.78870370630733,19.42759481761064,50.508124445931706
194.0,31.65049890208868,46.973475239681186,20.327275251838287,50.606411136974245
195.0,30.547027433139235,51.341823436841835,21.30841086581296,50.65729091694702
196.0,29.14527455558473,55.19812243560204,22.14140447554081,51.20264459466374
197.0,29.704288169030676,59.0761299634689,23.69318107772986,51.690104139455734
198.0,32.26991811223213,62.89623872356074,25.744375734940586,52.11748934899611
199.0,34.20063439396169,64.2385725884742,27.683104239256124,52.25403808432167
200.0,36.95170130240506,66.01758334923427,30.04751439244656,52.01383086710099
201.0,40.67436226267212,68.59790826262378,32.84063127047112,51.70302125661232
202.0,44.616069419617205,70.63167165419797,36.337250837243964,51.24099382425364
203.0,49.51694193500234,71.8225080344585,38.75726571332481,50.912025319608695
204.0,54.54415246737714,71.83152183263998,39.241427645375936,51.01293252782406
205.0,60.03613959316006,70.41302854055341,39.426482958949855,50.583732366300715
206.0,64.17428790133337,68.24214818987394,39.832242840620445,50.291628894587404
207.0,68.99439557350553,65.44387922365524,39.72479692195188,50.21982829102173
208.0,74.09377735523174,63.834887460921124,39.24155597854094,50.274990691399125
209.0,77.18549387228319,62.449739404134704,38.1176194474547,50.767464257087106
210.0,80.01850673068901,59.78505120522501,36.147367383609186,51.241457533558396
211.0,82.33374874211253,57.38182378144805,34.35955998519937,51.96712956279788
212.0,84.15446784211171,55.19396311223821,33.28457966034269,52.267553378314204
213.0,84.44631729908386,54.09624662268858,32.62063159084248,52.21695225557013
214.0,84.31677794089245,53.01086590237825,32.5547462015319,52.282207272408826
215.0,84.41268633490557,51.81378414461112,31.861886925590987,52.29719845440863
216.0,82.42745763653632,51.1583700276174,31.547823361525673,52.203954524843816
217.0,80.4033888577955,50.57925892021258,31.01644280932559,52.172947942570055
218.0,78.62274541551773,49.436539537401764,30.803837113402484,51.99741595609299
219.0,74.88372626459807,48.38549385380485,30.593498526328528,51.96757074542779
220.0,72.20251128852259,46.491825191555314,30.23061685320897,52.12445026020357
221.0,70.14881973767869,45.38890901237671,29.41257370858543,52.392862803617945
222.0,68.82957365069545,43.8134105865974,28.698659079463148,52.75117334785291
223.0,68.30920572587799,43.892161490944524,27.135772750490766,53.31078962659267
224.0,67.98345793071572,43.40722315207257,24.82500753558293,53.482800151108506
225.0,68.0701717605808,43.66191584599803,22.561903003492866,53.57810931151839
226.0,68.08947603259591,43.47050460119186,20.50768679776378,53.505310277372715
227.0,67.94001541806047,43.75656557952425,17.480050735117892,53.65127984145541
228.0,67.89925224733567,44.54130158636589,13.342547189576349,53.45860227328066
229.0,68.30983642050197,45.09587672037728,8.984114697684108,52.85153760096272
230.0,68.55510229088969,45.13842212380149,5.041523609254957,52.32086642698177
231.0,68.67680381333489,44.1189080678363,2.201269284203501,51.93157854020595
232.0,67.44679225291554,41.969628341005205,0.5780876281202054,51.63231045635582
233.0,65.84941415518892,40.01716311492123,0.0,51.48023743503184
234.0,65.76022950556558,36.87241912163797,0.0,51.19877141857277
235.0,65.23533814379897,34.022528825450706,0.0,51.14744002755479
236.0,65.90478454563757,30.63628090180527,0.0,51.239047663177494
237.0,68.16050164563282,26.729441487119065,0.0,51.73633324304556
238.0,69.82907478948346,23.697901759253476,0.0,52.41375220133784
239.0,72.65293998799878,21.321969409323074,0.34063635824171545,52.98616376129169
240.0,74.9541062080913,20.734804804042692,1.5101243412281087,53.56008048424574
241.0,78.15149281512603,20.68904745363063,1.8655469463615604,53.87881524289181
242.0,80.20102245969505,21.23174858989796,2.2692885977653408,54.254506128849236
243.0,80.88742021099557,21.611402289542305,2.6172500596894253,54.81033938444278
244.0,82.50479165964694,21.417994347767337,3.8204830041638664,54.711614798462044
245.0,83.46363217207288,21.986008066588276,5.20162210021069,54.3906127221368
246.0,82.64355867094862,23.38522431839986,6.784663735584887,53.78847195504094
247.0,81.14755991465269,25.164656185804727,7.269197131819695,53.58338132012408
248.0,78.66282613039661,26.74777713907429,8.56472230521097,53.40761739006584
249.0,76.21600534319775,28.074871014513302,10.478058140784755,52.78279201456928
250.0,73.75398284214222,29.223377959278153,12.900533990827281,52.47106011964644
251.0,71.01318938318053,30.61426446895318,15.177969369261756,52.071333465559206
252.0,68.43815227905367,32.598803276982714,17.42504317381353,51.58585157937165
253.0,66.14216125444135,34.54801132966479,18.710155755578526,51.73647524460696
254.0,63.2176046315809,35.52932552767049,19.028055371528495,51.82034453869154
255.0,61.28081555047622,36.51509320561449,19.49491965493965,52.24517950860087
256.0,61.00136871420581,36.38757738077444,19.451736039683016,52.08303881589527
257.0,59.50267228961867,36.67755688115447,19.117561556835152,52.110242790029744
258.0,58.101223414549224,35.40413081336524,18.557603245722206,52.4066444127191
259.0,56.45528895353497,34.7142665314946,16.359365726155964,52.52237260431149
260.0,56.23947258687499,34.34139340549413,13.480652508779212,52.82330749544482
261.0,56.31899715222306,34.59580059301048,10.426783896626564,53.098377275949204
262.0,55.71946229566014,35.8326192800822,7.154584524676586,53.34679358707951
263.0,55.47981920770663,37.570942139000095,5.237636395051352,53.62016028258061
264.0,55.15519143997281,38.411185390889344,2.7795209439339352,53.27783328206659
265.0,53.71991608513523,39.68538183630453,0.6969869462303189,52.9650587936007
266.0,51.99200206071889,39.99150596827037,0.0,52.436620806489955
267.0,49.4328883211052,42.4953880743626,0.0,52.196244940849795
268.0,47.02233485002489,44.74073065941972,0.0,52.033076532958624
269.0,44.093950546881906,45.60297879206953,0.0,51.754376848328214
270.0,41.10332958744758,46.25436085061234,0.0,51.39393048440848
271.0,38.750420688829834,46.960110028268815,2.1077104721342743,50.89539762507572
272.0,37.174124304131844,47.23172244551292,4.846832383262264,50.53875776029627
273.0,35.19585416830265,48.46952376626025,7.469547833222181,50.457276528230246
274.0,33.60871561406147,49.397502685084454,9.237341315644276,50.63200793207292
275.0,32.99322476243594,50.88851428622822,11.908738810201811,51.09672804565
276.0,34.118809276361155,50.95820601269392,12.419888434771313,51.201454644309386
277.0,35.13561975782317,51.08921464947952,12.390449349312826,51.233263976700826
278.0,36.26948881751276,51.352788622607946,12.237580274467636,51.14571415577913
279.0,38.12180985467388,51.22679885733895,10.459356615737512,51.22324164605009
280.0,40.6316196238141,50.75027309545298,9.404776278924903,51.53482788242066
281.0,42.22445174013599,51.17678083162062,7.95608392210086,51.7488702362503
282.0,45.294016638684326,50.603693412206376,6.298678920848952,51.78764890246221
283.0,48.41137240309445,50.563580136512215,5.6240436671815806,51.72805534212952
284.0,51.87433473352375,50.697381253387604,3.6649624054797485,51.067902239616814
285.0,54.207609473077184,50.57497104768457,2.493203671632572,50.54137213569694
286.0,57.29959383949028,51.10200523035701,1.3662066610770789,50.005143362726756
287.0,61.213242538159534,51.381615771985885,1.089614356364466,49.44606928748554
288.0,63.438009874408,51.02290359949783,0.8856451248840194,48.99818999235633
289.0,64.59192549153704,49.72494172345341,0.0,48.38823669957708
290.0,65.94139884218667,47.91328537130612,0.0,47.81686919462732
291.0,66.29639282280371,46.12683504535073,0.0,47.38458285603248
292.0,66.88008756177346,44.847810339535975,0.0,46.92260302487044
293.0,66.96301881825536,43.00151787034433,0.0,46.665612611124466
294.0,67.38441457759185,40.96781716196579,0.0,46.538332320800876
295.0,68.22427421907017,37.254227967681295,0.8948423907141888,46.46628027539809
296.0,68.70441420430782,33.798076196531895,0.6921824284411306,46.61442278377867
297.0,70.11325691306078,30.440772154015175,1.243136988432211,46.86457992725944
298.0,70.72027446984488,28.209989928179695,2.69986589293105,46.94054868309893
299.0,72.95570280703737,25.964150229070395,4.041852941581909,46.841070200450154
300.0,74.80595832093296,24.98570912260216,5.153218844457227,46.646446849655824
301.0,75.99758119112599,23.128318593789853,6.093369542935864,46.71774171065448
302.0,77.25080236245823,21.256061082315366,6.9749692398165255,47.30176343948171
303.0,78.42998437043937,20.54662056490136,6.9759648710967825,47.70207863878083
304.0,79.1590941058965,21.188080284896806,7.838372081832498,48.33696148622098
305.0,79.62947499140282,22.479876085283962,8.127597354812014,49.02251204695087
306.0,79.59866030077471,24.83750792844119,8.207764534221365,49.0485988473199
307.0,80.53988552143035,26.635236752923692,8.282237394592364,49.257005865613394
308.0,80.157248416551,28.819402316858024,7.8275665586727925,49.65036397267445
309.0,80.54014587700244,30.240541777553997,6.4881851406638225,50.12551042626212
310.0,80.93424039534648,31.510966069811012,5.884425738923308,50.460343697974814
311.0,81.56672161541229,32.54269346214511,5.944745869794668,50.351214675673795
312.0,82.38193495983185,33.7671660184358,5.752240238655244,50.05810405489937
313.0,81.98698624321695,34.7368746628257,5.903424883526261,49.61101105971307
314.0,82.95804861811334,34.64357513671864,7.00173810863253,48.93311972480365
315.0,84.71962235280576,34.19306671368081,9.096846813762903,48.88225350302217
316.0,85.62166028960084,35.20328108021572,10.52582163406086,48.83812343163169
317.0,86.5752097377802,35.321737791170996,12.855608621437248,48.76975716518311
318.0,88.08430915048115,35.38442772947084,15.72804502827988,48.81387113950534
319.0,88.84635041578869,36.35375372769318,18.122827061641363,48.78096724197448
320.0,88.96836405190128,37.83621860268097,19.548126191323345,48.9996155117607
321.0,88.45598276387408,38.30050243513785,21.05809387566419,49.32175554857673
322.0,88.4771700079268,38.79067632709307,22.2635629794254,49.60663923889857
323.0,87.60452438151984,40.82421405708668,23.595162757998036,49.69839315673858
324.0,86.8967125794671,41.45479449945754,23.815306923189723,49.36473539116502
325.0,86.4551111523444,40.526712880745215,24.110085505309602,49.209037924759045
326.0,86.39307587603307,41.302036218545595,23.064441206845625,48.9873917569565
327.0,85.41233146665587,42.1300872766534,22.431429338124687,48.47877939782347
328.0,85.40770447805608,43.1376754737527,21.662283975285337,48.14021818015618
329.0,85.79207156809787,44.19386869387716,20.643352425216495,47.560871346526824
330.0,85.60940192054497,46.21246145015346,19.569408985082386,47.13032199010693
331.0,84.83363680548304,47.04561585939547,17.828566745633527,46.57873303817283
332.0,84.34472243913328,46.77952111241397,15.614680045668916,46.3077117952585
333.0,83.15569981235846,47.441016490924106,13.749019784428507,46.54497472150252
334.0,82.70116396822931,48.055313799901874,11.968741526659253,46.4847000463177
335.0,82.16486235823501,46.72520995987238,11.424686389859264,46.327259384176436
336.0,82.23033436523568,46.36314743737979,11.820880674728535,46.435687095851954
337.0,81.30355673182689,44.60630162515937,12.027184311595645,46.472762981420864
338.0,80.01165578599446,42.70756569383097,12.725548542665098,46.711918162056556
339.0,80.50286481609994,40.34666662641468,14.664841965385401,47.18060948012298
340.0,81.85663811298825,39.93122522209985,16.77985091196185,48.006747118418204
341.0,82.40496050284762,39.78694805552899,19.179923989797498,48.716701829809416
342.0,83.22951377987789,39.059059175823535,21.3853558032167,49.36981731653492
343.0,84.02008986653118,39.67492796382916,24.125981562148123,50.0320564558673
344.0,84.30823005824952,41.16769718455513,25.840192855242545,50.87705625878802
345.0,82.93634907858204,41.571860023760124,26.41676903741176,51.65994735159671
346.0,82.57787754439589,42.53619050935298,26.970819417174006,52.55047503248623
347.0,82.88003403737065,42.36059215180879,27.50780163744558,53.40080534713639
348.0,82.66108926301472,42.16367291189143,27.626021423820127,54.08360638582669
349.0,81.35469282040361,40.81864183001557,27.1577162116851,54.4806969237833
350.0,79.15478279576814,39.34716392395485,27.390269872625026,54.90963989989412
351.0,77.3194509098657,38.38259513135012,26.649585073735093,55.11376834945189
352.0,75.57739386557007,35.16187326667879,24.968048963912008,55.38373916691671
353.0,74.2385460626097,31.738138125285424,23.694129164246398,55.625438739153054
354.0,73.67241420926062,28.32802478984654,23.176188854004728,55.992465036869476
355.0,73.17389879125247,25.478799568294704,23.180339162087755,56.1924071680219
356.0,73.53704383887329,24.354057636294385,23.019170514538384,56.27681171497487
357.0,74.77737883776993,23.350644869033143,22.44448821837594,56.34616639209591
358.0,75.7357378282561,23.67111499197753,22.767494684805786,55.97679705715724
359.0,77.66218840745007,24.626763658737755,22.163788900103494,55.82720104254687
360.0,79.33057022153073,26.006365677070658,22.328702401647565,55.638590055838336
361.0,80.17867593330134,29.362330849873846,23.32898989146384,55.654178413075336
362.0,79.90428293189409,33.294403854681924,24.98496140224084,55.85011571564034
363.0,80.55865779756492,37.57305859862317,25.272150224682477,56.24449931889004
364.0,80.04844220927382,41.11366051573038,25.63315616491985,56.84198855299082
365.0,78.68508826875298,43.934143013372314,27.05561064489471,57.50859289006188
366.0,76.2817625275632,46.00885310523166,28.371437140240957,58.152692476660576
367.0,75.6079748048629,46.61933788812005,30.043731682358466,59.18477612335002
368.0,75.43912773857011,47.22092519003959,32.03938938462265,59.93088811116447
369.0,74.60128160534198,47.85544674373809,34.600490782955255,60.558258018510664
370.0,73.26751953489743,48.591361110326076,35.39917229943772,60.940674281888185
371.0,72.35157125433274,48.59155926974293,34.73956776062575,61.079627509274
372.0,70.63316113089171,47.50910059639823,35.32381369781976,61.18823448640842
373.0,70.06938771322037,46.04941577303708,36.623977411169136,61.05035197409318
374.0,69.51220006075283,43.79931462690989,37.64685009870314,60.80016802198115
375.0,69.61636417872421,42.558736425611755,38.58726620196397,60.53518953130303
376.0,70.18177515010635,41.342579264660166,38.184096470620815,60.39204236737082
377.0,70.58184987307297,39.47830619674626,37.634427993788556,60.407117135452154
378.0,70.55360993527252,36.986740187237054,37.75007036119115,60.63737708356631
379.0,71.47362939511096,33.09685044709181,40.05517617543528,60.8696096657894
380.0,73.35230064509321,29.56494146726412,43.21946418588347,60.78418235618216
381.0,74.78267570309342,26.396475054484455,46.55338175704024,60.606738424383046
382.0,75.81371074891304,24.451769748851476,48.85708547965215,60.39658661930095
383.0,77.77929763326078,23.360860440540336,49.817589598120776,60.312466901065775
384.0,79.35059633535182,22.39040223513597,50.73317470180111,60.03309452349889
385.0,79.60540275186588,21.68768339977445,51.62420914475309,59.28630037897472
386.0,79.62732475342632,21.801439777839505,52.038962735910665,58.43820336644504
387.0,80.3998916498479,23.189393945372288,51.774930304149954,57.624106339520594
388.0,80.35271380823173,25.763033904676547,50.750310591087405,57.1465854115559
389.0,80.74375886873607,28.647538375933976,49.819855291548265,57.19617154026966
390.0,81.99091732767494,32.20914648679805,48.146261735321374,57.210549532124325
391.0,83.11113086598785,36.55629951681592,46.733777867534926,57.308418548919114
392.0,82.15063191549581,41.149769289451896,45.558076734021476,57.22708019845146
393.0,81.54266333779067,45.30784844252784,45.17712592892839,57.120637567225614
394.0,82.49655051399625,48.93211968722758,45.94191613405621,57.4089248579197
395.0,83.9873912005898,52.9846339810497,46.08967737928532,57.570032086654884
396.0,85.59529429549478,55.8424276112211,45.85200771834276,57.53334546081569
397.0,88.74950007684339,57.793589377678934,45.75249068777876,56.91565008760452
398.0,90.21640527586932,58.72705277417116,45.09527188515541,56.08905213265817
399.0,91.3091274516044,59.215235372181425,45.08893249193406,54.82509521105658
400.0,93.30499772358598,58.733573560141956,44.07000720963998,53.55382753040974
401.0,95.97230336732031,57.824486413620974,43.9933589718995,52.50051056513317
402.0,97.047403722213,57.04504893072811,43.04516923179098,51.639254376621004
403.0,95.11662534140373,57.24226071395955,41.814178786554145,50.759024631331734
404.0,93.22262772306634,56.36929857011989,41.76079112570937,50.0026128803294
405.0,91.44834361615703,55.887072962002954,41.909196048719025,49.298559753499035
406.0,88.91472483429206,56.08608419093954,41.34095508234694,48.93242624980687
407.0,86.58313285383623,56.20405094191437,41.764920402811114,48.63511616585947
408.0,84.42319820248115,56.519804412291286,41.78334399443521,48.717258252942365
409.0,81.09852449719648,56.3647311273661,41.74331716140957,48.81077585223731
410.0,77.30800105688246,56.34352297302436,41.76669668988452,48.959661514882505
411.0,75.18399280882213,54.802682078684064,41.509384555643976,49.41683211819203
412.0,75.15666093887322,52.51671402114496,40.35163865437956,49.69108019257102
413.0,75.07149410832594,50.129250906750876,38.622936995341234,50.06474338000473
414.0,75.01087649842405,48.4589924581182,36.3038187133434,50.58058573303628
415.0,75.25135799233838,45.54608456532307,34.54316768967344,51.181828838659655
416.0,77.75741263013516,43.437321232385955,33.31400969466086,51.805717047384185
417.0,78.67436527195869,41.4684200009758,32.128861549220446,52.23818375135615
418.0,80.99245824304931,40.4317167597374,32.60250281670919,52.43997097268059
419.0,84.2702556300025,38.55522791159132,32.694555331852804,52.50626237092241
420.0,87.46778984482165,38.357914860175526,32.82778813578853,52.5103086396776
421.0,89.97401921617707,38.840986674079375,33.73283573771391,52.51569830610008
422.0,91.46867271702916,39.91749523505445,33.890304719396624,52.695155935069735
423.0,92.45160978815129,39.963796154157066,34.46973493115015,52.7003114982166
424.0,92.73010401933234,40.60006602432754,34.62781991183743,52.73261363614181
425.0,92.64638950687264,41.2567392439649,33.59687203270685,52.56133446827672
426.0,94.46122527568608,41.61108850865843,32.59217402678029,52.278774573590766
427.0,95.25916761397166,41.87013115563263,31.3314195517247,52.06295511922928
428.0,95.38553760044965,43.24645985715972,30.181456772373625,51.955088516638554
429.0,95.63485126471956,43.793698687875406,28.614189131424727,51.67450022573427
430.0,96.06770106538755,45.18257973330652,26.656838424985715,51.53575932746473
431.0,96.86238776499292,45.332550207082214,25.55984349678239,50.99228340535545
432.0,96.55914979352673,46.69060239814089,23.461643658235282,50.539168101223744
433.0,95.72270908613616,49.08898013587083,22.61789028671438,49.67486800208262
434.0,92.73363920410453,50.781640783438505,21.506079925743073,49.148146383174115
435.0,89.46041897789885,52.62590030762445,20.417691159266013,48.669428455502675
436.0,85.59720986871298,55.119823933696416,18.91614488439416,48.41004652138721
437.0,83.39929365802553,56.71518723290869,17.68838154895835,48.04571145033656
438.0,80.34715742741103,58.408343466543535,17.199373421833926,47.49240825156661
439.0,77.49968546498268,58.30434326666675,17.032924633689365,47.015105313425124
440.0,76.10823677611825,59.438706571127355,17.015251704511055,46.786334440110735
441.0,76.17362268850977,59.65846130840851,17.555024789345573,46.363801202397234
442.0,78.1768193642613,58.3213041789496,18.560273977104018,46.17876753623547
443.0,80.53367298256983,57.82295551534408,20.0869264375754,45.58960243278544
444.0,82.72624112239104,57.390516077074025,21.740693063138124,44.969985260616205
445.0,84.96065731775064,55.7102589058657,23.493691500905506,44.179914458610995
446.0,85.62718339425294,53.563861579488616,24.800034906516263,43.5897289567868
447.0,86.75723878595352,52.04821869890763,26.60207284749069,43.15176036453725
448.0,87.53151755902235,50.8178484423339,27.85941956090413,42.76890026688324
449.0,86.85395831621072,48.067466694258776,29.41803757190175,42.35984360177267
450.0,86.4885996587409,45.90624116392762,31.73247187055412,42.14818556758692
451.0,84.3038974143333,44.83352766220815,33.16948183642769,42.232411307694626
452.0,83.10376902520238,43.29362075267514,34.473341976100414,42.496260337028154
453.0,82.05665027087892,41.51323577006813,35.22363719969342,42.865981352984065
454.0,80.97630256494168,40.23699862619323,35.856736639666806,43.26957616643452
455.0,79.28511918485697,39.95365067370763,36.984123503525296,43.472449402291865
456.0,77.97349198125424,40.765380187643,37.51417952252537,43.607981090007755
457.0,77.75220710861653,42.11332400736527,37.978429330379086,43.69579779496588
458.0,78.51007793315577,44.75789777716068,39.07471132479473,43.86717144423485
459.0,78.82540348905123,46.814537639245025,39.18712587957774,44.000147637783456
460.0,79.96818431752897,50.16446758343985,38.45183865906345,43.91693646657602
461.0,80.57652647740932,53.9463473519145,37.25680504882607,43.830649187693595
462.0,80.4304167258552,57.6212377441737,36.34681765110048,43.96149251595921
463.0,80.66835537327819,59.967139122844905,35.03082160725882,44.38554625826279
464.0,81.77276914987407,62.16479248411883,32.80612448298162,44.68495310162022
465.0,83.85198317391703,62.707642470228414,31.03286867090499,45.10112242386403
466.0,85.15948818499884,62.41731607937529,29.363624749088416,45.301918945580354
467.0,85.93074289824568,62.23291711126573,26.86380653156688,45.46250186129552
468.0,87.58319359286823,61.69848531759692,24.57115505191606,45.68358750313621
469.0,88.63601761501036,59.34030775444258,22.038146006092138,45.55977437678563
470.0,90.02892698457829,57.08817240577281,20.436371655963864,45.45843835064284
471.0,91.57177706843699,55.99294125389168,18.63551115907936,45.32571433861391
472.0,92.93183788452629,55.69074551812881,17.96464939634147,45.06340017914474
473.0,94.21796167192507,55.7151921259504,17.88708870513296,45.109393188309305
474.0,94.22291822133359,55.238963911631686,17.76627714446554,45.04107078028414
475.0,95.46674858054223,55.7592461114695,17.9744064397894,45.22281807890638
476.0,96.90913176574716,55.722331209808516,17.644308745930584,44.98422449433896
477.0,97.16787480154883,55.819965507365154,17.611897340184218,44.69317035133297
478.0,97.68152320240426,56.49171155423865,19.073325324526422,44.84127741804758
479.0,97.35410952257737,56.70237147048614,19.815861616048952,44.94866730980721
480.0,97.47639916310851,54.957827515240886,21.318274996748006,44.85148297029183
481.0,99.16414299520157,52.945299886738354,22.329917905556268,44.49524735828556
482.0,100.61055336658528,51.08559777696556,23.116204183863974,44.04373966873981
483.0,101.44816616181537,49.37749030152522,23.66127470693685,43.876354547224494
484.0,100.42319294939183,47.65272949931078,24.60280528235111,43.439505043242384
485.0,98.54954421957326,46.97645681142704,26.354117836684082,43.51376152552097
486.0,97.59163725078137,46.517758746527626,28.08983326141912,43.60690097094589
487.0,96.63503974225603,45.831584434291244,29.209910387656834,43.67458169910725
488.0,95.87865525391636,44.87796511800412,30.564242401259605,43.981561846811374
489.0,94.83938159270251,44.90168783731011,30.276434176942804,44.5469354221281
490.0,92.30872693341462,46.138928037385035,30.031765493446628,45.200972473628994
491.0,89.3878608915077,47.259821117066416,30.71321940119787,45.854800742589006
492.0,87.10344575729258,48.39952304299931,31.572452187104336,46.404541681544536
493.0,86.15349114243566,49.63515838750009,32.33867471092414,46.960244381277896
494.0,86.18300306447374,50.747538427118535,32.547513943855,47.371409013634725
495.0,86.26761496824062,51.401872499345096,33.07420561661365,47.81452395140477
496.0,86.31989890088742,52.83490089789733,34.21034404942937,48.29491463198037
497.0,86.89061363681836,54.15594502367552,35.65314442994856,48.55870631413986
498.0,88.45392051862112,55.86509364320628,38.60850200987616,48.74254547223927
499.0,90.45730239398188,57.99742897625582,40.471844781831514,48.8685861397621
500.0,93.68361659554074,59.550461895105336,41.768052867484606,48.99171359462566
501.0,96.66790870374057,62.00949006332283,43.353744160077056,49.01269986872839
502.0,99.16031519612119,63.68191429846133,44.093489293634136,49.00194139618086
503.0,101.64611243543669,64.6090518050213,44.869561435699566,48.820340313495336
504.0,104.09824837462978,65.81210107909496,45.7635699868742,48.81318113923467
505.0,107.1565313797123,65.79288387216023,45.64537911829338,48.46416846437031
506.0,109.19730360522585,65.6966769347872,45.10035365843262,47.79776450475542
507.0,110.8234013754757,65.39865533168297,44.529428823645425,47.295078839885086
508.0,112.03120601705533,63.52368867346652,45.209154913096455,47.010055709106055
509.0,112.28023741626095,61.36471842037444,45.287785652560544,46.91382793500785
510.0,112.27954061448906,58.841693435476465,44.66806803603172,46.869229954861716
511.0,111.9402777224616,55.876034229414685,44.842891314883644,47.14820020583982
512.0,111.91071043579879,53.606020473279116,45.405272052545236,47.497351824714116
513.0,110.93686318395993,51.51580210142823,45.959150659960756,47.631581740746846
514.0,109.10750826814528,49.35965958991113,45.360653107894116,47.9893539950404
515.0,107.4618373910295,48.478535093425535,44.882610212055724,48.610530223667894
516.0,105.06654006769827,47.3679325173643,43.71634323266176,49.12065882279025
517.0,102.96868099121524,44.75685132230607,41.550701816169116,49.5346084919781
518.0,101.62138341955983,43.151133038104156,39.16737760372002,49.66580353767785
519.0,100.19847990430948,41.01834052075888,36.97519592682472,49.81453055286106
520.0,100.18794469769112,40.33300465058398,35.61913755299184,49.698619193243445
521.0,99.58022852161966,39.26176993440667,34.8429980020219,49.662952215814386
522.0,99.35935417860841,38.059307697268714,34.26510270902199,49.55809148087189
523.0,98.96109884213733,38.056255618890845,34.90153470358029,49.408290274181695
524.0,99.04930280316906,37.96466620890222,36.38336871874629,49.39549292017495
525.0,100.44338187129202,38.17113130812806,38.422389534221765,49.2921053130422
526.0,102.01109921203341,40.49970124045431,40.755041079058174,49.26057597810396
527.0,103.28219022170819,41.81710308921538,43.75368425960333,49.26486495201182
528.0,104.7095181333664,43.71512483759648,47.09052263172816,48.96704691309832
529.0,105.64328882715061,45.96834621599616,50.519064753800635,48.76601380379995
530.0,105.83665636214432,47.75262615191137,52.78165557294597,48.41107392401526
531.0,105.55326248446589,50.17709504100391,54.40917064328414,48.22814096082527
532.0,104.8010568295082,52.525118822653425,56.16711747538635,47.90415840521617
533.0,104.79774085830284,54.309125694813524,56.839040412044085,47.4304688406006
534.0,104.72452807594648,56.04581358298902,57.06090882209039,46.90284569698397
535.0,104.8066044738237,57.29126250677842,57.056107794227394,46.50792274725546
536.0,104.8730051818607,59.09056326496389,56.85315006535599,45.94268838128057
537.0,105.7048616082193,61.296378969734235,56.15564667059907,45.45833513994541
538.0,105.89039320870988,62.518985244581565,53.79192745932959,45.09967289617298
539.0,106.9346913117964,64.02266148718127,52.3184029176623,44.69401201582317
540.0,108.34448923391304,65.36076528660375,50.39976455365615,44.26584488578229
541.0,110.88070201735245,66.84312562534062,48.15313663453946,44.02838064276493
542.0,113.19658865525447,68.68947182654901,46.49003060257509,43.97696167436016
543.0,115.11717995833135,70.85051466827889,44.6131507440322,43.92122804520637
544.0,116.09634042163282,72.36625675420281,43.01817643850013,43.852584436699786
545.0,117.22604451152971,73.9175932557174,41.94842256748721,44.31921713231428
546.0,117.1898316613615,75.2899243292705,41.45734707079336,44.72203322383692
547.0,116.84889826749283,77.06498594946908,41.72187472720282,44.93364607399271
548.0,115.95877846106414,78.91910782516925,42.308138981329016,45.3118027043008
549.0,114.84168303395707,80.26602350311418,44.64200098757701,45.419640323948656
550.0,112.33872874986005,80.24036135316388,46.49759479173153,45.85620838813242
551.0,108.63841049921865,80.03238370015274,48.341247805553365,45.77047313472391
552.0,104.74093795306936,79.05400861965569,51.29680091086081,45.75999193772173
553.0,101.5205300248443,79.3948480732683,54.17290764752441,45.537203283122324
554.0,98.16113269411586,80.18616782390717,55.87697589195698,44.96471170813746
555.0,95.30796649499592,80.67529232856461,58.085851178190076,44.59434409932473
556.0,92.07026567867936,80.79212308749148,59.82070396099137,44.47528798501587
557.0,88.24806950937028,81.74198400945131,61.48283334723155,44.487753871456405
558.0,84.17631307535815,82.81262565598192,61.99623814794478,44.92376401664043
559.0,81.78976761386926,84.11352561232793,62.117944416978645,44.99506717500386
560.0,80.64547116875879,84.92723842321556,61.758450398869,45.44522874417407
561.0,80.39143591171005,86.06040700923506,59.551991143604354,45.70562546310908
562.0,80.06457818952508,86.58357273498248,57.193449043727846,46.19741751662186
563.0,80.01982856353061,85.81318779452431,55.76925761302844,46.642819609726466
564.0,80.89618713834858,84.50753309468632,53.34478833207848,47.181503359565546
565.0,81.58770605647605,83.16386560713431,51.7148138039816,47.49640561680801
566.0,83.02432179102729,80.2760732250691,49.16451454503506,47.815554465558144
567.0,85.38884886338127,77.37281805051055,46.02757396697901,47.84405703207292
568.0,87.00320276280138,73.95969874977467,44.7706514757494,47.91846472972141
569.0,88.4222528138384,70.27461341121365,42.90612563476611,48.086888366472365
570.0,88.09424175827857,67.32320024114668,42.484006602972,48.06612978561479
571.0,87.88908955280581,64.79095148998833,41.70276700928419,47.97124819095092
572.0,87.44113619910082,64.07129684070972,40.41620104452421,48.03587057334791
573.0,86.76594416359217,63.263598486807844,38.67716991573889,48.013493203075654
574.0,87.96482958200293,62.66486386104813,36.30019571205344,48.28183382220999
575.0,89.64104721001267,62.98926632722435,35.46425038523633,48.500549401470685
576.0,91.24132677993924,63.41826630013096,35.206127219197725,48.98880602349781
577.0,93.18503347417469,64.50556226827972,34.84300349343067,49.516529156994025
578.0,95.28355003335885,66.16508410514946,35.289937572369794,49.689558082054866
579.0,97.71507822407894,67.23521842838261,36.521635139842274,50.13911868737745
580.0,99.22405747358998,67.97828769437501,38.42178487917727,50.57136505239991
581.0,102.08662721804319,68.45732047328754,40.9759382458342,50.879128343060515
582.0,105.31627168447794,69.44533468582148,43.217922371530555,50.7525743281033
583.0,107.35035440491421,70.48450499908986,46.4326385553051,50.3522621724444
584.0,109.50740361630648,72.43574914900343,48.597375553388005,49.96852737865477
585.0,111.19071333748872,73.84210555672071,50.478887611412304,49.31756473928954
586.0,111.64595844063146,75.97465996553689,51.737337702710356,48.54406910307431
587.0,110.75906128519333,77.98931832982298,53.72772859493728,48.27563916203526
588.0,109.9691570150725,79.472641406747,53.86572250693491,47.94993017488374
589.0,110.32653123802488,80.16114572432276,53.92771604596655,47.54190235247006
590.0,109.39899509974276,79.79860233357023,53.25953988916067,47.349047258610724
591.0,107.50517719409252,79.73854029480293,54.20694700335208,47.582594408396076
592.0,105.83466722066554,78.7094575132259,54.37966862889591,47.71939583458365
593.0,104.1489237492452,76.74857239693837,55.02972108113883,47.95133835115777
594.0,102.94588068092037,76.09521763587486,55.72006230532218,48.50663677504713
595.0,102.92907272876961,75.81619947907217,55.58193964264398,49.35553265214066
596.0,103.29870357395642,75.88543845923333,54.67174778309026,49.848157874704675
597.0,104.35619587625828,75.96671747688296,53.15652302976897,50.5427622252166
598.0,105.87254985484805,75.92547964000532,51.6029689513961,51.19929796579558
599.0,106.37855298509834,76.27885265805254,49.95725318201637,51.63585219051046
600.0,106.6830979870808,76.79850033333938,46.883831188284695,51.88781631868927
601.0,107.05937663474597,78.42741532985478,43.32682131018651,52.279576579598746
602.0,106.94823910200046,80.57582606024513,40.517397640009484,52.47107847044186
603.0,107.00933725523069,81.35881135956282,37.85240033190792,52.26440504674799
604.0,107.40668323489874,81.05712391411501,35.74262398245557,51.79897540473011
605.0,108.29633552313028,80.46923747673102,33.22356567822763,51.645831269061134
606.0,108.81064111724332,79.24517233866062,32.033410798351824,51.515550299240466
607.0,108.70026004626335,77.9160711047344,31.143850844820438,51.18906146771183
608.0,109.73261633268032,76.39079368239409,30.26994948744404,51.076872044287605
609.0,111.80421455315168,74.28451822349079,30.395978614395524,51.166164420724584
610.0,113.66295801752406,71.99980697634446,31.078952000795084,51.216969136336985
611.0,115.00868808235391,68.98412130878826,30.79038059119321,51.19778702127237
612.0,115.97542147334715,66.53028513373437,30.346096567256488,51.08541273786287
613.0,116.53591456220629,64.18633272396603,29.77398592341004,50.89481063030552
614.0,117.03251770690237,61.89101838831294,29.708288267482118,50.58151566835603
615.0,118.35684965367832,60.06731499339123,30.036011109011067,50.03924492648958
616.0,120.75291411690763,59.281465897132755,30.291649810741863,49.71791315782786
617.0,123.184383322403,59.16050016649801,31.267642072865975,49.15593194181601
618.0,124.87605647658759,59.352371295742245,32.05101815804159,48.769227434860476
619.0,125.52056602639863,59.392729632832435,32.99634414846846,48.478613266514444
620.0,125.867584190076,59.4671726805447,33.40219275284645,48.362470283560754
621.0,126.03192546317175,60.30339778323844,33.56024177980686,48.55802148331862
622.0,126.27997548874313,61.05583814978391,33.45887843554744,48.837878202392744
623.0,126.13984093035282,61.56788251981506,34.123668024230405,49.22411655131499
624.0,125.10070389627762,62.709459096220925,34.6281432614638,49.706325525182656
625.0,122.39558071309906,64.45724151095334,35.42110769606338,50.058904817764436
626.0,118.51388906096591,65.94786442461981,35.34531641500651,50.46133233939114
627.0,114.65450186070058,67.56836809143495,35.898665691276086,50.76204572351713
628.0,112.43978260585364,69.66497577593472,35.638238889335085,51.11425961027171
629.0,111.19529638629984,72.0778672968895,36.126094894427744,51.27213677114765
630.0,110.38786715231805,74.38038262778643,38.16481706560465,51.3680138654305
631.0,109.2426197229273,75.80772089843009,40.88357123983829,51.59517525807271
632.0,108.50153817648163,76.6251007797181,43.325904375086154,51.47138032573912
633.0,108.50476028269316,77.3818299307568,43.9900114816695,51.427841307776056
634.0,109.22267625860756,77.39298815813068,44.666040171931115,51.58910778053553
635.0,110.45440398883193,77.84304437861806,46.06858854795665,51.49136468440619
636.0,111.01858972760083,78.53293196559204,45.68247925794852,51.426584290780795
637.0,111.62639438290745,78.4835097279979,45.49509274844646,51.51841751529052
638.0,112.14039656964651,78.37742350345209,45.75237523168006,51.77193906684988
639.0,112.50740038906143,78.16746367762579,45.550857018868086,51.84567807064628
640.0,113.32723049191961,78.8816291314948,44.673393845793285,51.68761424146884
641.0,113.78059505701847,80.4202988598001,43.1879516540395,51.803658336890194
642.0,113.48097901936875,81.83404192349302,42.81729739218158,51.8221702079572
643.0,113.04613776951427,82.80092876880016,41.884621949704254,51.67775799297148
644.0,112.71677225583335,82.52047992872252,41.91880129955081,51.961173129711796
645.0,113.90982479108136,81.05087159389,43.00393424886141,51.92811461472361
646.0,114.56398362336765,79.00912317391587,43.805035079186425,51.29097050929116
647.0,115.37732441710018,76.55355416400013,43.561838993649125,50.65637795354623
648.0,115.49925825274946,73.37743526305627,42.16421024647062,50.109842253670216
649.0,115.91177188071669,70.14356434710163,41.01844000074183,49.76072638546266
650.0,116.95524069005243,67.29421114081006,39.95819630616309,49.524267168517355
651.0,118.46874670888802,63.81718675886756,40.204709778320755,49.1796807822877
652.0,119.02677707391302,61.03010845648262,40.34382782762438,48.76052702660808
653.0,120.02822379630557,59.22476786967446,38.08997708588125,48.250298307838264
654.0,120.30334292530952,57.966296905413486,35.82536623660282,47.894533149765756
655.0,120.43020429684944,57.25919496972608,34.569773303884546,47.82866066811958
656.0,120.57248444545596,56.57616574513697,33.46491930367078,47.61331872720147
657.0,121.60617076892413,56.20817230097386,33.65277168698806,47.615078440881675
658.0,121.74202202487147,56.662698302872826,35.51855831087249,47.3662589189434
659.0,122.0342017496395,56.60607741680121,37.43609531106462,47.08574504164635
660.0,121.68946061905831,57.9536825057908,37.69847941696482,46.84159555916144
661.0,122.32105565996811,58.63814818782353,38.35552907929603,47.04611925255315
662.0,122.76791041986601,58.92592845623271,39.61648887012067,47.24410258103657
663.0,122.88494120014718,59.25042282358259,40.56845293917386,47.58162291813043
664.0,123.30233492442532,59.961661898533244,40.95886573619018,48.01716751501959
665.0,123.9656972084189,61.035322521583716,41.01962267237488,48.65130550127262
666.0,124.4869012876628,61.988739082612305,40.332479397522256,49.15918764108243
667.0,125.2804988348323,62.92754659883357,39.416824496762985,49.98387484973872
668.0,125.52057788578281,63.65363104551134,37.44992381633278,50.36926449531864
669.0,125.71020134459387,64.74813481599485,35.71121167670924,50.967822183555256
670.0,125.39775215052205,65.5669678141345,33.97814849177969,51.16174953528358
671.0,123.51531827412414,67.28048464352091,31.928416294681934,51.038389588207444
672.0,121.82768181423457,69.74916187308692,30.64929525175438,50.814413779598986
673.0,119.6745757244948,71.76132012687442,29.78785740277319,50.39059313490759
674.0,117.14617022383818,73.43423643822281,30.12063813948807,49.67800526472196
675.0,114.31926162593152,75.4830599321102,30.392174290121655,49.13105340352552
676.0,111.86884900352536,75.86170148572748,28.470071840736146,48.415093838389005
677.0,109.9908699984569,76.59675505055611,27.337751726680253,47.89594397574098
678.0,108.02475013048371,76.29390051255803,26.929005572892414,47.2618627467858
679.0,106.79672133109634,77.28561451962258,26.63618394366,46.8709631927331
680.0,107.2219476735547,76.84781644124566,27.43649393409784,46.91728501690729
681.0,107.03268914640563,75.64602523627681,27.581375168303627,47.07259956561914
682.0,107.1439493243489,75.46033956402917,28.018218949199596,47.508431533297916
683.0,108.10192749865841,75.4249089991184,28.747650733173366,48.03816030164366
684.0,109.19311703316146,73.71309135221243,29.685873797423632,48.24701303182748
685.0,110.09305877041946,74.7828856053482,32.26711779232933,48.3359590782622
686.0,111.30153763880037,75.65138766429858,34.906570950238546,48.75741029088601
687.0,112.72589495617572,75.94852163246618,37.58253074154882,49.271103711858046
688.0,114.0208925468996,75.30247810959463,40.226163385822055,49.719097232836106
689.0,115.00960037805079,75.14863817917833,42.84047284924779,49.8571844963406
690.0,117.25634908355735,74.4243601866412,45.36289734841747,49.827154913492336
691.0,119.40267929967713,73.2698497846179,47.458387973037716,49.68907986986459
692.0,120.85115850013489,72.0232738788262,49.150402736998856,49.63583019660543
693.0,121.42462677975689,72.12323590100232,51.336260501221595,49.80088868481139
694.0,122.08724653253009,70.93389953863837,52.91207350984202,49.994417676306696
695.0,122.42020596385318,69.7653312509146,54.49293328055987,49.58463366577271
696.0,122.80350948775461,69.65883032415736,55.623768698351554,48.97735912348093
697.0,122.69129362378564,69.77625628367258,56.39060928135557,48.49993130089723
698.0,122.12981610787082,69.85485264365309,56.23044514729093,48.028330119309516
699.0,121.41320703168445,70.45444599274363,56.69546260561174,47.703829410081575
700.0,120.75510852258182,70.53398737635771,57.42486378107228,47.24917886284517
701.0,121.18954879895338,70.77748598868902,56.940666545961975,46.83946030775992
702.0,121.7628459958286,70.76870968693514,55.438979938516844,46.45442857082959
703.0,122.71531258254217,70.63288377549483,53.62460278894892,46.313200080438364
704.0,122.39451832781592,69.92513234659285,52.32444605127402,46.52605115192498
705.0,121.62417603072242,68.80040596100805,51.05542233438859,46.70997095316762
706.0,121.26451273426862,68.55324042685618,49.76857605715155,46.56064845987422
707.0,120.77019847963817,68.45570705838384,48.84342422424466,46.44320444022774
708.0,119.81062914023211,68.8934746180003,47.46206101193475,46.527648726847325
709.0,118.7945984820394,69.83426054563314,46.762389487419824,46.69852392350725
710.0,116.64974653955521,71.12423888000633,47.060338517490095,46.85193213170062
711.0,114.97803863197065,72.9469078142549,47.92782653235032,46.916603587851924
712.0,112.65415500464934,74.00909825280947,49.137957397838825,46.61257521202261
713.0,110.94287275050732,76.30978621221962,49.84057893986555,46.31832056292831
714.0,110.78455665910501,78.6568331858092,50.906617470763535,45.99732204924654
715.0,110.10720036858253,80.75270379719596,51.501869508643544,45.993636174797636
716.0,110.43437472935054,83.14174078121954,51.626220808263426,46.372185041087114
717.0,110.45197175991173,85.70733156205209,52.564365581667325,46.2068206946565
718.0,110.26997135487522,87.42701209212498,52.30770038672019,45.91654041705665
719.0,109.40951256373192,89.1371052926705,51.14242094743715,45.57902958508761
720.0,109.1482017600643,91.08557181086431,50.4677468433008,45.38923896745469
721.0,108.14024242003948,92.59866859432685,49.163775748697645,45.54630694293173
722.0,107.5609993723271,93.12056180020005,47.85907821934342,45.90127204747999
723.0,106.43995916894372,94.00878361324582,47.55569680897605,46.447390667118114
724.0,106.86061763347473,94.8281674822838,48.1595660634813,46.9879423088439
725.0,107.50221529307676,94.56396343116685,49.281543744791065,47.7343730117003
726.0,107.96391399610043,93.45952430093183,48.896848313812555,48.76609101623522
727.0,107.93111225639649,93.34454492710633,48.251818147703354,49.86838825785606
728.0,107.61207758433217,93.18931161458221,48.21264661996267,50.929723684723115
729.0,106.94288661317279,92.49502560985859,48.83545784585509,51.62539461856473
730.0,107.97484188344892,92.82770118470621,50.29401244709414,52.29141812304751
731.0,108.99378658438846,93.69728502567398,52.039860918913575,52.88432701155715
732.0,109.64054085771201,94.38487333880957,52.23949676718155,53.3548021474366
733.0,108.77484009148228,94.7274267750304,52.28711119677538,53.34996327931574
734.0,107.79429865352193,94.84741083333861,53.65968390554248,53.058944181609654
735.0,108.33979664071379,95.88296458283591,56.486883828594905,52.7071274689594
736.0,108.87202384490014,97.46971911074952,59.4753287076387,52.34547677813746
737.0,110.50892410710195,99.08774907043893,61.7033041144893,52.146575290190476
738.0,111.25036657997593,100.17576909254652,63.12065297805466,51.840281843236525
739.0,110.9101199183876,100.77604454607744,64.21169499821687,51.53896987428221
740.0,109.93417915941349,101.29019151168053,64.6111093267294,51.15011230049257
741.0,108.84157706047822,101.56753539698589,64.81513626491662,50.68637322890445
742.0,108.11859508900932,101.01668339149431,65.18606709350699,50.829434188851415
743.0,107.07674006495391,101.6439838815542,64.20049240425229,50.75991557386394
744.0,105.55055783321542,101.4284153585292,63.29304863438395,50.90041655608502
745.0,104.4336197145309,100.17869393044035,62.15747388400179,50.970378671732796
746.0,104.0127719242458,98.7348201714372,61.22924239382835,50.723172691090724
747.0,103.47898453876076,98.58530360643441,58.434889784523115,50.876776018668345
748.0,102.26339266296065,98.13861597658807,56.514865730352035,50.63497676486186
749.0,101.215873382073,97.28846840011462,54.9340771938971,50.188928677517154
750.0,100.92117204625067,96.73636530001662,54.50653290641971,49.84599350702182
751.0,100.60161730173203,97.43695111212419,54.673129920612226,48.93976921822529
752.0,100.14641363500247,97.60922567433413,55.86549886052908,48.15022504979611
753.0,98.84351346244534,98.30443045651023,55.948464889967596,47.13530669715701
754.0,98.51823521093094,98.31542119371346,56.49130557396101,46.47308038775778
755.0,97.35909563436849,97.38440817727307,57.69257623592367,46.034986071675064
756.0,97.15625436731987,95.165385101948,59.7196008971204,45.58756653996469
757.0,97.92674846364362,92.9760330835095,61.705377448960824,45.66448933311148
758.0,99.59407888484861,90.93701562975964,63.4777734097915,45.88803990468946
759.0,101.54459904005422,89.02264441180128,63.95666236287898,46.23799507377805
760.0,103.25895190847788,85.80371106135519,63.25813009644785,46.73674188153812
761.0,106.32132739621703,82.39912514658677,61.445014940556014,47.334355338553046
762.0,109.89336859238432,79.08472562135657,59.72167260240806,47.95735077651953
763.0,112.27321004830651,76.76446575778763,57.93010224649006,48.44312941730228
764.0,114.68047447508579,75.80616468034913,55.24619036270849,48.8880885433775
765.0,116.69555544272916,75.49192726133347,53.515648487058705,49.25345781483059
766.0,119.2457286911464,76.07903531524599,51.42078766686752,49.576140644253414
767.0,121.74010572762747,76.77811419748937,49.5228913916731,49.89949805765232
768.0,123.60138324866051,77.37104172491624,48.71554317784722,50.018461163813626
769.0,126.14152224060072,78.57723193134228,48.324596952549264,50.383441385444144
770.0,128.12016133853012,80.81118904682461,49.54250932285016,50.323172082078884
771.0,128.8952098803167,83.30007430659558,51.3344644247462,50.33493431023193
772.0,130.75513297180424,85.7172048010184,53.403307760903466,50.220337002820436
773.0,132.2134170182234,86.8831898003634,54.91781506625507,50.44117735270032
774.0,134.62159269503917,88.09812355421367,55.87133478347888,50.770450993981264
775.0,135.81541994805727,88.17143005156898,56.44216920606656,51.113058100112525
776.0,135.88142203103976,88.51925385931872,57.03419867620982,51.62612932067292
777.0,136.15132619157197,88.40220643554788,57.499485109398634,52.20761986094
778.0,135.66557556906383,87.42730426285281,57.43368865502082,52.87185519535551
779.0,133.85217407447274,86.1154276441407,55.80100123737201,53.44009693256189
780.0,132.69839433028326,84.95727257621667,53.732561689950224,53.83572623290419
781.0,131.16358535966356,84.28968573266808,51.39595535407629,54.39985356066228
782.0,129.67813649828383,84.19678124081254,49.62277453994649,54.65644734125992
783.0,127.43237306254981,83.5811028644094,47.53534509145438,54.70491515764244
784.0,126.51768783842887,84.12712239043418,45.83411436750513,54.46762045519337
785.0,125.20329386709909,84.82679788700675,44.72410218851582,54.197691910484565
786.0,122.7702669874646,85.1039982931175,43.58974969126159,54.027839633796894
787.0,121.15948001997653,86.36020768285647,42.74815561820232,53.40532116049196
788.0,120.24646459563229,87.99840299441614,42.61760310925688,53.17211274324063
789.0,119.23234106393555,89.2043685981484,43.82770310339522,52.94491015631185
790.0,118.18166365875258,90.1476011441486,44.644158901235734,53.02134848618077
791.0,117.29882607371631,90.98459911087663,46.571139087909366,53.08649950113462
792.0,116.50005071491502,92.45129695752796,50.219421310004286,53.05580905523707
793.0,115.7024607775509,94.0420950107325,54.03320796001487,52.90896521879193
794.0,116.40584258901072,94.33908247911377,58.06725989833444,52.66305881939015
795.0,117.09092152023868,95.13973288624774,61.622546458080514,52.509196306112536
796.0,116.49324873506444,95.50825105840467,65.58069668664702,52.4086757678422
797.0,115.5783163146918,95.6875363403497,69.72039649061323,52.243880742254504
798.0,115.75308854305392,95.78812811153435,73.19743668317346,52.329475930844275
799.0,116.1142757066208,95.29084469449617,76.1913627688389,52.026194527419754
800.0,116.90499100291146,95.15370726200698,78.03910007097862,51.561497814940026
801.0,118.08094341049464,94.8009671776333,78.89128674077942,51.25437483442154
802.0,118.88448126452943,94.09033960878027,79.74822566598179,51.046177573463765
803.0,120.01434763968753,94.67124863994874,79.05721345677904,50.924356435430695
804.0,122.39355657613007,94.74370067361905,78.55636269885773,50.697985858482646
805.0,125.50754817233053,94.96710885569274,77.54204869935971,50.78038939901015
806.0,130.02253813990947,95.13236101173463,76.05899971741565,50.691997845148386
807.0,133.65917978848165,94.19550523492225,73.844249392969,50.591095461227255
808.0,136.90219733651782,93.08276835732737,72.97095243082519,50.55025640166248
809.0,139.66944771922184,92.08771272046168,73.19161331574466,50.61279258829627
810.0,142.57633906872556,90.97770862905838,73.10352271988201,50.84238919102596
811.0,145.47749894596495,89.12463359450199,72.02181078378025,51.16164649687818
812.0,147.16787655452117,86.72542637282889,71.34301395898791,51.382288756569956
813.0,147.7545719508475,84.44739753587248,70.64776369309298,51.41826052471209
814.0,147.96208738387085,82.70274515440408,69.29604422106887,51.25772610875505
815.0,146.78408863827457,80.3107707568876,67.4891783065239,51.331606237840596
816.0,146.3944787146661,79.15682992131386,65.2458286926093,51.4024282009554
817.0,145.73127203009534,78.41593306742897,62.811031456593156,51.379582174231736
818.0,145.18207314349812,78.19449918901805,60.18235414321675,51.36695826266605
819.0,143.97364069617873,78.69151285366712,57.75124729298885,51.27198717717274
820.0,142.34154982784779,79.88336918928596,56.1344915449127,51.02488560772471
821.0,141.50753736938722,81.4092320689331,54.80503349589419,50.85782921008755
822.0,141.13691683835341,82.9737424727782,53.93786363323263,50.75652153665603
823.0,141.18177149611375,84.46294399578308,53.641453550106085,50.77841936702309
824.0,140.9392383799641,85.20216887678538,53.4216841910566,50.860419569189645
825.0,139.8512079145679,84.48210567444787,53.25763613521242,50.76149967618
826.0,139.01513702572683,84.2147182879067,53.37268064168505,50.74481200134736
827.0,137.8962056466202,82.85528654885579,53.401019806170986,50.59369790389887
828.0,136.0926468119205,81.30430306178135,53.59771246672399,50.35199472807029
829.0,134.4816288182668,79.01522617950491,53.24101204537471,50.24499208416915
830.0,132.18703683249007,76.33194864510683,53.56220497721283,50.281545434915124
831.0,130.6916781823537,74.51359854001251,55.24803647830721,50.3758811740979
832.0,129.1948533271349,72.38724555472521,55.13461117210596,50.39624612553898
833.0,127.98708538050596,71.89013967500688,55.089500785851044,50.39460315011752
834.0,127.48816070357258,72.12668687714886,55.97540015102364,50.40998999530663
835.0,127.60620020759447,71.56655956495207,55.95572046454166,50.27541050696336
836.0,127.50309001169155,70.91272638721352,55.54360529463512,50.021012285902486
837.0,127.79143168755776,70.09903313517266,55.30251051188536,49.85165336835564
838.0,127.62242397687811,69.90429580264961,55.11865722772143,49.802638712679766
839.0,128.56503126065218,70.47025336379645,54.8779147094284,49.62563803087961
840.0,129.17484999269942,70.6456147420311,52.63371625861143,49.46495546114407
841.0,128.84129263755966,71.38618919496676,53.142530133391155,49.32992481532053
842.0,128.68469867931566,71.75071718617703,53.75208488866318,49.1427255372253
843.0,128.10410808675238,71.9572997472343,53.748771855058955,49.11510497845173
844.0,127.59028210093454,72.01970361247183,53.98171410374365,49.16573867191853
845.0,127.93116246998163,72.72365613408112,54.08013667251207,49.45691198448374
846.0,128.67281233145587,73.91754160388476,53.393312920038014,49.57794419074173
847.0,129.7268992558295,75.95321345494195,52.827422460010894,49.63318006826683
848.0,130.04610173103413,77.02165552186246,51.83317897911764,49.73349621333157
849.0,129.85373971036836,77.6514767503382,51.220428204891945,49.990791951245356
850.0,130.1552441200383,77.71970158821502,49.7316724979135,50.04570031847434
851.0,130.9032757933284,77.7214031619148,48.181241113529616,50.03988456977926
852.0,131.66733385259926,78.7373606184778,46.876351795916186,50.02129651693707
853.0,131.2420742724965,80.06478924256642,46.0630863005561,49.95094462158553
854.0,130.68003236107458,80.74641083565248,45.49193336628636,49.737231409768
855.0,129.9679826196993,81.25850645500275,45.9882091831817,49.4758540520682
856.0,130.09524884517336,80.75613902052409,46.39295244387684,49.05630719494318
857.0,130.11783186767914,80.77344719539298,46.84175175886606,48.50057076519394
858.0,129.22383964926127,81.40093263743054,47.09168574228397,47.58244075001243
859.0,128.15871245435417,81.70391271606302,47.19631448741181,47.0116843134233
860.0,127.10689423616523,82.15416983603478,47.39768418092387,46.40201042253187
861.0,126.1802742413943,81.20291120155629,47.580594109141586,46.12515356250204
862.0,125.58780594022312,80.7239158566304,47.84517463132239,45.988939451919585
863.0,124.67680331214618,80.48478882455719,48.739780726965904,46.15749222249398
864.0,123.64686199299925,80.06949218206304,48.45210634299271,46.638568215401804
865.0,121.81884626292188,79.67919537408983,47.549495559082445,47.183854321458625
866.0,120.3846388901612,79.64802390234077,47.33740568214312,47.72877416234653
867.0,119.84507697454058,79.51449598305467,46.85227536066003,48.45892056709417
868.0,119.24694708638862,79.18276137409153,47.25232844334511,49.15998750771301
869.0,118.66700323518751,79.2533273795161,48.303452442474324,50.056406186198835
870.0,117.79768066487793,80.22850207276929,49.51238804057247,50.68731109126416
871.0,116.22710254368566,81.15799825446999,50.686180860129575,51.323000535378384
872.0,114.61637024419686,82.2157784209341,50.54507995695166,51.937334447208606
873.0,113.53534175348256,82.40971344505664,50.97903931481161,52.18018632111604
874.0,112.98937620957638,82.43452314934062,52.9275155575826,52.35570833489325
875.0,111.84150166222358,82.09708141664063,53.95538000555177,52.53154948908372
876.0,111.17798711056376,81.87210385086729,55.03252357957719,52.84405432411771
877.0,110.9547657694921,83.00605873475324,55.92381048651274,52.79510997096671
878.0,110.31499230753053,83.23345813532629,56.39431788969445,52.20591009346901
879.0,109.6381988775672,82.95500505812029,56.691891306099954,51.37039649677667
880.0,110.02444301676927,81.79458190354946,57.03513045102238,50.34770921981579
881.0,110.90301905045284,80.38408331500631,58.39204134533418,49.4616017609235
882.0,111.91391729816428,79.34031045762453,59.929921052949595,48.736243386308566
883.0,112.82441859378581,79.22726615217998,60.907929977501865,47.80331257292666
884.0,114.45661511029175,79.35958707025337,61.933352461153454,46.71745722537234
885.0,116.04425673159652,79.322691859469,62.69363807567223,45.64903747525843
886.0,117.26193944703441,78.52261871995431,63.129668428173616,44.974879778581425
887.0,118.53384230745688,78.00351499244573,63.12365311154873,44.955279286528956
888.0,119.79844859809916,78.20438228648821,63.339733359770165,44.73829916556164
889.0,121.09721657727941,78.72261441624677,63.36985721596631,44.664981267104935
890.0,122.28971235323226,78.75606457361769,62.952699326504586,44.33239286903351
891.0,123.09515295531511,78.36454829293606,61.96399637786718,44.169460713165265
892.0,123.16241365692986,77.32157963145391,61.208969868761,44.413489944179254
893.0,122.5255292744497,75.998014484327,61.83381033102421,44.89991884529993
894.0,122.19925300575578,74.7498465272933,62.78369480619808,45.37925448168808
895.0,122.01874504413377,73.87882541571598,63.58781242148601,45.699421910932166
896.0,121.08840901608508,73.65688475798575,65.0814423989533,45.480064230782915
897.0,120.3810528509504,73.65879809695846,66.35881844257112,45.580987228476474
898.0,119.04938514233835,74.18617673045401,66.6756648046547,45.75562003885621
899.0,116.98287201731749,74.47570817514053,67.26844305475011,46.06230563578207
900.0,114.35098485597864,75.14226331212305,68.02829925102748,46.334713778573956
901.0,112.3166230867375,75.88532712086457,68.47100264227427,46.43910501894231
902.0,110.13665880026848,76.6957694894626,67.98558988756207,46.55161750809305
903.0,107.38648549098981,78.05974182134277,68.02539609261707,46.47926694528564
904.0,105.11167659140337,79.59463294630754,68.80377730810952,46.34459641512049
905.0,102.88710323377296,81.14458899099989,68.74981718715642,46.41079595453542
906.0,101.07332199855371,81.78554400086942,68.42259903894573,46.68380676565247
907.0,100.41777192843648,81.76481137574132,68.11223580765558,46.84999868270358
908.0,100.36303638611697,82.1180295371127,66.82914539624704,47.056641226210296
909.0,101.2025614427859,83.66080858684256,65.70614780738876,47.35920967813046
910.0,102.32152236868947,84.33672882390799,64.48692749605618,47.78706028960974
911.0,103.50634363859226,84.84223632325768,63.26892097605882,48.12444669004474
912.0,104.7129116475145,84.93946609931413,61.71739434835286,48.3915043549433
913.0,106.00472305579004,84.47683619356124,59.91436006667059,48.749191511495816
914.0,108.40838073707954,83.58303972174899,56.71913334339661,48.889287899704826
915.0,109.83226767509733,82.42124272744813,55.615081572829546,48.73842532310518
916.0,111.62557951380936,81.25792670017233,55.117972665337874,48.58264369505659
917.0,113.74185074545298,80.52146188530556,55.99615914948589,48.37408699497288
918.0,115.63564268257937,78.50603301293063,56.87700830993046,48.045470439618384
919.0,117.40923893733095,77.9888539877883,58.12376534612093,47.71909264377111
920.0,119.81539146701223,78.27588789277227,58.34249473311415,47.40474184640706
921.0,121.88256682576154,77.87522628506144,58.251238535598006,47.47104564641087
922.0,122.75562324159304,76.95608072044845,58.242682545190775,47.61115087918329
923.0,123.25546986908573,76.03783965420085,60.474679682274385,48.19537697616807
924.0,124.68066871451362,76.11849844533542,61.501191502751674,48.77400381216313
925.0,124.81628109824405,76.34658118370476,63.28251944406264,49.14943202974776
926.0,124.4377107864878,76.6518586690553,64.65915712895543,49.619519924432105
927.0,123.60395860544185,77.743394326328,66.21063905834806,49.907797014712024
928.0,123.01989687483544,77.93331776342532,65.85733244701996,50.04344053751534
929.0,122.23718208012775,78.02577007300246,67.59125362992519,50.27160921527822
930.0,121.62727045618405,79.16159372407733,69.62044600240988,50.26463276056683
931.0,122.12604775632654,79.99893251503876,71.65762357884239,50.29433768445523
932.0,122.45667784806311,80.99072983129562,73.65457687629072,50.069741859287156
933.0,122.59099674486549,82.086014809333,74.92617150526388,49.70478844307014
934.0,122.354837173415,83.68442773961445,74.94044674636731,49.6891068996604
935.0,123.02818173610966,85.74142317611282,74.54932058611577,49.6210483628626
936.0,124.09115792655693,86.57516090078579,74.77093901014464,49.73591827676348
937.0,125.30615689751808,88.09126826377768,76.13765754534943,50.03859247730999
938.0,126.66758454861596,89.37601573732934,76.17579016242294,50.24091187659086
939.0,128.3851634073517,89.55679270312008,76.13863939112687,50.54450649885189
940.0,129.44857932776318,90.44769387254065,75.36765794348152,50.56133904435866
941.0,131.16925933111747,91.37175089036779,74.03399286292981,50.40513608425915
942.0,132.87035636997632,92.54109648684847,72.23127504672223,50.872015916101276
943.0,135.20059065683543,93.3867837470354,71.77060691793848,51.04848815697882
944.0,136.4320422043992,93.9324327786397,71.20507180188197,51.02478826827016
945.0,136.77023311214492,94.87582240125974,69.57397478748395,50.74739585891022
946.0,136.2624666725778,95.63290107729867,68.62188083500163,50.38642384577267
947.0,134.63718540111245,96.17169992538635,67.99870933501946,50.06268509157485
948.0,132.54210212590215,96.37184197438347,67.23075221921685,49.43443105232208
949.0,131.2288186439478,96.45323455044519,66.96055091738069,48.95062013897898
950.0,129.24910363199248,95.63059880786534,66.70055393089689,48.6272436460987
951.0,126.96877007224029,93.56167574864462,67.07813917677669,48.010443228643766
952.0,123.9710732271955,91.21070036372244,66.35037173382676,47.48689115211928
953.0,120.9421903531331,89.43079519895042,65.68592667912813,47.01036043475029
954.0,119.28571112112512,88.12619890842642,65.41459153892701,46.583351310555926
955.0,118.0999091624055,86.91830335963185,64.73205728450407,46.31075510289554
956.0,117.79418961406843,85.85078787430565,63.52427275293136,45.9510216044437
957.0,118.63653358621836,85.39565161639487,62.18385796620787,45.929731830285434
958.0,119.16482916893573,85.53942518145556,60.62195059176831,46.09492110558641
959.0,119.55773693046643,86.50103290327725,59.105697584519305,46.22730959787744
960.0,119.23281624385108,88.11040676655578,56.72547682457401,46.259788266962445
961.0,119.52073026368541,90.48856184374513,54.965710168480896,46.356216677182374
962.0,121.13545014455573,91.88376329403086,53.93733176558576,46.765324114754826
963.0,122.1178557132518,93.74097143897856,53.14880189925321,47.63423324861965
964.0,122.8910312728731,95.25146621752552,52.7195920860388,48.467442031606524
965.0,123.53616411387304,96.5478229039412,52.616004681313576,49.35257968049767
966.0,123.42813522343903,98.01561200791913,52.129395503711144,50.062036199839845
967.0,123.23988853283733,99.11860239421513,51.5397566427825,50.4684627727694
968.0,123.5591927121447,99.61693428693546,51.30603734299795,50.853379815854616
969.0,124.4469536696077,99.96309395070564,52.40239043063244,51.096836614220344
970.0,125.83336721954178,99.6569670673725,53.04074507577749,51.55560850856406
971.0,125.98674439745423,99.94967227722924,53.81178369001337,51.86969277327448
972.0,126.5406427826953,100.3289811759437,54.4919422665909,51.74922986020736
973.0,126.4873400716919,100.23214501023666,54.905640992925626,51.3653254768353
974.0,125.57335478753633,100.56479053579892,55.10906613623199,50.689590558199725
975.0,124.33052233488247,101.19220778365951,55.49593285054993,50.03287500256066
976.0,122.76452447751379,101.46701195150185,55.98283557263368,49.50586499704251
977.0,121.25173267933056,102.41933851084482,56.4315930715154,49.01621712917262
978.0,120.36867888782086,103.09071575435067,57.07097135623301,48.5471306430347
979.0,119.28970239056032,103.99457638414279,57.76378584053767,48.011422037372185
980.0,118.50558503079085,104.19919675004579,56.80123607633515,47.45175719238128
981.0,116.9289366676016,103.84620630996359,55.55287026801788,47.22617510750185
982.0,116.02814792770727,104.26156755819154,53.490910401539665,47.15063596480228
983.0,116.13090481465086,103.4660316655747,51.774596932256216,47.35048740625094
984.0,116.64409350978755,102.81061433577102,50.845931674870535,47.57645074679789
985.0,117.95588877001657,102.72385597877579,49.818082928671345,47.67662090487697
986.0,118.9724306406072,102.58990895984935,48.388621123140915,47.93682915804352
987.0,119.78257486861311,102.26968466933877,46.45809030984265,48.139871810988865
988.0,120.03417375380982,101.74158844629304,44.975453073760114,48.22374017668238
989.0,120.04356647777038,101.18899928605181,45.23800458704917,48.39767859689675
990.0,120.92884611160247,100.42621605536085,45.969871228274926,48.12567321471918
991.0,121.58535138303367,99.12361921538451,46.97704163701509,47.93032182654589
992.0,122.5138291057771,98.64717251327804,47.143050109820976,47.73157961722555
993.0,122.53315279570599,97.98794241357098,47.73610825849327,47.53064857635209
994.0,122.18586001144382,96.75008180353106,48.09592208967752,47.662279597576884
995.0,121.84962077303172,95.1923520771949,48.87113880233419,47.635089345666366
996.0,121.35727153236931,94.07820508347771,49.719923858292134,47.71352002002706
997.0,121.06337916685912,93.46952640504517,50.113091047655644,47.88241317374147
998.0,120.12706241663159,92.82694118561453,50.16177521480675,47.98832926135354
999.0,119.11716727862179,92.03794933014751,50.30075006475194,48.35145696232919
1000.0,118.7470911026832,91.63103513775671,51.00961115087335,48.62260164036957
1001.0,118.62624759307035,91.07281118753484,52.329228000066905,48.99063231691482
1002.0,119.0260217113164,90.24216069833012,53.42749363309859,49.33086818891955
1003.0,118.65021850270823,89.4703074300692,55.33248452605208,49.50464487823612
1004.0,118.39387944549031,89.50420188709136,57.02536746765678,49.729273144422585
1005.0,118.70196329646566,89.7663685181918,58.731220884639846,49.95401553252437
1006.0,118.83687143868852,90.21500324950321,59.922953572433855,50.0444921446059
1007.0,119.85985267867635,91.5292219401942,60.66514058755185,49.953854602907946
1008.0,121.05374163399429,93.03621148261627,61.01470618607373,49.879687352806606
1009.0,122.2809447547053,93.96064226290477,60.894368396011444,49.83177584594455
1010.0,123.34300756454485,95.19496372333252,60.51209646970128,49.83169642633357
1011.0,124.4770392047485,96.59503069841101,59.95781492692414,49.87702592733969
1012.0,126.0563582526246,97.89275129094909,59.26141505950065,49.69846925346539
1013.0,126.96352045082948,98.370352113573,58.84984585205246,49.5620588662836
1014.0,127.47208254736705,98.85137870207268,58.306273455363396,49.508728125623165
1015.0,128.27563870661055,99.46126946856255,58.433116351461905,49.536069212192544
1016.0,129.06194228315147,99.81618593849372,58.93374998187275,49.38740002787925
1017.0,129.80348607335793,99.6488855895235,59.531915893288414,49.29125117224707
1018.0,129.74522040664692,100.40895000103097,60.587184003562086,49.19162289616012
1019.0,129.26037045689807,100.97286226686496,61.27797011076959,49.064199745505555
1020.0,128.78222617385035,101.02258692344245,61.11547813446049,48.93556442547058
1021.0,128.9493510106973,101.52523285290249,60.30812130231158,48.85132459241464
1022.0,129.06988330315187,101.99017223775026,59.24588032819434,48.80340383655087
1023.0,129.2416590250748,102.47853045966987,58.492844626156476,48.86156500863795
1024.0,129.60571087578208,102.78881139457958,57.55504954921588,49.012572328863826
1025.0,129.30876137337341,102.18170774064637,56.615114146034685,49.27074912532575
1026.0,128.01998312246033,101.68497339024377,55.453574144927224,49.45186162979772
1027.0,127.2353404446269,100.58924902266297,54.329363910352356,49.62232535360544
1028.0,126.0232948883899,99.86011273526861,54.16026605412259,49.48381425315798
1029.0,125.22863538766947,99.4973863442694,54.952533901708804,49.30624864659246
1030.0,124.15681470617825,99.20344226206339,55.98619889464827,49.30677318430128
1031.0,123.5104030322636,98.32397594438461,56.66249447042675,49.319754931175325
1032.0,122.3784352029212,97.64307675292667,57.797161916810296,49.46050767891819
1033.0,121.46093603843528,96.57510687905793,58.42445092279503,49.59522685585058
1034.0,121.26599829716594,96.42916310958685,58.58410041716106,49.709841945239916
1035.0,122.18864448525328,96.6605638838102,58.96420836456158,49.90347042164112
1036.0,123.22804384387528,96.45613877213961,59.436882611143254,50.062168106492045
1037.0,125.07712733978553,95.45395698589003,59.45535004467373,50.3999896882486
1038.0,125.99770490051623,94.73201264756837,59.79919220890545,50.76292962478787
1039.0,127.19683765447701,94.34978659973628,60.37156144739359,50.83100630465302
1040.0,128.89492776659864,94.55519079551311,61.01447580531473,51.0671079352791
1041.0,130.5479968194933,94.4072152137782,60.84648638123372,50.978336236091465
1042.0,131.23789673840736,94.88421345966171,61.41702215306529,50.64962391743623
1043.0,132.31155306338758,94.91281554245133,61.61709889739032,50.30085417648685
1044.0,132.73069351916425,94.52663432267057,60.94763744133989,49.929215272598256
1045.0,132.2281435533627,95.34409019617232,60.11267169738976,49.49338831331944
1046.0,131.42564388723218,96.78744734477263,60.15505592966671,49.06625491660492
1047.0,131.21897161218584,97.09413644180155,59.69750479763749,48.841060261329055
1048.0,130.74421351746133,96.7147560284703,58.94252664551199,48.881860562746645
1049.0,129.5460108959132,96.34592737774774,58.878400040695034,48.69909528037371
1050.0,128.96178208783266,95.57133958475934,58.961682324540504,48.640378565275036
1051.0,129.20431449352003,93.99474975207336,58.788661989139314,48.44587216231166
1052.0,128.55715628718505,92.71027269841474,59.55511594594798,48.37960603250559
1053.0,128.1145700685834,91.1653237200669,61.05941785420676,48.320463118432
1054.0,127.96066419314192,88.98367225867285,62.429221689959036,48.626387860311155
1055.0,127.30957248603872,86.45721864765275,63.0984036825548,48.81176221471187
1056.0,126.32928879318074,84.82119752551422,63.98488880597617,48.81163295979185
1057.0,125.42418755029279,83.71663008044021,65.0058155403788,48.913853422616995
1058.0,125.09077056886649,82.51767889266817,65.40139441221366,48.95857244641158
1059.0,124.27254962970494,81.80486680137075,65.58905302480461,48.89249014677863
1060.0,123.25042171036355,81.31134742801416,65.84483208804934,49.13330200119705
1061.0,122.81278568154477,80.59032741181777,65.91827020383113,49.458735198039605
1062.0,122.43183028054617,80.23267074516635,65.79212369168017,49.549101614496976
1063.0,122.86714479156517,79.27153001314254,65.92692708943295,49.321738464475736
1064.0,123.66388448694181,78.46342301801148,66.00432354276948,49.22727546562434
1065.0,125.14376249200674,78.40636542660732,65.7824900860164,49.24728199435734
1066.0,126.72614665208414,78.53319379256857,66.05947258837077,49.31602093022789
1067.0,127.84035086032628,78.72555669505118,66.28598454487526,49.39595606473668
1068.0,128.22999432030423,79.1082904013294,66.72134917457117,49.609551782461374
1069.0,128.55788277872784,79.0521365800642,67.72853472921949,49.76858097534154
1070.0,128.44939867020796,79.41189685656126,68.21424145472032,49.943341425923585
1071.0,128.6291543814681,79.94058354312378,69.23255551863544,50.22961261588557
1072.0,127.14645360490542,81.04538830475278,69.71937178134357,50.68094435686781
1073.0,126.1151513101375,81.67430131798118,69.98089883746162,51.078642860536505
1074.0,125.21585198127487,82.30550482057593,70.13821478797905,51.186248686935656
1075.0,124.26390347789018,82.7310298187875,70.22857932355025,51.179960571226545
1076.0,123.46255011389077,83.05582233721064,70.17590722589149,51.4425434447508
1077.0,123.37191162275906,84.08031893319703,70.06632161183677,51.35841045453364
1078.0,123.6708208762974,84.70552703665561,69.22124956874552,51.291123984864306
1079.0,124.4492437646158,84.79589881752644,69.38037990783951,51.27861252098518
1080.0,124.49484529522135,84.60817794875098,69.32346079625722,51.32478021300098
1081.0,125.33476211770395,84.74754097721612,70.31854140995702,51.046436740840946
1082.0,125.62322133103378,85.20514081466,71.6020371056978,50.7894908178525
1083.0,125.44080387814229,84.26396025019966,73.32685695992595,50.687985890761794
1084.0,124.64362518784857,83.01233797522875,75.04929186240314,50.679416085020094
1085.0,123.93964426850073,82.3044027774503,77.04372983161161,50.54138475866524
1086.0,124.13348911578949,80.27742862943022,78.67528547192371,50.65339427990069
1087.0,123.85976538587603,78.92714262676301,80.20183027608363,50.700097268746674
1088.0,123.50835012206524,77.91511174203376,80.73369984205844,50.58598876015715
1089.0,123.62441123791895,77.38169241021433,81.5810931182078,50.44971798877022
1090.0,123.3476463184094,76.38699191582683,81.42856524447373,50.22761147258658
1091.0,123.66233676671942,76.21463218974814,80.81485168661854,50.1550448329085
1092.0,124.28020014535605,77.79488267394872,79.24863950763559,50.07352536309529
1093.0,125.2642166376281,79.88929929179717,77.6770774530529,49.68740257743803
1094.0,126.6926557091892,81.39765794425516,76.43605074045128,49.18246739631402
1095.0,128.02812731954117,82.78235666544117,75.72058321705437,48.65054571965084
1096.0,129.45386267803718,84.49263896980844,75.82543842240955,48.25494849308444
1097.0,130.64674919523844,86.54057721595183,75.83202377233489,47.77419665648526
1098.0,131.91838640386868,89.14848637275367,75.12789014275732,47.45975939832079
1099.0,133.6993458462137,92.32118936707803,75.19713005845853,47.650961683755824
1100.0,135.02155276617725,94.95406947804051,75.53048209776098,47.59179622270079
1101.0,135.97239320358312,96.67045843308348,75.99050300377459,47.63439332595841
1102.0,137.7128461659636,97.65134933376618,76.26424293878905,47.858806976496936
1103.0,138.64671813638395,99.03380701022671,76.53554164854992,48.132775883631105
1104.0,139.17890092235214,100.54588349401637,76.11160987131503,48.61445908876799
1105.0,139.6631319259039,101.9685451807678,75.36597615798509,48.89593022009461
1106.0,140.38262695440875,102.75474309545208,74.47152529431185,49.165979702692894
1107.0,140.86130427310385,102.89241366152939,73.04074606140011,49.20475288750767
1108.0,141.1237171017913,102.37434532093229,71.70568715988392,49.15828093398146
1109.0,141.93798512759471,101.95670882255831,71.23878766542505,49.331227749425395
1110.0,142.8908299749784,101.7647143198474,70.52981249790918,49.41761810098413
1111.0,142.77559624831494,102.4954107303409,68.97900139379793,49.28559216711323
1112.0,142.65900122457526,103.27596304613994,68.02544904386905,49.362784108334246
1113.0,142.24200417913585,103.78453499605087,66.73544940929281,49.14953869098764
1114.0,142.03345217671162,104.07929343659367,65.45914346584543,49.19051841386975
1115.0,141.46903416690017,104.38743009554172,64.82524187116881,49.411943377764594
1116.0,140.8441148605223,105.00266188272457,65.01383253617075,49.6729720625574
1117.0,140.43525250073998,105.99112066051678,64.92102256077676,49.80228933059801
1118.0,138.6602481324297,106.00117785215005,63.26601619550785,49.81773204428504
1119.0,136.73578406226036,105.4612076760468,62.54293209305637,49.95178014783868
1120.0,135.23568936477628,103.84471455232222,62.082676397753026,50.40053036921559
1121.0,134.5078315735203,102.40623727170781,61.0296760776794,50.835238024088135
1122.0,133.90389762275623,101.79344189189862,60.95990553965734,51.3846743041195
1123.0,132.69286289465322,101.32925674961302,60.911669337936914,51.62247733845626
1124.0,131.63802857799402,100.7491935250538,60.523644481199355,51.544657476284314
1125.0,130.79450191069688,100.34153632407373,60.63825201490975,51.42829996289795
1126.0,129.76130837821202,99.98426662675855,59.95043257184534,51.354678556026734
1127.0,129.76072164368813,99.81854434558718,59.73431540344893,51.47933323491741
1128.0,128.73123772801836,99.8567029994505,58.512319766348355,51.14241075278539
1129.0,128.01892785774743,100.55579970689196,57.521532359280556,50.78942031746497
1130.0,127.32546359347585,100.99072207536777,56.71790026455086,50.53129464337253
1131.0,126.57238057641783,101.13362713716776,55.55734864834395,50.32364709661389
1132.0,126.75204871647973,101.51877502715696,53.60262422052361,50.05760779005078
1133.0,126.6898824109497,102.99853389929373,52.42019089331331,50.13355708597505
1134.0,125.8549094477458,104.32696712446244,52.238653282646105,50.40286094560719
1135.0,124.491539517332,104.7632008519499,52.90597509887506,50.28754273800184
1136.0,123.10657794121018,106.12436228713496,54.59998065599008,50.31654150862497
1137.0,122.61380931406703,107.46784619813408,57.244134389646554,50.74321722247764
1138.0,122.34191570606947,107.59809211158493,60.16103322969454,51.05704432172873
1139.0,121.40327389897415,107.5495970962028,62.32154970683661,51.05242640356826
1140.0,120.7378765415552,108.100878839079,64.02607628228762,50.9122404970326
1141.0,118.84679294825028,108.41653709728894,66.53923628628762,51.22453158810339
1142.0,117.73996669694817,108.56291240449838,68.18213517601164,51.438071902215015
1143.0,117.73193354164961,108.08407602864325,68.49090271419334,51.55357000517627
1144.0,118.09878336875616,108.40704469142271,68.75303558920903,52.02809745613821
1145.0,118.47176247788357,108.30572400214973,68.72365292386237,52.1428221489274
1146.0,119.20896009582763,108.23027889390589,68.59207953238834,52.14421277120035
1147.0,119.89198427332187,109.2126165690751,67.98608225554446,52.20508318201544
1148.0,120.16498673870706,110.22844530071748,67.60186804095211,52.258073108288045
1149.0,120.12928123214331,110.34614268813685,68.1801193468748,52.54709317639091
1150.0,121.49227672180695,110.58982928969661,69.09800435655954,52.49126930975585
1151.0,122.82077271248941,109.99584369507348,70.86221489044158,52.23063947938691
1152.0,123.54308882382678,110.19265223599696,71.87406126634205,52.02246545976205
1153.0,124.72592692420034,110.09307429699679,72.94591812647307,51.533200985432906
1154.0,126.61197573952121,109.67050731598171,72.9316986830917,51.18739348829808
1155.0,128.3229323947449,108.94393135207271,73.05313202377152,51.05627161312157
1156.0,129.3120484794666,108.08455156742049,73.86481395066365,50.75140187226501
1157.0,130.76245656460716,107.13007244507408,74.87873764791135,50.656585194688326
1158.0,132.25914498755972,106.64062324798913,75.14932905593872,50.3648692781382
1159.0,133.03363497954305,106.01668605478804,74.43813374672094,50.20889028303211
1160.0,132.99924238484945,105.912791176378,73.51011485746966,50.15747235428327
1161.0,133.2747280580493,105.84879137005079,73.29504525299191,50.017091464816126
1162.0,134.29986024210697,105.5793959654107,73.08016397463116,50.14715233319557
1163.0,134.36381751063152,105.23035150896752,73.49132024556341,50.44285413933919
1164.0,134.57889321113956,104.81343278453636,73.41533251293177,50.50187376379643
1165.0,134.72509703690918,104.46471868719539,73.48434578477402,50.702499797934344
1166.0,135.0112674435942,103.73503830997117,73.76866514041961,50.68355865220694
1167.0,135.31333014314305,103.44779078634717,73.92962235123719,50.717904239520365
1168.0,135.39060237082208,103.41198270976506,74.62376840765361,50.49719254281483
1169.0,136.08743067655152,103.17775447359074,74.95060391985106,50.39483547308099
1170.0,136.75067519244976,102.84653237107653,75.07318876524137,50.349455094292324
1171.0,136.90573832453697,102.31647498807135,74.73088528793467,50.05731311410754
1172.0,138.28176517983758,101.79781792666996,74.25712869310337,49.76548376470524
1173.0,139.35146766087928,101.65220608403715,73.38823910986527,49.517597452447895
1174.0,141.10311322951134,101.79552147097232,72.09230854981847,49.260461503661794
1175.0,142.2489820764951,102.61278623556467,71.06341250378637,48.924710637782624
1176.0,143.153714601846,102.76068092197356,70.5927557773224,48.46056792227985
1177.0,144.7718196756695,102.72034611177709,69.47408264841665,48.33185203448446
1178.0,145.82556923174516,103.0361488510894,68.60397372621858,48.24236358960131
1179.0,146.58703886484952,102.91427670883475,67.87256104672373,48.20377069456277
1180.0,147.02771446712495,103.39952324082005,67.60978264907484,48.5732610717708
1181.0,146.5107217064402,104.38646529172043,67.12584839225617,48.73865440733572
1182.0,145.94471424299664,104.45024809100616,67.5137787274387,48.92725065765318
1183.0,145.00874095038856,104.57678272451243,67.73382324359079,48.98079163531062
1184.0,144.22216691229434,104.48853709916128,67.36079312482077,49.055140735783056
1185.0,143.57858054177123,104.5847032840146,66.99537121544638,49.18152394572263
1186.0,142.09331822173155,105.11026407997167,67.48824615060485,49.17431856083317
1187.0,141.21926250015525,105.09181497644643,68.44228749970476,49.20134843809907
1188.0,140.40588774396588,104.94986810587746,68.98750874074582,48.926978054997285
1189.0,139.6606247120716,104.84030089814237,69.84238521271233,48.46715873856801
1190.0,139.2853177535867,103.7993792252572,70.9873630027488,47.918282436931214
1191.0,139.0781725615168,103.18980724152212,71.9882945788785,47.45442339310897
1192.0,139.02522170307296,101.9366150381005,73.11920301414412,47.10946067430982
1193.0,139.74161536616603,101.43654644751263,74.21326250414313,46.89668331976456
1194.0,141.4960351912343,100.65183246295699,74.96278478148983,46.7836575615406
1195.0,142.8604633580492,99.67019964403192,75.63120826889383,46.85657756470588
1196.0,143.19482064246847,98.66081098694362,76.62369161414638,46.93242468560503
1197.0,143.71002028268472,97.82003300893163,77.44327471420176,47.14235867816067
1198.0,143.7049803171785,96.77540120608901,77.53672241862876,47.58358332431179
1199.0,143.8017789791778,96.50392862795806,77.97244801967923,48.133732598651314
1200.0,143.09605478436353,97.09084261365096,78.62796268207671,48.52839755537172
1201.0,142.569889853025,98.04632112756674,79.35019606063585,48.83648811264659
1202.0,142.0957958362917,98.2988331438123,80.1065085128171,49.17341345721696
1203.0,140.06530880170223,98.5384343807629,80.15976579712509,49.5367479845915
1204.0,138.43415117679046,98.89236542765009,79.79697690632214,49.75336420921724
1205.0,137.03458140970068,98.81249495937924,79.15474616143143,50.05485093957763
1206.0,135.06217296710741,98.44096207884176,78.86291011997127,50.52887101814167
1207.0,133.34069657433997,97.83470722522348,77.80384257206309,50.783863579063166
1208.0,131.37896941320875,97.06526799691953,76.4901416101971,51.18344565225976
1209.0,130.5295721506665,95.30494084607055,74.95751137444816,51.79294579275952
1210.0,129.66235800865581,93.80804061224023,73.72409355540415,52.39773326826256
1211.0,128.44940709945962,92.61724789921136,72.37721129759535,52.734529250285235
1212.0,127.62473708002915,91.24741399769157,72.39612688292662,52.836121177515885
1213.0,127.15040652380785,89.14661263715118,73.05147531669083,53.11507396995469
1214.0,127.27429536958,87.551677068239,73.6386961591875,53.302238116662586
1215.0,128.84146116262687,85.79203761753124,73.65227825487032,53.36295201598448
1216.0,131.20415113853065,84.92337670899917,75.21562818943607,53.4562913967283
1217.0,133.60950907667177,83.96618212417867,76.59086954800803,53.12089275659193
1218.0,136.25077225253892,82.98629819129674,77.38253824496408,52.68123720762031
1219.0,139.10148536378196,81.73457063429848,77.96066179901374,52.49300553271688
1220.0,141.51614613057794,80.2674636871162,79.09389618103447,52.428253749713086
1221.0,144.435104532168,79.76095083767629,79.57639879650479,52.44015997750708
1222.0,148.08356690899794,79.56750620722461,78.9396709655053,52.29660549858768
1223.0,151.4138484830679,79.40356913773208,78.19828212218381,51.80816570908168
1224.0,153.6872470508665,79.58119803164446,77.95566342655006,51.27365850108157
1225.0,155.1162202446823,79.43394342910408,77.00946393558276,50.516552213635215
1226.0,155.9935370824385,79.67353942193002,76.27865689179292,50.119645456975626
1227.0,156.82224163576083,80.48732705907284,76.21833422684831,49.63881637887205
1228.0,157.0021107054688,81.20735050849889,76.27483539324554,49.049982336083346
1229.0,157.05452172974162,81.9377191542293,75.71381825696083,48.50442620621077
1230.0,156.37544388327834,81.87073363375214,74.97828739063368,48.22357387594891
1231.0,154.90419213449672,82.13043742867211,75.00899283712621,47.8660281483624
1232.0,153.4745118502114,82.58566694635898,73.73716291358728,47.75526480060921
1233.0,152.25853227445964,83.35613014451604,72.7414358766627,47.80304136241916
1234.0,152.11695794484612,84.05103720880055,71.59221679168624,48.09259568184189
1235.0,151.86329845995607,85.26780430964496,70.15235246560762,48.36971734895817
1236.0,151.12929889504193,86.16879674040116,68.51150554481995,48.65497695466626
1237.0,150.81131648244934,87.1501651707025,66.73970268709618,48.84541095465083
1238.0,150.62177575888018,88.52948599542057,65.02178365427442,49.17012169392686
1239.0,150.56236626418647,89.92814853292137,63.919987945575436,49.41829226636861
1240.0,150.73622007372293,90.90490923581405,62.630560459707695,49.721515973397345
1241.0,150.47497108466843,92.3613488181062,62.43596414951878,50.094503473661256
1242.0,149.78788401651167,93.58025315447158,62.328861502234886,50.37978808410486
1243.0,148.31433787903984,94.77085297806413,62.310717263290464,50.56482826130654
1244.0,146.89746090421892,95.23010245407737,62.45079476125587,50.79057343464164
1245.0,145.17001860472772,95.83173435361712,62.53704964316502,51.029552753058745
1246.0,143.44055217606456,97.02519789977246,62.6898586513172,51.34070110901431
1247.0,142.33091925976333,98.26602688748626,62.679740017012776,51.45942594573137
1248.0,141.4051149486968,99.53302313943375,62.47843149886583,51.57918246994613
1249.0,139.99984165137968,100.73554724643813,62.839022977946755,51.49602038069742
1250.0,138.89371655191172,100.64671758095832,62.99709544579848,51.30565658268894
1251.0,137.72196234808706,101.3466470068001,62.71335871704793,51.03426958557869
1252.0,137.16192982219061,101.4450115166175,62.11212827360083,50.926769711704964
1253.0,136.47933461706873,101.67805129858405,61.70690170156437,50.61319900998666
1254.0,136.02710832821595,102.6400640785913,61.026375192838934,50.17456677757788
1255.0,135.35329253732638,103.3354621333761,59.919381732165235,49.78968479991734
1256.0,134.08318989261937,102.82402338019976,59.56696870057008,49.70805250812196
1257.0,132.17519993858397,102.64236111404107,59.25395050235072,49.50293952841905
1258.0,130.7783892657209,102.81617750175266,58.19492021946008,49.550977509556596
1259.0,129.29485204746194,103.21526969310717,57.356816123297676,49.45836883953424
1260.0,128.5478430309087,102.60326738345464,56.59281867830656,49.459016466004925
1261.0,127.64581140919027,102.81723557368706,55.47375264047879,49.37434482401884
1262.0,127.11301151782853,103.33574557924581,54.466277126330695,49.37543099607991
1263.0,127.1158897229788,103.05883761760188,53.65728618640005,49.46828149429906
1264.0,127.34690200269506,101.87268770723522,53.913055655381406,49.537486562334024
1265.0,127.6925507506144,101.55150333316092,53.599115308418114,49.224269528759415
1266.0,129.1609453866058,100.98389144366324,53.64885080579934,48.94181479324849
1267.0,130.69118738503687,100.66343244065042,54.129685841538546,48.5378773255734
1268.0,132.50317150235688,100.61127623215458,54.76995581468026,48.31662538024984
1269.0,133.60880374358638,101.1087335648834,55.20155917131033,48.03894999775761
1270.0,134.39628017608675,101.0916401231668,56.334173877286055,47.923779764619226
1271.0,136.2220600880869,100.63889957605392,57.18206459627333,47.7822179539843
1272.0,137.0899675454492,100.5501899316626,57.923244426931284,47.59913322791327
1273.0,136.995654573267,101.20695167317245,58.004617894048295,47.35484198341855
1274.0,136.96507797395714,101.84645661701836,58.075885977200116,47.37001684299942
1275.0,136.4733158403971,102.62094705560268,57.94381770689408,47.36685154503778
1276.0,135.88191135392384,102.44944853136413,57.87845256908368,47.28138838536296
1277.0,135.35889609169067,102.96632430682371,57.690768069374776,47.12584096084677
1278.0,135.24539262454348,103.54743824282198,58.351464024872435,47.204708680001374
1279.0,134.62835527165498,104.83927264850607,59.098228890064846,47.21716587160704
1280.0,133.20170078136363,106.093986609358,60.03328075415532,47.339097707422155
1281.0,132.39704110778567,106.5138700869288,61.29664472331503,47.64836141736212
1282.0,132.54002836981192,106.46143260475382,62.883710825550075,47.9599063695305
1283.0,132.98921798095702,105.98971118587106,64.48284880199026,48.2642978218526
1284.0,133.207191622151,105.35588968474735,65.50233559200042,48.75489330780243
1285.0,133.48041450480608,105.35895462141951,66.31161605150699,49.25168193462309
1286.0,134.20250415844143,104.86246636164876,66.3870796287567,49.879829836636176
1287.0,134.67708158977933,103.61115479060761,66.49460268323418,50.254381785828414
1288.0,135.6458581394541,101.9789252617185,67.02358024684331,50.56520345526962
1289.0,136.0692812304172,100.4876770770308,67.45621156256658,50.87098344584469
1290.0,135.93034543413557,99.74745753492505,67.8463781696863,51.244944369021496
1291.0,135.6014074438111,99.46902609235813,67.91981049819852,51.72875467919281
1292.0,135.26659336984375,99.00110574526929,68.01721364627619,52.220353311337675
1293.0,135.1599913833289,98.76775137497103,67.93239777055639,52.44105312691976
1294.0,134.68140226032608,98.47085231128369,67.44773744704318,52.569621527431174
1295.0,134.10264360713472,98.3565543014689,67.43320321397063,52.477131342163815
1296.0,134.06870166970035,97.8981951472751,67.37849557995936,52.44787050645022
1297.0,134.48252667238802,97.44604689532457,66.8949076581674,52.34550413778774
1298.0,135.08364597960917,97.03195339253196,66.80550688017806,52.12252791762294
1299.0,135.65693870623252,96.70470980109462,66.81786206953711,51.79169420780324
1300.0,135.98889355890867,96.39410066855744,66.79456681965863,51.442891572991115
1301.0,136.5769396178556,96.23221532959141,66.50735053662574,51.036668148865175
1302.0,136.95742780949732,95.76894737920861,65.6651982735976,50.52365422825358
1303.0,137.4421369542985,95.37996847384738,64.9066499927628,50.071006999142774
1304.0,137.97836948492784,94.61946020280777,64.30091580986584,49.61059401660146
1305.0,137.9294596775389,94.32435997434825,63.515985714559704,49.10082539645903
1306.0,137.76015264307574,94.38339881602224,62.73168283715582,48.820851534415056
1307.0,137.6578601547889,94.12184165650783,61.5702996148027,48.52583881761212
1308.0,137.7672019649947,94.16390058197825,60.463711768716394,48.346718177095525
1309.0,138.26826509957857,94.46200911916621,59.55922686996129,48.237026888834436
1310.0,138.88564642521857,95.00913860206914,58.40538402034339,48.14585902885399
1311.0,139.752808795196,95.63991885498912,58.71546448689678,48.223313107358116
1312.0,139.93380895105034,96.39753965767903,59.693357890571576,48.429912974391115
1313.0,140.03754429271518,97.37203175074022,60.4811453239879,48.71282639501326
1314.0,139.93862131581332,98.36901817548278,61.20029688997166,48.885172940383434
1315.0,139.416927332051,98.76291468216058,62.44450420706731,48.882260369361724
1316.0,139.469226036544,99.63185702932641,63.55897757479222,49.04212191689902
1317.0,140.202797556622,99.74524471193234,64.4191137541427,49.31420003443527
1318.0,140.71634062464256,99.32783280992085,64.95422674603948,49.37836930548774
1319.0,141.2195431308324,99.05720812230814,66.01781622025008,49.50795856893746
1320.0,142.16346466733327,99.09338795787517,67.16767880280338,49.60011356982237
1321.0,143.26112575787934,99.1383922150149,68.10703117294285,49.66013723449812
1322.0,143.91636191586184,99.71819792738304,69.10621084383678,49.87102496783831
1323.0,144.59771278286837,100.52524619762008,70.73043855928297,50.15088280425967
1324.0,144.9088596946195,101.18267292748475,72.37101591597414,50.45989959039078
1325.0,144.3524001382658,101.25563993795194,74.33332464971863,50.496626826829946
1326.0,144.00588080759857,101.80590236253819,76.30209824991239,50.235504405388625
1327.0,143.34381370582096,102.63076915114746,78.14117162040954,49.98387090241826
1328.0,142.1604344663263,103.11532994022207,79.9057098545103,49.61745392647482
1329.0,140.62380954222056,103.42204103547526,81.27904986463182,49.457948763857345
1330.0,139.49838670955683,103.94254501024962,82.26009082893599,49.35076380234389
1331.0,138.73770704612645,103.9320434487836,83.17397798426596,49.11012806522308
1332.0,138.61880015978704,103.86359558350154,82.99045024548097,49.02185318063346
1333.0,137.50076691132367,103.42168386314795,82.6500187688205,48.926126408328784
1334.0,136.86473503822862,103.870339147882,82.18529713947372,48.96845627785797
1335.0,136.20084956715374,103.80790287010679,81.5510638346611,49.01134768083688
1336.0,136.1658657499779,103.46790875763446,80.92651821954857,49.062399970201525
1337.0,136.5521685285538,102.99879197124872,79.85779437310721,49.20623048512731
1338.0,137.2636031305712,102.46463672318434,78.34375137138434,49.24111587590527
1339.0,138.7144006740528,101.50379332506424,77.29146843205625,49.50236096730561
1340.0,139.88983805767262,100.11505879975643,76.49769520606063,49.80360552893542
1341.0,141.13597685391704,99.40107716761705,75.96460256082669,49.97719933942812
1342.0,143.55077530664374,99.71536982258114,74.60580442582398,50.183909861913
1343.0,145.32168969728232,99.09187602384361,73.58414534133084,50.221010782462585
1344.0,146.51742373005996,98.8928617162803,72.4900165151216,50.169886174969236
1345.0,146.74878463307658,98.86013324430586,71.09792907493143,50.077167817694125
1346.0,146.88961456677913,99.12131428140097,69.84445325445394,49.99723409305269
1347.0,146.66796522899963,99.63551882243024,69.37906987964624,49.76400899606522
1348.0,145.8898663482713,100.14862394905269,68.8057754315032,49.3746617117401
1349.0,145.3761735145883,101.22576926573412,68.53676157516145,49.072184542101766
1350.0,144.6756903760662,101.87758649278764,68.52848360112606,48.982000610576854
1351.0,143.29093048605637,102.14988572448712,68.5535716449874,48.76641648001142
1352.0,142.4367169265661,102.8635075657237,68.55066248199418,48.58046966269199
1353.0,141.0289313825927,103.619327377697,68.26810527552867,48.48049267242989
1354.0,139.88463226859108,104.84583521269019,68.56991772505098,48.686782852974794
1355.0,138.1419189411372,105.80180792872389,69.48615606810486,48.831100235387
1356.0,136.86778717804208,106.38264041856094,69.69946666731121,48.99106411252263
1357.0,135.6274427980381,107.2285799867588,70.29719231335513,49.01116932700131
1358.0,134.84271173476645,107.09688041785846,70.99008085776767,48.916303292013176
1359.0,134.14810422781662,106.87416870855361,70.99153693188734,48.65954027918221
1360.0,134.26366319033596,106.4404201765833,71.6303145537683,48.46167709358372
1361.0,135.0460388921487,106.05308896303512,71.99420649975232,48.43152575750806
1362.0,136.13739516518638,105.34347146710587,72.93430005879902,48.195259329801026
1363.0,137.6281017009166,103.95382489441072,73.84328835865202,47.814813696391795
1364.0,139.40790530158134,102.85229729981684,74.52892557035095,47.38864692473133
1365.0,141.37068686036434,102.26726247190773,75.45847288504804,47.17716246835513
1366.0,142.93330112785983,101.68029808578271,75.95674768119297,47.046290525162085
1367.0,143.37090792561477,102.51611850351378,76.12408868108703,46.768135937909115
1368.0,143.46870060540178,102.99823735575865,76.60513677465045,46.493257296659586
1369.0,143.42526600552574,103.2642604664985,76.48668456104215,46.27091691033253
1370.0,142.64660204716472,103.07404336171845,76.29049179688103,45.86793515359612
1371.0,142.15945822391157,103.44794764473826,75.8790007826918,45.74404073360543
1372.0,141.5576579172058,104.14164439145848,75.56733999001277,45.71884260751803
1373.0,140.70629747013345,104.37867955213405,75.43024698608376,45.68384852468087
1374.0,139.19471910157802,104.5039198042915,75.37747343305661,45.669147861293
1375.0,137.88246940167156,104.34997680590844,75.15240223345485,45.64758374411272
1376.0,137.14536188229692,104.21175601973789,75.14085747316301,45.99967246803578
1377.0,136.17532977250204,104.51259815091039,75.2783414380921,46.25317034847359
1378.0,135.62995843319175,104.82213111499934,75.59952901634183,46.33021714269162
1379.0,135.00165574722803,105.35363741476911,75.92179369510589,46.45938939308232
1380.0,135.12921304618507,105.42802889764236,76.49864292198772,46.583990672791685
1381.0,134.86690721207373,105.05528593608175,77.3681981231311,46.378655391680184
1382.0,135.0058885597771,104.73438952166632,78.42137105695821,46.19200298030813
1383.0,134.92394852609868,104.45748264332352,79.10870201032625,46.161625982771746
1384.0,135.25246275924601,104.34857343587441,79.36524129511561,46.172732225028575
1385.0,135.3791449101409,103.88001092824608,79.27363240772704,46.12036372186377
1386.0,135.86562721873577,103.52713561704137,79.52269962135091,46.133192432211814
1387.0,136.61053849093105,103.23347334541458,80.42912728558926,46.249457039382264
1388.0,137.00246338968094,102.94829975766677,81.6165617110363,46.6247192765467
1389.0,136.42560617082808,102.57387084918948,82.14026607172079,47.10974954009002
1390.0,135.5610022457037,102.2839132538535,82.41681230916915,47.79024187351184
1391.0,134.6478493884878,102.59338268689157,82.1120803742156,48.491032941920956
1392.0,133.77959585444881,102.40029133437746,82.15977381273123,48.900679924508445
1393.0,132.3986457749773,102.25681288078673,82.83378084568055,49.273900820583115
1394.0,131.29195757248146,102.20211930064927,83.41783169575795,49.60612992732201
1395.0,130.1493386749877,101.95210297773575,83.7357320016413,50.019591001739116
1396.0,128.67732350268153,102.18441766240687,83.59253429041827,50.59878724758177
1397.0,127.17087662793332,103.16996972392745,83.21964849866055,50.97333999114495
1398.0,126.43527447698713,104.60741739024373,83.1620888971539,51.33034889543534
1399.0,126.74268906380274,106.31139349466177,82.28060378408435,51.53385392719649
1400.0,126.8997005448778,108.1095136930896,81.59330073353298,51.69680371259881
1401.0,126.8259314701381,109.82969504120382,80.48050620400652,51.809588031128214
1402.0,127.31577581425393,110.87431059043016,79.57050644632142,52.05476343814753
1403.0,128.21512096466594,111.62487520277888,79.34038657639384,52.15243606791571
1404.0,128.0511325664351,112.46309872318194,79.42837430933008,52.275066138933724
1405.0,127.36238816087896,112.83775994762212,79.57975825675985,52.14356615460085
1406.0,127.88088868649467,112.30424513297642,79.36050302876185,52.09341774269037
1407.0,127.37461746262947,111.44597526244961,78.91204789347866,51.90982447486532
1408.0,126.47735779776393,110.50833549285993,78.54023669663783,51.654139137545684
1409.0,124.7891199673654,109.14549922792345,78.78085860380202,51.30245610610058
1410.0,124.30853307857203,107.69845949580939,79.55570201016641,51.00798309985915
1411.0,124.0812852597274,107.41267339185086,80.02796084302632,50.50499436908635
1412.0,123.00124673622554,107.54391912586595,79.64069097589443,50.17372556469542
1413.0,123.29984162654645,107.80122797525813,78.60330262740959,49.95093803359134
1414.0,123.599863741112,108.80420377836458,77.42902631609122,49.81210474787457
1415.0,123.3862438989124,110.046305700587,76.0655016916852,49.60618493324351
1416.0,123.39151390173117,111.40635027817297,75.28678272740305,49.32779004234636
1417.0,123.6598496455058,113.23392631413154,74.49869903753854,49.21145496505846
1418.0,124.41605763343426,115.69664022765463,73.55547014447068,49.16797639889294
1419.0,124.81766696605565,118.25257140130608,72.90750235536208,49.11333032747742
1420.0,125.11431223182237,120.17051240092219,72.57947869564332,49.032673201148185
1421.0,125.29116012051153,121.58494477129086,71.97225032865485,48.91943241787686
1422.0,125.61830529627586,122.47355125753967,71.1630790076499,48.72292568332815
1423.0,126.18200993582043,122.9902178809844,70.71025660666663,48.53439810527808
1424.0,126.81975970687552,123.23517976458628,70.80808562321371,48.34059076491633
1425.0,127.31937229764922,123.5196217863724,70.22045270723777,48.37771197069691
1426.0,127.86557733524967,123.10309216359283,69.92827155173153,48.74783280776013
1427.0,128.9622635191484,122.15876786535138,69.57703769884435,48.86396243063906
1428.0,130.6631008752858,121.34915995765544,68.4146748142717,49.2339437174339
1429.0,132.5222392153361,120.75442086579646,66.97084472246009,49.79127108486645
1430.0,133.68540982225048,120.09927762048399,65.92100270331528,50.29518584283309
1431.0,134.84598245792114,119.08971706834802,65.61783296781412,50.72984292553455
1432.0,136.24042632027945,118.21917591464396,65.14834426854264,51.07182737315875
1433.0,136.85311293144738,118.04180185223119,64.66973252958483,51.343387013220394
1434.0,137.93258186390244,118.26040997368149,64.97275333260922,51.46694208376224
1435.0,139.39730538372748,118.12061906025588,65.4221388021642,51.40053052636173
1436.0,141.15348079566584,117.8355786576522,65.9803832888017,51.68149767073937
1437.0,141.6202982904922,117.65957653426892,67.48983489776236,51.621820783924505
1438.0,141.24846887350594,117.0173270677944,68.85209486555588,51.35849472841011
1439.0,142.46013967717823,116.18844710839427,70.6075394038104,51.19932908203727
1440.0,143.5801266804875,116.34136466612631,72.42093735235278,50.94651887715105
1441.0,144.7797364701954,116.46189238958775,73.96794761757404,50.822215302243706
1442.0,146.4640920109535,115.9912162673668,76.3070491139023,50.67555863241654
1443.0,148.32186198142654,114.42917555060075,78.77471145334104,50.578685034594145
1444.0,149.27308770361086,113.4955486944024,81.01315233967128,50.26370398424151
1445.0,149.7152889995874,112.4867209691654,82.26611868008183,49.818181670045334
1446.0,150.31184452040011,111.48209334719012,83.27083725269968,49.40376761843682
1447.0,151.2519707138555,110.97301682006359,84.63916868817543,49.05579720725957
1448.0,151.16211602311995,110.93898147984956,85.63262926983768,48.623113932327264
1449.0,150.81396316161633,110.40322477817323,85.63846166257639,48.26547833300505
1450.0,150.6083347014135,110.38696293560638,85.65167062199363,47.93026617661419
1451.0,150.21036127533264,110.31262784290463,85.26917658046509,47.63167293943374
1452.0,149.65236469471967,110.68608201503044,84.8783013791776,47.324335217330045
1453.0,149.54147235580862,111.11230163164193,84.63611712804533,47.094017191718216
1454.0,149.65576476756607,111.47257117821204,84.5022466003213,46.87577809536388
1455.0,149.07180750716367,112.27993823300577,83.69783837827525,46.71680732479062
1456.0,148.35480035746465,112.54720990322177,82.42361650519425,46.66810207083924
1457.0,147.62723541488776,112.49048333342849,81.14606936541696,46.522171807993224
1458.0,146.29711293438058,112.3549234318591,80.04099730192414,46.58824911947528
1459.0,144.89769876763648,111.68423902204324,78.9533867162486,46.58869514946202
1460.0,144.16802966319472,111.25013634166565,77.33092418494032,46.60444565322337
1461.0,143.68100977749376,110.66892798442105,75.50526306751738,46.74264821446768
1462.0,142.93210448248558,110.23023344720754,73.95642709356993,46.92632513893327
1463.0,142.46604664198037,109.80440502530466,73.1478820206863,47.43967383636242
1464.0,142.3677913880598,109.03516459252795,72.49934768899043,47.986061194486
1465.0,142.3227955190865,108.25529164761235,72.45781097254414,48.542666727736595
1466.0,143.14035440584166,107.60177077205995,72.32498821757571,49.210583991131514
1467.0,143.93050882873405,106.76994021638322,72.25447494164581,49.65180944132972
1468.0,144.4425420906805,105.90124176943397,72.23639211178077,50.03767024853781
1469.0,144.30062932012603,104.87781664195799,71.93196209065883,50.64455377395633
1470.0,143.66420458100274,104.41744850450593,71.74833584561495,51.1666449774736
1471.0,143.30959799278472,103.33551951226941,71.88255660884091,51.78344629324906
1472.0,142.43052677290052,102.16568344922767,71.46479872955813,52.40641283275568
1473.0,142.48857594611502,101.03165046868295,71.2499830174275,53.05008079573734
1474.0,142.83000611352907,99.99597550324404,71.10615597153017,53.548278701811775
1475.0,142.3242930884504,99.01361569263966,70.88939516403127,53.98298330275347
1476.0,141.83767994222472,98.2471522340638,71.39860573490742,54.42911557112399
1477.0,141.0792851536939,97.67211756272161,72.19367161660018,54.728045239391676
1478.0,139.757915506946,97.03366939275625,73.30491066492951,54.8832642917151
1479.0,139.18253364775728,96.64076972408978,74.21069123293127,54.87237482826135
1480.0,139.01339986554714,96.93740373944807,74.85823033831703,54.69291770748451
1481.0,138.78988037862726,98.05413251648169,75.7925752382574,54.49860517064967
1482.0,137.65223451533504,99.39180942162074,76.49862058500767,54.21721528449005
1483.0,136.39908254627056,100.96287633470052,77.30551386565033,53.991447423732716
1484.0,135.1862470936353,102.09085282746415,77.97231845561909,53.80194316669623
1485.0,134.07754637040446,103.27082507032003,78.68557796517622,53.68186747538946
1486.0,132.97567402147362,104.1974341224337,79.23105255944553,53.6818443834804
1487.0,132.72810610368563,105.20036255896724,79.54656386058171,53.657459405659566
1488.0,132.6116353016066,105.79276553494465,79.82866073477894,53.662046956786156
1489.0,132.1346173127793,106.3366713310493,79.96276973998931,53.75170154363426
1490.0,131.25624099926205,106.17044490791577,80.61457296209583,53.35980252372113
1491.0,130.23402129143514,106.24703375483256,81.73190713462036,52.9389352528915
1492.0,129.0477722413131,106.2418450933581,82.33620960787061,52.55686514122756
1493.0,128.28976220084058,107.13072007252794,83.06410203835757,52.04424634061282
1494.0,128.10433960752715,107.9625193958604,83.0426725224732,51.46281967522072
1495.0,128.08369661394383,107.93170323485904,83.30922373313007,50.95768181646508
1496.0,128.6023222688077,108.82008631226276,83.99544256277612,50.52221781865506
1497.0,128.792597900394,109.35571206888187,84.51563035760987,50.31716006980047
1498.0,128.7473963533696,109.48372585741838,84.84967801128286,49.96462319574178
1499.0,129.55511888548162,109.996933084786,84.64533427311615,49.86686383238879
1500.0,130.65490141168667,109.85781645504503,84.1527247472886,49.83510397019181
1501.0,131.599615504074,109.00606751469685,83.7680473042137,49.74758240134818
1502.0,132.42872867913476,107.8208575262417,83.46760877170955,49.55531050488119
1503.0,133.32046115417853,107.10175102646697,83.99761300166296,49.45605585081944
1504.0,134.402806076483,106.97674168054121,84.1541363449056,49.42588913821661
1505.0,134.2842225334237,106.2043538215246,84.09601404966459,49.30910224700097
1506.0,133.78059221962033,105.56761301388305,84.02102847153694,48.79846966368111
1507.0,133.9548091955786,105.04884053320613,83.80457594588586,48.4816712523969
1508.0,133.20774832470838,104.6771669728198,83.00344973956089,48.057700232105226
1509.0,132.72660876442362,104.04420979480665,82.16428142561412,47.72618295889883
1510.0,132.51084647370456,104.23480711823032,81.8029625284947,47.47752349432671
1511.0,133.26133356980645,103.94952525004703,80.95450812785626,47.50419398730011
1512.0,133.40599626005454,103.32941291272007,79.40024617092698,47.283505497662404
1513.0,134.1481576840294,103.41755062234178,78.07870677381342,47.13741125645571
1514.0,135.464673668221,103.05736743603624,77.2117714812157,47.05017793644182
1515.0,136.59102894748116,103.463879049529,76.62061438226868,47.144343655375934
1516.0,137.69363265055392,103.8339049466512,76.53760729768577,47.1995725369451
1517.0,139.62961788073645,103.9868570787382,77.35612456125708,47.393477760179096
1518.0,141.4506242952201,104.344487887662,77.99937539455131,47.468025896709236
1519.0,143.36404206552373,104.83072310353391,78.55577104566918,47.29033555342855
1520.0,143.93996224848468,105.42182672452076,79.10010960373667,47.30138769247989
1521.0,145.03831554859443,106.12496786176021,80.5298173680848,47.34676071998058
1522.0,145.15186357413242,106.19788552516508,81.25745830316309,47.34699109918624
1523.0,145.73114419174976,106.32845401647562,81.80435846056422,47.276784653133355
1524.0,146.27005989466707,105.29709441718427,81.9193936530262,47.36421574986599
1525.0,146.15844272470693,104.76941851730486,81.0615684329366,47.286452722208445
1526.0,144.90395689833838,104.18231043080105,80.0867280975528,47.16719111316308
1527.0,144.13180176825108,103.57452187686148,79.43617598518799,47.18473316444202
1528.0,143.2966019518152,102.8423045228507,78.05550231706044,47.39244671916896
1529.0,142.9926204271781,102.34924541883454,76.75542502759939,47.22570142956271
1530.0,142.440109181543,101.10362887495121,74.94721614519914,47.24696018841714
1531.0,142.49195911680258,100.30289846179546,73.73660548702958,47.23328069790324
1532.0,141.5774173543555,99.93507888069117,72.4809827832813,47.10242117691443
1533.0,141.63201511192221,100.53518592436983,71.76919692077769,46.82490097053914
1534.0,141.56313075449842,100.58159892754922,71.57067948077076,46.56451293960262
1535.0,142.42281722386068,101.04337475644105,71.19931124067917,46.19747749593854
1536.0,142.78730112569122,102.24016231989418,70.69522226300036,45.89019026342016
1537.0,143.01280996953713,103.05700561511831,70.83803182713245,45.58317852838799
1538.0,143.4000916434003,103.56826221200346,71.37757938132593,45.53127820192509
1539.0,143.64625435208498,105.05995513896627,72.11275102560685,45.58701838720206
1540.0,143.01356045350838,106.41317815724739,72.84026966897217,45.56052437614412
1541.0,143.13945329991526,107.40705226178187,73.1279514767275,45.67631506644195
1542.0,142.7783403540791,108.10023199677248,72.6166377807544,45.799213540999816
1543.0,141.85429108401374,108.67237810448137,71.99527344115353,45.945808582445146
1544.0,140.79937217428957,108.80680409802562,71.58377380843453,46.25795954498863
1545.0,139.9059340893304,108.8959596368621,71.63847350007818,46.558548712623114
1546.0,139.5590914574157,109.22385178176562,71.13408848414376,46.81567497622389
1547.0,139.16839625319113,109.26310725717235,70.93525466870744,47.0416667183094
1548.0,139.44850205769055,108.84272050519839,70.50694222543098,47.29616251465971
1549.0,140.54434744197334,108.30029560737898,70.15812504491925,47.55050657288727
1550.0,141.55600761544875,108.08068142674244,70.22458474292279,47.78630356896137
1551.0,142.47432673115134,107.24618425782087,70.94525278125597,48.151783873390855
1552.0,143.98076198879386,107.32770160227024,71.93993292377222,48.65915225048611
1553.0,145.43716889338555,107.14988691895492,72.72567741021157,48.91153458765211
1554.0,146.48664466578202,107.28024775068329,73.19115192913802,48.97288148491078
1555.0,147.21977421971698,107.09703177316489,73.57848117176098,49.109372940267264
1556.0,147.71257105009673,107.98772263695533,74.33397819596368,49.05883637195491
1557.0,148.10156818338166,108.56819690791619,74.25476906836208,48.90190168411366
1558.0,148.84295325316955,109.35599598048438,73.79917824785996,48.857495086315765
1559.0,149.66871488998487,110.02164948879373,73.48057583917198,48.893421910498226
1560.0,149.99783596720206,111.23186709162795,73.30047808133074,48.68905363786319
1561.0,150.79573603416657,111.7207665907816,73.50071215086474,48.403970901660436
1562.0,151.07369275005556,112.49738486803197,73.77218763247868,48.28399118413324
1563.0,151.48547996426495,112.24326951188823,74.10841928250784,48.36706475300518
1564.0,151.1246371679165,111.83583675779418,74.2302057495604,48.59254058717632
1565.0,150.40440590923035,111.32726376901682,73.40163584624464,48.96062257781916
1566.0,149.48181416862278,111.08561879364382,73.45782456786482,49.23290602998208
1567.0,148.1804431507771,110.6657473240683,74.34426323404303,49.24268379989211
1568.0,147.07055416718424,109.83477892873724,75.28962166458766,49.318443178391604
1569.0,146.5750732778044,109.16980119355915,75.97230591028384,49.54367500588217
1570.0,145.59554023090186,108.72267417005408,75.95752887775964,49.76479898856421
1571.0,144.71062874810127,108.39376384434156,75.52223706342346,50.0267314809175
1572.0,144.61692753393686,108.12206546750706,75.240831296695,50.073434196659505
1573.0,145.09505300199498,107.9668451295544,75.31869671351774,49.86615518812239
1574.0,146.36812918889876,107.90743433444374,76.54323692739209,49.81656482690561
1575.0,147.31918930844625,108.43292448713181,77.7443858860058,49.811916581194716
1576.0,148.1779781945514,108.41335369737047,78.76691329650781,49.93763968354092
1577.0,148.14209540342515,109.0683870169653,79.0950919685305,50.07132665049557
1578.0,147.8050266892149,108.87437395993362,79.54662033412508,50.013948407274114
1579.0,147.46925530767447,108.35002884471176,80.9837943118286,49.88963871674678
1580.0,147.54230561748736,107.82428537943028,82.7774106840873,49.689127891855065
1581.0,146.77345584603194,107.28107083224764,84.01799226126968,49.52404455022686
1582.0,146.26258407324656,107.73066430593252,85.2565038904282,49.52795519428416
1583.0,145.32849395652016,107.89818072781267,85.7097042615531,49.19960210883507
1584.0,144.73353497147482,107.66945077003889,85.89445618392165,48.79325622134233
1585.0,144.05132795594704,108.25208012924581,85.87368044352024,48.40669144726929
1586.0,143.30920489497032,108.8772335412923,85.86664062762874,47.8493098226664
1587.0,142.29051208617736,110.42970546309192,85.85989195449784,47.48464539809072
1588.0,141.3694435336582,112.21472199374249,85.5181235091588,47.160541232081044
1589.0,140.42049573556915,113.52259358132486,85.83684931034554,47.056817356622844
1590.0,140.0543691873233,115.0311769855125,86.69466063836596,47.288325346545115
1591.0,139.36448581343515,115.24584761505999,88.11346187233211,47.49394821102722
1592.0,138.90586941736092,114.99883888405512,89.09400521480792,47.76163389815399
1593.0,138.66112547031148,114.89391547574888,90.0311125253779,48.195391578497045
1594.0,138.50596659560821,114.4223095742272,90.3344353409775,48.69531082790687
1595.0,139.08199155327458,113.6445699213694,91.51847283610434,49.05817383518711
1596.0,139.9826567817864,112.96429414116965,92.4352117892122,49.388412085411794
1597.0,140.9504422080116,112.6410860410955,92.71225811762729,49.8039167865369
1598.0,141.63551638944486,111.9710006423861,92.85292811100729,50.15345263697385
1599.0,142.22854658552606,111.14362899327138,93.01628938832847,50.146863301911395
1600.0,142.57889075970976,110.75964409836051,92.6734980501733,49.95787836625026
1601.0,143.0625612979262,110.80631997978969,92.87913874609978,49.59171618296389
1602.0,142.99137844429353,110.41442672225786,93.08267156253561,49.35436142506703
1603.0,142.26772644131668,110.47560302338418,93.99982206002612,49.16600911092154
1604.0,141.70588615312155,110.50797508036754,93.74724603967502,49.15711244963652
1605.0,141.03062522075285,110.27854730614567,93.53877486865801,49.2169928947407
1606.0,140.13100149805754,109.71577474683004,93.40452156733876,49.316677936526254
1607.0,139.91098808114742,109.94106250662622,92.9114639442587,49.23128812236409
1608.0,139.44192354566835,110.6772537478254,91.72303402528428,49.20946574058045
1609.0,139.1662935665027,111.41112521226856,90.73461162266132,49.489938045669504
1610.0,138.60077592951765,111.9664474924646,89.8193217371489,50.16717167554561
1611.0,137.80657559955924,112.85693211928479,89.27155174399692,50.55058595391298
1612.0,137.8497069488577,113.54280128732289,88.04812536352988,50.96019768473073
1613.0,137.39846757659,113.98816001827556,87.11574642005517,51.42800326461737
1614.0,136.83307414818202,113.82964962246571,86.05426703206373,51.69294993814392
1615.0,136.6175647004041,113.80441183255857,84.7345500568882,51.802190930167576
1616.0,136.44228124509218,113.28437439288071,82.85507812774865,51.948390745242776
1617.0,136.5958085985405,112.4392570972585,81.0706561886946,52.054366624917186
1618.0,136.36812578577994,112.03858679975085,79.29445848046984,51.816663068099714
1619.0,136.85282764009517,111.77485670309312,77.30225571162724,51.38908151319168
1620.0,137.83689769840282,110.9614658441471,74.96766115869039,51.19714957039894
1621.0,138.32192572449978,110.09150442561827,73.35112819268468,50.673314568417446
1622.0,139.52347795374976,109.7978785804702,71.66200053488096,50.22868215104537
1623.0,140.99602056937812,110.08580393783436,70.948281121245,49.858158519775365
1624.0,142.03932095193824,110.32704067754065,70.67019237578751,49.605937203960536
1625.0,142.91017125350947,110.67109004096663,70.69384635910403,49.4267273371424
1626.0,142.67932550688406,110.96812664921167,71.11129779703208,49.39437319993552
1627.0,143.1850313892513,111.21685926803598,70.86135423521863,49.49319189784439
1628.0,143.26788281016454,111.34051006152073,71.03719866869058,49.79432113354872
1629.0,143.94463420970774,111.86689679168492,71.50574969338295,49.99214772324599
1630.0,144.8321109459415,112.38034875633001,71.54728196598646,50.392880623725134
1631.0,145.0827077927638,112.2286623062733,72.40753818203603,50.35820005697982
1632.0,145.25124989479593,111.89221180717672,73.04251485347088,50.39937688525998
1633.0,146.09009312385638,111.32267397513371,73.52982938015043,50.27410709701336
1634.0,146.77200206233545,110.45888026568207,73.13982127763745,50.07946218560431
1635.0,148.18543489631614,110.13375153669698,72.84377715691434,49.83627276077194
1636.0,149.28053490591032,109.44445501010078,73.31030280558657,49.71816844374548
1637.0,149.95683058783743,108.8884286658614,73.74024630623707,49.42526201835199
1638.0,150.49239585357472,108.63642998890583,74.40668697406588,49.119521930833656
1639.0,150.7825963199799,108.44029428530216,75.6484400099749,48.96080525351523
1640.0,151.03041226896164,108.74176086938252,76.06666850149716,48.88322073904941
1641.0,151.22763111335388,109.11451317630973,75.71476484483789,48.79553300867464
1642.0,150.6841428726689,109.40053218342277,75.36698084485843,48.90571785116074
1643.0,150.4701015671281,109.84349182712337,76.34678173492348,49.110890612700466
1644.0,150.26984440363353,109.6722075137986,76.4795350187028,49.226716030675284
1645.0,149.95743925913837,108.74280212773458,76.40916408822659,49.34355714985683
1646.0,149.886819302417,107.65921968948686,75.86855444094928,49.50606476287243
1647.0,148.8532364564499,106.61907949786519,75.32955615443132,49.59797542454133
1648.0,148.00449420438844,105.83726461054607,74.69031884490384,49.388759915813424
1649.0,148.02057125779584,105.01832021661095,73.96221443662685,49.3890419277936
1650.0,148.31245021074886,104.15456983639228,73.31688924355375,49.39618167896269
1651.0,148.74541618913443,103.7093177881127,73.10661362991769,49.329522599294506
1652.0,148.7145899840503,104.05906541039715,72.45481568015151,49.37435279048328
1653.0,149.3598634501871,104.67571848931246,72.4198209040989,49.29075167854106
1654.0,150.0810756107159,106.64259103249631,72.3673259817062,49.09678092767162
1655.0,150.1509533702525,108.53404167329668,72.57381567406861,49.12970735827263
1656.0,150.90017109780212,110.20060367241358,71.95200813805005,49.10999264466646
1657.0,151.44417327909028,111.35890592733438,70.71753730641403,49.26305540815124
1658.0,151.31826048581746,112.26007536091676,69.76324449685168,49.44047248806936
1659.0,150.76432774895693,113.47896553758372,69.42087758489384,49.59694957499276
1660.0,150.48697381437643,114.45061849122092,68.41187476712585,49.774285651857824
1661.0,150.1063625712233,114.93427146980166,67.80275575189678,49.634623167129554
1662.0,149.01331477030908,114.61832628651662,67.09515169394116,49.580197784888725
1663.0,147.7124971600126,113.60329058299861,66.81229358627718,49.520240205859665
1664.0,146.7615145987126,112.61620931018876,66.3554452387423,49.066772336232034
1665.0,145.5929823844317,111.52571573108897,66.88381189400293,48.75410768218132
1666.0,144.60769634594223,110.4784769866533,67.11938255260789,48.570357688204446
1667.0,143.39990605548616,109.88188981067965,67.56946220647866,48.366894801374656
1668.0,142.18351592676711,109.1922056369391,67.63301426512163,48.223337701638165
1669.0,141.4833500891462,108.58890440898104,68.33781340442829,48.1482983624195
1670.0,141.23649902876855,107.82579838520007,68.7708415975575,48.27707040298892
1671.0,140.9244260489554,108.28697375813513,69.76487231121462,48.53881613795579
1672.0,140.83009310709883,109.19091906737945,70.2971244033922,48.84590343499124
1673.0,141.02739479228296,109.98061725292497,70.47131505314816,49.215940971090035
1674.0,141.72168307964964,110.58028651839065,69.542287467638,49.648524831301984
1675.0,142.77658142112375,111.26247698075552,69.41916565037324,49.961646259679924
1676.0,144.6552467989933,111.57907841918929,69.37531208019139,50.20801346032064
1677.0,146.92091390088154,111.98011037347018,69.63755027044647,50.45494589083996
1678.0,148.00558336819157,112.36644330884286,69.99451522935794,50.708742508961315
1679.0,148.34252468443248,113.02423785427365,70.56759050708143,50.893380886063774
1680.0,148.4065590238537,112.79302858094488,71.54948366036876,51.178329061765446
1681.0,148.45906063237567,112.63116681422376,72.34164135834641,51.472518657138835
1682.0,148.27403588591332,112.71816610786824,73.61724860139427,52.011629529410854
1683.0,147.78366238525138,113.22932296973146,75.24868312640744,52.39800371049824
1684.0,146.92531271679425,113.56738444368645,75.74598366440767,52.800316753635805
1685.0,145.23237294925823,113.79570226134679,75.96270726038769,53.349778266328926
1686.0,143.45724553598006,113.46921492348271,76.62292341765642,53.70333680301314
1687.0,142.544853786466,112.471014399014,77.36144837311907,53.825579838179465
1688.0,142.3690739766474,112.06796621308084,77.57640760477696,53.86058236101698
1689.0,142.77058842377542,111.8297300577593,76.82521629131307,53.66846187840224
1690.0,143.04885306519762,111.44676113164937,76.65154372060643,53.484680012466185
1691.0,143.3319517467972,111.64323179945393,76.08471483358288,53.2095865941834
1692.0,143.69132812738056,112.0033337673864,76.16859795578115,52.95807311324888
1693.0,144.43866605579592,112.5917413639465,76.85278591570238,52.56398479016521
1694.0,144.55059266133827,113.35825778666678,77.42550259713246,52.191456534518935
1695.0,144.28862641432949,114.36007993909159,77.50251648708928,52.05703749463648
1696.0,143.79372977690173,116.14675507813246,77.58904737216312,52.22458985836048
1697.0,143.9741345338655,117.59838516327669,78.01902877058322,52.71339750801326
1698.0,143.67226358009478,119.08386789454389,78.27599366918751,53.15690953785498
1699.0,143.7751192952073,119.86615914184783,78.11070486772293,53.46997368078652
1700.0,143.61850013899326,120.18507937240969,78.33301774588384,53.76271752378679
1701.0,143.5720740025946,120.13702057118715,78.26338941506583,54.161877709466104
1702.0,142.81705512022614,119.7579182337804,78.34923630597342,54.76707154759666
1703.0,142.63369568664984,119.09178191417104,78.69550034020327,55.24014673366912
1704.0,142.8192544553026,118.42724591316266,78.01016856503881,55.645102891717244
1705.0,143.15813449749814,117.58896111787963,77.02675393596708,55.878315934229875
1706.0,142.60792947407472,117.07896423199153,75.92007011513883,55.8527954071714
1707.0,142.20255949298166,116.78547460935826,74.94088542655025,55.933789194269124
1708.0,141.3612051291926,117.29128802453516,74.4471406458279,55.950860755303914
1709.0,140.90305344734972,117.807827862555,74.17416247983618,55.79088175043761
1710.0,140.5770331426301,118.13230033465344,73.93029280970708,55.512182767495766
1711.0,140.32012301976354,118.96849746877304,74.1841058954704,55.19501818964984
1712.0,139.92127321780117,120.36874417659412,73.95768723962101,54.86540923429546
1713.0,138.79009448215453,121.84146594617313,74.96535748517232,54.60535769111826
1714.0,136.97927915381285,123.37709974696007,75.91999102653735,54.320476017719265
1715.0,135.48227123813004,123.7120183564867,76.69293159754227,54.245981043915144
1716.0,134.07440322407675,123.76202711469361,77.44525074194611,54.03822906716822
1717.0,133.4931704737075,123.46616788006614,77.83714167428754,53.91426092148482
1718.0,132.83487496635792,123.34985472739325,78.0751174672461,53.790038085770775
1719.0,131.81245048334853,123.31040057229484,77.91952670789622,53.48270463812158
1720.0,131.15128995744445,122.81784449488246,77.98592941150783,53.16822149145859
1721.0,130.92256025508132,122.41119321090969,78.52782506576898,52.776865819544625
1722.0,131.33686260668944,121.8512740191761,78.83756114272602,52.25310539804787
1723.0,132.02237178190066,121.36017595314866,79.13732803367976,51.785128914023176
1724.0,132.5375986717695,121.45859007548745,79.5212535903992,51.164057055649074
1725.0,133.55218221797912,121.49727314150215,79.74384607468976,50.70075953096861
1726.0,133.85718893135416,121.26072518010741,79.85684549827002,50.47031090004789
1727.0,134.34501397874374,120.92435094741357,80.13947698067992,50.5770506571889
1728.0,134.8333304624353,120.6116376726606,80.38661561929403,50.83170076045001
1729.0,135.4364109511667,120.76282028022216,80.07397122234607,50.92607973000358
1730.0,136.15889810645615,120.4369017450694,79.90067658505018,51.085538159448475
1731.0,136.72468119557945,120.11198096324182,79.85843371497225,51.28157851721072
1732.0,137.30883841922656,119.38978982554818,80.08789734427589,51.57326699318207
1733.0,138.25921057838553,118.72169604464523,80.54937599530643,51.728834779864776
1734.0,138.33394292728607,117.85313090662586,81.22173685452586,51.808332273088446
1735.0,138.4898630069755,117.89544136515529,82.61757561060224,51.707005401504794
1736.0,138.1988213510896,117.18534663097901,83.79933532185424,51.531428653046724
1737.0,137.9920596716429,116.35934367253728,84.95919162501285,51.51068367474887
1738.0,138.00655361781548,115.88872549078484,86.57743427638619,51.661162202050356
1739.0,138.08010570866796,115.49323993756937,87.55880027269488,51.93959049816829
1740.0,138.5877059556462,114.79956252580746,87.8584023468955,52.05222732345696
1741.0,139.743678920758,114.30196439092889,88.00780615282433,51.96343576935845
1742.0,140.65168802316944,113.71145190241593,88.24964626581328,52.008962977779944
1743.0,142.47540798730995,113.51006564653845,88.65262503428339,52.06991460393375
1744.0,143.5830472806979,112.82219679582327,88.25592580247935,52.267151366214215
1745.0,145.0718593345706,112.42564082797998,87.65005149778953,52.27445251548463
1746.0,146.01555919455683,112.13128065933823,87.72042471012904,52.26909825914629
1747.0,146.4734795226402,111.3397092015854,87.64342589915526,52.05613648295759
1748.0,146.37426520105797,110.72539638740042,88.24992661892107,51.649732708960045
1749.0,145.82664467743953,110.13155322107964,89.1561603142625,51.427364456508506
1750.0,145.41663524503912,109.65126258954761,90.18188778496449,51.21271651611456
1751.0,144.8799478885949,108.93856903745748,91.14603383927931,50.95686468734806
1752.0,143.75421756968802,108.48093203469736,91.70325382964076,50.637833893692886
1753.0,143.1154694679854,107.75955478188536,92.86471935403536,50.44060514224326
1754.0,142.18167904543117,107.2127187798739,94.09913084861248,50.23418878142785
1755.0,141.97341518492817,106.6786354570859,94.90327195394931,50.05071109543504
1756.0,141.8433431689813,106.29028587897449,95.47292747966844,50.01126098336046
1757.0,142.04982552899017,105.92922015656525,96.09516479543406,50.20329711654429
1758.0,142.54383808581215,106.24789630971216,96.86559314901761,50.283954475116644
1759.0,142.92636733948297,106.32924120794326,96.85404452611988,50.36474651008108
1760.0,143.33801619728425,106.66313600224915,97.3349344209198,50.62789534769442
1761.0,143.56114476954025,106.78989456283873,97.94720394108654,50.98429385431127
1762.0,143.82979290878325,107.32712482442699,98.08152270430082,50.93510967202537
1763.0,144.33801975975533,108.48402392253048,98.02212473072629,50.909971739073654
1764.0,144.27606649906963,109.37565813402084,97.74956060642597,50.7629926435837
1765.0,143.88464751718476,109.9367571566253,97.25254117938215,50.52272945971917
1766.0,143.81093896098614,110.56479622392601,96.36838118448452,50.251989695807296
1767.0,143.7333458974469,111.05438211696702,95.3472716332788,50.06370510506105
1768.0,143.1546447406357,112.30664848861142,94.55321791665297,49.911855557507955
1769.0,142.58528812404475,113.36391402751764,93.34976318441385,49.60510788829703
1770.0,142.83930299881555,114.19846162710444,92.39681874909942,49.35162874763926
1771.0,142.92769828910235,115.19882620318158,90.76944224929534,49.36290210788387
1772.0,143.03172429045688,115.60710529671414,89.37897714157413,49.35599221469498
1773.0,143.39914843245984,116.62853852932137,87.87429660559383,49.41421746848533
1774.0,144.32770266374197,117.60129117718881,86.46008085131842,49.41004121639662
1775.0,144.65901041605787,118.19537359265408,85.74019076315474,49.44719823659682
1776.0,144.5309505346017,118.21282935168078,85.00049904379833,49.39392417685204
1777.0,144.97125970555112,117.73231490525096,84.85258363727931,49.361398444759395
1778.0,144.8627561620919,117.46955302913526,84.01230715179794,49.37361282722504
1779.0,144.67316291456018,117.87200425876459,82.87345539268183,49.50246660946316
1780.0,145.3856904196025,117.84434054124917,82.58842191756703,49.48972439355532
1781.0,146.3094842461093,117.52431687827922,82.38770951334858,49.56545613416034
1782.0,147.2691580127869,116.8391117996461,82.4527865862546,49.51007105995555
1783.0,147.59258306111164,116.23649285671843,82.31109842537495,49.676916015286665
1784.0,147.93888418849636,116.26609492629052,81.76084371036185,49.67185974243534
1785.0,149.0793146407496,116.62067783084586,81.8064359884587,49.73665565088199
1786.0,149.33581577702105,117.21728556729427,80.92347785432005,49.87716999358274
1787.0,149.878267598242,117.65834839861424,80.12539741612618,49.93471621140882
1788.0,149.81899666653732,117.36013967797888,80.22285079799784,49.8380298744974
1789.0,148.85095800196308,117.27912098659219,79.84006380430901,49.795492240051246
1790.0,147.66525847202269,117.84131757698026,79.75729375065853,49.56257870426644
1791.0,146.97342668560725,118.1010743698063,79.5762796495137,49.50776723717654
1792.0,146.61428722291808,118.32489018292969,80.37011283415265,49.44636465573802
1793.0,146.60563470560209,118.13070228202872,81.82125553587106,49.535596094536054
1794.0,147.09398649812925,117.27414011175436,82.87558895468581,49.59376736226977
1795.0,147.87604334711182,115.78145596588433,85.07707031480983,49.441592103722705
1796.0,148.9554301410505,114.64794892081814,87.30128162638754,49.389186479281946
1797.0,149.90752994917537,113.65578757121972,88.92771081851475,49.29726463744977
1798.0,150.94259234296447,112.51022638438477,90.48425303530536,49.16706512269809
1799.0,152.03397096396986,111.15443911387216,91.67341208487073,49.18003650400406
1800.0,152.76616805282015,110.4824659057516,92.86836289920552,49.01827416900631
1801.0,153.67474701334547,110.65623318561737,92.92947577712542,48.73994182476645
1802.0,154.30833755719138,111.00791941803168,92.23526416075953,48.28888025512742
1803.0,153.8195266863623,111.86008074655584,91.19768281971442,47.95308733583394
1804.0,152.7844558577127,112.65206049601908,89.68277081835637,47.8007160930214
1805.0,151.36772253518683,113.58535206977126,88.70232660186558,47.70424352788243
1806.0,149.7617039197767,114.57406245702438,87.68066947459882,47.66649690526658
1807.0,148.22015701935985,115.36474774894107,87.037850810358,47.847691178282446
1808.0,146.71197987346244,115.5896842448239,85.7000767798571,48.0435502442133
1809.0,145.02418790888245,115.22050290669006,84.55430704306866,48.310580917709814
1810.0,143.43951734671612,113.93864694851331,83.57394338069258,48.734322536449284
1811.0,142.13544274337374,112.22785743141401,83.51215386546995,49.2394105489658
1812.0,141.1046552165106,110.8362912625098,83.56450703829151,49.7807735668186
1813.0,141.02321417359047,109.4729453506517,84.41752720721563,50.37989415945346
1814.0,141.24931931171875,107.52910706888417,85.17147406940235,50.76926704535671
1815.0,141.85328195948352,105.75695574055021,85.92817218504995,51.09802493744337
1816.0,143.14609403752172,104.35435360248779,86.86450366097912,51.22372941807113
1817.0,144.06262758842945,103.6943549431779,88.78765526916912,51.514866490066474
1818.0,144.90500507378079,103.31513240179737,90.27321257530603,51.677743433303334
1819.0,145.382265571684,102.80970753781106,91.32817989673117,51.637236251269925
1820.0,145.76812370909198,102.5117327305248,91.07908971411462,51.507509207113536
1821.0,146.27270666171543,102.41952143511898,90.96276847864917,51.403294157957376
1822.0,146.6676377190467,102.5277429129316,89.68663348136563,51.27325458100814
1823.0,147.25070420876318,103.18398834163739,88.12286782096498,51.05881956799531
1824.0,147.65717489815955,103.48709641832409,86.72867660658433,50.989294737567946
1825.0,147.70245008624678,103.6452292427984,85.03431904908865,50.989284793876685
1826.0,147.59793551619146,104.27860433267952,83.24175099712707,50.896254036402574
1827.0,147.08701668123004,105.5570902062872,81.80198219232862,50.863268566722496
1828.0,147.11798983669053,106.7522583466511,80.95561388196946,50.86013583711865
1829.0,147.00632128880275,107.88417638064222,80.71428845875062,51.120399049519094
1830.0,147.12268769755525,108.67971844393206,80.66029809979521,51.144599166340214
1831.0,146.67815106627054,109.80460190664256,81.03019556001664,51.054952872210706
1832.0,146.53381454885454,111.06546434158263,81.69268621197233,51.250450311921796
1833.0,146.65864198071554,111.89233878844837,83.18714950234674,51.33268282125422
1834.0,146.5401076612361,113.04833992348824,84.92972296661287,51.141461681855326
1835.0,146.80081111354596,113.5615668396922,86.30329517427552,50.91446300130875
1836.0,147.58822761544707,113.503308241117,87.59820803260372,50.697909346869565
1837.0,147.8739838912674,114.10035269463151,89.20044829716879,50.47616016656521
1838.0,147.72316793100427,114.62370513587139,90.57078948763038,50.072283596483416
1839.0,146.83338632184788,115.27852534810368,91.30898092492157,49.758403435382945
1840.0,145.95108283541128,115.86316678076258,92.57197866936083,49.518838649341234
1841.0,144.86736922686868,116.57804516625794,93.6813027399749,49.1675306156608
1842.0,143.798210218359,117.87616569664141,93.08325481950074,48.91279246769138
1843.0,142.72876595561993,119.05805847496912,92.52982070572133,48.95829133072337
1844.0,141.8063008315047,119.955282136693,91.67239426650282,49.20231330725706
1845.0,140.64841263279988,120.5133890486684,90.81526157168045,49.47715799490323
1846.0,139.38692465483084,120.54737869147694,89.49968627703822,49.6944660306529
1847.0,138.94672085587723,120.72278375394126,87.89477828720062,49.839829563822406
1848.0,138.59775195871973,120.95678299684212,87.0396622350808,49.94823145678954
1849.0,139.24512490475038,121.0366442124044,85.35071442531114,50.07166987850727
1850.0,139.6620166432027,120.11345973849934,83.69920437461077,50.18955438959992
1851.0,140.32399594769058,119.20716136607858,82.61867898287343,50.23860575219128
1852.0,140.51689992241353,118.04097487080868,81.75276901649517,50.04002942307909
1853.0,141.00822592458718,117.32196058680555,81.02952720648473,49.604571621833344
1854.0,141.84847355765748,117.54455697171792,80.10968046036209,49.2282664513575
1855.0,143.44803272434535,118.22575846686502,79.43947226121297,49.07879167781862
1856.0,144.5016714602214,118.60766860472309,79.31659202534206,49.01949030789983
1857.0,146.1987698408431,118.97344793956064,79.4046737895245,49.03925414211114
1858.0,146.89534945726527,119.02557873816296,79.98685399277016,49.06185861971393
1859.0,147.67845518344302,119.13286798044717,80.3714201759463,48.99585899036465
1860.0,148.3426790657068,119.33351578188923,80.3767470008277,48.93998032985986
1861.0,150.01092385650256,119.64850992870652,79.98271978583458,49.11569702934459
1862.0,151.6220870638253,119.55630486145073,79.95047236964578,49.32279152487176
1863.0,152.93215923667583,119.11198514837103,80.51829613811844,49.44803668635249
1864.0,153.54773197676656,118.46795065317875,80.4996314016519,49.647546824001864
1865.0,154.3943189683339,117.75694295548128,80.36827943967754,49.61918202872661
1866.0,154.50921350760407,116.84525492788748,80.06550677356152,49.66249722281575
1867.0,155.2003633670374,115.87371994233017,79.34533486836736,49.61628177652606
1868.0,155.20012394769094,115.15100587533927,78.82817930426644,49.64183116103479
1869.0,155.04280878014444,114.66669959779377,78.76770338287791,49.67030348851986
1870.0,154.34866842761824,114.01717027785772,79.13749787936771,49.68790340804932
1871.0,153.0479634579377,113.29278146686457,79.56175539185175,49.76667824778211
1872.0,152.08475919249233,112.23049589575213,79.68876510568577,49.87939470100317
1873.0,151.76789164408902,110.76203376271712,80.44017809974413,49.833554274968364
1874.0,151.30220909114178,109.65578092240885,80.74095375849367,49.90673770603793
1875.0,151.44183358730226,108.91919840044159,80.71943917881659,49.74790098334901
1876.0,151.42819660565704,108.41979159214884,81.22520486247862,49.61966346540876
1877.0,151.70658506034508,107.94167919496785,81.85009010814491,49.58056276987072
1878.0,152.38785073089542,107.78522805507913,82.92645817577842,49.53610666075481
1879.0,152.802009234907,107.88379204421528,83.21482966289196,49.410270939416684
1880.0,153.33485240257954,108.28428180779305,82.84510822539839,49.287722424691815
1881.0,153.32713048791936,109.04066699206729,82.54237567076721,49.12761286718731
1882.0,153.20066707702424,110.41397361135964,82.46743870159466,49.10066948850398
1883.0,153.33438990687924,111.4675044231212,82.74034495669484,49.17427193766806
1884.0,153.09244504317041,112.82821883314713,81.97333936353812,49.3346106363218
1885.0,152.80326742015646,114.38401509262957,80.76523763747511,49.55143936122209
1886.0,152.31786161719285,115.95322863533708,79.57425873273372,49.63354257654512
1887.0,151.4983750778156,116.88759144959145,77.75003627192362,49.763642033056406
1888.0,151.09714062044657,117.75610544209925,76.29309287504039,49.947301688644174
1889.0,150.70900119761387,117.68371390736856,75.53999278500459,50.1053821828082
1890.0,150.6492934041382,117.11424439959077,74.61717124957434,50.24633359204945
1891.0,150.63060862239942,116.83178569733758,73.55323060763794,50.20251109744907
1892.0,150.54544551901168,116.67122292144325,72.76737062536093,49.972382842152726
1893.0,150.3382174279604,115.78209921394742,72.7750424328954,50.03248828729748
1894.0,150.46641997250032,115.12895773656258,72.91369836410254,50.02813168318469
1895.0,150.31864563106262,114.49003779515174,72.81301639581666,50.05348070393583
1896.0,150.14499170964757,114.18165108202614,73.20421118620926,50.067706620647165
1897.0,150.14211147196363,113.67620861411396,73.7691716765044,50.0814617808283
1898.0,150.4350323193957,114.31677704798732,74.66796552278636,50.146939102701424
1899.0,150.14368026907684,114.99814679029184,76.06579036294544,50.177908576706045
1900.0,149.2203520243683,114.91288567708268,77.35249716126644,50.45956361536829
1901.0,148.36678416575188,115.26701896582603,78.21611768359631,50.832613622818265
1902.0,147.65210764837357,115.68367977338679,79.81302706135688,51.07628636981409
1903.0,146.12479531711648,116.18766470029388,81.10136585701146,51.404194222067346
1904.0,145.22945362901064,116.66522348482823,82.05602563192714,51.83017275840368
1905.0,144.36538451981335,116.9802172215297,82.38762783338109,52.182025337650735
1906.0,143.2738256588454,117.92722374365214,83.37486669517529,52.569788449622024
1907.0,141.96051548135318,118.41351136732487,83.74525858701334,52.785759521571
1908.0,140.9374063816275,118.30557239427054,84.07546481317725,53.280817141500584
1909.0,140.19014907315918,118.78145242542672,84.75598060632508,53.43606837170151
1910.0,139.23142495777984,118.94611219099323,85.63558944187312,53.701877316474786
1911.0,137.91554092021337,118.9691207002878,86.10005327268964,54.02003783587944
1912.0,136.58901715784162,118.59040096914563,87.19423157523833,54.194759482688276
1913.0,135.1756999838638,118.22181867803909,88.39137305003246,54.36572237056839
1914.0,133.98319864081074,117.63306997971056,89.96708433578367,54.437989920734644
1915.0,133.53478005500378,116.44840705378816,90.72312129203432,54.307290053680816
1916.0,133.24601107099068,115.14510153434088,91.32120100048165,54.22300292654511
1917.0,133.31698567662204,114.84679343766305,91.78993930038537,53.86130791878809
1918.0,133.1987779217237,114.13804031458122,92.48655644812132,53.80261320847109
1919.0,133.56604689783967,112.98509786389057,92.98019542292079,53.74769533169952
1920.0,134.11822439653304,112.2427293459221,93.33860995254004,53.300888459864794
1921.0,135.70915193851752,111.74222628641698,92.99366478635135,52.88863518957479
1922.0,137.4866968645078,111.56291746181086,92.27400593007746,52.522162364372036
1923.0,138.71249932023773,111.53423411573183,91.32844254067386,52.38708281208858
1924.0,139.6765932352534,111.77434039027497,89.05659608208467,52.39322172592844
1925.0,140.37705946823752,111.62162115176406,88.9076066309744,52.324533989954716
1926.0,140.24730718199845,110.81270474119701,88.8873514606881,52.34776612921884
1927.0,140.59843113261178,109.80738663368162,88.09809598410136,52.13860920686399
1928.0,140.97832361225858,109.84321487855648,87.47785346582472,51.87493976280801
1929.0,142.15389838302133,110.12071433610747,86.60545210688939,51.903087510557555
1930.0,142.70796523888166,110.55670077258752,85.7599539292867,52.017784453360576
1931.0,143.46811208771118,110.66509548259684,85.56701735362233,52.057910768405165
1932.0,144.42822031055573,110.43472919569328,85.26060441227854,51.98910494584772
1933.0,145.20927040746363,109.91364252008152,86.97030804492015,51.78830780868387
1934.0,145.8908269310702,109.4422077891301,86.95347139012543,51.790642996867405
1935.0,147.3797054919199,109.45910121055502,86.62044432701943,51.999423478368186
1936.0,148.35824082081083,109.37239585296624,86.2950368650743,52.3852561916707
1937.0,149.66375879160935,108.42502529222728,85.23456735385854,52.77678345238277
1938.0,150.31695142532342,107.48595747838262,84.61721248855984,53.184722833869245
1939.0,150.91705264596135,106.73237892164046,83.91717304990662,53.31784179824939
1940.0,151.07459465476475,106.3003439325464,83.52442622008199,53.408984782733334
1941.0,151.3815170682286,106.00337576984452,84.02442676209265,53.285056700079096
1942.0,151.6296636883998,105.66611622045247,83.7172362807212,53.209806734051455
1943.0,151.9393012324692,105.85687499150197,83.26956276289599,53.04328782207316
1944.0,152.0538556749168,105.97668072788737,83.17761585296296,52.80102361506643
1945.0,152.43515715402378,106.77734389937294,83.13973280750726,52.24395161320495
1946.0,152.52396887629237,107.91406493696779,84.35834405577354,51.51483650113017
1947.0,152.68484745636263,108.06719818243363,85.4067404925303,50.78943871804359
1948.0,152.5413978112007,107.79183384369637,86.89350462128697,50.358696225000855
1949.0,152.5882149304102,107.39361334630945,88.20356356781804,49.98444418993499
1950.0,152.50788610110084,107.45596923267509,88.7499996346976,49.78795451402955
1951.0,152.00183150730652,107.4645183456781,89.10392851907403,49.75219424727477
1952.0,152.39112697274572,107.5487608376723,89.48886818520597,49.63024817889753
1953.0,152.89287880920796,107.73969957479265,90.01125256823316,49.14469964585979
1954.0,153.30658518302724,108.02229647625256,91.08156837790405,48.91717004845196
1955.0,153.13444227793354,108.9415370961303,91.5118166145721,49.018521761990975
1956.0,152.96920752983095,110.65040632133213,91.53512425573707,49.04299254430096
1957.0,152.54628176772076,112.6218102245719,91.3567357474238,49.163301598685976
1958.0,151.53216450534663,113.92384616849851,91.23391988172912,49.21687452914709
1959.0,151.18350764265475,114.41730659034404,91.31248730030087,49.204667575546
1960.0,150.9564986997168,115.74699447520024,91.6628558320266,49.03158925580067
1961.0,150.35156735625108,117.30590967063722,92.43838741093114,48.820363966223944
1962.0,150.13826297667305,119.16026534526398,93.04780995738903,48.87940954396818
1963.0,149.44562885374094,120.9402503022482,93.00392332180793,48.92480661298245
1964.0,148.80209487757946,121.81625524555606,92.57437628693658,48.832498029865576
1965.0,148.17215993564824,122.11154636470464,92.44256931726957,48.716831292412834
1966.0,147.94470509018558,121.69797266727116,92.4610197896311,48.53165143240876
1967.0,148.23375913426628,122.09729584116697,92.0436582569561,48.35095132679242
1968.0,148.4075310726197,122.7982682221732,91.72232342670735,48.14579856012355
1969.0,148.44770568359797,123.14696505511851,91.13985868408754,47.99266453549008
1970.0,148.3758787605216,123.00258420689299,90.03963432684783,47.97610023465739
1971.0,148.2099734009297,122.21628177676676,89.05853266839918,47.80603257632809
1972.0,148.50054297496436,121.05489257275899,88.04583391643722,47.76747605824604
1973.0,149.0840419510677,120.19677737653348,87.44041362628589,47.61202172912643
1974.0,149.83618306467412,119.56137253921419,86.82543866761243,47.51253847882816
1975.0,150.83070188999926,119.49904956341203,86.01449377123058,47.26491680148323
1976.0,151.4040973253853,119.43898480971629,85.60715730461408,47.11199515465692
1977.0,151.68719459909545,119.61187311620633,84.91602462980023,47.17112083834049
1978.0,152.03984403576985,119.81370679299923,84.48294229354794,47.42555983021399
1979.0,152.64463262135894,120.00684523524399,84.364637289972,47.72204522164504
1980.0,154.14551943587065,120.23677405515838,83.87031848287626,48.283971700349234
1981.0,155.4182822257565,120.6771109292955,83.67415541886115,48.610297603369546
1982.0,155.78194476793564,120.82442790636239,83.30366379594312,48.963432836264225
1983.0,156.05287292104768,121.17639823362342,83.20841558790598,49.315037720364856
1984.0,156.614257226663,121.43465946454158,83.09416768115297,49.71828340601282
1985.0,157.13216819587154,121.51706100458928,82.64328929758634,50.138910912124054
1986.0,157.44349167325873,121.40405022371966,82.54522426807682,50.51192451255105
1987.0,157.68013523855478,120.88314295127357,81.94161855202287,50.68184756461363
1988.0,157.49284270639993,121.0253170036177,81.42279522403683,50.79807217527067
1989.0,155.63770420598732,121.51869887823635,81.10475459586559,50.785427951121626
1990.0,154.67808499994433,121.52587269284807,80.77131792481184,50.685269256306896
1991.0,155.0518571639125,121.2776136109479,80.15329800609221,50.71311517542689
1992.0,155.62155018030646,121.1918756934696,79.79339665413836,50.59540849084266
1993.0,155.8608279878838,121.1368253448482,79.79046106188596,50.57007719536065
1994.0,156.437550267326,121.23233980439764,80.13010682484541,50.301093953774824
1995.0,156.4824269856858,121.86322717628467,80.53894446656712,50.01595206804546
1996.0,157.33394536584413,122.51613629605485,81.22171937891578,50.00229696178326
1997.0,158.33898610068215,122.61170329101675,81.8642632101793,49.97446874100884
1998.0,159.62950764971725,122.130263914832,82.13453180312234,49.83106651563575
1999.0,160.29577651929674,122.02328448724126,82.55774658395394,49.98304028532646
2000.0,160.6300434089474,122.02671742769165,83.63905974952283,50.10389879953868
2001.0,161.1406558934305,120.89239391324696,84.04445239782001,50.34095638316949
2002.0,161.4970273990065,119.8263591432552,84.53256354232185,50.35268651848072
2003.0,161.93459359132945,118.21075193186468,85.2652359052428,50.51361996143475
2004.0,162.84502510502585,116.4635988466672,85.64035907163775,50.662252409306134
2005.0,162.83002983225816,114.65991142488471,85.68540216122581,50.730794230478665
2006.0,163.05510909037972,112.9250586120844,86.03686856853467,50.71355246327353
2007.0,163.42843591570022,110.99175187964943,86.61360250143983,50.828341443443364
2008.0,163.36890499519617,108.46600015142214,86.97646252622579,50.613372392303326
2009.0,162.85218124778808,106.61503419689235,87.00754142303525,50.3533548350727
2010.0,161.38182032999413,105.46598442494299,86.98743234229138,50.11431527037594
2011.0,160.22050323906257,104.294976764273,87.01318312507395,50.27138747607991
2012.0,159.072862881057,103.62722850304888,86.92116675283822,50.42664847510176
2013.0,157.59467049007947,103.20409513076511,87.29635827852796,50.648724516565736
2014.0,156.78830998874392,103.29951244310952,88.31814391598078,50.6935359221924
2015.0,154.83833039785657,103.06816105822274,89.14580093039903,50.75246776626887
2016.0,152.56932899020902,103.70315085797435,89.62428575402252,50.72333924224128
2017.0,151.01844821064878,104.85640191990484,90.07042849812346,51.04050429399446
2018.0,149.65264065612064,105.67029485840004,91.21232591597412,51.55378271805596
2019.0,148.93434080382318,106.99796361150499,92.69660032774651,51.93806716655888
2020.0,148.27635769287917,108.13508048847476,93.52239875462402,51.97274490869566
2021.0,147.41603028753957,109.1983738158738,93.71144822447604,52.01373873548344
2022.0,146.67067846107923,109.66431663581791,93.516796641029,52.101448958966266
2023.0,145.20025042662462,109.8338746520954,93.08445693409139,52.166263425483756
2024.0,144.50178602039819,110.63663879606216,92.40436794499601,52.31855876726066
2025.0,143.96162499663626,111.38679533549204,92.22336278247043,52.46694944916518
2026.0,143.5526083442395,112.34744601970532,92.21088911450163,52.2982817301172
2027.0,142.6291242983412,113.40590569411924,91.56178752253999,51.96277591459752
2028.0,141.64629523361586,114.62261858003107,90.77304050654148,51.75012076136685
2029.0,140.58494184116984,115.23029421767966,90.94129645283758,51.61654263557352
2030.0,140.05809057898577,115.78026027854185,91.72580712837274,51.32821027619106
2031.0,140.11009280475733,116.43940456328913,92.57103039758489,51.00828473342844
2032.0,140.88671984150668,117.31369103769286,93.81634058625457,50.8420425163579
2033.0,141.8579642694901,117.94847747334697,94.65637350627192,50.55680042136806
2034.0,142.6025264443361,118.5835709793015,95.091685294321,50.317261814665905
2035.0,142.92443492036858,118.77153399375597,95.12875405680657,50.45583845199554
2036.0,143.73686189885362,118.6422583121862,95.78893662550345,50.587805255121204
2037.0,144.5069369094699,118.37788158849759,96.8926638152347,50.75952860592514
2038.0,145.22621996089674,118.52908231886876,97.55094115680262,50.91684817441616
2039.0,145.90794234372575,118.70879592920168,97.73261519281196,51.197946756173295
2040.0,146.28844781296505,119.10595407240692,97.64409558941693,51.2179220821941
2041.0,146.7132876992015,119.75663769792894,97.30975203459819,51.1103319146596
2042.0,146.5932360470496,119.96969369851817,97.58844613619846,51.14533876363066
2043.0,146.98521639388647,120.08458197355012,97.43451520361486,51.08186351989952
2044.0,147.30538254464315,120.51913870708643,97.85644629204431,50.83874266962648
2045.0,147.1243121597722,120.92526342336045,97.62452794449766,50.549907035277855
2046.0,146.46739496678197,120.88878928278797,97.16277101823937,50.24133136402001
2047.0,146.24423311770087,120.44567081612715,96.49706768543047,49.8207495801797
2048.0,145.50893926521982,120.39484441248696,96.43134174794103,49.412990694526314
2049.0,144.5729535245831,120.18174969202227,96.75882170752958,49.14056307446572
2050.0,143.49674427791743,119.65193896339973,96.59832654896536,48.99432183227473
2051.0,142.89524922875566,119.65624897858062,95.91344310247999,48.650327139245974
2052.0,141.9491274215119,119.35320428279731,95.77984408365295,48.447034388179254
2053.0,141.2342889584436,119.21377463026376,95.30343355441995,48.24926424520926
2054.0,140.56875323526504,119.21423126625655,95.24280296005968,48.04271900384246
2055.0,140.57546292257186,119.65513445209386,94.9302514169779,47.8503265867817
2056.0,140.34179893399852,120.88053919669403,94.49441517668383,47.9411588268245
2057.0,140.6548123195714,121.378770479002,93.21325549774554,48.128543718203865
2058.0,141.39619103804148,121.89785515748332,91.88466709144043,48.2533833593798
2059.0,142.01705935962244,122.31950386087165,91.25163857275022,48.35477329130541
2060.0,142.28800724316153,122.77917537836744,90.88639769528949,48.59719436715193
2061.0,143.1614139225716,122.97954869539521,90.53323714950405,48.79836998742091
2062.0,143.67383955081942,122.68371533993275,90.13541244083785,49.09046488706842
2063.0,144.56455210120154,122.81405736196567,88.88410332529394,49.45208932862196
2064.0,144.9860566110219,122.82354102083724,87.9090030565234,49.719478711590995
2065.0,144.88111152978425,121.97396136276049,87.41146840548427,49.959384702364304
2066.0,144.49061515879112,121.18732245738188,87.95422469976742,49.93720048046103
2067.0,143.25891995495255,120.18231723959708,88.43332715723271,49.97325615430304
2068.0,142.21373347868257,118.83445301765522,88.94083708638506,50.002118813404785
2069.0,142.1156710891076,117.76760233803846,89.35526182511356,49.99738867535582
2070.0,141.92887649224062,117.56736740848788,89.92210641301365,49.87632478123175
2071.0,141.93116643930873,117.44690455450724,90.44056427805874,49.68188941046481
2072.0,141.5392092309219,116.84190571019563,90.93898542754464,49.50592809089777
2073.0,141.4094833229194,116.51391980220808,90.88639077884426,49.36642144719659
2074.0,142.11425750671154,117.02720093637562,90.20273828441691,49.18029255751808
2075.0,142.5527255720814,117.42644366158422,88.83899122083261,49.15895809746334
2076.0,143.49470926704885,117.50926525576254,87.81904116752351,49.20842687695133
2077.0,144.18549071869435,117.60706011846256,86.75641024875598,49.191415790677375
2078.0,144.67502891563083,117.20523114286185,85.81822927289869,49.29227600944573
2079.0,144.68188341955886,116.3604262828463,84.9161472796228,49.39712678846527
2080.0,145.09862337147325,115.53307758128082,84.07196209343721,49.58459946831818
2081.0,145.57390724680508,114.3398122794744,84.06395384868067,49.61400860298023
2082.0,145.97062778036178,112.915740275718,84.42910654721601,49.67154530745181
2083.0,146.46100451941925,111.12956690913187,85.3403359945313,49.85683023465038
2084.0,146.97589009103865,110.04855616098594,86.2935911841716,50.07112835406757
2085.0,147.6975989630647,110.09368405834044,87.61504954444663,50.21187551062506
2086.0,148.22529628834832,110.49288314485695,88.37988769121272,50.32252044063415
2087.0,148.40388750996252,111.16268404445161,89.04569424368611,50.27368797634644
2088.0,148.63681610888494,112.25548108146674,89.71462543101028,50.428188352906226
2089.0,148.1657306063303,113.14871344620664,90.56161064442922,50.545372100487
2090.0,147.87221860114943,114.65553354919959,91.18123298698274,50.88222111332961
2091.0,147.94569351232218,115.93672285864145,91.27992646866782,51.24460694578186
2092.0,147.40153037317458,117.3150493004087,91.73712415203013,51.564920468413554
2093.0,146.96316040985548,118.58339824590176,92.30786001502811,51.86666125116839
2094.0,146.1116759114549,118.98457929678051,92.79692286108825,52.10953216015334
2095.0,144.98509264582697,118.94684727222823,93.47447545893435,52.31236013563961
2096.0,144.35947014215208,118.94356563550393,94.23649183105906,52.769796986436695
2097.0,143.89226014997735,118.25234616165774,94.5736605427537,53.200723672999004
2098.0,143.74861207031583,117.81904191496776,95.00838737378433,53.562246057058104
2099.0,144.06658873655164,117.64502212243656,95.45958314582734,53.779877362552654
2100.0,144.38550627861602,117.34470479359163,96.74259892430796,53.827587515005945
2101.0,144.79147490829519,117.12898548765436,97.76809287135445,53.78046058114813
2102.0,145.0918464997767,116.33512850436381,98.91442757121217,53.768132242156355
2103.0,145.44172887555885,115.70807896353729,99.9975318994021,53.83465009320625
2104.0,145.87899762666297,115.04943295496805,100.80005091715545,54.01762005155903
2105.0,145.79229018436789,114.21281495217671,101.45634203691813,53.89423992816121
2106.0,145.25192470803074,113.56966203622186,102.17085448443126,53.55781245506288
2107.0,144.83920446663,113.19783566939091,102.06423349706166,53.14438571504837
2108.0,143.94922243972036,112.50692436486342,102.73843839743462,52.79058560357569
2109.0,143.2490018949721,111.42656247696485,103.02242515548006,52.628082190297754
2110.0,142.46600135653463,110.15489979411798,103.49444821825222,52.398425322607714
2111.0,142.01172537396113,109.3406998685424,103.87942070033182,52.12862134353767
2112.0,142.09224939977142,109.10153802064147,103.30337715419196,51.87700916739182
2113.0,142.72598397794383,109.8253559355185,103.35346730430233,51.47461222556751
2114.0,142.81635250025658,110.32159464935117,102.78553699484755,51.27853286033827
2115.0,142.98019829375698,110.93281479809627,102.72908194149021,51.28551379349463
2116.0,142.59171612317618,111.05547754735164,103.1947832947048,51.49849322392401
2117.0,143.0691694821103,111.44892301882469,102.63806425068401,51.57703118291601
2118.0,143.3178891177811,112.56061606074324,102.14558931946851,51.56162795840495
2119.0,143.4404910911809,113.81362000118925,101.44244255495016,51.62429888564393
2120.0,144.10140110604945,114.85708431730279,100.52759381482441,51.65921244059197
2121.0,144.58976755978372,115.22198261381192,99.74648618702886,51.56626146499113
2122.0,144.86773068498096,114.71226103667577,98.6154627511215,51.69311459442906
2123.0,145.27999097133093,114.43556050478553,97.99078880888091,51.6782575491694
2124.0,146.62688810387937,114.48942945045012,96.28410195826844,51.62634994610382
2125.0,148.4234500328785,114.85070678085562,95.11593567456036,51.203418717204826
2126.0,149.24126616552903,115.3299194052968,93.39313278535094,50.9787717924607
2127.0,150.30572975696825,115.24281734166937,91.86531262812164,50.892184419023465
2128.0,151.81806352052217,115.23301320800626,90.4983981109927,50.86668637378321
2129.0,152.746434771286,115.31944191656342,89.3133903130923,51.004177317725784
2130.0,153.05498059085815,116.01506907155125,88.53442938174214,51.22163150611322
2131.0,153.5892385503772,116.79340720986087,88.08701460465362,51.2712783564245
2132.0,153.591136788752,117.48717470349357,87.73855208213149,51.34239504821968
2133.0,153.03229663707822,118.21538515411612,88.69362438710775,51.435554845562784
2134.0,152.00661947869952,119.04306244100765,89.30376377002476,51.69665094360291
2135.0,151.428616762238,119.76267179123056,90.6608430295137,51.96119036917722
2136.0,151.09831716327534,120.37577401271753,91.83842626838012,52.15619376772973
2137.0,150.31097203252605,121.20076170365947,93.01659576673683,52.153627876522506
2138.0,149.88075104079658,121.96112483700372,93.82906095672553,52.04115978732208
2139.0,149.66171964623805,122.22711907676712,94.5808504070357,51.93585350708798
2140.0,148.68181358918986,122.52025670111969,94.90170915256249,51.82343301088894
2141.0,148.75147017231046,123.03524880142739,95.24451634417919,51.615719921368694
2142.0,148.91816527724254,123.40628961849184,95.26516692475582,51.474716390467634
2143.0,149.4498245096981,123.52644452839823,95.43554536870843,51.43684278204668
2144.0,149.57633415945696,123.21882137639705,95.27484831718579,51.2414952515737
2145.0,148.72145682570755,122.87990430681165,95.31449591307415,50.95570165290019
2146.0,147.90009550398588,122.47352881756336,94.72287728121434,50.502255373907566
2147.0,146.83100190273913,122.191882389713,94.39413556622864,50.02251573315116
2148.0,145.82133903934528,121.55300913686439,94.028461757094,49.50547822651755
2149.0,145.57826604614007,120.75264561068181,94.53520001142459,49.06138119395021
2150.0,144.83899098154012,120.21055671962367,95.0342039827981,48.793502857016776
2151.0,144.1930448072912,119.25953204634689,95.27401606265668,48.62508493536633
2152.0,143.5291913890163,118.51049549577718,95.47132919221812,48.50514750635293
2153.0,143.03136546046417,117.74663001450867,96.31158500865939,48.49250958712658
2154.0,142.83746659839787,117.25601861511252,96.91670207935854,48.47203185563189
2155.0,142.4580089176889,116.86853483911406,97.25730889922735,48.81443995128396
2156.0,141.80389153353835,116.32082648392407,97.67047780866909,48.97696066694045
2157.0,141.30998904484048,116.1913227817236,98.01033647286053,49.26631892356994
2158.0,140.56406256192827,116.35849569714291,97.83556599358212,49.58685239305649
2159.0,140.3696692901771,116.60774989693844,97.8237739099114,49.907518241749386
2160.0,140.0640254691715,117.02060892060167,97.72991615289875,49.88043578038632
2161.0,139.47671293001648,117.36413019985359,97.25378100674637,49.735619039703124
2162.0,138.9429789208317,117.89304316423096,96.25456911068768,49.51856591192044
2163.0,138.38136851832584,118.66018929323718,95.6742593100896,49.34936510881401
2164.0,138.42553819518426,119.04830295960694,95.60204465206824,49.21275776870774
2165.0,139.36963078497402,119.75008852221612,95.18940502805265,49.28625322826971
2166.0,140.2988607761674,120.6263185422728,94.77246299433833,49.068912829455854
2167.0,141.35583968205796,121.84679487844804,94.4721568603989,48.86458707826814
2168.0,142.01523854290053,122.58843946040525,93.83170180616825,48.73438915876823
2169.0,142.7335455142451,123.3992426721392,93.15142377061505,48.73891076489762
2170.0,144.07675537126514,124.03105626041437,92.42907931960261,48.609956634632894
2171.0,145.6663179689556,124.54129596582874,91.73687954297623,48.6171411532708
2172.0,146.97106150613484,124.71267052939587,90.58568415720389,48.60774979675001
2173.0,147.7756571043739,125.11298481657849,89.40847284069874,48.44504137983069
2174.0,147.6450008770605,125.02411971044035,88.74383703614193,48.339167166549004
2175.0,147.76634162633772,124.73315516671944,88.66522203643589,48.50259186853395
2176.0,147.86392936712713,124.13540439195069,87.81851000797086,48.61119745566607
2177.0,147.53382150340644,123.08902810151838,87.5259144962097,48.584085046872545
2178.0,146.87784108600601,122.19319946058008,87.29063166850165,48.60471584064645
2179.0,145.6911303336569,121.53150551308306,87.56733766478206,48.79461253376177
2180.0,144.70241894386425,121.12341910637153,88.34302373304934,48.868938538183976
2181.0,143.8713230155164,120.26063210433284,89.5679790590838,48.95405329019848
2182.0,143.3920290455718,119.38618478941513,90.85363333213066,49.106671188409955
2183.0,143.07612423307933,118.96175756805064,91.68577469007083,49.19951908598694
2184.0,142.76608792606694,118.64403472893868,91.6936202187859,49.24173703921405
2185.0,141.78716784416824,118.94840535489858,92.22879495151756,49.03991787824149
2186.0,141.29901749672976,119.90151650056215,92.76214202800344,48.89333136623486
2187.0,141.51805039870302,120.71681924550549,92.97098987966466,48.63613423068644
2188.0,142.038423348948,122.1052710987766,92.44078692313342,48.37744844891748
2189.0,141.5331523986467,123.16436987925803,91.69517028520426,48.14319616654091
2190.0,141.58997012828968,124.49577629166366,91.12279891937119,47.93922168364063
2191.0,141.58367916981342,125.40215168994776,90.50401878230096,47.642600406492015
2192.0,141.41223020650074,125.87402671956727,90.09905498590717,47.23884185094236
2193.0,140.6849081434129,126.31763411251771,89.78737901448535,46.825058119212514
2194.0,141.20498779915715,125.99633902130509,88.95803122717983,46.603083026774684
2195.0,141.946422932103,124.91459436700572,87.75044235149097,46.27464643743635
2196.0,141.67326470592147,123.74663984582068,87.26860891797702,46.02523220781732
2197.0,141.30436628766222,122.12385111181165,86.96974489431027,45.47962741045576
2198.0,141.7159875213007,120.73249203861499,86.60536499650043,45.07948192705379
2199.0,141.7363963794204,119.91693354722909,85.89592754963233,44.73293359339833
2200.0,141.50750643440293,119.84296431541307,85.47413780476553,44.53541799216735
2201.0,141.76217108284203,120.14629871233726,84.87182053273763,44.47442467772292
2202.0,142.8123459518577,120.46759719839022,84.6282935684008,44.59512535124095
2203.0,143.08353140329294,120.74321484646252,85.11637213700577,44.7156503463122
2204.0,143.36679883404602,121.2022810435973,85.8164553812823,45.00598521449409
2205.0,143.8608990998328,121.46772876817278,86.3306427904708,45.160545610834234
2206.0,144.30680627398092,121.50117207045226,86.80652856423612,45.719970966680194
2207.0,144.48004895956944,121.70203681386121,87.83639633346759,46.27157577142811
2208.0,145.09554732477181,121.69915332131316,89.11232680617178,46.757639755018644
2209.0,145.59547774200593,120.68992612834884,90.10090233477158,47.15447503401583
2210.0,145.57623668581212,119.95711200969117,91.45218227531487,47.49464549718768
2211.0,144.84200438045914,118.96943504995765,92.72706494905334,47.77456541301384
2212.0,144.18542160592023,118.05487874919054,94.34597578049406,48.1729771071448
2213.0,143.3194838596758,117.66079091781363,96.15709351455729,48.453453589378896
2214.0,142.92519349694368,117.46901516768536,97.61989889979593,48.79569657756838
2215.0,142.66457554031138,117.70592726318517,99.68577722227325,48.93032286943306
2216.0,142.8831098483074,117.80616487366478,101.45338785605759,49.07810626286098
2217.0,142.8052902057322,117.78796026556485,102.81715594352663,49.2164469594427
2218.0,142.8422603055998,118.4518825164835,103.96611442550625,49.2383251864393
2219.0,143.11725548781527,118.9181951311102,105.08619200319485,49.430350934445634
2220.0,143.84871451863614,119.7357487409285,106.18371978593845,49.555490651048586
2221.0,144.49376320415325,121.02146851051589,106.47487735220027,49.70968788338213
2222.0,145.35054400846138,122.00877654515904,106.03630670255686,49.95634248321028
2223.0,146.07414498900968,123.31308914279958,105.63056507362742,50.29348755441428
2224.0,146.49394567867665,123.97068829272102,104.78650544622458,50.586471767757565
2225.0,147.0659754216088,124.52731676658166,103.83336289457903,50.69130005850624
2226.0,147.1107179223854,125.04467162930254,103.13915453145914,50.6654361114385
2227.0,147.36346599331657,125.30602498145525,102.42591007089011,50.71580718453816
2228.0,147.6983834710026,125.3596347919918,101.80866018798734,50.64688799637433
2229.0,147.52278922032164,125.30256405116434,101.17297536928481,50.534769665502104
2230.0,147.50973301961747,124.46832130113815,100.03540449492552,50.32498277267517
2231.0,147.35449286365431,123.98826996639549,99.5967711050879,50.03279665713153
2232.0,147.06149447931713,122.96136803198044,99.16266294680774,49.62559347194486
2233.0,147.49545778536137,122.14167008222135,98.64310218140241,49.18522387078059
2234.0,147.8246925618427,121.41584917183165,98.02483666828162,48.89311010529594
2235.0,149.278149652056,120.90844022855113,97.52667639807746,48.584465116968325
2236.0,150.5402514383649,120.4347731473833,97.30836524799429,48.25526776981185
2237.0,151.19644484017704,119.68572869494368,96.85306499426935,47.83366844229661
2238.0,152.27611087843422,118.81177471138322,95.8428944970513,47.50605432896432
2239.0,153.13674508613866,118.68484814586634,95.42232048181049,47.30537357120614
2240.0,154.13370032733087,118.43842239415947,94.93026395302971,47.16391685342753
2241.0,154.92752806868108,118.48085554690596,95.03164460894911,47.340809427307775
2242.0,155.1622065539336,118.6955576363524,94.77722363436503,47.56133664813422
2243.0,154.82334281705985,118.78461896572418,94.70886217047764,47.596445432950425
2244.0,153.64104910372362,118.99736537003962,94.22831681659873,47.9440022892228
2245.0,152.57309348614973,118.94425421998727,93.62128081546365,48.25019413276612
2246.0,151.88528772793026,118.90511037759153,93.49231277133708,48.65963993134248
2247.0,151.27283784657067,118.92953290333207,94.03577236698406,49.040679896789335
2248.0,151.04443002059273,118.48340908628595,95.31119789181484,49.227337324020155
2249.0,150.16095821825985,118.03181101635296,96.1373505731254,49.3610906079012
2250.0,149.62577134769268,117.28558781086836,96.12020444296378,49.32397398112431
2251.0,149.2107623147285,116.86409788326834,96.21300118875004,49.31901910988318
2252.0,149.53792038441586,116.68074081627833,96.00558993084638,49.3823414547344
2253.0,149.6501926722677,116.6431005453611,95.60827007874887,49.33995747917195
2254.0,149.8541759474275,116.84081157917244,95.34200757515063,49.43424197450788
2255.0,150.75722345967836,117.50529259990978,94.4858056093506,49.35233831629517
2256.0,151.74764655058655,118.21889846337847,93.42199985530867,49.190412851900604
2257.0,152.22881362647436,119.25083187092277,91.68406592590345,49.14390393406577
2258.0,152.87203014414945,119.9900330743974,90.23268785126304,49.22294929882855
2259.0,153.8045102793577,120.91500704030707,89.23814148809171,49.29919958325972
2260.0,154.8208411450038,121.48130689544485,88.67646953669497,49.49115508675115
2261.0,154.83473072178435,122.38054808924468,88.13769228137629,49.7256074562571
2262.0,155.01265033072133,123.29690439445736,87.72749854466116,49.974613513686144
2263.0,155.39281138838936,124.23289508722921,87.1174486249233,50.046228975695094
2264.0,154.9225965880995,125.09119608246,87.17117780648465,50.191709019197724
2265.0,154.2496995976459,125.48378798008906,87.75372211872988,50.304979739521976
2266.0,153.80624317572284,125.6694025026191,88.8421309079741,50.41042625765547
2267.0,153.69715267816076,126.1042655514692,89.67638486982932,50.39337541770213
2268.0,152.9986130949932,126.6850063858237,90.20306140184304,50.30202425991527
2269.0,152.08116814386,126.80380767647686,90.32860789301355,50.160857735969174
2270.0,151.3485129562891,126.22523487081578,90.48766611568442,50.02978553507855
2271.0,151.1110057556459,125.40328543175032,90.39870692377465,49.92035747451935
2272.0,150.3810725048392,124.7887223171756,90.28456849677298,49.92716272991142
2273.0,149.78774183051578,124.50389300672325,89.20703546240513,50.04368030127871
2274.0,148.87051431523372,124.57717072291604,88.09263372311102,50.12281936733748
2275.0,147.75565187059587,124.22954576316867,87.00315701406232,50.077710463479946
2276.0,146.31929961868303,124.14775005899298,86.67845129206233,50.03499119652593
2277.0,145.70500084850985,124.2432275313307,86.72428640505109,50.05289081591208
2278.0,145.89109990661152,124.64174048106466,87.09107221866648,49.99263643124803
2279.0,146.08381927016183,125.2606592564331,88.03403880692889,49.89165886588509
2280.0,145.92820181902283,126.36385185781096,89.43688330948845,49.79868358511324
2281.0,146.40647777654263,127.02471117444098,90.76761210697994,49.72035931871481
2282.0,146.85977905945424,127.00499211044242,92.58673610355729,49.61723455524268
2283.0,147.81611614109778,126.83899355529196,93.67868363632581,49.686817287070696
2284.0,149.36987695763005,127.10931514589659,94.55612493032069,49.91828499536417
2285.0,150.817779121918,126.69613126055735,94.94862314200797,50.16341366320729
2286.0,151.77936412939388,126.32927329117828,95.0998882069719,50.40890325914872
2287.0,152.1264691343364,125.81812302428507,95.71007435052809,50.53926892371467
2288.0,152.90061733721748,125.38563065760037,95.87040056684666,50.77885450766482
2289.0,153.55556856534724,124.87266904467185,95.99662061162942,50.99322018591584
2290.0,153.40744137330162,124.33645731450753,96.26797146134076,51.107539845682155
2291.0,153.827584332073,123.87125792030444,96.70513142007397,51.235831374860346
2292.0,153.92779000877687,123.36078834900503,97.15425928080904,51.394064967618405
2293.0,153.83832904240631,122.95521268575779,97.42084634705616,51.67538005272769
2294.0,153.95994136983504,122.84408923979798,97.68443821866867,51.902755034656636
2295.0,154.06956621199902,122.41318169217377,98.2070800716652,51.942993736101435
2296.0,154.21228706015506,122.15816645907259,98.46614570102923,52.063603741953855
2297.0,153.86441292063486,121.84615509871279,98.8158684074672,52.17756203194398
2298.0,153.60526309045818,121.04777221908797,99.15313408536582,52.14125373135918
2299.0,153.67453553564846,120.876800381671,99.46213886058202,52.33330067673942
2300.0,153.50024278775885,120.82899837138001,99.91395135721791,52.450648140598446
2301.0,153.46484911956406,121.36347056954466,100.19484027455641,52.54743218459394
2302.0,152.41254630297252,121.88148596135704,100.47689483092566,52.5157396502652
2303.0,152.69453926260334,122.32852575335976,100.64308138798756,52.58537191102991
2304.0,152.84098469148572,122.84430106500703,101.06265655485242,52.63066972800941
2305.0,152.54868381398822,123.39330219461229,101.59551861256811,52.84579894728729
2306.0,152.66830205397815,124.03818901182561,101.16855014954632,52.832123940085985
2307.0,152.68078582400898,124.65125730610362,100.4605013903368,52.94558840858247
2308.0,152.96218036806602,125.01508194579279,99.47932470462202,52.97883879554689
2309.0,152.9887510686576,125.07260966376022,98.16932322169217,52.99360697245393
2310.0,153.62038564685554,125.12884107472117,97.1039931899842,52.831612876911215
2311.0,154.88027113382486,124.74099861171058,96.03950165744547,52.47219060967008
2312.0,154.652571571374,124.21731609732586,95.23459076265021,52.1278297093125
2313.0,154.5317693228841,123.67915406246316,94.11136346414798,52.01748625313185
2314.0,154.74399081511817,122.93299784494633,92.69489459148099,51.8626041836726
2315.0,154.68678119409824,121.89656190146287,91.78236456625712,51.80904030079222
2316.0,154.8810471938367,120.93767726814096,90.23470123233453,51.70541028224218
2317.0,154.57949280942506,119.95276968571689,90.02533328573517,51.420195078551714
2318.0,154.47221932403517,118.83940883485867,89.52816250561494,51.25839339779456
2319.0,153.80871675156524,117.70165651961557,89.18511466651682,51.403480514787596
2320.0,153.41786275659126,116.8503246193183,89.30685517416292,51.570911851898074
2321.0,153.3546925221466,116.50037463034066,89.37494504584332,51.482338664630596
2322.0,153.14642872753964,116.79183015304156,89.36507956838985,51.41068426737864
2323.0,153.24144302627644,116.89386237473238,89.51719921731244,51.32271807658946
2324.0,153.58668393627653,117.43200800435659,90.47369694339804,51.28075985478445
2325.0,153.49779292336567,117.82831357695126,92.53128258163989,51.21440528536112
2326.0,153.74227344349077,118.37723501838302,93.4138429092256,51.4388997503751
2327.0,153.99740967251097,119.3752732620883,94.53800422949851,51.617385490893994
2328.0,153.87765438175228,120.05171218017271,95.504228102122,51.5157199796331
2329.0,153.87852398695503,120.54775275415554,96.46559584630343,51.57981725825871
2330.0,153.5945060587074,120.8982521762685,96.9371406617473,51.859262798593136
2331.0,153.58520558913634,120.7280838777456,97.53088949389435,51.91410115484194
2332.0,153.44971516067764,120.70516425427587,98.0757371678737,52.054832955860995
2333.0,152.75668798049193,120.47641852809383,98.03678397085648,52.20969369248067
2334.0,152.17480659850887,120.39902340384805,97.76220503732654,52.339792649343906
2335.0,151.74527307180276,120.4041373053956,97.92888666428561,52.22814759387143
2336.0,151.3995475296001,120.65956453387608,98.54941900301256,52.1829937720492
2337.0,151.67191190290674,121.11725070533001,99.34496444665719,52.13183420833654
2338.0,151.63756848026807,121.61321372025996,99.23344357265364,51.99848804608208
2339.0,151.6146016243821,122.10242452311482,99.5470430166052,51.914203781697026
2340.0,151.34912536524885,122.87646009977985,99.43265361059576,51.882255594735014
2341.0,150.86052969619215,123.83353957535613,99.37552768182253,51.92470934127979
2342.0,151.165807494412,124.58794944047497,98.97054509749982,51.88923848536983
2343.0,151.488169244464,125.11238283077378,98.06059490237209,51.946112881459975
2344.0,151.27654217511272,125.42465098814385,96.98802153685494,52.11260205304251
2345.0,151.2530149885453,125.29217759853199,95.4707509306341,52.04837530819402
2346.0,151.07483644839834,124.74803585123013,93.9393675303549,52.04296446969519
2347.0,151.26585113773032,124.40940991137899,92.84584451035494,52.04843676156381
2348.0,151.40238987202503,123.76229157292086,91.70662450681272,51.86559029504622
2349.0,152.17053640572124,122.4198271827266,91.32399864439274,51.694537098348235
2350.0,153.0739431726853,121.02173818196094,90.72430778900649,51.27034002614647
2351.0,153.82926605617192,119.87881471598331,90.45391860319783,51.028546093869075
2352.0,154.39956847892245,118.97006546118865,90.58602032255641,50.79748423233014
2353.0,155.32210718290463,118.18370249305852,90.96642362666046,50.593580286846624
2354.0,155.54185776289776,118.22009446495096,91.38291283015108,50.78397049007114
2355.0,155.5192188366624,118.34437100729616,91.84769241424684,50.98049359436841
2356.0,155.31843303191468,118.15146681422549,92.29554968770378,51.10922727991444
2357.0,155.14371285931668,118.3099182238023,92.990858709293,51.26557085675981
2358.0,154.36032426263392,118.49781504327444,93.375037088041,51.51352196167287
2359.0,153.3750377334642,118.99563866961007,94.22437320046367,51.868104279799404
2360.0,152.32898616126798,119.63426161234099,94.98641080494785,52.08827288492199
2361.0,152.02046528586686,120.30936905893472,96.08251380319359,52.151086226314945
2362.0,151.64104459109387,120.9156124119785,96.64988690891713,52.170107337072835
2363.0,151.38900571612797,120.51121861619231,97.40670003082371,51.815781196916625
2364.0,150.89555581765907,120.03823589064311,97.86424748572293,51.44373229536684
2365.0,150.51636059932216,120.14768858320569,98.05159084745264,51.19478897125331
2366.0,150.32935860080826,120.4315890090102,98.14145462747932,51.04458398456741
2367.0,150.1864028386076,121.29494919746028,98.19439255247661,50.84138138362436
2368.0,150.12818821480369,121.97815198965543,97.54633126777301,50.72342718880043
2369.0,150.4511141867467,122.39017676935354,97.09715253946356,50.52602913420801
2370.0,149.8547833692819,122.55529030344628,96.63376411667244,50.44980838176217
2371.0,149.0943223638875,122.75986337302439,96.11710838734656,50.4675052444305
2372.0,148.66576245375734,123.2025282008267,95.66442362709154,50.51553264695716
2373.0,148.6786084791551,123.87546204445576,95.2757577353568,50.48914285564228
2374.0,148.4573051869365,124.27333306827713,95.15150203220803,50.42124197899683
2375.0,148.27009516156184,124.3665188655929,94.82865583490323,50.29026452487292
2376.0,148.11540978052267,124.32297233348729,94.63830441727896,50.09129844650107
2377.0,148.27446976971186,124.7204985077495,95.07279485245947,49.795718634105064
2378.0,147.69578147335085,124.91003318037693,94.98445975644943,49.594568181464
2379.0,147.79768243057526,125.38764659442236,94.42538888616359,49.413535183263335
2380.0,148.0697333688126,125.91570353550696,94.19767882122613,49.20677679698488
2381.0,148.90995548703802,126.50359625791688,94.32382071123867,49.138109728845734
2382.0,149.68296116695868,127.19641640892789,94.603903159769,49.1514488638746
2383.0,150.71378925913945,127.75035021914803,94.63302708987437,49.12339118824931
2384.0,151.75083715904267,128.2779827221544,94.55175673635442,49.18613922022423
2385.0,152.29564679558646,128.88501104582284,94.06331988441951,49.37758314649375
2386.0,152.884424205528,129.45530557234437,93.185707182978,49.47924401885438
2387.0,153.2976277173733,130.21601459010836,92.81231655640907,49.68312286808188
2388.0,153.25950547336979,130.70187305347653,92.4094841789858,49.84313112392881
2389.0,153.163356557632,131.0154353616711,92.29930013969054,49.97402304623091
2390.0,152.44676023407473,131.70188096540625,91.74875992398105,50.10178092369917
2391.0,151.78654554415635,132.19421201346466,91.4112587144104,50.151957833429044
2392.0,150.6085575223718,132.43991696596214,90.5938411360257,50.205097984410116
2393.0,149.5335522918587,132.85425171940707,90.3531984901527,50.216995486065784
2394.0,149.32330431369266,132.76857257495962,90.4394820292675,50.294272141699096
2395.0,148.66877035203888,132.00413670361553,90.77217062386204,50.45437401635509
2396.0,148.10489702644014,131.0472100531728,91.06767875973858,50.471522509432795
2397.0,147.5440791638987,130.5513847789892,91.70102834189545,50.547738454657214
2398.0,147.1266193493584,129.92404565069256,91.80863822909963,50.54613259614436
2399.0,146.9272704882694,129.1267432439942,91.7060259666642,50.53968832776438
2400.0,146.85049127411614,128.60362568432362,91.72363889180411,50.721383704822
2401.0,147.1703423047647,128.3867005820423,92.3915428184029,50.789355179049664
2402.0,147.5285066847076,127.93199960259007,92.65537304008079,50.906400732024245
2403.0,147.3415131556528,128.1057235564977,92.71543646255415,50.96691951554678
2404.0,147.08040337632835,128.50535304367725,92.8968421897964,50.93592315607257
2405.0,147.39722967556506,128.42919021666017,93.16865008302746,50.94947054566921
2406.0,148.04595822086972,128.02482430972694,93.43339825155084,50.76216233778007
2407.0,148.90446949938394,127.99110776076299,93.43338727867149,50.68133999334954
2408.0,149.97275943616143,127.944665780467,93.65495218401043,50.514683571765914
2409.0,151.20585277681914,127.37202069916506,93.31752493779058,50.334434386638335
2410.0,152.18803840080355,126.71472339982,93.12372006246568,50.27152911171338
2411.0,152.99329300040515,126.05332219560192,93.0263002534384,50.1795753715242
2412.0,153.51093694857462,125.22824769795791,92.76335759409955,50.03038724143536
2413.0,154.02107534354914,124.34356213688326,91.75807854268618,49.918788370367196
2414.0,154.52510952287224,124.2417550642738,90.3331011099374,49.85360021690016
2415.0,154.73825428156735,124.15346921675018,89.04475215522612,49.92570035395328
2416.0,154.6415756903695,124.10575166945227,88.1823770683972,49.802614093900914
2417.0,153.81207720264905,124.28251755551432,87.8650597114023,49.803806899346334
2418.0,152.2377210962323,125.05149283707499,87.80576232654391,49.703820592255944
2419.0,150.5619363054385,125.94135631741909,87.54052926768478,49.5951258209003
2420.0,149.08491799556003,126.65810591886097,87.1125793067689,49.519069155536165
2421.0,148.30014566923924,127.0002613427323,86.68358619056998,49.337707339175665
2422.0,147.67704201690069,127.28295709507047,86.66019300185447,49.148089045272606
2423.0,146.75954670908067,127.39189470826588,86.4037017459521,48.9406123410188
2424.0,146.45429830028726,127.66369277940028,86.4669917299051,48.77352736591918
2425.0,146.45146090867667,127.51226022300351,86.61921284623101,48.63906558946377
2426.0,146.72941616021646,127.46666745840382,86.38206996908367,48.277126296803324
2427.0,147.23609910729428,127.03401753040879,86.51588255876418,47.92101886050425
2428.0,148.11245167567506,126.67217641781082,86.8705033938788,47.555578044173146
2429.0,148.8782866041261,126.64608208070577,87.33351072469402,47.13036543338929
2430.0,149.34057934003758,126.84672215175185,88.16733221389816,46.85570087304667
2431.0,150.37582233825498,127.0120385417314,88.61396751963366,46.74403474312685
2432.0,151.58302239622753,126.72973565487224,89.86130320096314,46.623387548797496
2433.0,152.18308737930616,126.81905082416978,90.51953437791768,46.39130209591008
2434.0,152.40670099654207,127.57904045083527,91.0826994285986,46.22502198163941
2435.0,152.54869854361664,127.7806549122264,91.24173338062946,46.064400023744554
2436.0,152.546621905497,127.7389828547245,90.99445474967702,45.772483467339114
2437.0,152.57821467659235,127.54734366511036,91.12960360102107,45.65034450836327
2438.0,152.75530338867617,127.39979501697138,91.49657067870487,45.45287952056016
2439.0,153.10821368937175,127.45608217069895,91.44787885794713,45.27705291535982
2440.0,152.65740344026958,127.63310429762741,92.3054564327788,45.01508541121139
2441.0,152.36245039838138,128.20290142902093,92.98050296216101,44.76853259121003
2442.0,152.49881733206854,127.93125551781208,93.66431988592535,44.74246779574673
2443.0,152.93883183640594,127.11062877086368,94.64588018238258,44.65623741109259
2444.0,153.51076642304417,126.48673577323115,96.0624343303782,44.712189683713596
2445.0,154.61223621569613,126.07960275589751,97.34708938111609,45.01745540746336
2446.0,155.63532005962924,125.93753733172939,98.19164617041301,45.26297034277616
2447.0,156.48367716634257,125.96764870176028,99.0631585475704,45.55110563731801
2448.0,156.9146566019055,125.58980841824625,100.21602930842131,45.82905102902388
2449.0,157.63554112675502,125.44690122808727,100.74761192871969,46.01783504382736
2450.0,157.80416241584453,125.00528737469942,101.42056633903798,46.266154225312356
2451.0,157.54436326581236,124.70921158404855,101.92201444471901,46.25226500808406
2452.0,156.92995264340254,124.249890791529,102.20297418269669,46.38418795238184
2453.0,156.59929132877377,123.76923838526722,102.26168542218855,46.53034154582071
2454.0,155.86916947126193,123.41968864184977,102.7652171805885,46.625143459401755
2455.0,155.02033493535782,123.27320728109156,103.190903520985,46.866524545593826
2456.0,153.6180928961612,122.53049145885714,103.10079840435111,46.95832636390938
2457.0,152.38714213867496,122.09368147773114,103.34971223985099,47.06940040823121
2458.0,150.73296514166043,121.38603700334535,103.91721405200788,47.38916036621227
2459.0,149.0880305991406,120.75621377479911,104.4520978776378,47.58545172414448
2460.0,147.79750589979443,120.1251723930616,105.2447642204824,47.93025429654964
2461.0,147.06394781996892,120.09019784364482,105.59879604772553,48.238298281230314
2462.0,146.75562221793672,120.48097645115693,105.73344827147808,48.60187111052785
2463.0,146.59974415030084,121.10601568067452,105.71668206432915,48.90768796940784
2464.0,146.88452493830934,120.97519486294333,105.54212309935501,48.86421487474043
2465.0,147.8776269390669,121.18858883952292,105.76278095679052,49.05536672076979
2466.0,148.5409998031835,121.37646276410925,105.42218723358486,49.26104464563044
2467.0,149.78118248378573,121.95383860081174,104.73996863923404,49.29930902973667
2468.0,151.05178665649808,122.74988915121956,103.6580547583898,49.24390072842881
2469.0,152.42187254975897,123.42911606080332,102.57899886155086,49.20297751933901
2470.0,153.17982408719044,124.07966894644457,102.02961789175109,49.18613467415988
2471.0,153.02916709369927,124.01533804211628,101.11193598805156,49.07823116115537
2472.0,152.92379193939425,123.50260998718615,100.11312137530396,48.9692815166361
2473.0,152.4961507755396,123.59545334987048,99.05512110672788,48.917784709802284
2474.0,151.92674323671346,123.64294596954947,97.5040621457142,48.91028890737658
2475.0,151.61715253823834,123.85830160955283,96.1165887438228,48.773474640919495
2476.0,151.2156200086343,123.81236758545163,94.9720477524978,48.776829182636305
2477.0,150.92822852697253,124.24753919824487,93.9792180616302,48.89680179614608
2478.0,150.33676177346308,125.1917377418737,92.69808719514336,48.923839931839304
2479.0,149.6618785329043,125.64174212372563,91.31118828437916,48.78916107715153
2480.0,149.14391866413973,125.75344073419203,90.2921794539657,48.51879847852313
2481.0,148.6405505187171,126.13708906294713,89.15586499147943,48.26027838358367
2482.0,148.23731692353917,126.44969456488718,88.13155954251648,48.09713715238368
2483.0,147.45126959226906,126.54715658406658,87.28179319246071,47.73228046987901
2484.0,146.62837603695561,126.66220633768908,86.85234717140928,47.33926695919945
2485.0,145.91443469180751,126.76000253347011,86.05333125293886,46.878352557662275
2486.0,144.7577236553493,126.07203524320926,85.9164567110897,46.564374218390206
2487.0,143.9815642848175,125.29879074327103,85.62348668858924,46.3392565515248
2488.0,143.6584980353469,124.3265017426798,85.52608459513299,46.22504430261436
2489.0,143.55466888319143,124.17366039344789,85.57297730649842,46.240449894719966
2490.0,143.0800243030873,124.17764199544327,85.63880590872796,46.26119826136823
2491.0,142.2825602523691,124.10093187804173,85.993232223185,46.366930103777406
2492.0,141.9419389660638,124.31297174981326,86.15083307493005,46.627216803749505
2493.0,142.08937224283932,124.0226758103911,85.79882845680274,47.149788029993644
2494.0,142.17148091675898,123.81200071745934,85.60146917379248,47.76011633891249
2495.0,143.30948786129215,124.1252698965001,85.79430538110597,48.35168494205184
2496.0,144.35337029144864,124.79017055050588,86.638113580087,49.10036301012509
2497.0,145.17337576275372,125.6651930501672,87.31967682476974,49.74171606242026
2498.0,145.75033035750306,126.51324607311611,87.77307697767728,50.34111691277497
2499.0,146.58694477989602,127.446863810132,88.78257003475233,50.83816226617277
2500.0,147.03973454598446,128.37078134636283,89.68169293730095,51.231947587926854
2501.0,147.62746122322562,128.99548290517333,91.16343376637217,51.712150260583186
2502.0,148.2030830758616,129.60732050365758,92.93012866406589,52.033766396138006
2503.0,148.61482576689423,130.14928623071324,94.68623961533831,52.17721806747559
2504.0,148.54950012368425,130.68209314755893,95.66610554533038,52.2013465891983
2505.0,148.14909603692237,130.8301837006817,96.0489221281592,51.808566514491744
2506.0,148.07634985721194,131.0151841573721,96.5609735730257,51.46634967349613
2507.0,148.09459281990007,131.02610551574028,97.09351934512586,51.20696163984494
2508.0,148.03127120197817,130.5938923682893,97.06648416565282,51.08865451910182
2509.0,148.71086021133308,130.21999812822577,97.2062149246932,50.93573682297046
2510.0,148.99891822032194,130.2359490146465,96.93329041523785,50.730092548899194
2511.0,148.76661626008973,130.4474692047119,96.86306137097583,50.448206845116545
2512.0,148.54132260092018,131.17056533709012,97.11799220795702,50.22821527951077
2513.0,148.23448736828564,131.65046199786647,96.80267127478774,49.92871378775017
2514.0,147.86952807127506,131.8611662552007,96.8446549142064,49.89497601239484
2515.0,147.38695640037733,131.6556310422104,97.01029777989997,49.92278067952377
2516.0,147.3701278500761,131.5575283309459,97.43449730602262,49.83272230315334
2517.0,147.31856861617973,131.84086434653292,97.8799746236094,49.67790541326442
2518.0,146.76120861993346,131.92189888070175,98.11470656345298,49.638418611798656
2519.0,146.13287773981608,131.81067995947174,99.71101597894763,49.5941824863505
2520.0,145.64418371562385,131.2813495383624,99.70516682706145,49.534392222155915
2521.0,145.22791228503468,130.30810886007518,99.7436692601945,49.4157865516529
2522.0,145.5426787470243,129.28131912693436,100.1003315904516,49.35106100764105
2523.0,146.22619237262126,127.98901293853558,100.87408464528858,49.250918170359704
2524.0,146.80590963992864,127.2102207515176,101.21106900781068,49.158903282210005
2525.0,146.68311734277077,126.23137072423724,101.6732596300258,49.09986667540406
2526.0,146.46225138477416,125.03692796546277,102.08781723546736,49.142099316045936
2527.0,146.30453548728417,124.61216057508716,102.53107267825123,49.07381799732098
2528.0,146.4820655776049,124.10044077482384,102.92680297712033,49.15688713643542
2529.0,146.21795633676334,124.03829227668805,103.2807405129604,49.170920593380494
2530.0,146.20575314147962,124.41479126545536,103.3262653318922,49.26896524837066
2531.0,145.5755744541763,125.02987618142159,103.61931309836206,49.34724291290019
2532.0,144.62275752253248,126.35833476842198,103.42912992773668,49.32634015219021
2533.0,143.21105019995153,127.4584595099484,103.13226451307344,49.18666807922049
2534.0,142.29687809024324,128.75389900737144,102.66730894244463,49.071712861669575
2535.0,141.39479213030208,129.60500239632805,102.15508825605495,48.84333615385796
2536.0,140.89968554818114,130.11358170866174,101.40007679228006,48.65059831224836
2537.0,140.2523195685399,130.59017756436475,99.26224948165951,48.218381489749454
2538.0,140.62083226678618,130.977948561604,98.50362747972011,47.92253404633746
2539.0,141.08156131593037,130.9412155602736,97.97210121587904,47.684330612393566
2540.0,141.40675034239393,130.6011718664146,96.67846367751555,47.59416975963835
2541.0,141.54995159735148,129.9450842370395,95.84439635107834,47.61264685995834
2542.0,142.20716829621261,129.15213615854452,95.8435733031517,47.65104231693008
2543.0,142.1615296009486,128.3099872794456,96.20543414083764,47.77842861192987
2544.0,142.47371417607238,127.7082532842352,96.34255441969927,48.01212024354115
2545.0,142.80735715171963,126.5566061429635,96.63052114570523,48.24951639040273
2546.0,143.37192625007356,125.05651490541729,97.19027604791897,48.516025596741486
2547.0,143.7117627820232,123.51363584814486,97.79334756889538,48.891447411168905
2548.0,143.77788334351644,122.07800333102844,98.5436877218765,49.16662514398597
2549.0,143.42480637457953,121.1252480598678,99.48193158258239,49.3532544574955
2550.0,143.19032464860265,120.72545176874925,99.53228539488548,49.37042354216416
2551.0,142.6683315969299,120.81033210767016,99.06600114240682,49.51119588494766
2552.0,142.74422191099814,120.96109023481095,98.9549630634449,49.6454928484121
2553.0,142.67632892358114,120.99780606080225,98.90254798829021,49.70915044896786
2554.0,142.65125776859585,121.02898914944558,99.2650905786853,49.89855684803408
2555.0,142.71678091837512,121.96948279001798,99.27893564728441,50.027159044655974
2556.0,142.17312059106678,122.68490100081334,99.29278508925883,50.15038880928288
2557.0,141.69671614383168,123.02388262410734,99.2500039625712,50.27710678143863
2558.0,142.08126821036961,123.23872020334198,100.03068164651305,50.4292374707084
2559.0,142.45726850908062,122.96648314032795,100.88635211786641,50.73198969472218
2560.0,143.66961078730557,122.6672358369688,101.54209327610607,51.028370543205625
2561.0,144.65820130100477,122.29435241493584,100.92911586247372,51.34577314246997
2562.0,145.79346797478007,121.91608086505138,100.39098915314513,51.62581848565468
2563.0,147.0290936924807,121.82515018642194,99.78280850408518,51.668508282859094
2564.0,148.44602854711977,121.64950415868822,99.12022335073405,51.65604764192151
2565.0,150.44618453922743,121.59576547543044,98.51337833418468,51.5024826248844
2566.0,152.02375394028843,121.6559687036815,97.98966587206979,51.41650392587623
2567.0,153.4356906469346,121.84497038813684,97.55724440351277,51.274645150911795
2568.0,154.64239369869313,122.12591016921758,97.11209391887162,51.20425296183593
2569.0,155.1072091836433,122.26182507685412,96.72956245500144,51.05405363762937
2570.0,155.609473802258,122.2673967158463,96.58384696947411,50.910489072774105
2571.0,156.17968134462265,122.4122420317506,96.56613737639513,50.84016302563034
2572.0,156.7739199533871,122.6434739942032,96.28503050154926,50.97908739767091
2573.0,156.83487718529346,122.49631081112716,96.67198114168552,51.15055196305209
2574.0,156.23342793187476,122.54592377498481,97.01857024039968,51.369304455231934
2575.0,155.1413854418959,122.91396780273234,96.67800815354353,51.525129443083195
2576.0,154.08527117823812,122.99541680759806,95.64795972539903,51.65899854016877
2577.0,153.27876646693704,122.8104640925253,95.0954733050678,51.68617040604235
2578.0,152.37108371086936,122.37675084056035,94.24950196189731,51.646490992449536
2579.0,151.74164751442046,121.84575574058242,93.77246108035487,51.54651819064691
2580.0,150.93493885207494,120.98951922072347,93.70081628314122,51.28037861787007
2581.0,149.60959084015798,119.94370058023557,93.74108721338887,50.78055462599686
2582.0,148.61058347682896,119.18000153351225,93.28348682572121,50.337970360738844
2583.0,148.10044620352528,118.73868332923143,92.82373214163034,49.831154055614235
2584.0,148.41245925880116,118.01737253579293,93.02700284780157,49.355989095804276
2585.0,148.2725977637111,117.21930123429108,93.19232411546898,48.884092652930086
2586.0,148.07825659615034,116.64536803799007,93.46909939872803,48.62208185257411
2587.0,148.08335846182877,116.11449760081474,93.68724068420326,48.525183260665
2588.0,147.68909881896315,115.89054588134942,93.78943077527008,48.41452045403532
2589.0,147.3117107534855,117.0963065655574,93.42394702626571,48.33954948744976
2590.0,147.30347384595686,117.61173095623627,92.80094894250144,48.474369245568
2591.0,147.0881329656976,118.20824731996719,92.1612187478925,48.55611385420266
2592.0,147.05759817156834,118.66580020681502,91.8531076119182,48.73371039611999
2593.0,146.86203703988448,119.34299990542692,91.29509141408757,48.761466279009426
2594.0,146.6000014679304,119.97425041631746,91.02534323177713,48.843474134657
2595.0,146.3168636346799,120.90389732294966,90.8587642092175,48.655879850870065
2596.0,146.08077800609865,122.12371927304864,90.81318151115573,48.44310684011866
2597.0,146.36901594730097,123.53159530459143,90.87426185019376,48.22423433999157
2598.0,146.4320474277944,123.77141691001104,91.13352764528467,47.99787350230992
2599.0,146.32440974312811,124.99445180981382,91.38832068827095,47.78801257319526
2600.0,146.35433184553546,126.14871583390972,92.04171526592876,47.572572700568635
2601.0,146.10402058144942,126.9307830100755,92.48696555614747,47.28151680251759
2602.0,146.09261559665248,127.51931794921119,92.9089934740224,47.18112968615952
2603.0,146.7433756521321,128.20716333868833,93.72420970050172,46.937834214507866
2604.0,147.0430179354726,128.48240667725725,94.19756530208673,46.7379863601527
2605.0,147.61419463470622,128.5728819882148,95.13812777906406,46.534899327614355
2606.0,147.36974793610472,128.5145423010384,95.88257975766743,46.46213068055176
2607.0,147.5539434999481,128.69766276859116,96.7937415518512,46.48334430076502
2608.0,147.81344626333762,128.76997114693438,97.46900921711944,46.435264357408585
2609.0,148.06371983412308,128.47811224251728,97.61808753376498,46.33846827645897
2610.0,148.25479590810187,128.18500179538478,97.38027154033543,46.28259384068032
2611.0,148.16105003887063,127.53471100422325,97.08212144793838,46.32067042850765
2612.0,147.67283758774232,127.38501448724492,96.67577825709344,46.43764263603651
2613.0,147.2662795854123,127.15006189806144,96.72605044824472,46.747438057307996
2614.0,146.39446701581215,127.22693987448403,96.77018345019037,47.15036837001039
2615.0,146.1014652535078,126.87706740620456,96.99345805322518,47.44394071439589
2616.0,145.9046873771992,126.45685302518724,96.81215044410104,47.862186477925576
2617.0,145.06626618477839,126.33529675610215,97.09464274805923,48.43843844022113
2618.0,144.51934876275786,126.65856762929361,97.53908156176709,49.09693898137368
2619.0,143.99584461765696,126.83142724689863,98.13473358912577,49.580054691538805
2620.0,143.73326741511028,127.31474465056996,98.96035597465182,49.87911483006283
2621.0,143.78821669290303,127.69637677577809,98.87620768348258,50.25511612236849
2622.0,144.83661415694576,127.91632271774432,98.17742326832625,50.56710005953964
2623.0,145.66502617840064,128.16156470369802,97.3094842967681,50.78881566103844
2624.0,146.19254393105462,128.79050633725714,96.51936607498348,51.04144396517094
2625.0,146.55599709340095,129.1918465922875,95.7220519013136,51.04063365369412
2626.0,147.33948823749245,129.1529285024237,95.17593368258507,50.78667994023037
2627.0,147.67949062264185,128.78650710776174,94.52577127757728,50.571296635514685
2628.0,148.2243663638283,128.75124726353252,93.88310867586856,50.49651248113075
2629.0,148.49752873603407,128.76914221460163,93.07880835762836,50.31768311632845
2630.0,148.43989009474234,128.66437702746282,92.98362005891813,50.17594886376813
2631.0,147.69822014010234,128.28128228217867,93.45859442462584,50.13156763460671
2632.0,147.70958707058745,128.04289351857548,93.97463492011818,49.922787800905816
2633.0,148.1701401340973,127.91469120068133,94.53318564005104,49.73388202996732
2634.0,148.53501111958568,128.42205092572337,95.81217886172148,49.69819463252557
2635.0,148.93114038575513,128.8566534627514,97.06009640209248,49.878767268171465
2636.0,149.12554287504162,129.36167730820597,98.70992242651538,50.11406119902926
2637.0,149.76764932812102,129.69736685232098,100.21988934753726,50.4552070761894
2638.0,150.83426951406443,129.94143020708836,101.7874676626725,50.878957772961186
2639.0,151.9881094834788,129.76050483923126,102.65992110280713,51.229835159115325
2640.0,153.1392102835642,129.838368648778,103.4782872426903,51.43450118353497
2641.0,154.1486058702459,129.3881029664191,104.03695545980591,51.91303426313273
2642.0,154.4994299302857,128.67906073999234,104.11836594312929,52.22494438466483
2643.0,155.05571269233903,127.57105875580925,103.53493458121976,52.634396398244895
2644.0,155.6604859985259,126.44846930623237,102.38251209609764,52.85427634434013
2645.0,156.35471823475322,125.38114980922991,100.99418780010569,53.057711352158535
2646.0,156.01050703835398,124.46639473637757,99.82314249887916,53.100645326989955
2647.0,155.70813900134183,123.42242410259809,98.47895881387853,53.25179046824763
2648.0,155.22797275147076,122.2828356613434,97.25329279369157,53.336850231060374
2649.0,154.76659127585287,121.67441538585467,95.5814365877221,53.34467473452107
2650.0,154.19044500641408,121.35712278512607,94.11562340500666,53.157506098917764
2651.0,153.53111399660798,120.99719676957336,93.23415976298435,53.13816648866131
2652.0,152.52879339411658,120.72073893177077,92.2885338624316,52.98215721119158
2653.0,151.62652285397272,120.7407614551029,91.61588703456827,52.882798601021186
2654.0,150.28511580976692,120.6750518597847,90.20166364764815,52.61609358871907
2655.0,149.5074514963519,120.6593283243958,88.56583156105512,52.38557581660062
2656.0,148.48574629675298,120.91831360009252,87.05330981801089,52.03809411191315
2657.0,148.3586702437478,121.87334303579405,85.8668095966688,51.84197621763191
2658.0,148.20668727692777,122.21806828735618,84.97491209728722,51.81696000007256
2659.0,147.55913375996425,122.52346387785438,84.06417493711238,51.5751675756455
2660.0,147.63313728238643,123.10745202724587,83.3645625365249,51.2039764399915
2661.0,148.02656993419075,123.60905201367243,82.8242565497452,50.88592173482435
2662.0,148.41774092984602,123.8208353454261,82.0345640455173,50.55824034238186
2663.0,149.43739589422714,124.15974154414774,82.4802127801446,50.3515411012711
2664.0,150.6161542152955,124.45814574035722,83.12674193776056,50.152958527004415
2665.0,151.74073620437827,124.65852713221648,84.1994055203187,49.88854518404838
2666.0,152.3002573166525,124.5807418852761,85.19566385722976,49.68836237914102
2667.0,153.01451531103442,124.87850056458626,86.23297532708727,49.35961547673077
2668.0,153.86554333640711,125.27052780131446,87.19938514288492,49.435526665574834
2669.0,154.51385107680565,125.45651684141758,87.93010520259861,49.62055994971492
2670.0,154.5326259873156,125.58204855882526,88.81373670330956,49.76947628892859
2671.0,154.79868964750452,125.69393585699308,89.70111223285906,49.983007213011014
2672.0,154.60954737270316,125.71770642440308,90.38162438435734,50.300865545284026
2673.0,154.74701914131015,125.96405809546539,91.06579668065696,50.7358914296873
2674.0,154.72340194191418,126.09886477475135,91.21630369245503,51.35768840690458
2675.0,154.34165040841145,125.99108860368062,91.58003422952586,51.748120396889156
2676.0,154.04760868830573,125.83791038514015,91.4844785118507,52.1011184994439
2677.0,154.01252378319703,125.6980085386932,91.18055837313449,52.17850260321859
2678.0,153.5800968788568,125.32397694350746,90.88303652825654,52.1210495862214
2679.0,153.99083744909868,125.01113183957413,90.47586952413603,51.97625466113037
2680.0,154.1386026814138,124.5949273515301,90.40489700484224,51.83482346819524
2681.0,154.63652377101337,124.18288004026095,90.52990573797898,51.62723692670995
2682.0,154.73831021761458,123.8924557306937,90.71565401677476,51.374938333495415
2683.0,154.7181949506705,123.34888447515466,90.92310185621632,50.96197490379138
2684.0,155.49173542056099,122.76889460166515,91.18293177754347,50.4531225455968
2685.0,156.19231819421339,121.9385172254587,91.7407122373923,49.93475399880749
2686.0,156.52519079084854,121.13998374766189,92.66475455735797,49.67355762567175
2687.0,156.59279651723872,120.31257072214977,93.06973708010906,49.49541793962735
2688.0,155.93886422022734,119.50658062380109,93.57095759000873,49.45924253474556
2689.0,155.23652076381742,118.82069772107381,93.80641996611239,49.374151651294355
2690.0,154.2333350680606,118.07256440810286,93.52326656662787,49.144629206796424
2691.0,152.9331771685366,117.24751232219914,93.21038200467324,48.67777770512649
2692.0,151.92417631608308,117.13517320064302,93.13336864075296,48.45855889687859
2693.0,150.49189284553256,117.3479346057058,92.86861731378335,48.42777762850612
2694.0,149.0096412266088,117.83365268625316,92.78501117976771,48.490951921662344
2695.0,147.763512486735,118.43233921167376,92.7085551886914,48.46311176675592
2696.0,147.21611504286196,119.18283346755527,93.0464567531904,48.47641429644486
2697.0,147.09991775074477,120.1720293846711,93.16548965809956,48.449139768558815
2698.0,147.31156727981573,121.77754359702622,94.14784576273311,48.37342279775842
2699.0,147.92214467410136,123.84705171625069,95.82084132625494,48.38819793032729
2700.0,148.87299193683523,125.43997215965645,98.02491141058955,48.64337047774911
2701.0,149.60697541503228,126.8280683158305,99.81042363566745,48.78006561510859
2702.0,150.32425279071884,128.32743529264508,101.29503393709919,48.843251708238355
2703.0,150.96199676726553,129.99876211907153,102.74999490823699,48.84772310632388
2704.0,151.4318759414333,130.85119685331844,104.00096654708625,48.755523275469955
2705.0,151.89834843885615,131.95623859986645,104.8376983992863,48.8158636144758
2706.0,152.40790491403757,132.59547471041708,105.68425667990618,48.911595737282646
2707.0,152.88887281333635,132.3124884734006,105.66071073017407,49.12088000760187
2708.0,153.47281533108162,131.6262658537966,104.90684413383144,49.32966413889567
2709.0,153.91742934629087,131.15022048677022,103.28080649942171,49.45548593000463
2710.0,154.43271539421664,130.59148945381855,102.03993145854776,49.56394118483324
2711.0,154.47752741654074,129.78862404165704,100.91701629657496,49.658454212637416
2712.0,154.51682077266128,128.7574124977108,99.78229936019682,49.80152013296579
2713.0,154.73425029342079,128.36456250492202,99.02039904239184,49.9406865971903
2714.0,154.5808813308765,128.05796214346628,98.56764184932904,50.00535560082196
2715.0,154.52877121653125,128.31002811866705,98.24077889218569,50.02557709398957
2716.0,153.9986968825615,128.56986283740588,98.26084493058379,49.996602638735645
2717.0,153.2273366588425,128.53364347125668,98.26491510899747,49.96636085238488
2718.0,152.18573870493637,128.46090235814142,98.58745609689703,50.021385615935266
2719.0,151.45766115675565,128.02602584465308,99.04729239186747,50.037051080073304
2720.0,151.14562202894516,127.47321195885158,99.66287775024213,50.11568655179006
2721.0,150.66721552598187,127.0391576356069,100.211691879604,50.22912749084054
2722.0,150.39798346041528,126.26851616102859,100.89983223858967,50.44828978963881
2723.0,150.30669803097635,124.960493773587,101.24582724554804,50.499610423541334
2724.0,149.47913944803975,123.47528272163088,101.53903767168867,50.50744767186391
2725.0,149.3282665828642,122.15515659834739,101.94873392054953,50.61659194110777
2726.0,148.93730550515932,121.14639510337176,102.46534066334674,50.7442095242406
2727.0,148.71278574497128,120.15483280608579,103.03921506115776,50.72453962330722
2728.0,148.34412557252256,119.49529545363502,103.27758102927137,50.73369870040397
2729.0,147.71370909474035,119.24218651804426,103.6863114859718,50.72739086738839
2730.0,147.76974282392104,118.7894755743567,103.97796663185667,50.67312612651092
2731.0,147.08569718584724,118.68238223242321,103.84580196055987,50.4952953795299
2732.0,146.7526058140606,119.20356766259604,104.11500341160634,50.324349067184514
2733.0,146.4490178383423,119.53632731468736,104.33027474191289,50.151624367908276
2734.0,146.37230904441947,119.98174312753925,104.39899804996803,49.907278516716616
2735.0,146.60479854978433,120.26735583869541,104.52297992003835,49.69163714926155
2736.0,147.04418151165714,120.44686068969547,104.53229991512552,49.54800555798424
2737.0,147.32746540802464,120.62199352624872,104.54214672702301,49.3708610107866
2738.0,147.8139071815628,120.43251493954435,104.39604198048005,49.22793910298619
2739.0,148.17615938527163,120.38173147328314,104.61458040443995,49.21836453851995
2740.0,148.97029323959208,120.11243453090202,104.57700692875585,49.453963158953506
2741.0,149.42625698410652,119.70433184675555,104.00727414544176,49.80164411449564
2742.0,149.9483755389906,119.41211389934689,103.42340891634373,50.16232276709589
2743.0,149.77797931324494,119.26901102810837,102.93278594879328,50.3723188181994
2744.0,149.33934968438643,119.18053373025789,102.26245602512614,50.52611742621177
2745.0,148.53680277762473,119.34968886391802,101.56013894465765,50.71857755612289
2746.0,147.47979340044247,119.31982422883043,100.71704461122906,51.043349478720025
2747.0,146.26587804075967,119.01102245633606,100.02250330912938,51.4020209921997
2748.0,144.88185433020186,118.75695279955164,99.01659109795008,51.683264566682254
2749.0,143.55254912911658,118.52971650377323,98.39899464553187,51.766832700471504
2750.0,142.19858814700444,118.1571450666657,98.54171247783853,51.81824022091773
2751.0,141.70771352338343,117.92558772045817,98.79404890907328,51.84930818536217
2752.0,141.63312208589662,117.71534355117957,98.71692599293667,51.81249115883818
2753.0,141.83300453725624,117.28930943247781,98.67201290300198,51.869847668340384
2754.0,142.38297156688503,116.95289861354965,98.81178400683423,51.823415967262235
2755.0,143.10935304539686,116.87601989180887,98.93566870859625,51.727252484767675
2756.0,143.94917218513527,117.30905653822109,99.28406265671296,51.61639529602561
2757.0,144.7355761373035,117.98513860933612,99.66397788285383,51.37550294042473
2758.0,145.27773762157665,118.76066961904792,99.6114375578633,51.12402884552455
2759.0,146.12822425309776,119.17071613425212,99.33111690451224,50.737766576646045
2760.0,146.6161659957089,119.66516637633073,98.64984585140367,50.584077546855056
2761.0,146.76275387722112,120.02890440196003,97.86408146404506,50.51066126488522
2762.0,146.92238908838064,120.40092983046931,97.10760780385081,50.364692793654314
2763.0,146.2568080977475,121.02954273993467,96.15167809918624,50.32657588351649
2764.0,145.61037563840867,121.26741857289115,95.59926585218565,50.22467929456421
2765.0,144.72600762113422,121.27255072436584,94.94290526311688,50.01437280732548
2766.0,143.58652028800327,121.48268858504679,93.94937989415594,49.889211102125465
2767.0,142.72027267910275,121.55935397973775,93.05638160809097,49.74411980817131
2768.0,141.753158588282,122.04270902291032,92.08515129333969,49.641775694874866
2769.0,140.48210066730553,122.41136400057417,91.95915436635283,49.339607241073566
2770.0,139.18494051111637,123.05608982459017,92.45872930307422,49.0787505950786
2771.0,138.00105289116973,123.82558358841715,93.09110080307619,49.01047384593618
2772.0,137.19458309775138,123.8694608507299,93.49854606484648,48.88976826371106
2773.0,136.79402213151963,124.27291430910128,93.91915904001924,48.8110767843475
2774.0,136.8688448123623,124.85733251144033,94.0113769592829,48.7121836519945
2775.0,137.12817831268308,125.04156532783936,93.99368184208194,48.652382631616014
2776.0,137.689078125641,125.02331210114505,93.94589337025988,48.75440452180406
2777.0,138.49302191248105,124.7800068222359,93.86676798340173,48.98250800942229
2778.0,139.35762029431328,124.36293473633481,93.49599365877896,49.15061687185817
2779.0,140.84303971446624,124.10524700205721,92.58912218360933,48.951347791961986
2780.0,142.57380307956763,124.16987430275542,91.60847027299528,48.87444794811107
2781.0,144.37202577751475,123.81271173223573,90.8964679532337,48.83505067066736
2782.0,145.83579157681817,123.65807652540447,89.99589234792792,48.777494120241336
2783.0,147.08735955236904,123.75944275798666,89.73431175870735,48.75428972450165
2784.0,148.2497600428597,123.52476466447173,90.08344982344587,48.564122447642234
2785.0,149.32354510559838,123.52016140093646,90.80473335185226,48.3419871587481
2786.0,149.88099438203417,123.5154865687456,91.59755316247718,48.23066927078717
2787.0,150.7423732857704,123.77595074874763,92.21534584433671,48.1480394122996
2788.0,150.8588960889846,123.76391221042725,93.51861309461134,48.440392762392
2789.0,150.51993553556363,123.86331686430191,94.45400416526546,48.296110270654545
2790.0,150.55065832781537,124.69402466085437,95.49837423792722,48.182464570989055
2791.0,150.64294564867876,125.20462036200087,96.71343407542619,48.04223625656725
2792.0,151.0718527954436,125.36291918896494,97.50629854823121,48.00618486665306
2793.0,151.5464070547197,125.7349525563315,98.1631488443563,48.11742899878904
2794.0,151.8330716651407,125.82278149323145,99.31928572653766,47.995125801902866
2795.0,151.99420963354297,125.96097121998204,100.23103830366665,47.66257858157075
2796.0,152.0020573094801,125.6434561207911,101.02261247754018,47.332536460244974
2797.0,152.1793719276895,125.17916351631428,101.19197615110754,47.05757597262324
2798.0,152.4997721431214,124.08887531346463,101.35185225031333,47.03317722071731
2799.0,152.81777516832713,123.2181701729414,101.3617429469721,47.056579407556924
2800.0,153.23778380372838,122.3239746174873,101.21092537847585,47.15747276889759
2801.0,153.27948482301787,121.82418193449949,101.1707469560981,47.1048954061933
2802.0,153.74203738845515,121.38759826593324,101.15449595527386,47.01792886524892
2803.0,154.07591654417513,121.59614318280991,100.61617554502976,47.14168492683481
2804.0,154.43637169763647,121.81037115216175,100.02195367123886,47.326090462223064
2805.0,154.70148807118525,122.13546389470231,99.23545568206073,47.67554050020284
2806.0,154.82556476957103,122.18189363013124,98.49026970229932,47.97717263174133
2807.0,154.82529478008885,122.49760210021373,98.40615240451592,48.19644523253156
2808.0,154.72539398667834,122.88492380646358,98.15925881703299,48.37996375015749
2809.0,154.68445671081983,123.44191048868299,97.5882099995709,48.466317566464554
2810.0,154.57545235042153,123.29063365378184,96.54043658251372,48.63211562219863
2811.0,153.9159572163267,123.03153752114783,95.39128190907512,48.72816070933468
2812.0,153.00390089703325,122.62782061042212,94.23905754347912,48.90738719474726
2813.0,152.5145614587734,122.43787514176772,93.97767275170075,49.071087776407516
2814.0,152.1778631634904,122.02515667530818,93.78983777157282,49.12759422137228
2815.0,152.13075882848898,122.01008544262477,93.78238943637129,49.26061467061874
2816.0,151.87118111339925,122.0813264903696,93.41992109541579,49.25671980596315
2817.0,151.6599508840135,121.96904942304954,93.15078828908806,49.19444096396691
2818.0,151.27080321223985,121.38215909327256,92.89146372816607,49.06654488075875
2819.0,150.86740868126114,121.29554580673924,93.3264452932778,49.11385925572366
2820.0,150.57575808494767,121.36087926117334,93.7149694889155,49.22121471140477
2821.0,150.7127358079767,121.2979034353802,94.42852624088134,49.051472714600024
2822.0,150.77224177907243,121.06787218640844,94.80257174293452,48.93076540771904
2823.0,151.03535058320904,121.37322165846956,95.53098775901395,48.866255696541515
2824.0,151.12989874848623,121.67499597816358,96.13182143569612,48.67094630731441
2825.0,151.11406018407808,122.56710613356934,96.90154048707304,48.58904997745682
2826.0,151.39709895074682,123.28461989535663,97.57627558402159,48.55764385564867
2827.0,151.65194825514388,124.51150769408778,98.94369318073274,48.75078884912355
2828.0,152.3608080941651,125.62713909629115,99.88421482828976,48.75039858924774
2829.0,152.65744232578695,126.6160919422409,100.73863585083089,48.80346336174714
2830.0,152.6399799594548,127.37261745346916,101.0928701140842,49.03850156864134
2831.0,152.5699508061359,128.359643234996,101.0575788401633,49.14793539087779
2832.0,152.09729660137063,129.35989149685122,100.89392840354758,49.16991832997403
2833.0,151.50593006296043,130.4444277792343,100.57807906430205,49.287059565554706
2834.0,151.7253667560979,130.60766964725647,99.79010341218304,49.34934456421777
2835.0,151.6211713770631,130.70000276150537,98.7425194747103,49.44008746911838
2836.0,152.15110644122655,130.64004062127086,97.13166295165682,49.502478593760216
2837.0,152.03566547370733,130.4040259287628,95.83645510804563,49.6308920538982
2838.0,152.50102241387475,130.28957324700602,94.60381472775424,49.70629259102677
2839.0,152.94663227521758,130.65414556809202,93.44807930606947,49.82201290655574
2840.0,153.3586994088755,130.72482731564406,92.45222198936474,50.00274437550916
2841.0,153.50157296997776,130.4885053966752,90.8566100451064,50.091792836793225
2842.0,153.62788393507006,130.0099093929981,89.51939544480402,50.076408490007374
2843.0,153.35486149667315,129.9216594515817,88.68556719922259,50.15190735292336
2844.0,152.8521216847314,130.148645039811,88.23479003737921,50.134582370911374
2845.0,151.50362089329508,130.27293454182796,88.23206324612593,50.09907617263404
2846.0,150.2911235239852,130.37021660538318,88.35252118802897,50.073759328703815
2847.0,148.86308225717593,130.41507487799092,88.5536269303935,50.08277226433457
2848.0,147.94304592809362,130.28862663165233,88.67686632060442,49.9662219426174
2849.0,146.51657011652605,130.3861273570967,88.30422669391204,49.861028065614946
2850.0,145.39588976836342,130.70614084561674,88.49858500050918,49.76472209675231
2851.0,144.67406649699365,130.80085410566218,88.85843754011901,49.847333853422676
2852.0,144.12496870359325,130.70639080485665,88.91470927127838,49.93637225708426
2853.0,144.09569147810362,130.46186612732467,89.4413374524136,50.068035804340965
2854.0,144.2956706900483,130.48507503668583,89.39170598121164,50.11501067235092
2855.0,144.31432141921104,130.7040489667513,88.82538852068818,50.16607035877
2856.0,144.5120255005325,130.79525182803505,88.35945779130245,50.117737299969484
2857.0,144.48694923637282,130.69053696689295,88.18554916489614,50.13662838473138
2858.0,144.8073574073276,130.628604729567,88.9886058187692,50.09519202887106
2859.0,145.69275433855395,130.00247363542152,89.598376352432,50.209924140335715
2860.0,146.46087116219874,129.57324637098463,90.08294699497307,50.293974425257915
2861.0,146.9795661496675,129.00265942192584,91.33127407294494,50.34160535790393
2862.0,147.1251131164438,128.58219242798424,91.92656233970169,50.47402569184926
2863.0,147.22315478701665,127.82215553986836,92.91633351226166,50.53455692523049
2864.0,147.6929883744919,126.92617399329602,93.84135668060473,50.549048169969936
2865.0,148.1939679415293,125.9888226039618,94.81252140576028,50.65102242194626
2866.0,148.70243083108556,125.50744474151186,95.90173881711218,50.78728692862
2867.0,149.24525347990016,124.86724143665518,96.33693152693817,51.04208241807398
2868.0,148.93568016916134,124.65259707240081,97.53005935390507,51.28455660665796
2869.0,148.30577892865458,124.48729075113275,98.2773784372724,51.44139439880623
2870.0,147.59468785954158,124.33950798836086,98.53760189238663,51.56265641157509
2871.0,146.88276486291403,124.05959642384731,99.2552802332358,51.630753803110004
2872.0,146.35321214129988,123.88653755337883,99.91109804263783,51.755365381870085
2873.0,145.75640891614333,123.90528065922824,100.52843847533659,51.86202756284671
2874.0,145.23718567175,124.11296733099815,101.11902453036478,51.957907545879024
2875.0,144.81086965191878,123.98486866325901,101.46000878573905,51.999082017232475
2876.0,144.3829108476291,124.25657203245521,101.78275603688037,52.06370803071175
2877.0,144.273479744465,124.13313888871633,101.9292750333446,52.09522306983643
2878.0,144.27451037487347,123.91106699119106,101.91510155892469,52.03493727886195
2879.0,144.77037485780392,124.25039989168198,101.71577252266701,52.02362119654964
2880.0,145.17759531244138,124.41515272657968,101.2664974322343,51.8742186461052
2881.0,145.51056346740097,124.90813376246102,100.72770964440546,51.704473293665885
2882.0,146.3395124701229,125.16959782560411,100.77603008441045,51.6024056770313
2883.0,147.01362899076344,125.53939323085076,100.52150323616695,51.391962863174285
2884.0,147.6594845591047,125.99960663772613,100.21041506769207,51.15217888896423
2885.0,148.22651334987353,125.98348796148832,100.2161126575928,50.8449473037631
2886.0,148.52866541425067,126.71090962961563,99.92114674672185,50.53784882021714
2887.0,148.7060905807865,127.62086885955888,99.89957209057005,50.329323927330265
2888.0,148.11815954288787,128.07811894712293,99.997500368349,50.12528926823264
2889.0,147.66438039086066,128.15406077450112,100.04364549371303,49.95889598153935
2890.0,147.2068931375143,127.96449179518248,100.31352122934429,49.87745455742826
2891.0,146.33156723643353,127.87369357956587,99.98464289788097,49.84927132677569
2892.0,145.64062531595167,127.47430027018162,99.9079014552325,49.95853817129852
2893.0,145.19261448603007,126.98465240232225,99.61464828284991,50.11253771006339
2894.0,144.85711550368597,126.21474748151724,98.8513531044268,50.13927335123889
2895.0,144.40062490947696,124.79019867031703,98.15364272046985,49.99615847813233
2896.0,144.13480988571706,123.3576061442993,97.90013830923822,49.91400128757928
2897.0,144.15256455081635,122.18434227531215,97.74621103157372,49.84427649958104
2898.0,144.69495793580975,121.85417636199546,97.69209429688922,49.783237697609216
2899.0,145.15520607728746,121.52172707401421,97.26321249012325,49.71103603218703
2900.0,145.71150076935433,121.19555750872392,97.42350879779555,49.59928670258399
2901.0,146.3815710291489,121.03015370340854,97.46183150432604,49.510019979575674
2902.0,146.73733461455734,120.83391404587903,97.38803894829213,49.35977637974778
2903.0,147.08327792360794,121.23726658621425,97.20249573711493,49.348015927650735
2904.0,147.6012854198479,121.92915367322101,96.87856846779934,49.43376273873335
2905.0,148.3573221798335,122.32058098725419,96.25890004158882,49.44454495772509
2906.0,149.46191083082488,122.66388019302605,95.90719700030981,49.48350512770274
2907.0,149.5737852795655,122.69675264332389,95.44459641549291,49.64363006800841
2908.0,149.4657084675149,122.89853518413888,95.02079631315108,49.75037043574019
2909.0,149.17363614250175,123.30404299367947,94.03721383269352,49.81787191772346
2910.0,148.6986758969896,123.56545069841403,93.15957808635439,49.85977728271655
2911.0,148.45393930172787,123.8017849635847,92.13901493813641,50.07978947035062
2912.0,148.20756672609028,123.91408639246873,91.84209030713443,50.31657343974578
2913.0,148.06064110021268,124.73126268306666,91.75524827161128,50.66860966132817
2914.0,147.37260996966984,125.96090520866608,91.68609241649567,50.97164555183575
2915.0,146.36079922338968,127.02493689473229,91.35468049856644,51.19915702099983
2916.0,145.97856547872792,127.97011415186323,91.23404076260783,51.34535459538662
2917.0,146.06255007440075,128.78269050513506,91.37266784528042,51.50005422126278
2918.0,146.4118166576005,129.18263744478355,91.9580119649223,51.778307305628196
2919.0,146.53129597899957,129.84469757853037,92.49758003549145,52.058118262580294
2920.0,146.00256004899956,130.8077724118798,93.64677618855384,52.26395015852698
2921.0,145.53369008582968,131.4124277412243,94.64416184598579,52.422926433766904
2922.0,145.33297358425148,131.24063479360757,95.60668537549681,52.60413713307615
2923.0,145.31352648664733,130.8531667881063,96.15748605284176,52.880255169747976
2924.0,145.54791991997885,130.80036369200369,96.52554463426848,53.1294712560086
2925.0,145.73488366711643,130.42191312016618,96.91048048642463,53.25630460859492
2926.0,145.88532391852814,129.8220243402955,96.97115856257669,53.3826938608212
2927.0,146.14280681310007,129.78871886832496,96.79564182307041,53.412976218483436
2928.0,146.0881997668263,129.87863258920729,96.78519453179925,53.52180404036696
2929.0,146.1007866998546,129.72820636114093,97.14826993739459,53.46777675421819
2930.0,145.7515452792037,129.51368530781028,97.13627631122569,53.49358962002218
2931.0,145.25445627872529,129.1528476832564,97.0706642268526,53.33188671795317
2932.0,144.87432703295522,128.59713531619792,97.72991367041521,53.202200337828955
2933.0,144.5907371235467,127.70162542374925,98.39525012974708,53.20103682617419
2934.0,144.13437218267168,127.50074914711504,98.80461265914266,53.2171719246197
2935.0,143.5622401205633,127.43381167741136,99.63960107800193,53.08588163018033
2936.0,142.6028307457382,127.06926113475645,100.35516411640691,52.9800338652457
2937.0,141.81321193505627,126.56695722758361,101.1282971915446,52.86785629486553
2938.0,141.43893501016353,126.00129656024025,100.8614280766724,52.841328682915695
2939.0,141.5529710988475,125.36392790992386,100.84235820284285,52.6776841096328
2940.0,141.31894145306555,124.74968287267912,100.80443736268059,52.483906468470266
2941.0,141.0246296467807,124.73389000266421,100.27309151840313,52.1523939558327
2942.0,140.5467232879288,124.67895961783618,100.17397420571056,51.699795398158756
2943.0,139.97658399593195,124.48142158876551,100.25788703674479,51.33653750708247
2944.0,139.57705152530536,124.1105342455983,100.3816946718896,51.06246339079794
2945.0,139.42110613722141,124.05666744735485,100.5071476450387,50.789752855209755
2946.0,139.32293088309555,123.77190943606722,100.24345264261342,50.32144844829992
2947.0,139.65821953936535,123.35590454676755,100.49265025283334,49.815783994923414
2948.0,140.1324851130343,123.50933430166802,100.63989211023858,49.37778253105123
2949.0,141.06007906066634,124.21458964605037,100.79080283049502,49.10517524026336
2950.0,142.03269260703917,124.8931429624433,100.89768106069171,48.90577184366781
2951.0,142.89985318869748,125.76876744658385,100.5018841473558,48.663880606088384
2952.0,144.26393271719954,126.63375269492076,99.69539587976064,48.41869279374156
2953.0,145.19816121767923,128.1247033208662,98.74795945289529,48.18813994816035
2954.0,146.0476774026355,129.21564985692612,97.79273937915812,47.95749209610429
2955.0,146.97566216188366,130.23137497452183,97.44070397735057,47.89531460696379
2956.0,147.62793286227918,131.94846821598065,97.19443355650985,47.883561441653534
2957.0,148.31863281688007,133.01037137059876,97.00801347976129,47.8467874101365
2958.0,149.03660516885947,133.6325240716953,96.90624887316658,47.76495056872741
2959.0,149.94603669352634,134.1530772570186,97.2695618911956,47.74337849564527
2960.0,150.8178594746405,134.55586192192263,98.10635788811236,47.8995119047335
2961.0,151.3411378353213,134.53199109662273,99.26496770600897,48.11189829791776
2962.0,152.3007932797155,134.241302488087,100.33580354112638,48.423762824458045
2963.0,152.82961762382678,134.10548164599746,101.45496969465157,48.7562536571363
2964.0,153.6914549515213,134.128131314335,102.21052426817354,48.91679862630871
2965.0,154.70431588339184,133.52699648574688,103.02932159642798,49.117335265995564
2966.0,155.32863983417337,133.29371123348017,103.84807942251791,49.40320033261036
2967.0,155.43699221159272,133.0245505584822,104.54840614652923,49.760756115295216
2968.0,155.0520265520875,132.62479976897808,104.72707168919062,50.16047438710937
2969.0,154.42337872969915,131.986564318089,104.26381507827146,50.339136507421884
2970.0,153.8209345318108,131.4791684718453,104.02332488320323,50.37987353721789
2971.0,153.02075801076697,131.06425380910267,103.7566321634668,50.35148846673294
2972.0,152.58975966970945,130.26194500129867,103.55521419299333,50.288489300513625
2973.0,151.90891852928448,129.4891321462307,103.5762151671133,50.25458062185995
2974.0,151.05845789658673,128.67020487144552,103.31275359208205,50.14247082251835
2975.0,150.4426327490448,128.07191334772554,102.79543710843463,50.07388359434695
2976.0,150.7078544140424,127.48446959152618,101.77115629321423,49.98239328562646
2977.0,151.31876009401353,126.99618470976611,101.19202501435757,49.80614957855924
2978.0,152.1650412452617,126.8104701804825,101.35126918358415,49.78340322451957
2979.0,152.71355522031394,126.65176053422903,101.58037361808036,49.8640895791293
2980.0,153.6779686710071,126.20515368095623,102.24370687511816,49.892783710803116
2981.0,154.4684082559672,125.83265570669481,102.60171644012817,49.86123479316696
2982.0,154.87697490367262,125.69290698609217,102.91696215903806,49.86045221843226
2983.0,155.021704741759,125.60440925124368,103.16163892567909,49.82889370359258
2984.0,155.26309476914213,125.27182770636513,103.52238418387783,49.69174147050008
2985.0,155.13610977836944,125.0105567447203,104.12611219959068,49.50222068003653
2986.0,154.96118953120126,124.69414324451338,104.24055007142324,49.33567378735371
2987.0,154.89491312788252,124.73465943892498,103.62736729393461,49.132980001166814
2988.0,154.5872813966027,124.79752150847293,102.70290449870261,49.05402981768242
2989.0,153.50669318458154,125.17550172283934,101.26871202289777,49.05044142786818
2990.0,152.71170362218356,126.13667353922892,100.28072343524532,49.163672420891814
2991.0,152.31825069875532,127.14783806794992,99.27303435069854,49.38148860124171
2992.0,152.03511333226595,128.00507775963985,98.73676665937256,49.718053929660975
2993.0,151.40172402505536,129.1236449972372,98.45527153515721,50.14251986100663
2994.0,150.73182323636425,130.3830767956952,98.77950409616959,50.805773591231414
2995.0,149.71559457835545,131.28575547888533,99.25431159743097,51.29177157501394
2996.0,148.57657446996836,131.73126313233598,99.9776854431938,51.77671283384142
2997.0,147.9402536636746,131.99490177654482,101.0832890212498,52.0877073805172
2998.0,147.89853011905024,131.9208551839475,102.11623522799258,52.32243050216964
2999.0,148.1101645974149,131.3650859592037,103.18619485137928,52.46035779511211
3000.0,148.6008638066932,130.86460031754493,103.95621161319175,52.35471093265468
3001.0,149.25564576000178,130.57155650356194,104.12646988372623,52.21481186184785
3002.0,150.23420432363628,129.88798959997982,104.02618865878797,51.939019083155664
3003.0,150.9310506699036,128.68297145531548,103.60838585558459,51.35556032693084
3004.0,152.10229536505094,127.57702850955279,103.18268695490809,50.949189785469244
3005.0,152.86428702146335,126.7163810327063,102.70693507920099,50.52164559585614
3006.0,153.467127537004,126.40450418810467,102.14054120614169,50.10982207718258
3007.0,153.72927799487644,126.54919587665525,101.50651160279347,49.852307957673084
3008.0,153.966619954367,126.67577121141497,100.44114207199394,49.4540115485528
3009.0,153.57198421785478,126.38798102073027,99.57800244734287,49.24034995681423
3010.0,153.27941025670646,126.2693912766137,99.41273527391526,49.04315068890348
3011.0,152.55562604184215,126.44605852909793,99.31417715135879,48.76442448433297
3012.0,152.1888239093181,126.85994409422615,99.05709225204049,48.69835143482459
3013.0,151.24324413702834,127.47294357672013,99.26638041820756,48.62661419979332
3014.0,150.76956059379563,128.2181396630484,99.4740429359835,48.61558657182266
3015.0,150.71228478974632,128.46600005660986,99.83826410407534,48.61985700211321
3016.0,150.5594345761368,128.1579862243391,100.44183237626117,48.41351970430257
3017.0,149.7815392617815,127.61959981451125,101.27447943514386,48.409421672915094
3018.0,149.415445042663,127.44080743817365,101.70202502547396,48.3590316060264
3019.0,148.39898070812905,126.9984579547978,102.06666400293533,48.36386048787733
3020.0,147.72713911704213,126.45781094373501,102.28675599205994,48.62237914262909
3021.0,147.25954470404446,126.35584763261966,102.14696051064008,48.737385591621106
3022.0,147.62062334592693,126.26773207863208,101.63827708488714,48.91000964536131
3023.0,148.13317784453957,126.1144997804817,101.24925869230368,49.33240031020639
3024.0,147.92586981840867,126.31914216373389,100.43273575032809,49.559047672009534
3025.0,148.0705073253543,126.63547353479422,99.32941611729042,49.88325799702259
3026.0,148.56877225733663,127.38717609396626,98.5818733806221,50.1199687167005
3027.0,149.45634995303914,127.30397722579772,97.93858814064812,50.46617358783051
3028.0,150.3844146454792,126.9926710310678,96.79716893032028,50.718177908749716
3029.0,151.00479638358183,127.03740690668786,95.90515820533348,50.76284498891979
3030.0,151.1763820903928,126.81320372101453,95.62037758121825,50.87318687542299
3031.0,150.78242446169324,126.26632328705865,95.74069103365039,50.92872395930039
3032.0,150.2498603946445,125.63711931355945,95.97378499536997,50.74305906782114
3033.0,150.3202588447404,124.57802585138816,96.01123428730911,50.749340383438465
3034.0,150.35145469475373,123.70524704575158,96.06544106122213,50.74704657790315
3035.0,150.6081386153771,123.00672377437321,96.2123132441663,50.86391837882024
3036.0,150.24416069781768,122.85468941673848,96.57740306562638,50.86181704564031
3037.0,150.3356447043424,122.94563539918968,97.27612206494122,50.834582437596524
3038.0,150.4338600179987,122.87099010950904,98.02838045793276,50.8249002174407
3039.0,150.4624750322036,123.10363268170308,98.8045529420876,50.672882145203175
3040.0,150.79053603253885,123.54018686441638,98.95844598512048,50.5392534688265
3041.0,151.01822605080096,123.89462161153803,99.25633406351152,50.31187393523709
3042.0,150.60083669485968,124.53252276793059,99.3375869619911,50.15825917888561
3043.0,150.13445111761243,125.18510129217547,99.55745772584261,50.13712952885521
3044.0,149.0092110037959,125.85876023026225,99.52672017584305,49.97727254109143
3045.0,147.82819897621573,126.83202455677736,99.60764555987927,49.89329615279627
3046.0,146.75481546877398,128.07109992354722,99.4123336755523,49.8099191637176
3047.0,146.10460324490953,128.93558931535037,99.23070478363016,49.76205171401238
3048.0,145.9160587967558,129.94476018656434,98.87945699450108,49.84854960286812
3049.0,145.03336347957338,130.95118799296858,98.70645064631339,49.88761987429995
3050.0,144.4236953599234,131.73342493878053,98.36341856745045,50.01443916355276
3051.0,144.18815360074316,132.39536814622113,98.09023844644427,50.07184829957499
3052.0,144.00754580477684,133.11765155110803,98.07824711810582,50.02550409060666
3053.0,144.29021357239645,133.59012059336297,97.8963611346067,50.050320783877126
3054.0,144.82522313553667,133.66775665157616,97.58082943414759,50.029306151512664
3055.0,145.29677319406946,133.58038482349343,97.3648283976494,50.02899470061175
3056.0,145.44298602570052,133.30325993508666,97.5663988533071,50.10410881351939
3057.0,145.16853662367024,132.5849049006339,97.67069326109849,50.15007899012097
3058.0,145.8927232790245,131.93401494802632,97.84254677620842,50.2300847527795
3059.0,146.51590193304412,131.55475200250132,97.65784103751534,50.29629233688095
3060.0,147.62841340691844,131.1903134191759,98.27426049746674,50.33287586593086
3061.0,148.66715460608876,130.98153140710787,98.8049999792684,50.27826700260707
3062.0,149.47228554272024,130.7737033258181,99.46325039573684,50.246629247532894
3063.0,150.04831659592455,130.7964745369896,99.4984090705123,50.19563236038351
3064.0,150.5288417974688,130.81857648631464,99.55606543868325,50.120360876422225
3065.0,150.85796351075683,131.35682208790524,99.19444579730153,49.95739214510384
3066.0,151.45767602926853,131.68097977181856,99.11959168739216,49.981924293490025
3067.0,151.8942004340949,131.489288857438,99.0012887669487,49.89977965321718
3068.0,152.40776859814048,131.2061245875552,98.88467855328815,49.68645285749866
3069.0,152.1447806623964,130.79636131275825,98.7255134440934,49.43091792666335
3070.0,152.012775294341,130.06102754156524,98.67546831588383,49.286224358081995
3071.0,151.92304275290678,129.47063965868585,98.23337855175632,49.14537413895797
3072.0,151.77317740218436,129.2914469591463,98.55396595975965,49.04514880842465
3073.0,151.815423802468,129.01344994862626,99.04589424248597,49.16655132252798
3074.0,152.0167397482296,128.27948864067625,99.7271154968302,49.21338689063996
3075.0,152.10581021600603,128.09404556756485,100.32538061661513,49.04693548764781
3076.0,151.93748227169255,128.5773529950579,101.07880535400056,49.05138648116643
3077.0,151.30068901661653,129.05689840540208,102.13498872687607,49.09243084388456
3078.0,151.04445307745863,129.70993247524677,102.89453168980367,49.21585807011395
3079.0,150.28675085418075,130.56310656337905,103.56871384658672,49.40590319545662
3080.0,149.56310171628553,131.01892565965642,104.61344344252366,49.46206823251642
3081.0,149.4107793145174,130.77536946421736,105.66307403960553,49.55864930881289
3082.0,149.0314074430577,130.9193012231604,106.3803148276089,49.47764729379933
3083.0,148.55976659328144,131.19103197363154,106.52166153085228,49.494947503742694
3084.0,146.81490046314428,131.0793818906924,106.47633046545103,49.44664150891862
3085.0,146.38173812558014,130.7795855012789,105.95157797664042,49.250915066572325
3086.0,146.4636685264433,130.11418409958546,105.26225041330699,49.10069311907354
3087.0,146.44443831992504,129.43075050210223,104.82485849550471,48.97863962942576
3088.0,146.35536966149797,128.1608053709801,104.19434339899982,48.666412575779816
3089.0,146.49178564941667,127.1281701750448,103.64702248277995,48.44959053808667
3090.0,146.54399868923656,126.55743481110498,102.68087499377472,48.3068048897106
3091.0,146.77761097271778,125.82734876472063,101.96486470972125,48.27324940915393
3092.0,147.0056988040865,125.4593534419652,101.76077172752797,48.33647961022364
3093.0,148.4090464825229,125.1987934966447,101.40618754385207,48.502446877320445
3094.0,148.57735628329857,125.12905874421722,101.31223270190907,48.841789693902854
3095.0,148.3243647429703,125.5455397336992,101.48854920434374,49.20334608289974
3096.0,147.69211017725058,125.90604593466185,101.41499717751877,49.58984177994154
3097.0,147.71221071948577,126.79965521955415,101.68391130919281,50.15365306089337
3098.0,147.3293744362597,127.87477229893523,101.70928102376726,50.79210265075287
3099.0,146.9678773459539,128.66302219546958,101.8669781017187,51.20915937134882
3100.0,146.4431167791179,129.19655199393063,101.67479462244447,51.5199865141851
3101.0,145.89478410296547,129.30852938462647,101.48429393173569,51.65915800001515
3102.0,145.19821873646077,129.55224496451092,101.61181319361089,51.72496294913062
3103.0,144.6750752710321,129.54509757340014,101.571888082322,51.73058748018518
3104.0,144.5415101164645,129.44181614990774,101.66723687851567,51.68880663067899
3105.0,145.14141093053001,129.4789610469447,101.9196206972609,51.440835222119894
3106.0,145.37452992586176,129.37095011709226,102.13568626290797,51.14418877497925
3107.0,146.1753649763802,129.14553421240018,102.22408404791076,50.73084696765922
3108.0,147.04022639630017,128.92360263152153,102.39042890100497,50.412089868249794
3109.0,147.87156500502084,128.31380818437015,103.0544509871143,50.076106206758205
3110.0,148.66524749914979,127.74775641216675,103.3749472110746,49.80028256930634
3111.0,149.70197345166142,126.72093702641791,104.0141201741895,49.724532651301395
3112.0,150.20785047132244,125.44272551438475,104.94111899972616,49.607039931428524
3113.0,150.49607917134887,124.16314387575238,105.25936255518047,49.54567846018335
3114.0,150.68982404983464,123.01533875999932,104.76946903635869,49.64340263699356
3115.0,151.0550604159345,121.98985791774616,104.19708958049641,49.72497729002092
3116.0,150.75600549987365,120.94460574332588,103.80107708855427,49.81337084003396
3117.0,150.47444142375343,119.70178664797288,103.25580319831903,49.84674283120225
3118.0,150.25816036481,119.05054600410693,102.53525831771546,49.91996067104316
3119.0,150.16672136185568,118.65213404761104,102.33026200363781,50.05490613186163
3120.0,149.7474057257988,118.48050649043371,101.83581527239053,49.98440826890218
3121.0,149.74937621914646,118.61992000003124,101.40856024871776,49.85138581427274
3122.0,149.9839144879492,118.95453332885646,101.2750454058473,49.605604986711406
3123.0,150.050875275496,118.96296819616079,101.94181000595418,49.422853855620744
3124.0,150.23414761521224,118.89698696511287,102.408339748104,49.37647101351963
3125.0,150.92332065062817,118.75932535231809,102.48517526437031,49.26107026937123
3126.0,151.00177050520378,119.00234846222766,102.55860820528963,49.242513674818525
3127.0,150.70500958142836,119.18025013206496,102.50604223463338,49.1932220576515
3128.0,150.29784050892874,119.44601558163686,102.4693867352972,49.02609253297207
3129.0,150.25645499321678,119.85696787867478,102.42475553340904,48.88480012754623
3130.0,150.66189174621385,120.37387391339936,102.36000945295025,48.7467580167487
3131.0,150.80979114337512,120.78323954860124,102.37484208563383,48.736289959051504
3132.0,150.63057295350885,121.36332214728087,102.17974046277611,48.56869759241437
3133.0,150.01585527510287,122.03137638464952,102.08799541288697,48.400511922254225
3134.0,149.3888301067687,122.76606458638715,102.40836517325678,48.35607982450848
3135.0,148.76216305734457,123.57509716863326,102.7748620619722,48.3105410698036
3136.0,148.47476128360645,124.30722221894918,103.16296652620757,48.27323514619039
3137.0,147.9420884151696,124.67355318897653,103.03230195133843,48.31585088703684
3138.0,147.35452216972809,124.79592323166639,102.85959554042756,48.49274823407097
3139.0,146.27309161462466,124.89769898327827,102.6648325867679,48.64220421858031
3140.0,145.39439034470954,124.7045671184014,102.55850404560672,48.82806739723236
3141.0,145.11003075712046,124.32445579746351,102.40917260897427,49.16060499534157
3142.0,145.26789038758687,124.34874505903268,102.78345055987216,49.420031795148056
3143.0,145.61150354364844,124.53724335241711,102.60198891711958,49.65659984096312
3144.0,146.03041815298835,124.44587714680868,102.99113865980709,49.83988437433948
3145.0,146.27088963777075,124.3517592617158,102.90146239001189,49.92087294008313
3146.0,147.27653060538216,124.31101410117816,102.82963187312932,49.94307021997041
3147.0,148.33816542001213,124.34335837150799,103.30637802067717,49.7846327529558
3148.0,148.7006035198388,124.24575557054165,104.02584477184439,49.75098134856155
3149.0,149.35582606263534,124.3201625188823,104.46137139662319,49.691928947447444
3150.0,150.13212794900085,124.65462137364554,104.7471162975504,49.64417686583733
3151.0,150.9141880572213,124.71532228904586,104.57077661104475,49.476402683376236
3152.0,151.52198656142178,124.12456680130828,104.74240294980557,49.33354399367348
3153.0,152.29134127598502,123.35667135623969,104.81026990321025,49.185866763275065
3154.0,153.37379604874067,122.52715081160817,105.18263109711596,49.25954299948862
3155.0,153.8802997087132,122.00993186319629,105.6615723723854,49.53172110887215
3156.0,154.15823777294187,121.86954968190314,105.3537283656367,49.77595493129274
3157.0,155.03113599705023,121.99457774181708,104.6553650571254,49.8626000170705
3158.0,155.04893204505117,122.06026099588173,103.94913895482865,49.934553204747424
3159.0,154.83382479596173,121.36851667828485,103.30346133678755,50.01356024422634
3160.0,154.30406025275315,120.97685023252835,102.70951226652994,50.1810242768627
3161.0,153.2164243703449,120.8872238809093,102.84227789900834,50.22205855245063
3162.0,152.53280750483987,120.98026049405202,102.35117632882725,50.296933097631126
3163.0,151.65645516524967,121.59168907713789,102.02788425117285,50.29910661564442
3164.0,151.13587337597605,122.37763806256874,101.75182137921823,50.1246617136589
3165.0,150.91585224661384,122.64379667241238,101.63342017276477,50.033721598911825
3166.0,150.92477519016475,122.45542441132382,101.42625254375116,49.9746088057944
3167.0,151.07139346078253,122.76832367970817,101.51034379042174,49.922121061218945
3168.0,150.97300028047297,123.92779744068726,101.98208235933677,49.758684065713645
3169.0,150.93973298778897,124.47826294509038,102.3861689905707,49.648055874519955
3170.0,151.52908395321649,125.13932595359663,102.01803209135372,49.59769337942129
3171.0,151.79059723770115,125.69898236179057,102.01486093097537,49.4521459703599
3172.0,152.0722078920718,126.01329922379462,101.88803693080114,49.28791113005927
3173.0,152.27574759844765,125.89616955928524,101.47643637106071,49.16464478611956
3174.0,152.7938666136409,125.6604811491148,100.91477236187195,48.99928419854953
3175.0,152.80280725141512,126.03363132827756,100.81924400366037,48.93631382829063
3176.0,152.79856836286302,125.70347795822029,100.75594313156195,48.87795871412815
3177.0,153.03193136532835,125.20294247522685,100.13348824726746,48.78172834691952
3178.0,153.1416278590368,124.99278236073678,99.48971583817195,48.53907556548396
3179.0,152.85073116350446,124.50286029289688,98.992799497747,48.35768492902257
3180.0,153.06182928466242,124.13427085612334,98.4815678816287,48.20886258292409
3181.0,153.38344010599542,123.76932195971479,98.01608383966833,48.01891332473797
3182.0,154.04923412559285,123.40022432884105,97.88366049591711,47.804837120712094
3183.0,154.28189180326046,123.30726343323538,97.77686138809854,47.72716667400515
3184.0,155.12204939783334,122.55864062645158,97.73843237475072,47.747196571957126
3185.0,156.28428755247202,121.99358951131762,97.16074366455507,47.72544723770459
3186.0,156.9560868137706,121.62485562333866,96.81212093442137,47.80693665001417
3187.0,157.87542755388247,121.1869307969967,96.23214425151068,47.85712201816246
3188.0,159.03830601495585,121.09382209119953,95.80254856940202,47.88094098513558
3189.0,159.55009402201074,120.95875158467386,95.19224288591022,48.0118181411886
3190.0,159.94498463870062,120.4967208630517,94.41484444108654,48.19921805088934
3191.0,159.7654471304767,120.55845495482997,93.6634036965757,48.26834999457021
3192.0,159.27093344004066,120.76040996773085,93.60591182126853,48.33793411798407
3193.0,158.27879610171476,121.0634786800139,93.11171429794676,48.34512376138564
3194.0,156.99317557688627,121.23531889772744,93.10339247556823,48.36415262946065
3195.0,155.9346941123523,121.09832832872841,93.26099868182968,48.407556302957815
3196.0,154.93461006191808,120.55447707649273,93.81370512184529,48.527467142795324
3197.0,153.95948672263987,119.93830157330648,93.85543070163419,48.66900761663708
3198.0,153.112695434351,119.59860607314562,94.0102289670329,48.78764494915162
3199.0,152.40268172730853,119.43750547769659,94.8481228906745,48.780468506197586
3200.0,152.11021401113194,118.89923161829999,95.21667814782417,49.03362504094357
3201.0,152.06419519889823,118.6379924587066,95.28098898271652,49.21526009216624
3202.0,152.06255954823936,118.41160638921978,95.41398854064906,49.39192698317354
3203.0,152.2388997681285,118.63337440625783,95.66604431511479,49.53105064969565
3204.0,152.4907407591739,119.17625048333002,95.57672892616046,49.51420903618325
3205.0,152.67412339941063,120.15865818506329,95.54515097078333,49.5019144721054
3206.0,152.9929803678463,121.11304961449584,96.09636262990642,49.49323451391604
3207.0,153.309381560229,121.84292475422511,96.63778163645527,49.383969744604705
3208.0,153.36882784209956,122.89382330981589,96.72578485323434,49.303922397927025
3209.0,153.62365093254857,124.023594983942,97.22560809168327,49.16538708426366
3210.0,154.17615244255924,124.52632695582157,97.41450820064121,49.04474796604999
3211.0,155.2160681822802,125.46912077889885,97.59944782402873,48.76886702078845
3212.0,155.96402367116147,125.74708812553057,97.56966472004116,48.5211373215178
3213.0,156.41836369633356,125.96078329230082,97.62284364621674,48.483296510171606
3214.0,156.48139857729882,126.0359251545485,97.60065700664845,48.64194590736606
3215.0,156.6212293399485,126.35184339182835,97.6705770465699,48.83011999206813
3216.0,157.0871765182556,126.48094040774257,97.65563508984185,49.00899542853228
3217.0,157.51498548167513,126.21635007677372,97.23197895558768,49.17843572214366
3218.0,157.4161798070436,126.30906262530524,96.8361539675807,49.33211549568081
3219.0,157.06936634707972,126.50612964375323,96.36825719798588,49.384539183094134
3220.0,156.08398959911247,126.1786924348099,96.05572342270366,49.51452763248524
3221.0,155.22834142367998,126.43541488105156,96.02483911334967,49.604445122777776
3222.0,154.86696243194953,126.54238292568586,95.97280693119428,49.79759194266478
3223.0,154.71335403351287,126.50177016569846,96.08895191922672,49.90575049074868
3224.0,154.35257959810116,126.49357171482646,96.03876170048294,49.986011484938885
3225.0,153.58020559575664,127.07782359111081,96.44178818819326,50.092400936643074
3226.0,152.6807306977827,127.60372487271829,96.94661657002376,50.132020743076545
3227.0,151.93973913154323,127.26918850818925,97.16541482298237,50.13982139808605
3228.0,151.36346070390357,126.91392556223371,97.06474634473072,50.28202503668459
3229.0,150.9281154357616,126.83840237143555,96.90453378054725,50.37135137319795
3230.0,150.85964943572952,126.52123527369493,96.32405266145453,50.42056553237887
3231.0,150.6548352084467,125.91777153392502,96.15816433298538,50.374883758710915
3232.0,150.4731085794015,125.30137501351498,95.83324461543191,50.23972297623174
3233.0,150.21565632253802,124.47958729351117,95.34187446264981,50.10748891237713
3234.0,149.80709451858854,123.55793922547582,94.55368612435028,50.065522367634
3235.0,150.04169735333156,122.70162818194824,94.09837820102301,50.20971788299651
3236.0,149.90268725634238,122.3547754213081,93.582089428155,50.3020496027142
3237.0,149.5335442366407,121.99814442599018,93.74261340015596,50.32622886766074
3238.0,148.90319190993446,121.63328109534523,93.8901571869619,50.53664023478544
3239.0,148.35392568658003,121.2513172465311,94.37968840906504,50.81068122421896
3240.0,147.84177751344262,121.17413671871758,94.93906314971939,50.991146390194515
3241.0,147.66997755973446,121.03159754158399,95.81271791531053,51.087071279313925
3242.0,147.5950188121168,121.2101250080517,96.75149918925537,51.070330493235105
3243.0,147.9180839095071,121.17059091751219,97.77924114805181,51.031900432363706
3244.0,148.22384108728866,121.36551610739659,98.69807906016075,50.846777351844324
3245.0,148.66757634817424,121.64477825333206,99.67479268485675,50.75915542747357
3246.0,149.1125386884405,122.15095287803794,100.7277013193047,50.67013557100391
3247.0,150.08417424178685,122.35392484503919,101.99678522519503,50.60625761488185
3248.0,151.2343330065389,122.53547743710875,102.91585246639812,50.49213573426976
3249.0,152.48190252076884,122.66004809170254,103.34025647828541,50.37423647017471
3250.0,153.75086003053508,123.03754273373045,103.2029571032151,50.40306969295645
3251.0,154.40496657831477,123.24644977297365,103.01769439874968,50.51569800333079
3252.0,154.86822546043865,123.39453703455908,102.38303861762114,50.6795423967196
3253.0,154.91965040139394,123.25970830587839,102.09832874349725,50.98492279548839
3254.0,155.1848756231244,123.06918181992526,102.21768083184178,51.20529155297122
3255.0,155.2680510379856,122.50728896086379,102.0884836468566,51.499554363987194
3256.0,155.15474058613486,122.2618875312309,101.24111458309869,51.590269146502486
3257.0,154.51834061282833,121.9800968673705,100.62445506231735,51.61227621369335
3258.0,153.82423302427614,121.86320837439632,100.09188635435987,51.565568866313214
3259.0,152.67186068200087,121.9468561026597,99.66486656187654,51.57672939102348
3260.0,151.83609106712933,121.8902078510893,99.43805549339044,51.562418056962265
3261.0,151.18363209946236,121.69357382736086,99.49311041294898,51.55007883647792
3262.0,150.3181183731395,121.58231037795542,99.15042210334943,51.42506963967489
3263.0,149.58409974370193,121.46201868277194,98.74150751148817,51.402749933376114
3264.0,149.10547655866554,121.71716458676448,98.57322215892395,51.31361494814911
3265.0,148.7776110013807,121.95096716921294,98.6143580540931,51.32758272048937
3266.0,148.4609176178897,122.38757967648674,99.03427877922853,51.48333797796766
3267.0,148.11280149724922,122.78315027098961,99.28241350974281,51.78281314206505
3268.0,148.49351611904837,122.9348966223482,99.63705042704758,51.782329192636425
3269.0,148.8722461968842,122.95530199224281,99.90454932638475,51.75797408804794
3270.0,149.1516074563152,123.15487629802158,100.33650534125297,51.64737258886257
3271.0,149.5382415623825,123.21099365329135,101.40861949919375,51.5645100410482
3272.0,149.9973207933263,123.27699171086556,101.89220888967293,51.41930222702217
3273.0,150.19287625047733,123.64942269038461,102.07335569623513,51.239739403372134
3274.0,150.42060649076535,123.82283006478478,102.69530879814283,51.075221555151536
3275.0,150.75496448604426,124.24566213997959,102.47092118843318,50.923925954844776
3276.0,150.84906268785423,124.50808913681728,102.52001653141548,50.73894285398969
3277.0,150.28457057607574,124.98318789042095,102.60734628056842,50.770211203545166
3278.0,149.7731207527179,125.38443044291687,103.03839908208168,50.75256031225721
3279.0,149.54190642704515,125.664947184513,103.16011788119482,50.87746511121093
3280.0,149.45070297152262,125.90982394582954,102.41441608542551,51.017380815235846
3281.0,149.0918190491356,126.11470177922834,102.15694691618035,51.27999823077248
3282.0,148.66793474307264,126.30519770251125,102.1680764666124,51.50404126673481
3283.0,148.39453141980707,126.37545729186348,101.94815280071691,51.67072317210878
3284.0,147.9566460803656,125.83595717431692,102.0628856095351,51.76421616061008
3285.0,147.95779830056273,125.3091047903992,102.27532751529289,51.694228533736606
3286.0,148.24815522344872,124.69348032584882,102.52445146724511,51.67879768342679
3287.0,149.03971639224918,124.37586976622087,102.71045654602086,51.677683740998305
3288.0,149.41918335789165,124.15820013801556,102.70679822812258,51.5261749433581
3289.0,149.60993654727702,124.31885027929212,103.04814435655712,51.401609710574036
3290.0,150.1854736069383,124.27510888960768,103.5071904077101,51.20641188404569
3291.0,151.1330380643916,124.13839321706158,103.40894195231353,51.05554883468663
3292.0,151.69570049707917,124.43580860030396,103.50026097276456,50.856732610824054
3293.0,152.27079456260137,124.9157648155122,103.97633088983142,50.74950935686579
3294.0,152.40381578754364,125.48621913971809,104.20441712277875,50.77513005755339
3295.0,152.49566929310842,125.89218151998037,103.98886393858274,50.750024085063636
3296.0,152.2287500919849,126.29751865965508,102.94726694863746,50.77311277989638
3297.0,151.83435593329529,126.8668964757434,101.89363369526777,50.64979636290605
3298.0,151.63742428080317,127.36904093598199,100.72113572739897,50.40850632926495
3299.0,150.90901251382732,127.91116588575639,99.8766394367608,50.218843035466286
3300.0,149.88701337039979,128.39673092558905,99.49565525656007,50.0097055693888
3301.0,148.89466654123845,128.7504561671706,98.70896045490616,49.792182800348705
3302.0,147.81281588853597,129.03298681796002,97.81857466440943,49.64358172700925
3303.0,146.73566883248523,129.09754482328117,96.73708134017735,49.43538373209873
3304.0,145.4011181611524,129.32706344758304,95.43904132858006,49.22252080159299
3305.0,144.03994923343495,129.7341391404385,94.62330380335136,49.02110963541224
3306.0,142.41111867306466,129.8032580524602,94.02003917049237,48.99935132945382
3307.0,141.5358942656315,130.09742309233326,93.88109688745942,49.16055619801324
3308.0,140.88353335914485,130.59578594752122,93.50653438059975,49.20766556464686
3309.0,140.47016042167746,130.91929251651013,93.10419212951183,49.307964248283525
3310.0,140.06056610218013,131.06291532989624,93.11236860780888,49.464889871172765
3311.0,140.19573338583317,131.27248039808853,93.08360475603354,49.50288395164506
3312.0,140.66940662082095,131.68677129325204,93.68229615967424,49.61458530270613
3313.0,141.0953145108143,131.91597662178435,94.66548889235274,49.70398391897836
3314.0,141.55227212528098,131.81824324645163,95.7797036862408,49.71163666721624
3315.0,142.77464297290493,131.9717109913684,97.14640211319052,49.83721149773175
3316.0,143.5623881293478,131.79070059760323,98.26187193007875,49.77691100088955
3317.0,144.1451628391441,131.1748428207123,98.87099865850297,49.69004135305988
3318.0,144.64947839228165,130.32712834773747,99.37394498914907,49.644660060564526
3319.0,145.10379733129463,129.93808362565755,99.658259593222,49.52378238916925
3320.0,145.47276993319153,129.61703327063177,99.89022062211127,49.4360145839298
3321.0,145.87271453793142,129.2214308814665,99.57598601880973,49.33595283814434
3322.0,146.30033534888335,128.9351514276037,99.27753409400535,49.33707545739783
3323.0,146.74275323093133,128.43820450639134,99.00410119681358,49.450226872315085
3324.0,146.85441770371872,127.46937279975124,98.76930870717513,49.44780751203923
3325.0,146.79837019289616,126.5783808635613,98.13735848043028,49.42703457001544
3326.0,146.86203192279748,125.87364328646939,97.57847369161335,49.54942993121107
3327.0,147.3976095804162,125.66782208213594,97.23216816439066,49.53622703788993
3328.0,148.0017960031923,125.39209904398115,97.31317133598337,49.45142635877993
3329.0,148.48307848935656,125.14981779593663,97.23648373604158,49.28837921587323
3330.0,148.82862216556907,125.06773186042192,97.11980590928607,49.15500083904736
3331.0,149.39084597744207,124.97304530742655,96.84880140004806,48.9605595419031
3332.0,149.993192703558,125.00498643769568,96.63680837870734,48.80762426874308
3333.0,150.45614572510362,125.64680093331955,96.57865311717927,48.689398517528915
3334.0,150.92687355240506,126.16908631329899,97.19959619338036,48.69969010152013
3335.0,151.63868422866236,126.8602703323233,98.07655094379182,48.63598399632429
3336.0,152.05286383681025,127.49047766078475,98.56726567923982,48.66988936957132
3337.0,152.52997904657127,127.80431584073256,98.87108164177829,48.79820625907912
3338.0,152.94046854708319,128.2376860803521,99.35864643884214,48.9072741937595
3339.0,153.19916494347993,128.75629178563094,100.04544176409507,48.93488517827699
3340.0,153.42176614404514,129.38852067571437,100.97210313315655,48.87926838105454
3341.0,153.74353603609268,129.9422077704945,101.65036121899159,48.776197502421866
3342.0,154.56803597562154,130.15399091476266,102.09476081864032,48.646286121516894
3343.0,155.48842449791206,130.64397831445672,102.3645096930261,48.53184691472656
3344.0,156.0266498322321,130.85254865247745,102.7961965682982,48.44237768245218
3345.0,156.32754400692744,130.66923139988026,103.49260535923943,48.39880874358406
3346.0,156.595424489089,130.65164738218436,103.89916953717744,48.477046493614
3347.0,156.75718412476957,130.60134310177176,104.40836903260134,48.65078429032662
3348.0,156.8351369195332,130.53798496184976,104.72398357543742,48.896134095427385
3349.0,156.91355851265726,130.30129690559082,105.46744780330805,49.07326360729736
3350.0,156.76647476561723,129.15928479335005,106.03347255948839,49.25666637106794
3351.0,156.04212838343346,128.73419499520392,106.11276921188737,49.49165301536223
3352.0,155.3849574732923,128.11106924058663,105.99764459703684,49.7802888624877
3353.0,155.26125734499072,128.08938472111726,105.91069181175001,49.952573346488805
3354.0,155.2533578178088,128.32024813072223,105.65521966166301,50.22084292048728
3355.0,154.83357778789573,128.4972372261827,105.47685326850629,50.39948052885284
3356.0,154.60326308862926,128.39711529440027,105.00713527819389,50.6254880510529
3357.0,154.7308591327273,127.90497958158213,104.67941934232935,50.804013688426195
3358.0,154.6440970841141,127.62425463215556,104.13690236482813,51.16203794512042
3359.0,154.2804695584096,128.35931137081926,103.88985926388465,51.527999384114
3360.0,154.32109576506335,128.58705608724316,104.24631483973124,51.63635289226424
3361.0,154.11586804186962,128.52179479258513,104.3830440799415,51.668700370864684
3362.0,153.8215917501569,127.88464904588989,104.29293354276916,51.72303067828743
3363.0,153.30792302128236,127.13539654773628,104.26770460787357,51.56688709409908
3364.0,153.15370011441604,126.43355623825977,104.07030306323206,51.42492544000026
3365.0,153.2364771420207,126.02784644330934,103.88147455520644,51.22160230646545
3366.0,153.1737025540192,125.96620651632757,104.06594456434102,51.0998583572353
3367.0,153.0549508930819,125.64744326203581,103.69953236256025,50.84096860859864
3368.0,153.2488805184836,125.21565590457128,103.28568317323025,50.62380850268616
3369.0,153.48553095151632,124.9598981622608,102.46848900826221,50.59538809834994
3370.0,153.93631703032588,124.9087307998395,102.12103037430829,50.592760060943746
3371.0,153.94319825130182,125.13525978254863,101.83249585796435,50.67025041135968
3372.0,154.63039271566882,125.44418878509849,101.88951476016923,50.80007180334531
3373.0,155.20270731252666,125.7960111668656,102.0326116183665,50.99945905368853
3374.0,155.4595693277834,126.02208722863278,101.99603847452039,51.18795460745907
3375.0,155.70247275602398,126.30030365391927,101.48114602322276,51.21656749661144
3376.0,156.22832926864172,126.79072984776924,101.14435913680241,51.33314581797032
3377.0,156.52961623513752,127.31726693721491,101.06501661457473,51.506635373766684
3378.0,156.84165176934712,127.41329629460488,101.31718042956297,51.6777885738999
3379.0,156.8841946926017,127.66939275912512,101.37978677768828,51.84435167312448
3380.0,156.93762721895672,127.80579634156535,101.01981982150068,51.91309571511404
3381.0,156.4086892148574,127.72070910634807,100.11842885630566,51.88337173062282
3382.0,156.0469489303358,127.69869358925926,99.5677232949978,51.84559314599623
3383.0,155.79074623651763,127.9552943065523,99.46650083552122,51.823613972624564
3384.0,155.7757632664909,127.87397686665396,99.57008886310817,51.99378409509471
3385.0,155.6846875429082,127.6940143424345,100.24615467942597,52.19656936250938
3386.0,156.0651316274854,127.71450343104887,100.81222126865397,52.26217831293257
3387.0,156.3527813506118,127.8944989692118,101.33370403515104,52.24191383317551
3388.0,156.17763197766513,128.1271047122562,101.74244399039743,52.22449705534623
3389.0,156.00234838323667,128.09328265454988,102.42502815008136,52.22376904152168
3390.0,155.88986495102776,128.20023073687804,103.24094441661987,52.39741271068023
3391.0,155.79583104110856,128.30103177399337,103.87846937013778,52.483550678213334
3392.0,155.6402634154794,128.21082732570255,104.39110828672975,52.587793388286585
3393.0,155.15710707416795,128.15177477894713,104.63618888417543,52.501273632217035
3394.0,154.25127207802157,127.89422739017223,104.3583044893435,52.39629404359983
3395.0,153.14978038638858,127.4108546204401,103.8016815928109,52.4076208240671
3396.0,151.63539602079973,126.95020139244106,103.1682205175831,52.47866110444403
3397.0,150.92625274948978,126.39986596421342,102.67628762298425,52.56132223264993
3398.0,150.51987696375,126.3316073210668,102.19201808845634,52.6832945751739
3399.0,150.42511897982888,126.0373445326507,101.67939690496715,52.805697764373605
3400.0,150.206742986065,125.68808363240146,101.41721178548417,52.87175205469794
3401.0,149.8377356196377,125.20879623858865,101.43304916005175,52.81242566970617
3402.0,149.31070782265598,124.80759534693706,101.86085230411092,52.779969040810315
3403.0,149.46604855942758,124.68625843572309,102.391258966734,52.69528952353005
3404.0,149.72704649652547,124.66806339263128,102.85045396279736,52.48084211859997
3405.0,149.87101486275836,124.6031958057248,103.32747974555258,52.27452731656248
3406.0,149.95390121993603,124.14430125225934,103.61206492407634,52.06997111474649
3407.0,149.6781124744067,123.90657441594301,103.85494441639341,51.91594965098195
3408.0,149.57392216452226,124.20298149296782,103.93494067120116,51.65336066787735
3409.0,149.74610347559812,124.48935744698345,103.33195914683228,51.54800567893253
3410.0,150.4813755618323,125.06656288020599,102.6015692645594,51.58197934561339
3411.0,151.49203223774344,125.65564259714644,101.94439749189549,51.635269677593556
3412.0,152.3051847140336,125.95475224847542,101.33063536390073,51.8150809273819
3413.0,152.58136235535127,126.49513959790625,100.8408748230278,51.93575472588226
3414.0,153.0947841219254,126.79979331983412,100.12710260936288,52.00912392485306
3415.0,153.36091485292832,127.33332421491139,100.07347539901248,51.97888005720299
3416.0,153.83963258780716,127.48500593949764,100.09779372240622,51.955480911035075
3417.0,153.94976574267574,127.3810646801694,100.64284044597426,51.8490096838901
3418.0,154.05921039180362,127.31522737017119,101.38925337148264,51.53552468399238
3419.0,153.88184422114003,127.38693342374671,101.44487793728253,51.284337251131966
3420.0,153.56219618955862,127.6468786360492,101.53811289036014,51.05693916113166
3421.0,153.20148471130375,127.80881735912273,101.2786997961866,50.804326893975144
3422.0,152.905835133758,127.6596166402273,101.16605768840006,50.711491331335736
3423.0,153.42956546745643,127.91391497458093,101.07146901434803,50.6846629501347
3424.0,154.00146087647147,128.31355406909168,100.31147908732957,50.78931091147589
3425.0,154.49230775658077,128.94953891417487,99.49852141018727,50.7680190154154
3426.0,155.11479982580948,129.41992205317158,98.6921338314683,50.868265714311114
3427.0,155.3824170366358,129.89019974792134,98.26462651695735,51.079632638499554
3428.0,155.52644650698653,129.95757764215938,98.39645836281373,51.2544273761176
3429.0,155.87004285329823,129.7457341662669,98.57167731251542,51.3506072249378
3430.0,155.73342142402458,129.56361366677382,99.0528825122949,51.26221236167395
3431.0,155.97613765473335,129.3499179214868,99.22227769201999,50.97458422738871
3432.0,155.77988906097013,128.75449139898774,99.5775178660501,50.73007674211773
3433.0,155.57415205335005,128.01569135508518,99.82273836789912,50.43140454922549
3434.0,155.49961767191328,126.82445985816155,100.14033385806499,50.0423803439633
3435.0,155.3325503362332,125.82007706324097,100.49259843651923,49.68675018286063
3436.0,155.62150524519149,124.44834622699828,100.67768484261585,49.39150753223106
3437.0,155.54909118412755,123.51118561812129,100.52845759961964,49.07395847933396
3438.0,155.32484401848197,122.78798622166978,100.6052438135309,48.911550160901605
3439.0,155.62487094508498,122.22364847481144,100.93690500284424,48.76533119377061
3440.0,155.63856156300596,121.88954734512191,101.57755389289629,48.83635167424989
3441.0,155.43501905612035,121.76177007546214,102.13292616007013,48.84172091136158
3442.0,155.03511309912324,121.8323663586673,103.00590020819602,48.83016198927904
3443.0,155.14106845981746,122.25079186687395,104.17559671563365,48.9184687150982
3444.0,155.32391068044663,122.78394402806678,104.93084541098608,48.99375899573434
3445.0,154.8986936441872,122.9780649453619,105.713995892779,49.01883092598371
3446.0,154.46881936748963,122.99993790230127,106.80106907075898,49.04533624150524
3447.0,154.22120579149694,122.98159338950484,107.39209077449027,48.98878500325007
3448.0,153.843203065811,122.93831090745223,107.99558866846728,49.0255009289274
3449.0,153.66856982183288,122.84843814682803,108.64291442712289,48.904369019474686
3450.0,153.4608393887161,123.21486999940387,109.29655281751654,48.836555667647296
3451.0,153.2098453689668,123.42904384825046,109.94792233049775,48.719675039510044
3452.0,152.25820993931055,123.45079384252512,110.0388096868394,48.60224141278749
3453.0,151.24189902036844,123.3548228077719,110.45942655869948,48.5890964184045
3454.0,150.65220159588787,123.75915616414159,110.76615501183518,48.6143268327084
3455.0,150.69115946832105,123.80453621763434,111.00405008023296,48.63799288722477
3456.0,151.10471145943413,123.92309835655273,111.32108006610979,48.60461406364341
3457.0,151.5708766182112,124.53796696257122,111.66154387249117,48.52662091156667
3458.0,152.0244816307802,125.62254927933427,111.55008202500859,48.61451738174525
3459.0,152.65314253601815,126.43270047925424,111.17376199095767,48.634000313094774
3460.0,153.66285438694973,127.05936770749481,110.43081229632155,48.77918184831639
3461.0,154.46693036762733,127.7577360926103,110.1568536267646,49.037139326481004
3462.0,154.90881483165418,128.44199321542308,109.77989960091396,49.17297328747816
3463.0,155.25724520274395,129.23690997189794,109.29229677074274,49.21060871381886
3464.0,154.91775618973742,130.12921962038266,108.53710042577525,49.15260997824657
3465.0,154.5730097827327,130.74873379201856,108.11215953602911,49.20124897907621
3466.0,154.61985396439852,130.91172427033985,107.18644609133489,49.29356690399834
3467.0,154.74938099373273,130.6377773595569,106.94142532865747,49.2635509328267
3468.0,154.70456744836417,130.02691017942445,107.09374684402029,49.3370551306754
3469.0,154.70607867729439,129.99091295513696,107.81462436223181,49.25756715774769
3470.0,155.20598094954218,130.03732703838665,108.46665208736084,49.16487734271454
3471.0,155.44062159855736,129.94004964666078,109.27687686012628,49.099855405852374
3472.0,155.65770604222973,129.91176341319579,110.36418722155065,49.13248841167256
3473.0,156.34631276217021,130.0802113120503,111.74539514034505,49.184423430539745
3474.0,156.19927107292642,130.37523530173536,112.66259331365734,49.3611010022649
3475.0,155.42898226642424,130.53160411451893,113.68814442648387,49.57312998503327
3476.0,154.38893611725288,130.566553213614,114.39336626508617,49.81553012084843
3477.0,153.54363183316235,130.65765792477762,115.10606317564063,50.027587547883876
3478.0,152.27056146178705,130.61916685381888,115.35506403349132,50.36151537264391
3479.0,150.99466604195962,130.40327868202107,115.50175802151361,50.68984008634961
3480.0,150.19579988505018,130.37191918102053,115.35129748341963,50.99576273733916
3481.0,149.59108680004266,130.35793427126669,115.09971560004219,51.1957784290672
3482.0,148.78739896335557,130.20508663905247,114.30981834117904,51.40856664168865
3483.0,148.75969870613534,129.9235134518444,113.56979500221347,51.51582584011754
3484.0,149.2136134300465,129.76450326923558,112.81128825529903,51.594013790967104
3485.0,149.7294009396786,130.1129639241408,111.85121369086349,51.62464099564117
3486.0,150.19771770816712,130.50343209235837,110.76764936070431,51.71426942320485
3487.0,150.82271667367905,130.65670846467168,109.8273423435627,51.7932382319683
3488.0,151.50470869458087,130.7090822350167,108.38379085538661,51.75328759966227
3489.0,152.62111047229297,131.0204103329675,106.9693409741813,51.68515627534863
3490.0,153.0957918849291,131.32795238228428,105.97315550649547,51.67902297457252
3491.0,153.68264079211974,131.661354078223,105.40202917483455,51.68746143399467
3492.0,153.8987312159576,132.19656958596178,105.55344919176497,51.73724500656521
3493.0,153.7295154881101,132.59130349476598,105.5071987910195,51.763017696796965
3494.0,153.95309621923434,132.69678738531286,105.7713317765195,51.779388443589596
3495.0,154.25230603702374,132.82160762051626,106.03754543176905,51.634560031814566
3496.0,154.4628161289606,133.2299955523735,105.99709644536345,51.271422796982215
3497.0,154.63394008101767,133.6252343218042,106.00661853383629,51.03831124181277
3498.0,154.36449279430246,133.6027113026092,106.30044989866835,50.85937242330251
3499.0,154.32977441205313,133.3269258230586,106.2263800022105,50.70514246874705
3500.0,154.1734494520556,133.16495856971417,105.94381741333063,50.488183798016706
3501.0,153.40619924301492,132.6098245748502,105.02231999266003,50.15773666009195
3502.0,152.96370390861733,132.49813939039174,104.17975872667029,49.78110111102046
3503.0,152.43914728669873,132.15782758605778,103.34201855442605,49.4983053289675
3504.0,151.5906975152714,132.37925334462685,102.92547390636406,49.31692431667425
3505.0,150.9580551552567,132.23743236492055,102.79053406221804,49.4728104322735
3506.0,150.19930388901483,132.3690344908222,103.16409932260964,49.69276119064884
3507.0,149.3856484959098,132.78308617907743,103.0793207047877,49.82565579257346
3508.0,149.20449718881372,133.29737039734937,103.44931056062859,49.91995455322181
3509.0,149.50954830029784,133.6315026966544,104.14100448302032,50.122859621448775
3510.0,150.21940554963237,134.231582201279,105.0010244515461,50.41735541349178
3511.0,150.5749751563809,134.5396947757313,106.06211337311558,50.73634974973227
3512.0,150.7480597670377,134.8414228520693,106.95628886882531,51.105745787814165
3513.0,150.86856051790662,134.62179997917102,107.67598286211305,51.33993893016587
3514.0,150.9414040699999,134.30111367436683,108.41191328057297,51.39756715703057
3515.0,151.03302106000208,133.60693489446965,109.29633161564168,51.292301351855244
3516.0,151.122766906596,132.65978517281818,110.23706538709847,51.25863501608487
3517.0,150.5764703139745,131.4298376719892,110.60838280701076,51.234482275311706
3518.0,150.08802462422648,130.22938425936903,110.74562466662555,51.09719564741929
3519.0,149.5921110914993,129.2565967613453,110.55368255979887,50.84459757767061
3520.0,149.30849051264613,128.56539953643826,110.23390770417794,50.54948356863057
3521.0,148.88548996278834,127.93876583580588,109.55126881832615,50.14930690393756
3522.0,148.64624884281412,127.31762406879827,108.86322015455377,49.85698891844052
3523.0,148.10292458412957,127.03457931499511,108.15346045470314,49.55053174251305
3524.0,147.54464150624818,126.8452813664164,106.6877395801029,49.22938336430192
3525.0,147.19841867705622,126.71356406977297,105.48381496984031,48.96567672266081
3526.0,147.5113978852906,126.95832811049692,104.70533030533826,48.78062365911123
3527.0,147.75854337427054,127.1811313547407,104.06868588735692,48.56655681584691
3528.0,148.25003489286308,127.26977980561769,103.38305379414827,48.380081166322604
3529.0,148.67412346543315,127.17561292157,102.66641524706924,48.26808546035962
3530.0,149.27515860525597,127.30331478207306,102.31332969384373,48.26553409020943
3531.0,150.04903759854574,127.67194118276126,101.89608919295985,48.23713575808166
3532.0,150.99979054453732,128.03978157479412,101.85266799976343,48.30895652054904
3533.0,151.98405274398536,128.66839326038615,102.26598879451932,48.43014100719547
3534.0,153.02293701353906,129.17273281125614,102.40442568091581,48.41142040561899
3535.0,153.74483458988107,129.3888522550501,102.38630253641844,48.39059232696348
3536.0,153.95711118797618,129.51879754490415,102.42241120062893,48.47681320548046
3537.0,154.0983455104031,129.9871972358008,103.09202305264171,48.520169786423125
3538.0,154.34699697000525,130.46380889373688,103.65006137664116,48.478132651414676
3539.0,154.33605568383192,130.10348019633977,104.19414112797809,48.366773557265454
3540.0,153.96296929100674,129.80537125927805,104.46969578987151,48.294706422790654
3541.0,153.47102197914063,129.4339745549718,104.00832167925927,48.21412507051762
3542.0,153.18639547256325,129.32199014132104,103.79977747555917,48.05564165694196
3543.0,152.81030389496655,129.1123984915384,104.08110289857831,48.13892114111118
3544.0,152.41861239060344,129.32709368430355,103.95192822392922,48.15707413613358
3545.0,152.43169753810915,129.68469866772836,103.95804916376741,48.17962171983166
3546.0,152.39881871888528,129.59014385931872,103.9434722637368,48.42937834983975
3547.0,152.2123862252149,129.57306782447677,104.2674689790525,48.64398849880004
3548.0,152.50751501828228,130.20950471900943,104.39428165993212,48.861142556385815
3549.0,153.15080794675117,130.19719538761993,104.22016772618215,49.06982062521707
3550.0,153.67900554807696,130.0750361859703,104.62490549619224,49.32047884522049
3551.0,154.16338805865553,129.58694881629856,104.42246789549479,49.807549706417134
3552.0,154.4812588690201,129.2848781385486,103.65368195059062,50.04711838014561
3553.0,154.64613721990133,128.79031695462766,103.02225941933884,50.29784434782398
3554.0,154.52291598785283,128.5021195322132,102.20059285354293,50.52361516052998
3555.0,154.31523089052888,128.50789251770578,100.76398416786475,50.65105896729486
3556.0,154.34791315182395,128.49500153471257,99.23781797682662,50.839701570072414
3557.0,154.22300940881243,128.70140529134702,97.94293556599949,50.96194582211699
3558.0,153.9661591003525,129.40547234980826,97.15035637408096,51.038026162233265
3559.0,153.90287718179115,130.05283404363541,96.67992033392743,51.02178617970999
3560.0,153.662780993652,130.73409904022213,96.28668149611188,50.934641662609636
3561.0,153.35953279488305,131.34842715196677,95.9340899543584,50.825045828745715
3562.0,153.0476108543943,131.9395569340129,95.99337017007241,50.78658575041197
3563.0,153.21734271161301,131.81201962103682,96.05465098568506,50.803465289611665
3564.0,153.65954667769938,131.45025287439225,96.26358944250829,50.71586160000766
3565.0,154.09726730284763,130.9037003458061,96.30458200473421,50.71347745205005
3566.0,154.15119768168046,130.20859027666543,96.36205388378386,50.853700970798556
3567.0,154.43064180260092,129.22760358296242,96.37135731129723,51.10338006423296
3568.0,154.67567019117195,128.43835041001182,96.28290509669085,51.36055750362285
3569.0,154.95587677843247,127.41640459765893,96.4046100013849,51.494316872220345
3570.0,155.12943388265947,126.3792495883081,96.88363398147476,51.89395992488965
3571.0,155.4146687393005,125.29000813044799,97.4106967415233,52.10497292455759
3572.0,155.0153148156745,124.64569996564393,98.17933113772251,52.14909765557922
3573.0,154.29821435149782,124.13526393619696,98.98415902770144,52.304855900245244
3574.0,153.41653979834481,123.76802024039807,100.29636802986536,52.38540020161136
3575.0,152.90378578851085,123.24205056205363,101.43611385356292,52.24892307507515
3576.0,151.97417808752436,122.77261532987127,102.30028748427382,51.998239293246975
3577.0,150.7933701291847,122.18243148472503,102.49616485452182,51.8087930014312
3578.0,149.96613430699085,121.67193685960504,102.83708995832481,51.71803246522022
3579.0,149.1733265936452,121.34156929763621,103.26638849398239,51.419620523083296
3580.0,148.58939289121003,121.19092069246759,103.41693713870698,51.304969154477355
3581.0,148.22341407616747,121.38336249996976,103.61347956957216,51.3483617475385
3582.0,147.8346318516949,121.35452310392327,103.74565313062871,51.29313030191208
3583.0,147.30743696133936,121.1980499121138,103.80209809025085,51.23058607164493
3584.0,147.0869742823671,121.41148841059731,103.8340072322661,51.24776880238163
3585.0,147.43117023214668,121.86892354685143,104.10777612309188,51.32677710461091
3586.0,148.10220233131554,122.13708477751587,104.6051006489476,51.32401531671835
3587.0,148.25246613443235,122.42731882303698,105.12442948754413,51.294153972260176
3588.0,148.4164661965815,122.86582838601154,105.51317468359348,51.25927739989006
3589.0,148.59535491225967,123.36691427844374,105.87050912772384,51.101093826601044
3590.0,148.61585280093908,123.52238166385222,105.72825332834385,50.93318297700561
3591.0,148.73081322654875,123.82942069219163,105.78398262125562,50.834177559416645
3592.0,149.06008431593153,124.09593658938893,105.87585882041435,50.67522610392018
3593.0,149.2938465252038,124.03626962455755,106.04553159483171,50.64309145268995
3594.0,149.15054708630578,123.7426115998364,106.06735339222952,50.520741961562166
3595.0,149.24624669213966,123.65660746023603,106.30847879034071,50.52164207377101
3596.0,149.00260131005146,123.63097438548294,106.4111383545508,50.49622704499058
3597.0,148.81606299183082,123.26388940561867,106.5503176964099,50.56171971405188
3598.0,148.42938216890775,123.11567847123551,106.48944530173397,50.624480303985614
3599.0,147.96380147439203,122.83022044313911,106.65593714992436,50.55568793000138
3600.0,147.75215156082893,122.65968234054368,106.6724391536202,50.46646505116907
3601.0,147.44325323902015,122.77542252674174,106.52485273463226,50.462806019230044
3602.0,146.86305354071564,122.55311079064649,106.45138484538049,50.51602373623376
3603.0,146.24250357271208,122.9881979966482,106.7881120467784,50.695140234448324
3604.0,145.63668033931324,123.60590625511702,107.1090629060163,50.83755737511941
3605.0,145.15972210895825,124.45287761334636,107.36696903864248,50.90004718290252
3606.0,144.6637003591704,125.59293052956042,107.31117527665602,50.92344285763519
3607.0,144.13242512416556,126.37806120870214,107.2754793586631,51.074729323348556
3608.0,144.09486429902452,126.9666705852236,107.21335459935212,51.303174929086246
3609.0,143.91093674090354,127.65741807099303,107.15426328978822,51.49797173099495
3610.0,143.8051175457348,128.23624807549504,106.79687882550388,51.7516625095038
3611.0,144.0328570251313,128.9524580333531,106.26987560084076,51.834271359186154
3612.0,144.20027069696724,129.19470827993234,105.54433658777585,51.87417267222808
3613.0,144.20542316027405,129.18586414938167,104.49136961418186,51.80008821608613
3614.0,144.40721780147663,128.73767371810106,103.73330718962394,51.69611818878077
3615.0,144.58509198033204,127.87316346989526,103.00565328408528,51.43846774621196
3616.0,144.8843720039285,127.0455889816588,102.40172282147716,51.13217778065733
3617.0,144.9184711071446,126.60153931921002,101.84900346773632,50.83179491574854
3618.0,144.88574383037212,125.98878464836561,101.44544898141314,50.589639571896946
3619.0,144.9361395326432,125.21783630778938,101.2343339253331,50.266522559338355
3620.0,144.4505943306004,124.38411701185024,100.99930842070026,49.98604726099619
3621.0,143.9256567149516,123.55228053776837,101.26183750667234,49.655476101024995
3622.0,143.4363627239383,122.6351325041173,101.52308717495855,49.46722714640543
3623.0,143.3104265350186,122.26030444918496,101.49000919285,49.360247023222804
3624.0,143.66204152131263,122.30780642075848,101.71741535529483,49.317434932268135
3625.0,144.23240320982933,122.26546074312313,102.07737014802338,49.21964327019517
3626.0,145.1375035536914,122.42768035184142,102.4538912043712,49.273168434368294
3627.0,146.23678857306368,122.56352611129847,102.87031071659236,49.18760561092581
3628.0,147.04437877704453,123.15582485345479,103.23362774408999,49.22339232384657
3629.0,147.7519634354354,124.05256780941659,103.5927870137618,49.11216448552334
3630.0,148.47707204738603,124.71743258889487,103.43224947352795,48.984785876937956
3631.0,149.2691313089208,125.4310061101984,103.09463421279861,48.72132786007363
3632.0,149.5564340564962,125.4616336794828,102.91363917092781,48.38502019720059
3633.0,149.63520774260593,125.44822461671882,102.61239058215631,48.16472150195997
3634.0,149.5363647601233,125.39949886091412,102.38344636849956,48.04972571114113
3635.0,148.9851629717334,124.69658584643855,102.28415428719555,47.79350294455384
3636.0,148.2761369766849,123.91250690140049,102.02270925013703,47.8133243885123
3637.0,147.5398882600329,122.90357049433183,101.51151321480398,47.586853348786455
3638.0,147.1094833145907,121.94714170856285,100.98365881128244,47.537198505336036
3639.0,146.86809818932457,121.1394109730476,100.56441022845459,47.49181268419602
3640.0,146.4605315468928,120.63907100878313,100.79733590398406,47.5710340345868
3641.0,145.94543981022713,120.87870900466525,101.14258076535525,47.832775841765326
3642.0,145.1252259219506,121.36217322321673,101.35651483501175,48.10279595455981
3643.0,144.07363226683114,122.23049489940888,101.5770507042864,48.34341253163767
3644.0,143.4439404721867,123.24807478640355,101.63967749792228,48.5905901435703
3645.0,142.89287701646253,124.10483957060079,101.72248637278186,48.6573553002642
3646.0,143.0145453519632,124.81382728875488,102.02204183592158,48.95110341254337
3647.0,143.2407563775098,125.42124921860767,102.35663095156569,49.24647593309945
3648.0,143.24010365902532,125.83991381321276,102.57541365989759,49.74217419562961
3649.0,143.39833745117153,125.88430717240966,102.62176589434975,50.267456209792904
3650.0,143.67295294961895,125.59803713436511,102.70194796539191,50.68400454037614
3651.0,144.3238942705564,124.85343257958844,102.94319907912511,51.06789186238282
3652.0,145.00090206445984,123.94762415156643,103.18192613060057,51.42602624372186
3653.0,145.62441173909215,123.36945326776417,103.15243509651106,51.75661234412705
3654.0,146.09303433111756,123.02065771919321,103.05218041483324,52.14428063207965
3655.0,146.31068792826963,122.36724544712347,102.85854080051107,52.36546893463614
3656.0,146.39449273847202,121.64482983319643,102.72180792136356,52.45302299777307
3657.0,146.88876122013198,121.16057513419784,102.34889511929873,52.34205254037717
3658.0,147.31794537738068,120.55925990392615,101.69639381756947,52.16189328746217
3659.0,147.82646669643236,120.058508973642,100.8454933645451,52.02416892874548
3660.0,148.28878099917125,119.54602445703584,99.90264239061827,51.94449997768907
3661.0,148.6211659395512,118.96028100982234,98.82807025547706,51.791625266811025
3662.0,148.69077989495756,118.42297662918946,97.86116499747689,51.63297085324481
3663.0,148.99854033218878,117.73466800074524,96.72234951497863,51.37083105416309
3664.0,149.44899578565492,117.55951788986656,95.63211774420593,51.129943889314525
3665.0,150.00534998678978,117.43043828153009,94.6041482507642,50.993612552401444
3666.0,150.4288911892084,117.29028353923061,93.5801797573521,51.066679667205634
3667.0,150.631047493433,117.49024290896548,92.96910114837019,51.046933103923834
3668.0,150.69343723733826,117.78106739294994,92.4255171960571,50.96287438090752
3669.0,150.40803202331347,118.08447494849872,91.68040251073153,50.835817321737984
3670.0,150.13937751413246,118.31125558304647,91.00480467481549,50.71393472332251
3671.0,150.04174390074272,118.56890982225164,90.56284626309093,50.56479951590588
3672.0,149.8550953618923,119.12131849357634,90.36186885621184,50.62036892257071
3673.0,149.23112668934124,119.6645594778398,90.49300588513766,50.775549782975446
3674.0,148.57580664292948,120.42172479521503,90.85375334591728,50.89897952177195
3675.0,147.94482214075524,121.19146933413964,91.42793904106298,50.76979013615591
3676.0,147.52455655885174,122.05218678408853,91.78576362070959,50.72307732262602
3677.0,147.22288142094487,122.54534033246367,92.63913492854773,50.77066454528245
3678.0,147.21443123294594,123.34725592000545,93.46469378700745,50.77769257717806
3679.0,147.0936906414253,124.36662643612772,94.55928097703953,50.84596683172201
3680.0,147.01266588811717,125.3344165589418,95.54930330881277,50.892081069546144
3681.0,147.1688298455468,126.3364458374893,96.59884482938614,50.855817001600805
3682.0,147.17763110733216,126.96814602403737,97.37815553008019,50.740325219286056
3683.0,146.94133349306384,127.52679882783416,97.99008722700458,50.61759885485652
3684.0,146.6030776401448,128.11029079876295,98.6129263587484,50.61924465627872
3685.0,146.09659439566875,128.848569088291,99.45682179432754,50.60083387441239
3686.0,145.92239059332653,129.6954346030834,99.70667712068746,50.444896006495874
3687.0,145.83695463157107,130.5465382679762,100.23416496821237,50.37623323015253
3688.0,146.0157119537307,131.02469835175853,100.63611566809064,50.22598575531763
3689.0,146.00098745201444,131.41402786919505,100.48529652926347,50.02928288380245
3690.0,145.55461853639935,131.43708941185918,100.39740951989836,49.81200966660231
3691.0,145.11293241082356,131.7574832555819,100.48115936674185,49.724076105391006
3692.0,145.02786770212393,131.86956087404593,100.56169642011503,49.61573016417322
3693.0,144.91081941388262,131.7617915492034,101.07267100436395,49.36114389555739
3694.0,145.11740470769692,131.5308490201989,101.46104583073266,49.21420825585465
3695.0,145.25062145508798,131.53941986854082,102.3555769044075,49.21082041701931
3696.0,144.9712551068074,131.16059693099146,103.01461740807295,49.078027027422046
3697.0,145.04396348054897,130.72326202144777,103.26370446037612,49.10073591598211
3698.0,145.12550608920284,130.06094636132843,104.12473464921185,49.27251864303571
3699.0,145.5969635164602,129.89873982738595,104.96714806054631,49.45360984563452
3700.0,146.3644523952913,129.6236149693341,105.65374685738585,49.534685329082784
3701.0,146.7517175169527,129.25522661060933,106.61229995697065,49.73008787437917
3702.0,147.2661292748445,129.50605161829145,106.77592505561488,49.985781805528084
3703.0,147.40087345930357,129.58493855457485,106.74282044508571,50.19215869649629
3704.0,147.38935285608017,129.7663404071509,105.97422087667788,50.435698794473325
3705.0,147.61619947367893,130.4176385909061,105.26534960048049,50.69983011549022
3706.0,147.48230278055706,131.36796971500812,105.07309432963058,50.95784589110785
3707.0,147.53081638506973,132.58326464539553,104.90446520936378,51.09644460155139
3708.0,147.21624242346343,133.34304431491714,104.45699095649815,51.21159165993935
3709.0,146.80141916723397,134.0186139779115,103.82245358049357,51.40853907919663
3710.0,146.63936571699534,134.70202228804686,103.3097377330975,51.389140714844984
3711.0,145.89892856851503,134.7556944392827,103.03481351703051,51.53592110210451
3712.0,145.66428184554385,134.8582579668036,102.97223443716534,51.512075702341754
3713.0,145.34253164765357,134.63984431588153,102.84132671741338,51.34911344133385
3714.0,145.54808631773628,134.150274915117,103.13258172382365,51.06457506640561
3715.0,145.78163251691586,133.36115019583366,102.7871322007388,50.7408015109556
3716.0,145.97618126210307,132.5402812817049,102.21093576182524,50.44278634309607
3717.0,146.37610850521725,132.06050206447694,101.755961874444,50.13604459342076
3718.0,146.54088489269026,131.63576985990164,101.55940373858427,49.74810248670255
3719.0,146.72692128966403,131.31564638050617,100.86327902799984,49.53586041235512
3720.0,147.05429540500708,130.76974820445375,100.32970514883127,49.1961656589335
3721.0,147.47814208750947,130.28046627273451,99.82980209310581,49.05644168330545
3722.0,148.36447220653207,129.5524956651803,99.60946684727497,48.945369002683975
3723.0,149.29018610497354,128.83105333385407,98.90257371691085,48.88564845066176
3724.0,150.05404360438158,128.3006684992715,98.73007209047994,48.894909095562554
3725.0,150.44959334950246,127.88460484963966,98.49838751242586,48.987259044881526
3726.0,150.8558994166806,127.4127122153591,98.36668972334635,49.154440678513325
3727.0,151.75561542793065,127.0959889106127,98.48549413137184,49.32799202672901
3728.0,152.45251003335522,127.04627040379862,98.93645950744892,49.39222577540385
3729.0,154.22775383295067,127.34142902899615,99.5377158923595,49.40378806379792
3730.0,155.01395120605642,127.54898786393231,100.11519873741908,49.41004291117817
3731.0,155.22378278851554,127.73486037777111,100.8134735538134,49.35662119694653
3732.0,154.48782713329854,128.0267272162922,101.85136700546343,49.49195675775149
3733.0,154.1932702630052,128.4030114669265,102.58138627005499,49.49715012583697
3734.0,154.19758231809124,128.6915165686071,103.6065545350989,49.51626757308117
3735.0,153.9014198702905,128.8854355890269,104.76031996314339,49.41654157226303
3736.0,153.1635674316001,128.84600932691274,105.53588979566933,49.470850050346236
3737.0,152.47920097949256,128.44483171904312,106.01072544045986,49.5899542645858
3738.0,151.42316508006664,128.08616279992538,106.27405160339222,49.74976364888235
3739.0,150.56570464527172,127.47909640667208,106.35174441327783,49.8683782534731
3740.0,150.1911278896794,127.28900356838435,106.61367606590319,50.063650266889944
3741.0,149.6793715069437,126.91299650063895,106.3110217809209,50.166765682291036
3742.0,148.66204234275423,126.48368810839006,106.20374014611615,50.4024188687051
3743.0,147.70319859827714,125.77500087346498,106.06471572948587,50.63616051677687
3744.0,146.75398171831355,125.22485498993379,105.45704499430117,50.954218430990025
3745.0,146.25661480470387,124.88810936157464,104.93359765576642,51.09980659016381
3746.0,146.14301574199644,124.79844714161632,104.26688149939028,51.25748130592622
3747.0,145.846792670163,124.91088986661934,103.43065788314256,51.48104450019784
3748.0,145.8919764344097,125.29853230054,102.78730820212728,51.556820030992526
3749.0,145.4721343061928,125.75966533143963,101.78730040648907,51.54886872343878
3750.0,145.57625833746533,126.3143487842156,101.19535204617904,51.54177054172151
3751.0,146.06833047160654,126.71637767686715,100.43460769523817,51.38722938220674
3752.0,146.43690043899574,127.7264676687557,99.47660219478281,51.182878013449304
3753.0,146.92622081457827,128.61121564897107,99.0623392917114,50.9801121507124
3754.0,147.0972539986689,129.14826519880557,98.6709283713661,50.91855646086572
3755.0,146.94391054666846,129.62639139006512,98.86280216757966,50.84234825273222
3756.0,146.50354470778103,129.81684364838904,99.25704867590558,50.81082128306703
3757.0,146.25644626090306,130.144393482005,99.88352743457139,50.76297969732288
3758.0,146.1885590921561,130.38016897475077,100.62816798478181,50.812007737589546
3759.0,146.16233198074278,130.71332021036582,101.38162881983928,50.92256145088135
3760.0,145.9217406405319,131.34455789559345,101.98700960261993,50.98038575128978
3761.0,145.74666358573958,131.4329430442129,103.0007566324776,50.98053384806824
3762.0,145.6552359083218,131.34093249072365,103.76809269210776,50.94069373132746
3763.0,145.70716251284836,131.65317140519693,104.57801888930967,50.822439574408975
3764.0,145.82368933356994,131.98276489133693,105.25752421756562,50.74886260640618
3765.0,145.90450015984,131.93124537801384,106.020069573993,50.625561856789474
3766.0,146.0729232609382,131.86320330303488,106.24310338683578,50.65406201661498
3767.0,146.439720098537,131.24896654966855,106.40870091755536,50.6826273888426
3768.0,146.59312898682668,130.43053937281098,106.44252775555636,50.60299999750788
3769.0,146.73883521685198,129.75179622087973,106.53298259774331,50.65196105179355
3770.0,147.08548464538205,129.29698484746996,106.0030745393882,50.73837245740146
3771.0,147.33352062619542,128.97568945489743,105.46542895842443,50.69360534865777
3772.0,147.49610866696648,128.76095462298946,104.65419052385553,50.6650881863729
3773.0,147.87788079401668,128.61791595547268,103.5904226247603,50.647319232554764
3774.0,148.55971444378784,128.79341367296752,102.28914774646111,50.70016622103752
3775.0,148.85338733538265,128.94499348425927,101.37845834868523,50.74759627509398
3776.0,149.0184542801444,129.4042237537444,100.32174436122884,50.719554274308244
3777.0,149.42517824736032,129.94487944091293,99.47827137919616,50.72615720773694
3778.0,149.62165806047986,130.3083898694526,98.76964369078006,50.71921946692069
3779.0,149.30979440727154,130.46112325539775,98.37620815751933,50.720411594084794
3780.0,149.4564344077434,131.05446573155422,97.98302019281367,50.842323360937186
3781.0,149.63440240217707,131.28461586592016,97.92831224063278,51.01526599299244
3782.0,149.87961295730938,131.80526531211632,97.57339128456078,51.13566288997204
3783.0,149.70753521840052,132.48775475330658,97.07373702543708,51.07399548749609
3784.0,149.4949529654666,132.58507073992786,96.36048145855769,50.95213154937347
3785.0,149.393402598126,132.82384062831719,95.75879465380812,51.00742594799081
3786.0,149.43767582752088,132.95845339317475,95.25137536079036,51.07743954617564
3787.0,149.6005549569991,132.93282730110252,95.09894326176314,51.183762012540804
3788.0,149.950932026219,132.72203934414784,94.96104664817962,51.388982957678216
3789.0,149.90730156730993,132.03528704358794,94.67830815567507,51.51488241975217
3790.0,149.70233973795405,131.45405583469298,94.35667500328816,51.578365918403165
3791.0,149.02923462389472,130.61969650021018,94.44979930292192,51.659915617463724
3792.0,148.3366448920628,129.83746864825684,94.55230204213247,51.81804632671316
3793.0,147.59120852606233,129.63082039298422,94.7664891648173,51.93324041844826
3794.0,146.854841006463,129.42361007560504,95.1551392054461,51.86855559953183
3795.0,145.87884935773582,129.0402154181812,95.32532312404044,51.79309969588206
3796.0,145.0825280075142,129.04780044244623,95.2497253942042,51.679195070682674
3797.0,144.31204477426377,129.72386638853118,94.84947319411049,51.48392536363952
3798.0,144.06618393684636,130.38443817228367,94.71012869549584,51.41227067804724
3799.0,144.25209279598113,131.07084852201498,94.71327681167719,51.2385236691575
3800.0,144.1276069236431,131.55514837589388,94.54703879625544,51.17978126005857
3801.0,144.22169085152254,131.7556242145623,94.73090669446071,51.073137112297104
3802.0,144.7764559773099,131.8918785592,94.77233023319286,50.923255620010735
3803.0,145.06122181576873,131.9757444814432,94.54218399596873,50.81703592986136
3804.0,145.71376848414658,131.99212263787297,94.85629481228858,50.6992746406388
3805.0,146.22158265721237,131.64555817720898,95.52882875218702,50.58040503564504
3806.0,147.01279971212034,130.76212112460598,96.68895398270385,50.4770978127915
3807.0,147.56008694200673,129.96208770738778,97.89015808526547,50.36863822883254
3808.0,147.8946833276877,129.14927036612778,98.81352053378086,50.320279145600644
3809.0,148.69836926706733,128.4954673143571,100.02903526834451,50.19107393969632
3810.0,149.4540323518007,127.85939163857235,101.56290111331457,50.08907476026617
3811.0,150.14491522665563,127.08961856661851,103.17566580947255,50.17072104635694
3812.0,150.9003866047188,126.2088475560379,105.1217931160873,50.21889802855979
3813.0,151.2659343107667,125.8980904961764,106.41267346568455,50.3156095556393
3814.0,151.6375253895846,125.77152280179436,106.9675163265928,50.47467882352441
3815.0,151.7028828563075,126.07187682899301,107.50101711416188,50.713802605952765
3816.0,151.618236337725,126.09264862773496,107.75760477722015,50.88247721442521
3817.0,151.39792230519825,125.87846141217365,108.020313428023,51.07674674578642
3818.0,151.1800860342631,125.97126531516001,107.68472852884827,51.193969715269226
3819.0,151.3277027284894,126.37679610258084,107.03761414940931,51.328953076713134
3820.0,151.55378007543686,126.63373939660543,106.6347269534586,51.394988976417245
3821.0,151.63585923165323,127.14328167004483,106.01079649076506,51.593405079502695
3822.0,151.870555652201,127.2781143408671,105.63795756759832,51.79041291030291
3823.0,151.90108076079636,127.29534014000926,105.29367471454495,51.86606948805811
3824.0,151.63180826059235,126.91340307146999,104.88559477514653,51.93583330533958
3825.0,151.13042395457717,127.07685183010457,104.61955119758495,51.978884072926945
3826.0,150.63299351914284,127.64580270371718,104.23028834741979,52.00425600523646
3827.0,150.24062498386186,127.71015468466521,104.7373776053284,52.03129595647801
3828.0,149.31028922745304,127.64830301337228,103.95451936643258,52.059863214565915
3829.0,147.8241209774631,127.63126923170624,103.0079171319094,52.036652442495836
3830.0,146.5455364914808,127.33084252267108,102.07121091601915,51.855927292200505
3831.0,145.2287999932267,127.49794600061826,101.00566485701945,51.70693894438392
3832.0,144.52294024714845,127.53286109117418,100.17522897327964,51.548677803209145
3833.0,144.1906675760949,127.53034011471668,99.03859123579107,51.362770670282686
3834.0,143.9381536098476,127.31195480769625,97.86498705206522,51.23561766202754
3835.0,143.64143850687452,126.88515103656668,97.06961601344383,51.097711441105425
3836.0,143.31016047051298,126.60785925239409,95.78057791386327,50.9883020538915
3837.0,143.37081404006946,126.60612545564263,95.72320359206901,50.83727486222706
3838.0,143.5168872232495,126.9975108922086,95.49536541295102,50.7311256038663
3839.0,143.70185521431807,127.53091606118844,95.3703691365906,50.61803554176212
3840.0,144.03956172952354,126.37369594484974,95.75848286084714,50.50203066288048
3841.0,144.12178332933019,126.60261695439738,96.3229141570797,50.47631604448297
3842.0,144.20454454823687,126.99418425998694,97.19894077058831,50.549144394288824
3843.0,144.3038877183737,127.37704067551415,98.1354810908268,50.625529880543915
3844.0,144.65950230970984,127.75526910370907,99.05187207454203,50.59031151415215
3845.0,145.12345648870985,128.23509352160283,99.91236582508634,50.546587020246236
3846.0,145.6120464027954,128.02931053546558,100.9618697864513,50.52269622645888
3847.0,146.20528717668097,127.63259551125857,101.94054582707342,50.538480183449
3848.0,146.93347465052048,127.31685439900414,102.96199407257706,50.60276731385363
3849.0,147.2854922485443,128.34809581584287,103.40134389710559,50.659692596409876
3850.0,147.82835012241338,128.3126223085019,103.83324355422423,50.63137742539924
3851.0,148.2268716132097,128.59536888750577,104.19986040390512,50.43447164133511
3852.0,148.324621613305,128.8520006578671,104.6955639004565,50.15573201107412
3853.0,147.93357417418363,128.98536546296583,104.82836663385632,49.99205221087189
3854.0,147.21600330251493,128.9490655700594,105.03080920879809,49.87811773052588
3855.0,146.51228678371075,129.4040267558164,105.06283486759347,49.766088960934965
3856.0,146.02890552761374,130.01658986657472,104.89518330660393,49.60933129530325
3857.0,145.49514450502107,130.3447833058426,105.08459056817203,49.34411808460462
3858.0,145.08491844666048,130.81590501233106,105.36877460855281,49.04682052802701
3859.0,144.33403468832495,130.79340270257637,105.79209193873038,48.77856412416905
3860.0,143.58839934786,130.40209352428587,106.32046393168338,48.4784270897073
3861.0,143.62952082340962,129.88687736713246,106.89045522925755,48.2522501860569
3862.0,143.93163753897247,129.25901556477768,107.76678621863414,48.138913654085066
3863.0,144.31612022567884,128.85147650960846,108.60249829329858,48.017972122863455
3864.0,144.57166106318766,128.26963091234035,109.48343869639051,47.97564817914361
3865.0,144.31638874299705,127.68563292963023,110.62883249952372,47.933689418995264
3866.0,144.2826509434187,127.14675316226086,111.6428689844583,48.113592371890824
3867.0,144.33479027089868,126.42465026073067,112.99510821623798,48.36352711503005
3868.0,144.47953051528376,126.16992175711746,114.04578553739,48.49443835270304
3869.0,144.67572071458952,126.08807976913148,115.08991836585669,48.75115556950335
3870.0,144.51411814526347,125.81411335319672,115.61124135378608,49.04932150594016
3871.0,144.47251506337616,125.86985660909062,115.81609636706565,49.245477201670425
3872.0,144.2255428446747,125.6392015094148,115.8644523067186,49.3815277658899
3873.0,144.1385263869501,125.60943799815479,116.31081069217672,49.44505585872695
3874.0,144.38165444058149,125.3931544193221,116.57609708163339,49.41614071835675
3875.0,144.35226126730495,125.2646970222326,116.39695256954933,49.32488674830604
3876.0,144.43870967143454,125.45433764551201,115.77930242603453,49.20386431690314
3877.0,144.08560511388373,125.23563102438095,115.05682847651917,49.242051838325956
3878.0,143.8950514870201,125.04203213643449,114.26460273124489,49.33774553745657
3879.0,143.67068046731458,125.1852469664103,113.77589986444839,49.35718792870605
3880.0,143.1969927432093,125.52414694118218,113.44382034968064,49.4100691403186
3881.0,143.00179571433887,125.91728085791769,113.24320377876784,49.52840747581877
3882.0,142.39522854499444,125.96342794108256,113.07356431844994,49.61915194989695
3883.0,141.8146675555422,126.31436339245741,113.30481698424411,49.723051557685004
3884.0,141.4181364186104,126.88371877368424,113.79134075891284,49.78722169529204
3885.0,141.07007699805348,127.17281939556341,114.24255579283279,49.75737458772288
3886.0,141.4841082930216,127.66893161889558,114.66181690694147,49.65831900092356
3887.0,142.01844968144405,128.07303537342918,114.37925832442286,49.45019152516397
3888.0,142.29383420338223,128.33997004364954,114.158182389186,49.30227617088879
3889.0,142.68402704902527,128.4177080314979,113.79327439463772,49.12348177809184
3890.0,142.74015556557825,128.48177222348556,113.33927865112578,48.93074200416417
3891.0,143.04784883637717,128.82192062781584,112.47302654981111,48.799053992175665
3892.0,143.65053380766872,128.9043015644956,111.46995124400779,48.72603936466797
3893.0,144.22442978867852,128.70373257639352,109.91700770471621,48.68551155740971
3894.0,144.60041170969183,128.29074097756273,108.85611029476591,48.72607770264987
3895.0,144.90269782199977,128.05400497825744,107.88581064795324,48.85251618197443
3896.0,145.31368750819573,127.69250716740318,107.40247999092412,48.94398571033944
3897.0,145.90742544347535,127.32689622183584,106.93530251621776,49.03831643411478
3898.0,146.57125143047003,127.13669679803621,106.41709706424339,49.13705720060592
3899.0,147.3846345005081,127.07687666328867,105.90630790015976,49.16184097467821
3900.0,147.86448374466914,127.19686809231018,105.07284820192112,49.22619827404458
3901.0,148.25567967328897,127.32016335776832,103.90956827116857,49.35776629523576
3902.0,148.4603458845504,127.79991776055027,102.9566259426371,49.47979386087771
3903.0,149.09382661261935,128.46508961441677,101.85239956160434,49.587934703251776
3904.0,148.8605283434299,129.10590535074618,100.9653472120348,49.718263857633524
3905.0,148.26504572835685,129.81483078416676,100.44654254623384,49.951783628366705
3906.0,147.93472369416284,130.59321716397142,99.93082978191669,50.11299986611368
3907.0,147.654855054759,131.08101776107594,99.81794409188525,50.25722034017414
3908.0,147.48195257034837,131.5465952525014,99.90224287978167,50.44683221138212
3909.0,147.88222895760012,132.02141271901715,100.31320489803939,50.55494279155904
3910.0,148.30855293882988,132.58778664171192,101.17649388330955,50.68866651235758
3911.0,148.80248919895627,133.08444733253864,102.38838495636206,50.84843718209899
3912.0,148.6460676265334,133.71622679146063,103.25029466585615,50.97595992346263
3913.0,149.16843065003133,134.33000139200854,103.65393409226786,51.033802853002896
3914.0,149.890277544983,134.97319219226327,104.20975843022298,50.97202851886583
3915.0,150.71455593635784,135.56761417276655,104.53829210257821,50.89894388184875
3916.0,151.4463178830525,136.02214858083286,105.02519026936724,50.888134121859515
3917.0,152.004424298438,136.24537761667224,105.72705708828572,50.92290954198283
3918.0,152.44612605783124,136.28096378049835,106.47061807394752,51.06172057859616
3919.0,152.73746158121247,136.1517869112338,106.71887029346604,51.05115724680845
3920.0,152.96851630773176,135.9133102152743,107.08237052617014,50.95792015369222
3921.0,153.14302648799614,135.4687835896861,107.52145198292824,50.96800678429517
3922.0,153.00343198280456,134.43441368749907,108.36631727449955,50.97992839703641
3923.0,152.6030206228559,133.42375642190987,108.4822477425002,51.20554633043418
3924.0,151.77093622330915,132.28808760173706,108.63062213621821,51.397288582650845
3925.0,151.2458464085468,131.36903931666166,108.41621012227358,51.424885570787275
3926.0,150.98998382629532,130.5816143881376,107.56642615935475,51.37523081696632
3927.0,150.4924028334899,129.41385339507184,106.43735887518365,51.25020853733427
3928.0,150.0716906476832,128.54471171653066,105.47232714176278,51.2227813321718
3929.0,149.36353167554614,127.81760437484402,104.48760268191337,51.208825764377636
3930.0,149.18150096214157,127.03930377653273,103.56592322785754,51.13960124445816
3931.0,149.246919297487,126.927817123021,102.77636447353356,51.077245496829356
3932.0,149.38727973016117,126.83231454406234,102.4677061483776,50.87544159802502
3933.0,149.64557611437797,126.96540458979075,102.38746140050225,50.741194237063056
3934.0,149.90344386927728,127.17799491161477,102.52396021288915,50.76243358107445
3935.0,150.08309096633826,127.55940495415472,102.77377597987707,50.87646202205236
3936.0,150.07834324849694,128.14062264176425,103.19806345464917,50.879255652000495
3937.0,150.05545372467614,128.46149676580916,103.67284334678352,50.82971153530851
3938.0,150.4301988985546,128.60141268829625,103.89081055641948,50.8611180711606
3939.0,150.56076620551434,129.04033416084377,104.05389304505563,50.990683195488174
3940.0,150.6984015549939,129.38849026584953,103.8096293251658,51.073660531586825
3941.0,150.85387550888197,129.8582995212125,103.57221449912336,51.09733471365633
3942.0,151.04853709133624,130.32431729187473,103.19098663530184,51.116798570933035
3943.0,150.93922572123233,130.81550730249006,102.91745222391089,51.12124193553462
3944.0,151.01245805653417,131.14380175937754,102.94219828382688,51.07044223854717
3945.0,151.50937540346462,131.30578082452445,102.8687971626519,51.12679977575692
3946.0,151.54030209776607,131.39213416931702,102.94629237072806,51.23195119607869
3947.0,151.56453515620842,131.38723409915312,102.780706095112,51.24732684954576
3948.0,151.59214514332712,131.20443312517938,102.85978574504328,51.133821288637584
3949.0,151.5701204895232,131.2501044533498,103.26953114205276,51.008654361381645
3950.0,151.59213158858833,131.10809739200283,103.46577697800664,50.9404061785495
3951.0,151.40464469585814,130.83038365396567,103.84093672126,50.86701347894619
3952.0,151.2132528490232,130.44263376459213,104.19460251497944,50.864503262327965
3953.0,150.70760734665888,129.99485833573328,104.80340931800322,50.896951511933636
3954.0,150.28081100550702,129.7773154757989,105.48288939840029,50.9298655353614
3955.0,150.52745367087223,129.74771912258728,106.11716609823195,50.93535731694995
3956.0,150.54454169539048,129.86863916480286,106.45124041926977,50.98869406993266
3957.0,150.49756404365777,130.00805886729762,106.70353857460691,50.92626682476338
3958.0,150.34883096470395,130.1115759303851,106.9190821327404,50.91116608380411
3959.0,150.33204804087532,130.0249648802573,107.38155429803668,50.88816576758857
3960.0,150.27372610050833,129.9007555268891,107.54341727608733,50.90084102131898
3961.0,150.3331121636801,129.8928458260895,107.0263409259326,50.68659898923569
3962.0,150.51488905027867,130.07152312003467,106.31226608285482,50.48117082271331
3963.0,149.94156806094546,130.44957812020476,105.39357922501098,50.332464508835926
3964.0,149.10515228388994,130.35384213845924,104.29817281287184,50.2049398161953
3965.0,148.45752959879013,130.03236993590966,103.92815118603141,50.06611762427655
3966.0,147.96722248491383,129.7430013917301,103.34226928742139,50.00609037471757
3967.0,148.20134894066192,129.17297283225358,102.697460914002,50.07071680085676
3968.0,148.39033606469502,128.79831135946446,102.25292342634525,49.92997899509632
3969.0,148.5718468529865,128.55249811719617,101.90427399368643,49.858702554743445
3970.0,148.87784978886762,128.0654104517428,102.06618142461326,49.91960130182726
3971.0,149.30757703342738,127.39101353197529,102.12897274056355,49.91326678136653
3972.0,150.3836264699671,126.57762904466067,102.48047706904711,49.738249538651495
3973.0,151.43380306250452,125.9936277419717,102.60617089351447,49.57764172115866
3974.0,152.2920243297684,126.08732153022726,102.68878130242025,49.46692573237757
3975.0,152.8042908804217,126.15891528837618,103.21495370139844,49.36893634755443
3976.0,152.5480779401952,126.09838885847302,103.48426763836993,49.067909850566494
3977.0,152.4671809517277,126.14340641114752,103.27988273293994,49.03308785338645
3978.0,152.60910502578736,126.21395428321878,103.40077573806094,48.946381106936535
3979.0,152.64395071211956,126.18160871749687,103.54996044060344,48.80139789791924
3980.0,152.56456102360966,126.10407944442376,103.34792062317311,48.81542246756004
3981.0,152.0911638781937,125.92436757654929,103.15682830937979,48.99974187825575
3982.0,151.36578902977575,125.88756315871213,103.73079972733532,49.040779427617935
3983.0,150.9427379143592,125.17565072218787,104.19869726323951,49.16482649408997
3984.0,150.96009513080077,124.6047848457531,104.42934298795814,49.38086757257011
3985.0,151.0568078575375,124.09585471161176,104.84949364695433,49.667511322368185
3986.0,150.64826904081949,123.68512721549347,105.70531762628788,49.845782045394145
3987.0,150.20344526255596,123.06568062251611,106.58979192423652,49.981352133392804
3988.0,149.61288713175725,122.55383520024108,107.89583077100488,50.119312242123726
3989.0,149.0861087603839,122.4046000297636,109.10474995863818,50.10817210929235
3990.0,148.40231629262186,122.4749014147945,110.22090348605491,49.94970970600221
3991.0,148.0619888385711,122.47750707573483,110.66382394971497,49.942507321687515
3992.0,147.76348419035781,122.8406855791454,111.19568208620937,49.79269484286182
3993.0,147.1126542486466,123.38449556005001,111.52899003062686,49.61454217311761
3994.0,146.6567648609485,123.99406530083353,111.49968787526316,49.53006815528749
3995.0,146.30157972906184,124.45640460013745,110.97827964336828,49.50799515771445
3996.0,145.91341390511562,124.84284388203427,110.70098709358487,49.59497034070223
3997.0,145.60597464728872,125.29998220728946,109.74730014566136,49.72496926166407
3998.0,145.51106517239666,125.64636832181087,109.3572209019888,49.86492449965948
3999.0,145.80931477316136,125.895887162345,108.94550210176104,49.97712018751492
4000.0,146.31894321375972,126.38713989234408,108.93244631234789,50.01923845180531
4001.0,146.82782428364774,126.90433981990276,109.01039597298762,50.09848906092052
4002.0,147.61485925001642,127.07989818041129,109.3962820618185,50.16256890700274
4003.0,148.32374261292907,127.33468620359403,110.16073864221636,50.19963834016666
4004.0,149.06383776800493,127.48429738691026,111.00799645419926,50.29673456349515
4005.0,149.91513463879525,127.65566526237454,111.05773442107869,50.31633180990075
4006.0,150.77688575239915,127.86284328043031,111.22374002038296,50.300558431988634
4007.0,151.34472356020072,127.84319392841766,111.09931662278446,50.237267910043855
4008.0,151.84863731195242,127.49452515014133,110.6171812818852,50.29149821969211
4009.0,152.12202095462877,127.08094828095803,110.09102501633285,50.42977619081368
4010.0,152.11277353938246,126.41154263373521,109.26297775449272,50.72006488108288
4011.0,152.16151883200865,126.00909107296106,108.42981292914405,50.937514860884384
4012.0,152.1040615832482,125.65588834437267,107.76798145680195,50.873787560079286
4013.0,151.97706565639862,125.40144343458884,106.99861094000224,50.738920868511244
4014.0,151.5572312269204,125.32710173812178,106.77274242597416,50.60786896007668
4015.0,151.33858295176685,125.35803344642503,106.64402733566334,50.488136481613935
4016.0,151.56842284795354,125.54083723349412,106.56949175699273,50.41061544134511
4017.0,151.60666415800543,126.02755820818672,106.64574920695692,50.40621200937896
4018.0,151.63452264117277,126.556875968706,106.92651215618329,50.35121072089696
4019.0,151.52710845321548,127.1103420446842,107.16737838563806,50.12684743917095
4020.0,151.241462442825,127.68122473046816,106.9430500411018,49.937118498656325
4021.0,150.84639317509414,127.8691935754441,106.75423069191314,49.94924234867938
4022.0,150.37553721868446,128.39314058644146,106.52381989505834,50.03981020610738
4023.0,150.12534356096805,129.40612315841446,106.45625642865743,50.0886056084491
4024.0,149.5456928603284,130.48323952035688,106.51103489123602,50.19065480589703
4025.0,148.59405468269063,131.634849424033,106.40675547574102,50.21591799751805
4026.0,147.98051617944668,132.6711403869848,106.3949150818111,50.19036968984787
4027.0,147.17537304305932,133.688925696144,106.09114430567651,50.193029558602824
4028.0,146.92971960385742,134.95645598058948,105.90713521030418,50.133090676229294
4029.0,146.75414817304983,135.91123968085986,105.8929193935773,49.9969628741032
4030.0,147.0692461451588,137.23377007872637,105.74815670434282,49.751414805923815
4031.0,147.18228480154852,138.24324547340694,106.03456531659847,49.37167202874441
4032.0,147.47254311107486,138.7499559413298,105.79096095352374,49.05537562697114
4033.0,147.98991892124795,138.75726387938883,105.11264348352658,48.87028267020864
4034.0,148.40993511306567,138.7927824355444,105.1566387952288,48.769170473841825
4035.0,148.57892632133826,138.86163498178792,105.52916464275158,48.55383231850994
4036.0,148.89255858040676,138.74727803058704,106.24890472822196,48.29804086893566
4037.0,148.82575012407062,138.65377887081087,106.99446045942128,48.225577587673655
4038.0,148.66127750360582,138.51921726268827,107.4681713804206,48.284709417083235
4039.0,148.32746609395667,138.32828239848368,107.97822784043606,48.53756798781515
4040.0,148.4404506732119,137.77416925731612,108.11129060184581,48.88287113981879
4041.0,148.15588160037876,137.16269834122113,108.34696081394674,49.14875936422111
4042.0,147.45933826130798,136.6587001968719,108.73253015962061,49.1920435483174
4043.0,146.90149155864108,135.93323455908842,108.72030529540137,49.220973814468714
4044.0,146.59098502264868,135.06381667047054,108.38105910472359,49.13452177319881
4045.0,146.21424939352343,134.18247967800755,107.83725079475019,49.09337564845845
4046.0,146.25344546227035,132.81441102445135,107.75085993275066,49.00217236433907
4047.0,146.36570926004956,131.48754024296,107.83310168855503,48.97166745902575
4048.0,146.2487069049683,130.24603834857288,107.65681832138362,48.85794826579347
4049.0,146.18217362013382,129.28546062516986,107.35651057732939,48.61188652449405
4050.0,146.14520013162513,128.3293282270849,106.55882668609853,48.47951903808066
4051.0,146.51421440242993,127.65445132398612,106.03781305063339,48.334285644329974
4052.0,146.90193794830256,127.28839405958703,105.31568967109013,48.313975521823714
4053.0,147.1789563215828,127.1277474457075,104.6212643594554,48.404985153822224
4054.0,147.68828814733274,127.20765118288428,104.05052765307279,48.41583127444429
4055.0,147.6870132667779,127.68308811036896,102.92485750363548,48.48384413881334
4056.0,147.5421691507908,128.17060429374803,102.11754577893635,48.43426783153072
4057.0,147.35465292771983,128.41394406927552,101.43990755230223,48.56828868147331
4058.0,147.05221946709418,128.73078721785544,101.22157530820648,48.847399239889455
4059.0,147.0273108978281,129.1836930847923,101.32959351742632,49.09674176239333
4060.0,146.86138506258766,129.48356505670972,101.24236875801661,49.383859361432336
4061.0,146.6321725650758,129.51578442622161,100.84489254884426,49.58324986848546
4062.0,146.61659416468984,129.60047865611386,100.59192853271585,49.79696332882344
4063.0,145.97357671312187,129.6644606479891,100.08037110125466,50.12050464423989
4064.0,145.36717893502,129.73090623938896,100.03288716200554,50.34281127913269
4065.0,144.86613159081125,129.82814451734163,100.16719330085972,50.69516223883509
4066.0,144.5420232850443,130.03994769319286,100.50913886612734,50.8094624290554
4067.0,144.13531719603975,129.91346222994957,100.92446658068467,50.87971723884869
4068.0,143.725432409612,129.61904879272976,101.46386138104964,50.88893927407831
4069.0,143.2806562187807,129.17549469804098,101.9348962546854,50.999520175875354
4070.0,143.04400428460877,128.83869779919254,102.74932379544701,51.03326793116555
4071.0,142.76550330163926,128.38283763570277,103.58605782414564,51.09439774445458
4072.0,142.86114917785895,127.91767819698217,104.40741897709978,51.06580243042003
4073.0,143.3711188888193,127.63566888011258,105.38851473977618,50.89464476780087
4074.0,143.93167144524693,127.64629972416085,106.14381214473173,50.68658893505674
4075.0,144.6929685877223,127.69022846295064,106.5606152791423,50.44658522510233
4076.0,145.7358571066624,128.00248646528595,106.9455823606699,50.03461897839844
4077.0,146.86932525991347,128.38120047140788,107.49285344318837,49.66773303140676
4078.0,147.5783375237923,129.2453640972652,107.72263276852233,49.26478693902936
4079.0,147.9420606936415,130.00551542690573,108.42959697757414,49.007929223332745
4080.0,148.2545469660716,130.92159492935141,108.75507737224318,48.83966524566864
4081.0,148.55748736970858,131.43016001175909,109.53816590296522,48.718271717527685
4082.0,148.53676806228611,132.01410890975222,109.70756910555957,48.75590219643072
4083.0,148.67782888765436,132.39814478724676,109.89540414388017,48.794442043570434
4084.0,148.59028659603075,132.70727864063218,110.02807837364142,48.79163846507033
4085.0,148.2527159223962,133.34303416415824,110.10007079318947,48.996789840743226
4086.0,147.40592999057856,134.3297190500386,109.62881000424173,49.240295709832694
4087.0,147.06285929137266,135.08782481148685,109.98916924338643,49.40692942248914
4088.0,146.8866217111414,135.8256012019705,109.63884116057929,49.476058513249924
4089.0,146.70232200221264,136.43198420260913,109.24663455874534,49.484026600901814
4090.0,146.51987857639182,137.10613673417933,108.46046305044815,49.48059281385966
4091.0,146.25333195665237,137.42381801388404,107.75465026411241,49.466351611937036
4092.0,145.59434663048415,137.67669984663752,107.04818033842264,49.28135512570355
4093.0,145.33404927480598,138.25012519287645,106.41582843669859,49.38827136788161
4094.0,145.24904798247056,138.6379244924667,105.62704481920458,49.3169777349857
4095.0,145.68082145709735,138.3705463881478,105.12647318444618,49.22599564595012
4096.0,146.1806766849451,138.1026111458762,104.44750443454964,49.189363685324466
4097.0,146.24462511268223,137.86763659305433,103.88812159665184,49.10061889558682
4098.0,146.34844274939547,137.56678100709536,103.34772026402895,49.16884176522494
4099.0,146.50411127624662,137.31225357511485,102.8706369073233,49.26658767177403
4100.0,146.61479340113976,136.91975805536106,102.56231642144716,49.396825314216684
4101.0,146.9355352462745,136.50144328493732,102.29110970051953,49.57475292124897
4102.0,147.06540709229395,135.59328183562795,102.29727281732023,49.72230188525569
4103.0,147.24322621464802,134.58573492373557,102.57994371850114,50.05767552634395
4104.0,147.05477935729033,133.6666806283037,102.81580181397443,50.3731606343932
4105.0,146.8454306212044,132.8104210390993,102.82065648204767,50.608223050701696
4106.0,147.107366597919,132.216572463954,102.94054445696837,51.01970154359949
4107.0,147.5300667446106,131.756456974623,103.85240882564185,51.27042768929201
4108.0,147.7109925739127,131.44192907959507,104.61140180852216,51.46985597143531
4109.0,147.79020112356122,131.05205921489187,105.315251321089,51.49566171960164
4110.0,147.97054576671627,130.7976025301728,105.76746923092445,51.529644320290885
4111.0,147.89141122166205,130.50132620036248,105.82219628352158,51.4374310569264
4112.0,147.38138854761831,130.01454250741207,105.68185442978117,51.25694256599446
4113.0,147.11829021619238,129.845131169607,105.57085354355802,51.0290715862352
4114.0,147.24589435608596,129.60148034611132,105.6389783588086,50.903473514596534
4115.0,147.1029884402166,129.2959532743106,106.02117437144572,50.71775610805559
4116.0,146.75542292040896,128.81326526262183,106.12508916421156,50.5837050709997
4117.0,146.67309899004007,128.45927490171493,106.70140301480905,50.50161295831515
4118.0,146.82812302150361,128.42091997760818,107.36057207199123,50.669046592406765
4119.0,147.2765203919206,128.47415146513075,107.79628143686776,50.839771131420406
4120.0,148.12817930044994,128.34219019928707,108.17986409750353,50.981753981651096
4121.0,149.30590614385483,128.38662507392053,108.68659044147911,51.18873658064549
4122.0,150.21071293062565,128.42904035619776,109.45309738629719,51.30828857793904
4123.0,150.6468365231576,128.55970153990998,109.50008831843444,51.22771629306156
4124.0,151.34459980072342,128.52458899010725,109.57591333498212,50.970633668425094
4125.0,152.17373948130256,128.71368846531558,109.19581195629246,50.76546536670881
4126.0,153.12554312993552,128.74937882950454,108.63244689595942,50.562599653930924
4127.0,153.72747168323707,128.55246118405717,107.90362613699425,50.17581731705137
4128.0,153.85659216328037,128.35618221546338,107.71801722904958,49.79752217782193
4129.0,153.61305289420346,128.4663174204816,107.68523590002269,49.55872023725649
4130.0,153.52712423771467,128.49052268253277,107.40145487649461,49.33816770462242
4131.0,153.71306900903576,128.568125857143,107.04245420234341,49.16417718498547
4132.0,153.96854138250185,128.4290516679427,107.34366353981768,49.16721161141071
4133.0,153.96119476774737,128.25563078355296,107.08675357623679,49.258700158678934
4134.0,153.5083469188283,127.92757422263783,107.49509967619719,49.33355360254826
4135.0,153.09054932684583,127.62494386357251,107.93632539114648,49.45000067744922
4136.0,153.06773293474993,127.81425353896375,108.56715916059625,49.66097110050971
4137.0,153.5568581947763,127.9663851925864,108.67427293291911,50.00757616574075
4138.0,154.22366913994426,128.2281334021595,108.7778340694845,50.21125753792144
4139.0,154.8304723531322,128.61991160779377,109.07334846219925,50.32350874100117
4140.0,155.11903147203518,128.45689322469474,109.20609735458905,50.512282474204504
4141.0,155.2002808222005,128.51244751768525,109.16406242237825,50.69663110981085
4142.0,155.16738865636947,128.51433285617617,109.6135616563883,50.87760823866728
4143.0,155.47535291805153,128.76483866283394,109.70484790614476,50.95780428853452
4144.0,155.70515842988527,129.1323334419736,109.36785382143614,50.93171305166178
4145.0,156.00150073052606,129.04107330702348,109.02644907810931,50.85554712366737
4146.0,155.84163085271905,129.00804907679543,109.08867377878619,50.72858190040968
4147.0,155.37285061927892,129.3649325320653,109.56321761231031,50.66028114973722
4148.0,154.860296788256,129.70032812121008,109.99766500011643,50.670502463244716
4149.0,154.27143943762655,130.4669673416622,110.28313813002381,50.826442553609176
4150.0,153.5951051520804,130.95617872150453,110.50111495329247,50.97289093857319
4151.0,153.1144415557544,131.3033007778215,110.77471079502814,51.28471066205711
4152.0,152.47949599265797,131.56391374049971,110.87079904067403,51.6393376098692
4153.0,152.03700280627277,131.6353394414719,110.86812889171789,51.931801400876736
4154.0,151.6683369322625,131.99773163946395,111.00282800451485,52.14938080441886
4155.0,151.5429568291879,131.92951752311467,111.06264011202201,52.16501274193425
4156.0,151.41713485072998,131.57888452227127,110.61138442826338,52.11013938538993
4157.0,151.24067501969222,131.4160369431436,110.20080296728251,51.96995421474575
4158.0,151.63292620647533,131.22190400288693,109.52368462252464,51.61825179267983
4159.0,152.13593062917127,131.10972613971444,109.0629423581178,51.28045684871829
4160.0,152.85500870285193,131.34981411180004,107.79527303851344,50.744314889767935
4161.0,153.2083386948208,131.54992980050187,106.92339754950237,50.22601891679329
4162.0,153.2130404628444,131.7169245738369,106.00659496231356,49.74971344948349
4163.0,153.2350417536479,131.45243408967949,104.76851772249606,49.36771472203047
4164.0,152.6416076554711,131.42082074679286,103.69567330744086,49.124108978961004
4165.0,152.09158837443934,131.20398572815117,103.03955914202696,48.92944429289311
4166.0,151.53771898741124,130.76719699552052,102.58071029825406,48.657159015230846
4167.0,150.56583192109966,130.46638423788016,102.49627699565184,48.45298132538608
4168.0,149.88232591334773,130.38667232016473,101.79975711145259,48.344481612500296
4169.0,148.95089875987964,130.5148962151742,101.70224792993297,48.32746873876496
4170.0,148.4183357795553,130.43656708681758,101.50550696835057,48.357826849620245
4171.0,148.08346730118595,130.1367290297574,101.19663674355009,48.417875259728845
4172.0,147.69744240627628,130.04851153535645,101.0469713648227,48.374971127697464
4173.0,147.5924075407687,129.86585562600453,101.02724147949124,48.34371774222421
4174.0,147.72769594631254,129.89633697649072,100.74356949227221,48.344037519887486
4175.0,147.9157102962075,129.83501275669488,100.3133031721084,48.57224917817747
4176.0,148.19250176858338,129.5396856521578,100.15818669822796,48.81678464254444
4177.0,148.33745963951807,129.2334908949648,100.50927154076186,48.94166842205077
4178.0,148.67669044924492,128.52169385164913,100.8174005042082,49.09342551798398
4179.0,148.84473894552326,128.30056581546984,101.09215223692534,49.187190971119044
4180.0,148.61833191700106,128.44581348397156,102.08347671390698,49.276818393895915
4181.0,148.10209336532674,128.49532426388689,102.40879903450129,49.47512288284294
4182.0,147.8339412705564,128.69410837770306,102.86199552665815,49.64409967742963
4183.0,147.43709036183893,128.3121624112055,103.55032689372312,49.72647727218418
4184.0,147.15366424067014,127.91359377005949,104.3829511516209,49.59305677941964
4185.0,146.88943972244857,127.5970584601671,105.03097191344395,49.43601015231674
4186.0,146.50067196387343,127.19081855074138,105.63089331113855,49.37008421441772
4187.0,146.37279998663286,126.95105210456447,106.32543740948744,49.3568596337257
4188.0,146.16894101048675,126.85663848489001,107.16275113004447,49.290976872199145
4189.0,146.2411595553753,126.59093177424458,107.64866760390635,49.34453605032203
4190.0,146.61657975242898,126.69149959480835,108.1874149565692,49.420069697607374
4191.0,146.87135092198608,126.79757483619366,108.45923392919275,49.53501896278816
4192.0,147.28665627028693,127.4900977513068,108.17546598782081,49.72500873844475
4193.0,147.51822053479395,128.47427997701604,107.75853210577857,49.89815891192801
4194.0,147.805310344776,129.54164182786,107.33525754360801,50.07307905351768
4195.0,148.19370608219427,130.13220005073794,106.96787067439502,50.207846662905794
4196.0,148.42885625854714,130.55380379869098,107.0035848162223,50.18808431015624
4197.0,148.89690772718504,130.51983289940256,106.77598178107652,50.16885533211004
4198.0,149.34200110679726,130.50099830443705,106.58036575652497,50.3260133106074
4199.0,149.57118979657156,130.40355868569532,106.51212428755169,50.28521358636619
4200.0,149.7210406526675,130.24410042044735,105.9568354884037,50.249498564560255
4201.0,149.52076539649548,130.038850283825,105.2237862011545,50.15184376681662
4202.0,149.61671561678673,129.82886693324548,104.5391389218764,50.173375380437164
4203.0,149.72924774873266,129.84025940828647,103.7632296549299,50.14464347061426
4204.0,150.05313857527028,130.24556971525504,103.2526936962326,50.06490952606322
4205.0,150.11833311275473,130.44523832379764,102.41765777012048,50.11037607884617
4206.0,150.4909874050207,130.74630438050835,101.86668661935634,50.17946358178646
4207.0,150.8031796212794,131.60475224665635,101.37677960965232,49.99928436977809
4208.0,151.08403292876827,132.1830408262229,101.52762816248396,49.94068816261697
4209.0,151.62662043462336,132.50460198519355,102.12922325132817,49.83547204940433
4210.0,152.42608274708618,132.78540695209904,103.4229061586793,49.94966026584905
4211.0,152.83716753875137,132.61328703494632,104.65059868024004,49.999058721467875
4212.0,153.485773321876,131.8892444417362,106.32642840928231,50.01553087397858
4213.0,153.61581159940584,131.18330918151096,107.28224835196077,50.105538169783884
4214.0,153.80886519064677,130.58587723770148,107.96117952651407,50.17344805147173
4215.0,153.84615407818302,129.9404219416143,108.3270986752916,50.27422578774108
4216.0,154.17817397438503,128.5088079544059,108.73719734776786,50.30717711693574
4217.0,154.4650664550795,127.50442886813066,108.92078277078832,50.50634965915385
4218.0,155.13410340317702,126.84754085323127,109.06558620710342,50.831402662434165
4219.0,155.6608778822454,125.94527405381947,108.98597498515475,50.99113112452124
4220.0,155.9916620527565,125.33972244565074,108.5053267431167,51.20776119433914
4221.0,155.97130977368874,124.9397359745514,107.83704014227655,51.51188709200627
4222.0,156.41454412588257,124.6308894193676,107.51895512517936,51.76832317469043
4223.0,156.73467815962863,124.33972083916508,107.25062531010612,51.96481003757572
4224.0,156.90162147935794,123.84624725100139,106.94123536668995,52.15273224749775
4225.0,156.79144963975997,123.68440273844067,106.92047263149014,52.35234080412175
4226.0,156.62081269729165,123.16582783780281,106.98553710344271,52.40529968387833
4227.0,156.1695005337474,122.7509962004369,107.16286003109539,52.39186728542187
4228.0,155.71880300964995,122.4796837795738,107.29717356449815,52.34605398162271
4229.0,155.3078857868321,122.2410641006916,107.71496133200024,52.18103695116717
4230.0,154.66660329868884,121.83053555715907,107.73009944846851,51.90026009394441
4231.0,153.95881229773204,121.58122987097519,107.91155877377705,51.72130804396107
4232.0,153.29364663321684,121.84948382451088,108.02759479730261,51.51560621336842
4233.0,152.53403495708594,122.45821294942631,107.99718719036329,51.303541175889166
4234.0,152.08350298123565,123.15562137028508,107.78381766465627,51.125682781890276
4235.0,151.71041385980644,123.80322117512874,107.65812758895527,50.93896006482605
4236.0,150.97615932339133,124.34568868628585,107.11601537162305,50.720322404111016
4237.0,150.56515745193846,125.04139678113559,106.75844253172961,50.53004748847504
4238.0,150.40175940577296,125.94151497220048,106.66315866982613,50.57625583369636
4239.0,150.74240526005565,127.13950242991339,106.59917207856667,50.727432744935626
4240.0,151.03769275276096,128.0209369255823,107.06363215446112,50.90283362182537
4241.0,151.35215539026882,128.20172288075682,107.97198766259682,51.042724947801226
4242.0,151.69412958774447,128.1577212406858,109.0615068252851,51.20152975672468
4243.0,151.5333345816448,128.1345881747274,109.94102212826247,51.30049821885804
4244.0,151.54815720085833,128.35745774514746,110.76231808653267,51.42112566741175
4245.0,151.84893302205828,128.5032984761179,111.59026878821719,51.54195668964573
4246.0,151.9112367476852,128.28828900238003,112.46541885026075,51.61052308639929
4247.0,151.88334103497021,127.83310993758413,113.05194091012314,51.543407666999656
4248.0,151.91339230727152,127.54713059424026,113.82631066475318,51.55407410845143
4249.0,151.69061922838935,127.14543129441267,114.0510800962473,51.38000801253407
4250.0,151.96148075872756,127.17505881130813,114.76582516528995,51.20810849990642
4251.0,152.28062146405742,127.40831027898167,114.79157717757859,51.03847158689659
4252.0,152.86442912033453,127.90347282805314,115.01129476490325,50.93314642878334
4253.0,153.4964279904731,128.39622202608916,114.75419535702221,50.909925154527485
4254.0,153.65469450453165,128.66278312867354,114.71236361480905,50.93198634609352
4255.0,154.0324433346658,129.15733293685398,114.35482899710058,51.02702955091943
4256.0,154.2761317196695,129.8792655847712,113.84467611975772,51.06508216470985
4257.0,154.12509944903184,130.08837555375752,113.64712344069994,50.98062367240493
4258.0,154.49249478561194,130.83209633730658,113.8081224466429,51.108925149233556
4259.0,154.44528205767352,131.3654351778831,113.17361573485405,51.296283885838776
4260.0,154.4849040029808,131.8525763935978,113.58245627934548,51.406782318281
4261.0,154.1672621290257,131.90378095167313,113.97640421097611,51.471799612536905
4262.0,153.59878154516264,131.97325646861876,114.66825951152231,51.47073501222674
4263.0,153.15298255879802,132.24912728941976,115.2540478900568,51.2925144590292
4264.0,152.27329462689073,132.44557157674342,115.78063991924161,51.112063827572634
4265.0,151.81422393692856,132.91182503984666,116.89081210318406,50.94626153877001
4266.0,151.62563986367144,133.47483394935804,117.36804949180318,50.837612194448475
4267.0,151.23769165437693,133.81713934065004,117.55648165559165,50.50581611772277
4268.0,150.61240612760272,133.9829562696897,117.8501158634241,50.16802762022811
4269.0,149.9082358350817,134.11041735108304,117.7211562756876,49.870237400268536
4270.0,149.6740256584338,134.35705581954522,117.27143852569196,49.60522531849566
4271.0,150.29710002339976,134.1901455251379,116.48507201500875,49.30280654432842
4272.0,150.56626018524184,133.81319045742237,115.70048258443822,49.12600361364413
4273.0,151.3653888025369,133.6076597325909,115.2011549828094,48.8922747444617
4274.0,152.04691182687858,132.86647147385875,114.1164070529435,48.67732675543898
4275.0,152.69255821080154,132.3341976936284,113.50000413948133,48.42494423251692
4276.0,153.56716669236855,131.54592208743657,112.57479535669799,48.290707765660976
4277.0,154.48925124057288,131.2066287876504,111.45814882095459,48.18769034229253
4278.0,155.3824639634413,130.83047770732156,110.67224853635402,48.1938063215434
4279.0,156.38415408893295,130.18031807849798,110.33971182347373,48.17273295878001
4280.0,156.7077852372674,130.14755031393062,110.13177821317073,48.208557954742375
4281.0,157.22108608659272,130.47827415330596,110.2479247902019,48.26261051404897
4282.0,157.65821905145174,130.84812747617792,110.17068986762132,48.51287405879798
4283.0,158.07635782784013,131.6300118263556,110.51078003573711,48.81177005491866
4284.0,157.96792748759245,132.54858077195533,110.58112192064468,49.16098118549165
4285.0,157.46715990320536,133.60572543595256,111.0149733256969,49.45440519768546
4286.0,157.07649097321374,134.75567217053876,111.49072285639187,49.86897498901862
4287.0,156.45998242195475,135.93330521206306,111.36532923092783,50.1679626537573
4288.0,155.08956720688823,137.01937993938938,110.95040371556746,50.52338923115608
4289.0,153.46322299031326,137.96292677947582,110.41522474190486,50.90496281343715
4290.0,152.37476643799573,138.65598682932918,109.80205895165534,51.22129220783522
4291.0,151.34395119738033,138.87577436190463,109.16424944367161,51.31188677798624
4292.0,150.31590106042034,138.49498950122444,108.27884387000518,51.36761158529275
4293.0,149.67005607383152,137.71648549346762,107.42853097960307,51.37372169059841
4294.0,149.1111252649987,137.0993175093541,106.06310417251791,51.32751206073982
4295.0,148.65810310625358,136.12668077764005,105.01563545017669,51.07791911768035
4296.0,148.4214321961122,135.0043636375563,104.83071831158415,50.889758968112474
4297.0,148.61451678766844,133.98566633022108,104.69407363488627,50.60214537458473
4298.0,149.05475219656762,132.54130473399397,104.69688119237495,50.28570322234317
4299.0,149.48827733106094,131.1079991481421,104.59747008565232,50.05159085577645
4300.0,149.53843677782237,129.7994223995953,104.82742761485568,49.84926088504482
4301.0,149.62655747696283,128.6211154049958,105.21707176755292,49.61451815983526
4302.0,149.63143007723448,127.87619766999158,106.00945533398864,49.48900878154941
4303.0,149.3466875203937,127.12927741807727,107.12899090424031,49.42504455817114
4304.0,148.9392918631455,126.65550011582528,108.0360041398122,49.341277644077195
4305.0,148.6213387853403,126.50050971789871,108.19891479177332,49.35865903610972
4306.0,148.3187254882087,126.93262950827611,108.67823793175735,49.47095682811983
4307.0,148.03885198020507,127.68245311093399,109.26196148021799,49.58721812266852
4308.0,147.40937962636914,128.62654695741935,110.1352045857137,49.619694307943895
4309.0,146.93320666135097,129.91425602276237,110.44846366601922,49.65956001072173
4310.0,146.29290821931212,131.26137389222455,110.42484232219803,49.66260668920924
4311.0,145.60273083067037,132.4966885049251,110.48077363946683,49.684976869506215
4312.0,145.02370373985292,133.51468744258545,110.55178264032705,49.69123582883905
4313.0,144.60829665305084,134.27897967235938,110.4539958877372,49.71173059991131
4314.0,144.18508195395833,135.03744173143022,111.0111835574014,49.54345742293976
4315.0,143.63255617745386,135.39659961832783,110.84931123935229,49.41208925930391
4316.0,143.10913644580046,135.57911112512306,110.6047370353327,49.32242075729118
4317.0,142.5295572075379,135.57269024801434,110.01245006564537,49.35302064856722
4318.0,142.09841482636278,135.42681366994495,109.74440861929078,49.57000120379154
4319.0,141.95451369428417,135.62502235425328,109.40130490159117,49.88378416350419
4320.0,141.94195694198845,135.74834339154515,108.40024394590618,50.08039792164067
4321.0,142.3478264359704,136.01027044477536,107.44776578296235,50.27233739375984
4322.0,142.7902656041968,136.57176268166288,106.62365393406142,50.52852690136242
4323.0,143.10592409522945,136.81656185813512,105.31811636666899,50.876954385787045
4324.0,143.76879149922746,137.01252858206107,104.53567855989476,51.182438364769766
4325.0,144.27083780434432,137.0722082461139,103.98298964017268,51.42970097683312
4326.0,144.94012834927636,137.50322160208444,103.41370486305647,51.63307863494786
4327.0,145.57527400386917,137.89243110898184,102.82345925782161,51.64781640121898
4328.0,146.18995080829666,137.835042912677,102.66601239078236,51.65867136154797
4329.0,147.11008233932284,137.7454585479702,102.49983539735186,51.68781333165809
4330.0,147.340003653101,137.54599486576174,102.60828525599247,51.6768401602549
4331.0,147.61993009630427,137.15099066215288,102.82814045068575,51.590751956669976
4332.0,148.11105161165398,136.78128556746043,103.1599622268381,51.42755775174578
4333.0,148.1475267308549,136.32748531738767,103.30725408489585,51.239623653109824
4334.0,148.42135584541782,135.7677510558129,103.45898993879835,51.03117150658879
4335.0,148.47439183637357,135.21238715344163,103.52109171562476,50.768059464505804
4336.0,148.58086663185074,134.4750950666388,103.75507551483578,50.5335197594258
4337.0,148.3688580006629,133.9478418467227,103.82997645303672,50.30374013377813
4338.0,147.8582848250192,133.25398176266668,104.26530415639752,50.00658423262915
4339.0,147.94157242555042,132.855155425526,104.26014037145075,49.59070699685406
4340.0,147.98182440394527,132.08993399005115,104.15689408365054,49.256141007794064
4341.0,147.7478935411506,131.71725786998877,104.2049771692524,49.02342389224161
4342.0,147.86700708415862,131.33009880387363,104.21240431123321,48.83108341473095
4343.0,147.497167785879,131.55562162190728,104.29963234458513,48.64801032548091
4344.0,147.28585346634046,131.36499119094006,104.67163428772062,48.55021046049916
4345.0,147.0592018546106,131.58561391691063,105.25173389269068,48.5012738106169
4346.0,146.76927236171485,131.71244001479437,105.57620602101514,48.516705794536676
4347.0,146.74863000584423,132.0948796418232,105.5773262187376,48.68049457054196
4348.0,146.6702073634891,132.21394474442127,105.84934517472324,49.10766306602071
4349.0,146.64509657329046,132.8117549621038,106.05744898039313,49.5893632552399
4350.0,146.59358573735815,133.03005042283212,106.09808988753294,49.93676188234458
4351.0,146.67663724974037,133.51205700398998,106.42050620828152,50.30194507404178
4352.0,147.1523073234671,133.64080539479014,106.84225825902833,50.63652196845857
4353.0,147.66827183341294,133.7762392780717,106.82257049180954,50.84564796803505
4354.0,147.93499403307038,133.58163627858093,106.59721566666582,51.03683128572523
4355.0,148.274770208283,133.33752953180976,106.79691037769572,51.05607523111937
4356.0,148.28997169757574,132.91654337654575,107.05127644472931,51.0677096946387
4357.0,148.02099753629287,132.4956709461345,107.41258828125274,51.014686449917214
4358.0,147.4616161303215,132.23569340915162,107.74803105253028,50.94057516643776
4359.0,147.09324698074258,132.1881322043267,108.12825285385404,50.94567462761678
4360.0,146.66728708241249,132.02625848680364,108.15737659163639,50.85483311324195
4361.0,146.36544484698015,131.79940692321216,108.29814229874795,50.892488265274736
4362.0,146.0589505193032,131.67015813543003,108.80352225907268,50.9177502529869
4363.0,146.04247839978402,132.02511503390835,109.14984060268678,50.93538288010428
4364.0,145.97014401840607,132.40419089119942,109.51528404378058,51.14026096193597
4365.0,145.80318668290846,132.84564743805197,110.07244991181882,51.15363851923437
4366.0,145.86857568376024,133.20114661826727,110.33007531573651,51.2586916729219
4367.0,146.3493439399268,133.38803065310415,110.95749772205366,51.31790799873025
4368.0,147.0393906772604,133.32163171181887,111.71381123198131,51.29818842402102
4369.0,147.24205221666793,133.28355259653097,112.40730691209424,51.29748385723612
4370.0,147.30135295467005,133.5816727176483,112.71175022881336,51.1299176102211
4371.0,147.2107176486981,133.89043755247877,112.90695004097967,51.03144620794829
4372.0,146.60873162558036,134.01524687302097,112.94610126835569,50.92041440102562
4373.0,146.19324993861142,134.32350967982106,112.96596736847562,50.647155892885024
4374.0,146.2695132366347,134.7504892195038,112.80373988496466,50.39845495412284
4375.0,146.6226890439308,134.84315699156537,112.56658907511454,50.085860590034045
4376.0,146.7967915349904,135.05123386555422,111.86182970192178,49.69736198985645
4377.0,146.93783946842558,135.14201435246872,110.76098919569804,49.38065659006763
4378.0,147.35718088014949,135.07909480806237,110.12353900333618,49.05463579515819
4379.0,147.59922049124984,135.16957454744417,109.85507225703063,48.866043856188625
4380.0,147.72214460267762,134.758524414614,109.55072854460573,48.689585933462496
4381.0,148.1294321311447,134.2401220735157,109.42375075349338,48.52580052591337
4382.0,148.66267871694572,133.73372008903374,109.14655672171796,48.35340270697638
4383.0,148.72624858240368,132.99792923918594,109.11653167883999,48.29179272075253
4384.0,148.54864657619663,132.6056712902762,109.06070428609543,48.20583823763538
4385.0,148.24373423265376,132.11116245296478,109.11229920379266,48.25804676568511
4386.0,147.95848231126163,131.76039683712014,109.3107686032327,48.27357955014351
4387.0,147.82790289971388,131.73084380211597,109.30511938031312,48.265520165488006
4388.0,147.8660881382658,131.40703152139758,109.14875008411066,48.13216914088474
4389.0,148.26454196911385,131.34615861495845,108.88412322880225,48.0372266742582
4390.0,148.6541486416516,131.3500308062264,108.90108795291805,47.9604761493518
4391.0,148.97503662120016,131.23927954142923,108.9124896994692,47.828950413561
4392.0,149.54606188266717,131.42752259524536,108.82033783733785,47.67726042451813
4393.0,150.31517116436493,131.67958688715194,108.892192328182,47.547033526404235
4394.0,151.04268269426015,131.83055095935342,109.03273489981154,47.3722407123086
4395.0,151.42959100926953,131.7891187426959,109.24386585320687,47.21436363507577
4396.0,151.67165720251958,131.64943229797407,109.43604894215626,47.113794494352504
4397.0,151.6632989205873,131.24918444552554,109.53407268978332,47.11947747288808
4398.0,151.763181940224,131.35108465523936,109.5441856308815,47.02720699032005
4399.0,151.65789198579097,131.31080615538423,109.60244700884056,46.93107973910706
4400.0,151.27213230092275,131.37478308621172,109.43532702685286,46.85489101801388
4401.0,150.72053598530061,131.35487122864092,109.26113646784282,46.809883482324906
4402.0,149.57315647086656,131.35846402429178,109.17415942893753,46.68593615006895
4403.0,148.57804219856448,131.3350275278804,109.09708816570134,46.55524523433396
4404.0,147.71176042201873,131.53446088392175,108.69865116333487,46.36896775449109
4405.0,146.8958366982084,131.6487207812097,108.27204969666295,46.089391075134074
4406.0,146.1120481739244,131.86572619048576,108.15493635698357,45.922070112448054
4407.0,145.1628268723286,131.90517613378984,108.52126993287855,45.83168206085311
4408.0,144.8278853491982,132.0934472710906,108.33424755962807,45.80985938880279
4409.0,144.7052684595832,132.17087775934485,108.10719159838577,45.979254681186546
4410.0,144.8773114019168,132.03776449696178,107.87804223768492,46.084958498135734
4411.0,145.7224463279384,131.83169208299506,107.7786972898141,46.17188494238226
4412.0,146.39344983409143,131.74449706423994,107.79761618763004,46.22709806407934
4413.0,146.8588155059179,132.07226083236475,108.1308994383583,46.39734340797646
4414.0,147.11447841983696,132.22285834747993,108.60018480933446,46.73092574370165
4415.0,147.2632993101049,132.721942089334,108.77289439121205,46.967901968098495
4416.0,147.4651602582596,133.11116338199813,108.91383520989541,47.122880220230506
4417.0,147.21073351291096,133.53991868634398,109.46735570213292,47.2046750455055
4418.0,147.217717110981,133.8773113401383,110.19706447947729,47.273869575547344
4419.0,146.96987071554543,134.28006555411187,110.79281634623614,47.32969872607224
4420.0,146.67476218385178,134.65168815268714,111.10696654707047,47.506142525522556
4421.0,146.64307283188703,135.00188485689787,111.25611236795325,47.716689521644824
4422.0,146.72603635025507,134.98046455647534,111.05233383865577,47.93307742229263
4423.0,147.16652136899788,135.13228296953153,110.75439482522461,48.05954063221192
4424.0,147.85378310946552,134.75873972129804,110.29565731930366,48.17953332976074
4425.0,148.55150003098177,134.17933591512522,109.61594782554599,48.499779989701516
4426.0,149.25681738530773,133.20301210205477,109.00794498683705,48.755612167711455
4427.0,149.6755234224657,132.32551207989326,108.56207263588652,48.969085833814454
4428.0,150.02175665434257,131.7925528943652,108.44694031378286,49.11623392553062
4429.0,149.93399205287704,131.41582113089257,108.39841458542338,49.18505390726216
4430.0,149.86761144736892,131.26935124728578,108.40129757197347,49.38515710404839
4431.0,149.9126837448831,130.88320229121962,108.64338463021937,49.459641111443865
4432.0,149.79156793603335,130.59748121584676,108.75254174106706,49.705586711767076
4433.0,149.8890212218338,130.5046087539022,109.34803665590303,49.855635798349475
4434.0,149.98294539944953,130.60032030430332,110.0063485621629,49.94832765962741
4435.0,150.2310171860389,130.8145974819526,110.47793264743467,50.086821173267396
4436.0,150.45273161517164,130.83075093704196,110.55250682057635,50.07240818343646
4437.0,150.76664126509672,130.88558820776092,110.24174057281213,50.06512218137503
4438.0,151.23311831464878,131.20389995195418,110.23603700301969,50.05988942771904
4439.0,151.6887096038731,131.1505802656119,110.42389621586706,49.97330038123735
4440.0,152.16640905627364,131.79893950096957,110.62186257913407,50.06022114883018
4441.0,152.78452406843527,132.53532015966948,110.96449605892684,49.98836495075655
4442.0,153.10069260521342,133.2761925158349,111.0418269401786,49.94294355045139
4443.0,153.14065006162062,133.9970081291986,111.13444830818436,49.7928739239201
4444.0,153.14295162088956,134.54143882585217,110.81068004172775,49.73652739557676
4445.0,153.0553533383151,135.12068837429138,110.86293501757454,49.84596145920296
4446.0,153.02919111448105,135.3421136187421,110.9812458112119,50.04606742364564
4447.0,152.96802812780112,135.32054021905958,110.75967510718807,50.25373118454946
4448.0,152.85443037916693,135.43756379208148,110.51766346898063,50.37188989415436
4449.0,152.78563376290708,135.22392427613883,110.59887348562964,50.418107943104545
4450.0,152.76857690854018,134.6593052053482,110.71768222450821,50.413296119725814
4451.0,152.63178561232016,134.2329644257795,110.70307233089076,50.45389742702054
4452.0,152.67190139738025,133.86162804440517,110.98319778111261,50.549064262130116
4453.0,152.73640641352932,134.1064240314553,111.7961503753165,50.51831355876101
4454.0,153.02486942133856,134.2831459531745,112.61921708692083,50.45153675266005
4455.0,153.37993580823536,134.7247742700509,113.28557262448817,50.24383615604369
4456.0,153.73873523593156,134.73856085012525,113.56855929970338,50.014341445812214
4457.0,154.30605987252724,134.77449752498467,113.54100008977,49.791805164233025
4458.0,154.9954684718607,134.57853904545823,113.68283821618847,49.56289354312402
4459.0,155.84968719489436,134.49528432506298,113.76073753712684,49.45479194085008
4460.0,156.8976529125863,134.0997855394733,113.42614225628442,49.325911707818825
4461.0,157.6850570805692,133.5912326217986,112.36564018908003,49.11441332243458
4462.0,158.1971718807016,132.52348981149675,111.40587603254214,48.96447147827231
4463.0,158.59843977882608,131.76452372745513,110.57177905434621,48.76058045428887
4464.0,159.0151088578514,130.86186182860592,110.35986407399457,48.70162692978603
4465.0,159.610100737773,130.38335514969467,110.33309323323927,48.62295008265449
4466.0,159.6339410520548,129.76734237950026,110.18974574605473,48.575932525410785
4467.0,159.09116379275682,129.45216358107194,109.34077953990695,48.57613410665184
4468.0,158.27183525624375,129.34204841762514,108.60738379188477,48.611609662878394
4469.0,157.4472783498633,129.49338942811258,108.09302051635747,48.71026881261576
4470.0,156.4751071944787,129.768227634327,108.21092494467,48.92466830960616
4471.0,155.72314079596939,129.84337042564965,108.03573023694062,49.004082134081
4472.0,155.11077748206242,129.7521744775664,107.72448585370653,49.08826136034137
4473.0,154.29953781662127,129.71607666203403,107.17536926940919,49.19804622959179
4474.0,153.24126218547457,129.59046654024166,106.78176044006659,49.358643165658094
4475.0,152.39996587575865,129.64375883795705,106.64598996265269,49.51974977854524
4476.0,151.6516284090191,129.20595744482839,106.73916720665706,49.66146944193036
4477.0,151.24749154006,128.67785104335226,106.74164702063587,49.599893906890834
4478.0,150.75113348376883,128.22730798813745,106.92477768283385,49.42986716060168
4479.0,150.64628673387793,127.64942164268186,106.59563007440248,49.155414594978815
4480.0,150.44410197015404,127.45679132966846,106.66495680202341,48.99362156042551
4481.0,150.02733064388937,127.34384499000292,106.75312036397975,48.871349828001044
4482.0,149.69696257534403,127.1317409529912,106.60167802110189,48.78824770315374
4483.0,149.7844408882468,126.60222077593505,106.47382790250055,48.85957332983109
4484.0,149.9020503437399,126.04004536872533,106.47953185582858,48.89922104534996
4485.0,150.26979976710518,125.91521249568443,106.29719225056576,48.85709308383741
4486.0,150.19328647604888,125.82681292546958,106.22536961540774,48.92386480407561
4487.0,150.2417198275793,125.44442560625758,106.21122961119653,49.04112841641951
4488.0,150.1955722612516,125.18330757702721,106.43325020971412,49.257685995654114
4489.0,150.24677977400952,125.03288980584084,106.4706570909059,49.52961933122326
4490.0,150.69274537540406,125.01008914443834,106.45861740466697,49.865650680803604
4491.0,151.55808190993764,125.29251621666567,106.6862692456027,50.128362528598096
4492.0,151.98889630600272,125.96507638336054,106.94411416926823,50.11074862238809
4493.0,152.1764808976901,126.62666809457885,106.84166288389227,50.11214721076899
4494.0,152.5570906653663,127.20991347044115,106.88156686567423,50.04270701939306
4495.0,153.26645373019494,127.63782644515773,106.91409454684162,49.84353331090834
4496.0,154.03548893476543,128.22270494448844,106.74598027016773,49.58578588634009
4497.0,155.0319271742146,128.8225956187481,106.4556639909442,49.29066204156889
4498.0,155.92303929139013,129.49009432546796,106.36454687506227,48.92159640019322
4499.0,156.4145900384317,129.9918794426111,106.23714912014889,48.44094474148687
4500.0,156.23370175533904,130.18665293075256,106.11303502004273,47.9681106511824
4501.0,155.9290381416045,130.46070910238896,105.86448123049246,47.64870305118134
4502.0,155.73756171687367,130.3617414544726,106.06962436282637,47.407302449574715
4503.0,155.46912819650169,130.15018389162643,105.98308761453907,47.3096109616172
4504.0,155.1545890639189,130.17138215493551,106.19205911933497,47.406678594102
4505.0,154.7514418790006,130.56618348256603,106.13854612374512,47.58420349879672
4506.0,153.9849172422876,130.68858458819255,106.06712811198577,47.844000983989844
4507.0,153.77563245085457,130.6993878684842,105.71522324390872,48.195872617971794
4508.0,153.56077570868226,130.64890224660274,105.66515414039426,48.721913340551865
4509.0,153.83115824038083,130.57082016080506,105.8122285588119,49.19195206806151
4510.0,154.43767878375547,130.27073217308603,105.86587416034916,49.65858890936413
4511.0,155.1848060440101,130.18023946190937,105.82809846960632,50.104336908439905
4512.0,155.3602925687855,130.1689154030458,106.20723839720985,50.42609714273948
4513.0,155.30609363768684,129.866973018023,106.23317015426781,50.657794255690604
4514.0,155.16695630090308,129.54249479756407,106.75689773853551,50.85367925551782
4515.0,155.27274855644822,129.48076092305928,107.52501230151525,50.784247463370896
4516.0,154.6731069409338,129.61806125046976,107.91403273208778,50.6593628592377
4517.0,154.28010906261767,129.8680585462106,108.09262691181661,50.42955471281876
4518.0,153.56630788113563,129.93727725318257,108.04072864301101,50.32587463792264
4519.0,152.89394393414318,130.02773600513788,108.22380400499016,50.2257310721078
4520.0,152.10876606190544,130.21113291332694,108.37417010075413,50.08161864881656
4521.0,151.81226701673847,130.4735903803324,108.53368037465792,49.99991491934204
4522.0,151.89472617562345,130.65024772992825,108.53305738838567,50.06306764504378
4523.0,151.98931070063304,130.32588249274036,108.1706360692477,50.070671707833135
4524.0,152.0974973261001,130.01274037315517,107.48354109063128,50.22165988434607
4525.0,152.55056898422208,129.75656711703834,107.0150656704442,50.268489464151905
4526.0,152.88141933587528,129.2942493957242,106.25359054764073,50.34018438267945
4527.0,152.8941826259224,128.85879195541378,105.38222392134558,50.27462159795132
4528.0,153.00760909188205,128.51817762975503,104.47313822594268,50.114686964025815
4529.0,153.37638769489348,128.08717534082896,103.46895033241042,49.98292980840289
4530.0,153.45318582549288,127.41112482088332,102.59102971393452,49.81968416874794
4531.0,153.58097026923954,126.83703783613004,102.07661295123103,49.46511103943914
4532.0,153.65022528863093,126.57133509026887,101.97337520920196,49.18912267053957
4533.0,153.5948993347651,126.14174316473853,102.3364874335887,48.92183318230922
4534.0,153.30830902929213,125.50463944666006,102.46626375710633,48.79992934232598
4535.0,152.86475609106895,125.03561931733196,102.78417618443679,48.682301201254646
4536.0,153.01740169549018,124.79868036167734,103.01947403251886,48.709119168965316
4537.0,152.79541501067754,124.5992288072537,103.21924193602267,48.82271460068764
4538.0,152.3124861513241,124.7983569039491,103.3743295071982,48.87722008232741
4539.0,151.86668865948957,125.11008967426068,103.40831759856223,49.058313372301924
4540.0,150.77231466722188,125.55924611199143,103.24061565358394,49.37378030205319
4541.0,149.84946345651736,126.16425967066209,102.86306789318434,49.689896051470214
4542.0,148.99331232057412,126.93124316594306,102.35198043097262,49.983920723999084
4543.0,148.15518411220268,127.66268020623554,102.08311108702694,50.20794823965005
4544.0,147.52764514285383,128.4994078827677,101.81319323237572,50.37926024212298
4545.0,146.71750517290718,129.24300388203503,101.77612466024003,50.44328444401598
4546.0,145.72778330630968,129.75163149409093,101.89946259705141,50.55814155572889
4547.0,144.97035620157882,129.840742729816,102.10132246469533,50.720815210897314
4548.0,144.41589641925322,128.90531867399457,102.48287432669544,50.82965320813141
4549.0,144.29851809744164,128.7350953986576,103.19184324772127,50.98216875360349
4550.0,144.38687056811392,128.33845331863165,104.01997230722921,51.14294777812214
4551.0,144.76333407449823,127.6610790325984,104.63427472039298,51.40420222514622
4552.0,145.32881948204954,126.90911590999283,105.29566815507104,51.67944592539432
4553.0,145.95664672392365,126.13510410950501,106.22042941824166,51.82080511904319
4554.0,146.7503534616534,125.41405874063896,107.04491553037047,51.927049018591894
4555.0,147.795394380786,125.04565531047359,107.45060729828681,51.808470829212965
4556.0,148.8452737942251,124.70682388816623,107.8994426580699,51.689291496640976
4557.0,150.02279563573887,125.55824460572408,108.23353737686443,51.65956781357195
4558.0,151.02118593120048,125.54944876971275,108.18062323899312,51.5520905469029
4559.0,151.81360911828918,125.42314047614174,108.0338900607472,51.390038351822724
4560.0,152.4720341333076,125.54768376280391,107.88415251501786,51.07923889383029
4561.0,152.97744835149967,125.79178384859847,107.95046545135713,50.72955351056484
4562.0,153.09488154255592,126.00201126409617,107.65948941491312,50.44381491217547
4563.0,153.10601307445083,126.42594660747432,107.61482742473139,50.32425117384892
4564.0,153.00482589502315,126.49938268760627,107.81014309382455,50.23880003149769
4565.0,152.72221084574073,126.83926667178982,107.92307906799063,50.203617762456034
4566.0,152.4194728994053,126.95451171253197,108.20248722837995,50.038988241261684
4567.0,152.2455883963858,126.9191504785457,108.5638082691721,49.852728282991535
4568.0,152.2606597200965,127.0106771415861,108.6101169825351,49.736302007731766
4569.0,151.9601819061434,126.90825961800594,109.20352518846288,49.75223316760992
4570.0,151.8117917343023,126.91561842825263,109.38962601542744,49.728764491746155
4571.0,152.11635236195536,126.84515740108198,109.41046309506066,49.82477406195121
4572.0,152.0869699512756,126.61987425425703,109.30275703006784,49.856761475543905
4573.0,152.2982252153797,126.80293367992283,109.12599306941314,50.058473841639284
4574.0,152.42305948179725,126.43936012497966,108.72151501680773,50.141578486198334
4575.0,152.3485657132533,126.13931562137769,108.41293400374651,50.26804137670305
4576.0,152.21640358995802,126.12768626438685,107.95756386393485,50.45792100291823
4577.0,151.8529998835102,125.89449710959508,107.90728124440864,50.577151155363545
4578.0,151.52898310662047,125.71278230670282,107.84414814221799,50.62518284107962
4579.0,151.23774682471657,125.41218343653946,108.22256532608658,50.697111282896394
4580.0,150.87739417600787,125.60972864896227,108.90476329232848,50.72127831226911
4581.0,151.09616673400194,125.64699939664723,109.30404565241798,50.69207830151075
4582.0,151.0716488820047,125.58128573420461,109.7460666735249,50.64910486574876
4583.0,150.98404258735286,125.61799548380706,110.20991254618818,50.65187403324897
4584.0,151.13961807253813,125.96580805588871,110.09210573086715,50.60462603688222
4585.0,151.33660508543596,126.15186492972444,110.02770956553064,50.509760203669515
4586.0,151.55627455662122,126.49866899456758,109.71406649546037,50.40883349503218
4587.0,152.24212053515146,126.89118931716092,109.06441370392493,50.39610650775505
4588.0,152.80193673788025,127.23112115896426,108.00062266124733,50.477945739062925
4589.0,152.67649879783275,127.28018078397425,106.75774552376062,50.657028290276216
4590.0,152.15025385535574,127.49428173258042,105.50573008475524,50.83465485798883
4591.0,151.8399934877268,127.59811199700363,104.22024246828065,50.92620912874043
4592.0,151.53381517778877,127.80398653575112,103.39309042810216,50.95442123383142
4593.0,151.45710613296515,127.25384931962081,103.23611739239067,51.003835450524164
4594.0,151.37408226426555,126.91615624691742,103.17889329644017,50.99611972227805
4595.0,150.90540030479104,126.87506279268925,103.25985540377101,50.96133563582739
4596.0,150.29243618518592,126.91371633339243,103.33180956328856,50.72780996856391
4597.0,149.5725909470328,127.10189229235822,103.55135104068283,50.381926402591915
4598.0,149.21218075651078,127.11854802088462,103.83097359230146,49.99274606691172
4599.0,149.24136683374036,126.92790112131715,104.31521829696362,49.72147592105705
4600.0,149.32852531421554,126.70012564944749,104.92902249696736,49.51488819159555
4601.0,149.53101888493723,126.5293895234746,105.51808902881257,49.3378382241552
4602.0,149.35844015585974,126.72952603377503,105.78430801759578,49.14149654596945
4603.0,149.21575617032832,126.75366478731564,105.74177528706093,48.999179463562136
4604.0,149.12289034996542,126.49822322695383,105.82062214676871,48.89685538787111
4605.0,148.95014014907233,126.50012410259562,105.3729242440823,48.816077427793836
4606.0,149.00497265455587,126.09496990993009,105.07808836324737,48.75405660930648
4607.0,149.59401992917526,125.60267204321318,104.89202061878646,48.69145829109754
4608.0,149.88904168820494,125.03158069464544,104.62115812021555,48.51208663257813
4609.0,149.95611139197916,124.46499029735736,104.38200230748042,48.29248371794856
4610.0,150.2580690729275,124.05647995658013,104.2398580771609,48.13010690251551
4611.0,150.41736130452855,123.84796355900195,104.1679334649341,48.103039436990755
4612.0,150.32493313750615,123.84324816767516,104.228098701889,48.007450546888315
4613.0,150.22558416601683,123.85755349860484,104.27296405361601,48.01427695435926
4614.0,149.97462322563436,123.59317514422294,104.7115961860929,48.25225480530346
4615.0,149.57198067979832,123.79787494011121,104.9562911485552,48.57717351255757
4616.0,148.7947736140328,124.04284370491659,104.96397743328478,48.85969242514495
4617.0,148.17925154888263,124.65140323159112,105.25873493487953,49.15741221626232
4618.0,147.75363268643048,125.38975558497698,105.34939064098225,49.4155575303793
4619.0,147.13417521278097,125.9146180686138,104.84907178207719,49.64201162649274
4620.0,146.9267893201318,126.6425216879532,104.17558525318938,49.73350856908578
4621.0,146.71113560947762,127.20238971368543,103.63900664588435,49.87472228128997
4622.0,146.6970444358228,127.31243751109139,103.4822753584823,49.94161249376789
4623.0,146.55787228793403,127.27339226236852,103.58320011757672,49.853143745480764
4624.0,146.51554765801362,127.40922258113184,103.99722227784362,49.70638484692969
4625.0,146.51442728130337,127.8718525914822,104.60220694242008,49.5660777712477
4626.0,146.38128141665322,128.3662201490319,104.82903870899985,49.40618171373381
4627.0,146.2396294652495,128.55380835544662,105.40867841728674,49.29561461303807
4628.0,146.10442972061654,128.558968778311,105.984313897285,49.21303115932439
4629.0,145.72513059483867,128.1745776237637,106.53804256139153,49.157052778975746
4630.0,145.0717828937009,127.73949641294851,106.71924621664986,49.098625693162035
4631.0,144.6574680659913,127.94039361897437,106.30539129567998,49.077581996921914
4632.0,144.6719924262127,128.57570861644191,105.71626660482163,48.96092649745653
4633.0,144.69782709295222,128.86694503816156,104.88792260496623,48.88527872843591
4634.0,144.9568660632814,128.7529950974055,104.06092930806638,48.80906833403418
4635.0,145.211804002615,128.211060264415,103.40258153831657,48.81369944114843
4636.0,145.57761594651754,128.01914612894936,102.56567750928811,48.879832476209415
4637.0,145.95448974787996,128.317788680187,102.12532057549933,49.018843013382664
4638.0,146.32490845569208,128.4774402975308,101.80647620899451,49.108158566041
4639.0,146.99842659306324,128.56426697897888,101.83318953884658,49.216941194972925
4640.0,147.84522990338456,128.55348750418725,101.88839562701001,49.28296639347751
4641.0,148.43792798959873,128.7018937217499,102.02546979683791,49.53715858530917
4642.0,148.89368966321706,128.93587665066318,102.51238258206583,49.64620760118936
4643.0,149.2313093166341,129.33587507018245,103.00800240305534,49.80532858384434
4644.0,149.26429193334417,129.72865673249285,103.587866924815,49.923872889346605
4645.0,149.18340885604113,130.3103389773027,103.88928580747489,50.106423146199916
4646.0,149.09654271978226,130.81278157951286,103.93166822897594,50.17582751116948
4647.0,149.4924933798087,131.16890874207888,104.09012933686489,50.196174182252044
4648.0,149.93112269230215,131.57423961756555,104.23938577948955,50.24194268782738
4649.0,150.3160786907211,131.70399516974715,104.88875113456511,50.35049816063146
4650.0,150.98481404120093,131.79155446112227,105.36388505733544,50.36398689274183
4651.0,151.6639902509195,131.91589969279042,105.60043244382645,50.51596694643413
4652.0,152.14508269943013,132.0550159002749,105.84222137316993,50.645371773115926
4653.0,153.07993902002482,132.5147095605225,105.93773023849988,50.720602451456365
4654.0,153.5004962039293,132.74124848621966,106.03528468391163,50.7165285821806
4655.0,153.6194530588954,132.98022357702808,106.41255996897836,50.69982793783069
4656.0,153.5016094967489,133.7053869082124,106.59406518940195,50.78520136150855
4657.0,153.70528366935565,134.5634788850911,106.71329780090478,50.84097567560595
4658.0,153.5423196410167,135.65073772330442,106.48884314400854,50.81767373960426
4659.0,153.29201886169147,136.33548809246335,106.36458222426819,50.87288334321732
4660.0,153.14598062143426,136.77568259826785,106.36008174125274,50.95325534584811
4661.0,153.1952915864071,136.98352769661557,106.4191001114775,51.00052621067058
4662.0,153.27452556090017,137.03322256680676,106.52931172037782,51.08119026802907
4663.0,153.97129885252434,137.1071421723023,106.95994643905102,51.19418329210584
4664.0,154.99046256458982,136.72146635513445,107.11160949100757,51.44052582031359
4665.0,155.57949106796985,136.10812858578004,107.2987303844345,51.59721421085578
4666.0,155.61571838476257,135.50823845889687,107.42959015379625,51.78497472316114
4667.0,155.68767511935295,134.7005639148934,107.21899356055368,51.989583715798545
4668.0,155.65364541227947,133.96663396441946,107.0253424727364,52.24071015920649
4669.0,155.44472917210092,133.51719971504284,106.43135853923381,52.4010484486018
4670.0,155.12942461021595,133.0638842118595,105.7854745886529,52.55701660234287
4671.0,154.4686084698978,132.7481219145901,105.08028566276272,52.69777471888007
4672.0,153.35799765370905,131.98978590834386,104.2920789252013,52.758998749113594
4673.0,151.96239819351564,131.76771299951983,103.66762030603222,52.65989511415372
4674.0,150.6107382490319,131.66606646785357,103.0728951927876,52.650650007818015
4675.0,149.44315738045236,131.39078975634905,102.64683725981908,52.5400793627703
4676.0,148.23203890115866,131.12081034821824,102.83504961394313,52.50309223939781
4677.0,147.1231979527454,130.74585502449014,103.0459880318116,52.354511277634955
4678.0,146.322765104091,130.11272039480576,103.29929767360758,52.21685733400586
4679.0,145.71570451427831,129.6833234567721,103.52720091114311,51.945304339123425
4680.0,145.25732560940583,129.23646662939632,103.94857660750269,51.72230979147339
4681.0,145.2246708447895,129.1269186552954,103.94180856656432,51.43958558280329
4682.0,145.21784722567216,128.47407653873483,103.90975456252357,51.33951459988864
4683.0,145.25971017963104,127.90088526631492,103.63646523277274,51.246653936186334
4684.0,145.4646585745267,127.38397667465867,103.38475475830934,51.16469308137852
4685.0,145.83905787294108,127.13720247720417,102.6723028953931,50.92835302766495
4686.0,145.95234683408938,126.94837274026945,101.85475419569764,50.57636506969611
4687.0,146.40699338788585,126.69798200426294,101.16291355314146,50.249417627413905
4688.0,146.5398078091782,126.3772332762097,100.51414384655278,50.006927597770336
4689.0,146.8616180100314,126.22264091812094,99.95809057416542,49.68773334161811
4690.0,147.13218413878195,126.33546968042944,99.70142030981637,49.48966017152017
4691.0,147.75324216398275,126.92846368311251,99.5803194713368,49.32907417620408
4692.0,148.56745051262558,127.3163829225708,99.51903664446145,49.19501740960473
4693.0,149.02220747331674,127.52162150277617,99.80961748861183,49.11260529580641
4694.0,149.5911963375903,127.44453559203988,100.29900777531121,49.1726719776196
4695.0,150.40343563307104,127.63305658529129,101.01523502257741,49.392121951977956
4696.0,150.50405534325168,128.02354285462417,101.6837687558012,49.685896588739844
4697.0,150.7966138136335,128.65986641260935,102.64740807415738,49.88615912021579
4698.0,150.68248235618563,129.32733708496892,103.4161941470626,50.1097707825553
4699.0,150.50985521207215,129.48191391266226,104.42278539010557,50.2900097789322
4700.0,150.7705349099626,129.45778237420433,105.19332081115587,50.26948675054815
4701.0,150.9283356622393,129.66431353095288,106.09840457036942,50.14908842020383
4702.0,151.3658857891823,130.0796392871303,106.62976771845643,50.085030158662725
4703.0,151.61566823605975,130.56434479486447,106.98152441206565,49.966138123317066
4704.0,151.60956617982433,131.1008295178984,107.24371419925737,49.91171922793989
4705.0,151.5789433921011,131.9645033506843,107.671648743018,49.68194260787164
4706.0,151.7404959575155,132.4582183990991,107.89878084899597,49.759188110072444
4707.0,151.97243676664743,132.2841915177035,108.37046326868254,49.97558684926524
4708.0,152.169468904428,132.09274790259397,108.41915799354503,50.34403626391833
4709.0,151.79915313100906,132.2725409448592,108.6056341026598,50.747709629022246
4710.0,151.49149477975212,132.298524881896,108.68592994088927,51.1900543360162
4711.0,151.57332671291812,132.54720259557828,108.54762857448284,51.584454951223286
4712.0,151.52717967519567,132.75182205937136,108.2992941749772,52.055450780055914
4713.0,151.3498294286115,132.75891491385858,107.76580668104734,52.36109973752524
4714.0,151.35922186717175,132.37770617112503,106.97204530887538,52.77881580500711
4715.0,151.45626734477312,132.46049799378622,105.96347165166904,52.978613790209785
4716.0,151.61853762842276,132.90266632016176,104.69337661895375,53.02045510735394
4717.0,151.5039350330283,133.609910615123,103.6894468081144,52.88347044254999
4718.0,151.2368769620767,133.5453031887238,102.56104604790085,52.77637194234231
4719.0,150.96648608123667,133.37893847539755,101.58580170463394,52.71985908530914
4720.0,150.59353313335438,132.4153217292104,101.02198445438658,52.566551283861834
4721.0,150.35034030837488,131.58325996688967,100.51052192406281,52.32344532566144
4722.0,150.30419359769678,130.52642923435104,100.36641882582164,52.05126883252955
4723.0,150.05034694835064,129.44250426736855,100.98534654737814,51.80734625178728
4724.0,149.61174030354806,127.96745105022491,101.56350411497144,51.71351579183468
4725.0,149.27830956458604,126.93119380736375,102.49494262251261,51.627038614150436
4726.0,149.1351153129612,125.98970637843983,103.49631735629703,51.51068341337293
4727.0,148.90578040449753,125.34636295961832,104.32266124466128,51.40264559803835
4728.0,148.8021488960832,124.99525661456221,104.86383231907706,51.25884102574723
4729.0,148.73728109052928,125.41164867026735,105.3614616626543,51.25300402315439
4730.0,148.54593346808298,125.65540651605633,105.70413311471395,51.38065484452733
4731.0,148.45237217292228,125.8042040594311,105.93271829386006,51.57311712178449
4732.0,148.2300584173845,125.95616172974053,105.74231458310335,51.748893862839665
4733.0,147.62288842629732,126.52582329782506,105.75624919650548,51.87884079208254
4734.0,147.39143340517558,126.6270663808288,105.4392224079345,52.05921483618596
4735.0,147.04270942269156,126.70719592517003,105.10302518922167,52.23092805763317
4736.0,147.14097412499,126.58956276024125,104.90522710860701,52.39663532534793
4737.0,147.24308212625934,126.26143457479326,104.99625608218086,52.54571477808955
4738.0,147.15574867986317,125.99152952340089,105.05721811235864,52.631531600360276
4739.0,147.1029784130845,126.39721395846203,105.6582239346898,52.59552380697966
4740.0,147.07075720496638,126.95786398914338,106.21913482312993,52.45677580431406
4741.0,147.34094257316679,127.61741839035352,106.47093597656232,52.2822212189424
4742.0,147.80896578516774,127.90780517970073,106.73750866270316,52.06029843197616
4743.0,148.0467521954005,128.44294160754384,107.20321711980162,51.88409253657466
4744.0,148.41764411193972,128.71704181702287,107.48686028029061,51.805062798697165
4745.0,148.63329648016835,129.32201160517792,108.08632231767007,51.62167334028847
4746.0,148.53844142395033,130.14298831091924,108.16009560872834,51.34798457379265
4747.0,148.3981904778132,130.61542136235175,107.72577158899686,51.13384057357384
4748.0,148.4466093565676,130.53251455776325,106.927732831456,50.9907911752213
4749.0,148.95810112118664,130.62401880322864,106.36310993886418,50.955568854116464
4750.0,149.28566528976023,130.77978337558022,105.6247618680395,50.97254177325659
4751.0,149.81141635784897,131.31762996080653,104.69488180987945,51.051533506146946
4752.0,150.1161285682268,131.72509309826674,104.0280303329702,51.06526676224113
4753.0,150.49746325754637,132.32833426632197,103.28902441347539,51.037890542524586
4754.0,150.3735228631117,132.78148941758258,102.43935949684224,51.045423653327255
4755.0,151.0261547336864,133.05636011662105,102.18892455328832,51.0674047438648
4756.0,151.5489120712984,133.5296099513033,102.1435954485562,51.00037112902174
4757.0,151.81553373187833,133.91974860554933,102.78729466508952,50.69377488824768
4758.0,151.41908991278655,134.32955468978489,103.21135073681785,50.55532626286993
4759.0,151.22008962817455,134.5489565329383,103.54935632122968,50.330870011353845
4760.0,150.92726456669698,134.2300133378838,103.91436938325779,50.02716631350813
4761.0,151.01677217062644,134.14811429152093,103.99372688266081,49.63835230385399
4762.0,151.0964162474531,133.92582860282295,104.32094708096889,49.244003680673956
4763.0,151.53257341244105,133.89215044438407,104.2348499382793,48.86405284300514
4764.0,151.1961410843771,133.86541153701452,104.17730219165809,48.68661576317742
4765.0,150.9875343765874,133.78419884313507,104.33278977099623,48.61906620063189
4766.0,151.0524526028641,133.77456396962134,103.88772269013694,48.7638277682182
4767.0,151.19733632466682,133.520234238593,103.35885951173893,48.79078640579539
4768.0,151.34757032155943,133.136814373733,103.51189044539773,48.8219233029064
4769.0,151.43620092585877,133.1422817366581,103.55507304601946,48.92031101676395
4770.0,151.0126111204868,132.9374885356902,103.33218184713785,49.2411490314699
4771.0,150.62143629038667,132.7501011532984,103.08926871487235,49.59720579929569
4772.0,150.4508611440414,132.5363581846238,102.83611646606953,49.991164156482505
4773.0,150.60157868739978,132.33154089239034,102.26159563812647,50.34165378244974
4774.0,150.62002407892345,132.44215176037812,101.61800452429225,50.54177801865755
4775.0,150.52343064564394,132.41476775954789,101.03759195594664,50.691460759807896
4776.0,150.58878983053245,132.36523783989688,100.46468481298498,50.86395849714045
4777.0,150.814498906472,132.55572663749265,99.93179908368501,51.05576243987298
4778.0,150.8267290181822,132.50356694139305,99.82838798088325,51.16127092620022
4779.0,150.91897606824242,132.3480548435751,99.58378209852427,51.110443177173764
4780.0,150.84566379104928,132.44150288836082,99.3110846872119,51.085496546836055
4781.0,150.85829773669928,132.5624302435907,99.46167751745202,50.92488347638213
4782.0,150.68513642104148,132.6585595206614,99.78252820505355,50.761567721725534
4783.0,150.96699908669757,132.30790471570714,100.10448378789482,50.67960812965476
4784.0,151.13290904126194,132.22759961758524,100.51287528556034,50.52922222370318
4785.0,151.081071380811,131.9783377503918,100.94306803834861,50.41968879327517
4786.0,150.93901519711085,131.70758459612296,101.06229354157351,50.321214354147116
4787.0,150.97366699836817,131.56361566077655,101.11065079612055,50.31451849697822
4788.0,150.81424347059777,131.56841486734544,101.45628285267674,50.294383273690826
4789.0,150.4433445593449,131.3902138620532,102.11780577603906,50.32224350390432
4790.0,149.58281869107512,131.08332604556344,103.0270316449286,50.437083312049985
4791.0,148.77085848860872,130.88190511379378,103.88677052219285,50.62246684361642
4792.0,147.95737068994924,130.75664562914653,105.04250636665267,50.965243331798284
4793.0,147.34212557464363,130.60868615787805,106.10272334393551,51.28276583816159
4794.0,147.10381022935118,130.51577118232967,106.90185013050419,51.40538980568304
4795.0,146.943012224161,130.3658987013177,107.51230945112115,51.49150378574217
4796.0,146.7023064359409,130.2668561459333,107.93523233346963,51.39525292663823
4797.0,146.9564142822445,129.95139249152373,108.2770479525664,51.3398413156455
4798.0,147.74422680047948,129.58346872279674,108.5247600307304,51.26476642140614
4799.0,148.93531587427017,129.16180311452325,108.44257145316519,51.24371560242234
4800.0,150.18585578128395,128.55810655795764,108.64790821959471,51.085319337996864
4801.0,151.02649420492472,128.24078783427322,108.48185436613002,50.78180031899529
4802.0,151.85512127408728,127.76471478135477,108.5484065986207,50.541017000821554
4803.0,152.55339628326908,127.49195310250037,108.66627569472944,50.41740402333137
4804.0,152.88899727622888,127.37164755592102,109.15162002506057,50.42820108032964
4805.0,153.1304584451703,127.40923749330648,109.40540848682082,50.5295284502284
4806.0,152.9517217459618,127.24811525010143,109.94942890035608,50.66193357005878
4807.0,152.78686091993805,127.34188666942522,109.77419864660023,50.67330637056704
4808.0,152.42103968463405,127.30849124333584,110.15797236046059,50.595508779263994
4809.0,152.0468611451564,127.62570205469433,110.2337445188356,50.512341677134415
4810.0,151.43186948865286,127.47441381620395,110.10758676492853,50.427679466215764
4811.0,150.5976156364923,127.4876777710543,109.89695690070192,50.41077274677758
4812.0,149.4951077449531,127.63251809381202,110.16573183801611,50.460475389258946
4813.0,148.87570916321485,127.58191669744232,110.09845209559356,50.423668472402746
4814.0,148.46499535636457,127.29816333766497,110.02126556923164,50.40553620140196
4815.0,148.25185280392984,127.23792962667699,109.78762317066494,50.26818519426039
4816.0,148.166129264004,127.11681876644688,109.92908554476354,50.202134380127774
4817.0,147.98190088273685,127.28792659936039,109.83543718239044,50.27435010255402
4818.0,147.85027783272005,127.41983118515522,109.98262103736616,50.39994190395797
4819.0,148.01485138506598,127.93239296459787,110.26684588252698,50.59391638463155
4820.0,148.25533678933158,128.32532747511794,110.45416387243608,50.69669291325008
4821.0,148.7168416914103,128.47808051126222,110.03283207886862,50.75663878224908
4822.0,148.42777562691836,128.91562025004862,109.99226792018393,50.83413386759307
4823.0,148.4588023826741,129.2178457476943,110.38674715452045,50.997572225914226
4824.0,148.61347227245275,129.8441958566441,110.53413832675217,51.27977694811432
4825.0,148.58124308064762,129.98040417927692,110.92071563575598,51.515921306387845
4826.0,148.90221064022555,130.30194846426522,110.69053251391887,51.72751786711828
4827.0,148.93388392813458,130.46871953608414,110.39191862889716,51.89073220612096
4828.0,148.78842173357867,130.44360429324803,110.23426677969299,51.95415548194935
4829.0,148.71747154100805,130.47939978654352,109.92493651629543,52.112775721180505
4830.0,148.5480059234046,130.3398715071906,110.06939280048003,52.26404014395672
4831.0,148.69441303783927,130.00134313547701,109.94748760063975,52.43804748792748
4832.0,148.31494826126482,129.76908673358741,109.5380951468128,52.47786104500122
4833.0,147.82929936727317,129.2617952194661,109.33512468422094,52.461576770529454
4834.0,147.28390302872296,129.01481532668063,109.2448946742019,52.47734184905103
4835.0,146.3275431370472,128.58567397378124,109.41063214571138,52.453290547588225
4836.0,145.62860743860557,128.29478101999322,109.50049953098649,52.35783662815205
4837.0,145.04983462994642,128.0322148651188,109.90126966629005,52.18772824700173
4838.0,144.56438520208067,127.60957440901183,110.25099872903102,51.95577853204543
4839.0,144.10897304057625,127.5425935245517,110.31824074533736,51.69265891799726
4840.0,143.4675085030101,127.42059210278686,110.30108136825012,51.354074037499785
4841.0,143.47187574244722,127.45752662396457,110.43036476955284,51.08708612582963
4842.0,143.4946618176888,127.64402829475259,110.61012673044796,50.86491947041801
4843.0,143.4181208071538,127.7020214049986,110.62600610441861,50.56487614636532
4844.0,143.57140387585497,127.58486945999104,110.74267490261087,50.25799178989682
4845.0,143.7551576638655,127.61319782541774,110.52709090349447,50.060013711114664
4846.0,143.8521674741815,127.63296219840086,109.79633908218047,50.01393106692192
4847.0,144.21606995309662,128.03772031094735,108.88287453518028,49.94718507447471
4848.0,144.56832413135905,128.6596380507396,108.17022052106661,50.00966814293785
4849.0,145.39758378982617,129.0938566118954,107.28075878989509,50.05920987550407
4850.0,145.72133665309212,129.4466524675955,106.48815027015863,50.16162341317906
4851.0,145.9227993178374,129.79788462502995,105.627699579235,50.26338570197879
4852.0,146.17416145791915,130.19710555034305,104.92688785437795,50.470725396571176
4853.0,146.26810265334086,130.88361766828282,104.26044046527186,50.72457633988158
4854.0,146.36266196466485,131.23362295399033,103.94754960415597,50.88077312622985
4855.0,146.39091751729632,131.3656226205277,103.84487903983987,51.0717906681043
4856.0,146.09310198815655,131.19889031426507,104.20904981496702,51.37122119278926
4857.0,145.7899752813989,130.6691669725507,104.61102701209599,51.56985799917208
4858.0,145.26181823097244,130.61976744686137,105.11271426339192,51.83884977983108
4859.0,144.9533438184167,130.52132202786288,105.65681741092608,52.03759872094111
4860.0,144.60347700773175,130.28404792142362,106.42921268522846,52.243830662002566
4861.0,144.13099225145422,130.23388614248472,107.39882256861358,52.28360965276379
4862.0,143.74764856620408,130.15602817149366,108.20070523219152,52.22609466755591
4863.0,143.36644278785235,129.79290953535667,108.98384922763073,52.15554637940895
4864.0,143.18927132792146,129.57656471035054,109.74260613452839,52.061039997926855
4865.0,143.0603547608524,129.61540261639206,110.09880413416154,51.89646422854208
4866.0,142.9402782438017,129.80370642622458,109.98536584682637,51.77672074458127
4867.0,142.78883677855126,129.5798075767489,110.04743030614031,51.681207862548966
4868.0,142.73718334676255,129.57704055210684,109.46583228494593,51.56220157514155
4869.0,142.98364080475983,129.74835915134983,108.6218959808707,51.40931386592231
4870.0,143.58943488580357,129.82684201920543,107.274795592286,51.2998300794193
4871.0,143.96588420640575,129.85189069829005,106.29861626146086,51.17679210985654
4872.0,144.5608281986023,130.11717231343005,105.49855365180647,51.03584193972524
4873.0,145.27898651382725,130.24390480113854,104.8291727438412,50.77457687228009
4874.0,145.93918403155877,130.10779331122754,104.30792886029856,50.48735692765861
4875.0,146.57122677743715,129.7221512931439,104.2573808690847,50.20628319519939
4876.0,147.05751362384467,129.48581296214655,104.41615303673164,49.923452195474205
4877.0,147.25892139621504,129.2515482985704,105.19022309261578,49.64469899650198
4878.0,147.62210021441277,128.95119494481213,106.06895609062498,49.45521044962021
4879.0,147.63726826552778,128.78749918630513,107.37632907317405,49.39706157287828
4880.0,147.86259157507584,128.61326274854312,107.91427454668855,49.41030266655722
4881.0,147.78182410860637,128.52320450821105,108.01336725582726,49.568083614151895
4882.0,147.51236470343989,128.90763498779955,107.91371648404237,49.79145772133266
4883.0,147.216061957093,129.6115369505432,107.91737767296266,50.046047374933735
4884.0,146.73046973281376,130.40108111368562,108.0335591345506,50.22988060652703
4885.0,147.03626010806119,130.93548213364986,107.92929391040965,50.38056040979852
4886.0,147.62669401378113,131.34615721732465,107.68876965314172,50.52430037258599
4887.0,147.62529937887228,131.55849759013796,107.46594895396628,50.690169456076624
4888.0,147.65030749436872,131.4987826288089,106.8817060688589,50.79509764071939
4889.0,147.617323521693,131.4523268603549,106.49299894751854,50.802594085597306
4890.0,147.49766713313227,131.2305674513268,106.42736539544859,50.82986909947796
4891.0,147.4559635923574,130.75715725452085,106.71582376997448,50.9117006318144
4892.0,147.7212189158416,129.79475198852577,107.21940774581898,50.92712182147277
4893.0,147.78825116914254,129.265341001155,107.51356622916288,50.967174153348665
4894.0,147.50207357816828,128.7723720246779,107.79460569746927,50.98508281057968
4895.0,147.32776449829453,128.2211717961211,107.99335013063663,51.010878171520794
4896.0,147.38656489093245,127.89192042952212,108.42663150323408,50.963616994589614
4897.0,147.63457906154485,127.67848352762623,108.78828743014648,50.93078336447015
4898.0,148.09988630666533,127.34013514747733,109.550772795158,50.972845299385966
4899.0,148.66224881021338,127.22667268196355,110.35336799453296,50.98030683463513
4900.0,149.00485336763242,127.14775525148833,110.9486834618862,50.989461861663386
4901.0,148.81626110386284,127.31660973994583,111.29559048362351,51.10458547849485
4902.0,149.13437637032706,127.19548717742354,111.62270811226992,51.12306961916779
4903.0,149.35381607545048,127.25552053486817,111.8321230282921,51.17545773667887
4904.0,149.20034917651978,127.0964447295287,112.03283017455536,51.347587863228966
4905.0,149.0503099455549,126.97610249042589,111.89592636281488,51.50358676627172
4906.0,149.07161058688135,126.98069990064975,111.79902858531052,51.51233468212068
4907.0,149.2105326555983,127.24039563495137,111.49630434193429,51.48196270016619
4908.0,149.277784028699,127.03887580296335,110.9941655292905,51.44523759150553
4909.0,149.79957458742624,127.01611724557372,110.7585928181515,51.387922769680884
4910.0,150.4375812807556,126.62940321191368,110.44613806646578,51.34021318983164
4911.0,150.94090578824188,126.02742359424903,110.33365823053568,51.375238943341536
4912.0,151.52609231572288,125.62890067896686,110.062499402205,51.36413669058338
4913.0,152.10649100302066,125.31372309380133,109.48874510274867,51.27627053810299
4914.0,152.71410255101435,125.04512346998148,108.92478933888017,51.13834286328098
4915.0,153.34091669018812,124.7136596904262,108.3417349826507,51.191965483561425
4916.0,153.9115372010915,123.93227740547493,107.71696144833948,51.20734136371015
4917.0,154.27933321381752,123.59151875570574,107.31700889747458,51.21105722584625
4918.0,153.97670979871015,123.3678667781877,106.71547713721182,51.25455147837794
4919.0,154.13345193157627,123.20520623347667,106.08069145742778,51.19411461137258
4920.0,154.34795730302483,123.26182870028055,105.6414778695906,51.086050266980465
4921.0,154.52575573624452,123.02853453940182,105.37055266378103,51.002215855866794
4922.0,154.62766362524786,122.82018831452692,105.37490339766514,50.84835508305624
4923.0,154.66212558011395,122.47372382914655,105.29228735501056,50.768741997215876
4924.0,154.3682402225816,122.233381034184,105.65146637242664,50.69768999846202
4925.0,153.6635758268174,122.24527355444941,106.31343974527068,50.779524818348094
4926.0,153.2740472142553,122.19838848595214,106.72567334323338,50.77304520473538
4927.0,152.97500093996408,122.00628997967752,107.0701156993625,50.8208786928048
4928.0,152.53711694558493,122.29910113684312,107.33706362233866,50.66507210237692
4929.0,152.05020128304184,122.46762771823197,107.19280427840843,50.65994878213875
4930.0,151.5846164445788,122.53429208772843,107.35769218217885,50.67945575927255
4931.0,151.28491455074058,122.87790302441353,107.94421347464417,50.688319267058816
4932.0,150.87572751992238,123.24741264944959,108.53631637723069,50.52215677882729
4933.0,150.4463831365451,123.73887126220049,109.05132071311513,50.344301053864044
4934.0,150.28660665066624,124.35193322192761,109.46025193813605,50.08105850877719
4935.0,149.68866921920687,125.1180056218549,109.9309629435236,49.79601621950312
4936.0,149.46165504987047,125.8486335826048,109.75054174910238,49.36453883349248
4937.0,149.46766575800294,126.26747455387591,109.87705238589734,49.158432491208536
4938.0,149.52966230593836,126.87267874147989,109.98377492536255,48.800307000321155
4939.0,149.57589136691223,127.60760026461067,110.00381690688565,48.441958776608615
4940.0,149.44105264479458,128.06614949005024,109.6521965136619,48.17084034680774
4941.0,149.316210588048,128.23432715518052,109.26647058175799,48.01209727376319
4942.0,149.3715986197706,128.252998486538,108.49139882485066,47.787846769499204
4943.0,149.26439318509915,128.42574206859985,107.40336576883979,47.55627304843979
4944.0,149.78038574013033,128.03095610325838,106.48965268734094,47.43780132796693
4945.0,150.31860073109294,127.54937150883397,105.76216089120591,47.30603742539374
4946.0,150.5722409082692,127.36392225785384,104.84898809978249,47.38623622418116
4947.0,150.9408243285071,127.36318400647843,104.27296472538006,47.50176243314932
4948.0,151.03928577552682,127.2950751720151,103.78949451280658,47.56610053081711
4949.0,151.34426902683398,127.12660277809636,103.5436027977495,47.517065434545835
4950.0,151.78386625820005,127.11609025181878,103.08485774003502,47.409757568959414
4951.0,152.0843773952605,127.20296079802696,102.78847181405733,47.345306788405225
4952.0,152.66336803280007,126.87187739565118,102.7068111189777,47.312601209814574
4953.0,153.0284948226653,127.04988924677956,102.18298504439893,47.27497316128021
4954.0,153.33806800571847,127.37950859727877,101.91565214107779,47.35634631278379
4955.0,153.45817171604818,127.38346317743644,101.84452604339732,47.335099335536356
4956.0,153.35652773625014,127.25972448219116,101.91872093971544,47.356852707853335
4957.0,153.4048983507407,127.40404135702654,101.9487370543209,47.38775001061219
4958.0,152.99809027207309,127.6250920821008,101.83445766252211,47.5641046389114
4959.0,152.28581866101692,127.88993633637737,101.93448116243617,47.8881232599191
4960.0,151.49216213303387,128.03514207070597,102.12593721076976,48.18969002172078
4961.0,150.98878715912923,128.44104365873827,102.52421940170416,48.584170295245286
4962.0,150.2898781243577,128.70121310034642,102.85934911331894,48.940401834213624
4963.0,150.03269199924242,128.66529189447544,103.35626487837187,49.20566406642475
4964.0,149.88476333331556,128.79965530643702,103.87350173885363,49.40101738166054
4965.0,149.70765093261593,128.7815897510883,103.86861710969197,49.59482175460758
4966.0,149.5660642450255,128.4825002999747,103.8578698633148,49.80049951358275
4967.0,149.92083463706078,127.95580450201844,103.69134133019594,49.93362126279905
4968.0,150.52335804316374,127.62126213306856,103.65019434560327,49.955620956608996
4969.0,151.1196430219409,127.4608313160293,103.76636189601084,49.96127979031609
4970.0,151.2574157989627,126.99069692638919,103.51744263780368,49.90866161436809
4971.0,151.71678217104306,126.74236770669951,103.47598181563292,49.91902618873678
4972.0,151.62224614609886,126.615882270369,103.51019928002259,49.871134842191736
4973.0,151.39441724699873,126.33751614860853,103.25583881000681,49.773147866672545
4974.0,151.127952067159,125.91357590540912,103.1623944072385,49.63249956724019
4975.0,151.11363828181146,125.93235450320111,102.73913116726138,49.40582202690969
4976.0,151.09337244367893,126.24731253668845,102.29654705036441,49.25144982387857
4977.0,151.1501762601447,126.23013378451063,101.94042060597296,49.07339092568574
4978.0,151.0434864434257,126.05536039367605,101.31748970548674,48.981331973654264
4979.0,150.96638233557712,126.13667541731388,100.80882463533902,48.91605571142599
4980.0,151.0260070150676,126.05747107843719,100.2396789047814,48.9055760331678
4981.0,151.26593978329637,126.19776344251353,99.34159500860206,48.849950947398156
4982.0,151.82290478736894,126.26222907272765,98.37658691346917,48.8200435281013
4983.0,152.71412394518202,126.57335866350392,97.56673335810348,48.84505588811928
4984.0,153.5072729600044,126.48832290876913,97.30666919424313,48.9085425473461
4985.0,154.20751835396297,126.39462272935839,97.27879704876165,48.837615448825744
4986.0,154.7486573104373,126.67328110937414,97.1101786826578,48.79086342693733
4987.0,155.82470869080558,126.8914429425187,97.1767314627582,48.74909488660536
4988.0,156.99342008706748,127.16538481269549,97.47435865589316,48.817195371004324
4989.0,157.89419184448445,127.21292856769401,97.99391685858933,48.84168969983864
4990.0,158.4666598580536,126.98514529580626,98.72682925384177,48.92806925787888
4991.0,158.64716914749565,127.04429379231478,99.7421516476196,49.094360606235355
4992.0,158.43101942993863,126.96637085059498,100.59417318096038,49.208308899820125
4993.0,157.99967762894377,126.94617176237317,101.42911314425727,49.44477971378685
4994.0,157.65192395084736,126.9837502264492,102.11532257244319,49.73365241633676
4995.0,157.1854110521394,126.76966467244169,102.71374772223183,50.03982291585213
4996.0,156.87675005870278,126.82606009840589,102.90992579095081,50.23041840010946
4997.0,156.53954106920602,126.7921149609599,102.90134042647527,50.26299757115375
4998.0,156.17057424318432,126.95481092249541,102.8795346273616,50.25049640938549
4999.0,156.02436149468375,127.13598927792711,102.86096012347254,50.273022903486364
5000.0,156.04468415416798,127.22071870522946,102.82966900381052,50.22352952381534
