episode,MU2MV,AoP-aware,DGTT,Greedy
0.0,99.91574968870752,100.0,100.0,60.10565343449515
1.0,99.69227491154335,100.0,100.0,60.41539854493671
2.0,99.33927116360552,100.0,100.0,60.46299068741085
3.0,98.21178009282798,100.0,100.0,60.43989627694507
4.0,97.67205548690143,100.0,100.0,60.480086650418684
5.0,96.39263655449682,100.0,98.71849422781071,60.44717489745945
6.0,94.80445373199696,100.0,97.30553202502725,60.62480848842024
7.0,93.23629075053906,100.0,95.6860530709816,60.34619053518786
8.0,91.87319496238138,100.0,93.87365555388965,60.15265649721235
9.0,89.94309634050244,100.0,91.97331041063337,60.02116971061132
10.0,87.95619165045635,100.0,89.63625179237826,59.3591473662405
11.0,85.58090847561131,100.0,87.80798009379401,59.1084619503829
12.0,83.58036648771917,99.6129352960512,86.19107114095517,58.81580994737618
13.0,81.94687696140322,99.02282185987782,85.28900125241627,58.46122084252748
14.0,81.28222908533708,98.07573483774429,85.44079784598088,58.18857593874462
15.0,80.44591823730319,97.38021535292471,86.1617882551757,57.70977999662889
16.0,79.51861944472411,96.61428373019714,86.98694867004694,57.376949690870404
17.0,79.94898966345974,96.45950260725975,88.69670222637379,56.823952504139754
18.0,81.48540655927812,96.44818789712564,90.2002725522754,56.042649856134695
19.0,83.24708492291688,96.64534386934886,92.50040109960219,55.7022054622703
20.0,85.8591868010944,96.61997923457915,94.35094061096478,55.196139340526486
21.0,88.61582054382178,95.98698113265323,96.18962777572068,54.716564740686955
22.0,90.88597023077457,95.97543400143773,97.8005526347329,54.13402346543536
23.0,92.81813132618983,95.49593967465158,98.82502861517538,53.46053636579236
24.0,95.07213368804398,94.77690893874893,99.69056362238621,53.216345231388914
25.0,96.8392444938458,95.14166552871664,100.0,53.1430570729926
26.0,98.01244435314484,94.915627670731,100.0,53.23938386032235
27.0,98.43011095642012,96.03661724144021,100.0,53.310863908758584
28.0,97.98021271246498,96.8989991141554,100.0,53.58982979268584
29.0,97.08268356884713,97.01757868588689,100.0,53.7670516872159
30.0,96.51863838446988,97.12271050768764,99.81757166972369,54.382295053062606
31.0,95.44401765963045,96.17845880964407,99.06725620575483,55.042706394853894
32.0,93.91590477930882,95.65398694661377,99.14628608409284,55.8526447974169
33.0,92.04221641831676,94.9679091932404,98.83446922567813,56.47115985502916
34.0,90.72459913007401,93.25914057577212,98.73516044481069,56.97399359229923
35.0,89.99692969816631,92.71198577720682,98.07013758636309,57.484595761487014
36.0,89.61086646365231,91.085699809923,97.40394883005946,58.09713662466929
37.0,89.44781929326419,89.18137599877582,97.02266317793207,58.701143653239114
38.0,89.31416867717319,88.48060173614562,95.94317894181381,59.38855891189599
39.0,88.97670776279448,87.4911221056534,94.79137040244264,59.683670820529024
40.0,88.4832779481494,87.08778293435176,93.6496832553428,59.922439543127844
41.0,88.81524816960706,86.76173418121267,92.29099399052994,60.29962564281224
42.0,89.08717946053649,86.80234666573858,91.73498216448856,60.52508080829869
43.0,88.90509315490357,87.21007505114248,91.85663116120689,60.84384770808347
44.0,87.73133630417615,87.09769950275627,92.23915269628031,60.92405181188908
45.0,86.90052376669345,87.68653072718519,93.80706676664059,61.137010827671965
46.0,85.63302372618678,88.28051411120123,95.58231468168114,61.253679667675115
47.0,83.70932891565486,88.13749814581575,97.88192662024625,61.35248356892282
48.0,82.16553697257287,88.39895926377068,100.0,61.546130555335324
49.0,81.20845423043016,88.15851458900366,100.0,61.882770093548345
50.0,79.92552204510048,87.77717518298566,100.0,62.119522713243256
51.0,78.88103677239576,87.6939901184809,100.0,62.34175200777952
52.0,78.82253772483942,86.30381349408714,100.0,62.36324112882417
53.0,78.88620626180571,84.60294238749199,100.0,62.80403298780716
54.0,78.27006105719929,83.51881571386411,100.0,63.014637919412415
55.0,78.7015023393629,83.46679838253146,100.0,62.85095107498936
56.0,79.31141985529624,84.25586757238842,100.0,62.65791069413909
57.0,79.2546647338046,85.34019584555884,100.0,62.47680504381648
58.0,79.20000032094804,86.94624376814387,100.0,62.22248298365121
59.0,77.96190087216402,87.68454250453952,100.0,61.84287190823608
60.0,76.05544743683063,88.12042374139449,100.0,61.66422903782528
61.0,74.22587516245136,89.06172988290086,100.0,61.50722346041417
62.0,72.29597620808573,89.92511940117654,100.0,61.080115270632106
63.0,70.80805415985165,89.79036074202487,100.0,60.47100738091961
64.0,68.85971664453376,88.29591952535824,100.0,60.1353333303773
65.0,67.6319530137956,85.80454717610851,100.0,59.92158710323543
66.0,65.77556114609914,83.60156622433173,100.0,59.67854811793742
67.0,63.72099002938776,81.80500304737873,100.0,59.5285484811345
68.0,63.50340158523267,80.8936933601514,100.0,59.2770531021287
69.0,64.12179787779968,79.81850717013774,100.0,59.05662970437959
70.0,63.74970526978298,79.60498863196588,100.0,58.76710484636894
71.0,64.07516492589416,79.76141153436123,100.0,58.600825398004766
72.0,64.40757185562194,80.38324324803543,100.0,58.92660907208601
73.0,64.9147095462717,81.81215807803964,100.0,59.28137404482538
74.0,64.97540966084702,83.10100040519922,100.0,59.61717506146535
75.0,66.94389223941424,83.96190900758836,100.0,59.76205321144152
76.0,68.06402198811301,84.02045018135043,100.0,59.95303759788896
77.0,68.30306794695889,84.17620682451862,100.0,60.254524191984274
78.0,68.5263603298444,84.67058994069887,100.0,60.53101301943819
79.0,68.57753755729489,85.47485841721057,100.0,60.99093777117777
80.0,68.68024621239867,86.35459574096586,100.0,61.29764099161192
81.0,68.94002183518371,86.12893204532354,100.0,61.55794843875651
82.0,69.12978259993885,86.00825883856963,100.0,61.675494011197365
83.0,69.5214619692717,85.58925084069834,100.0,61.73807741028513
84.0,68.77049762972487,85.22871859361288,99.49429596282435,61.95339443859508
85.0,68.96294477180709,85.40298909065841,97.91579671609102,62.05292932534986
86.0,68.85721969062003,85.47157021393221,95.75268886568806,62.26130994695913
87.0,68.58128057036853,85.52620422004983,94.01873242968198,62.50612632871005
88.0,68.86996105278907,84.9491335102474,92.40489800103103,62.576943155495606
89.0,69.12607843325847,84.06212844653898,91.40439404974245,62.40023742376673
90.0,69.4354753067858,84.63796966815363,90.76285742447135,62.16599861020384
91.0,69.65090159249513,84.83953160966266,90.18505167067799,62.18313288059926
92.0,70.37604654376554,85.62554896585507,90.88448618584358,62.05058852732745
93.0,71.02459363996589,86.329185452584,91.29570644183198,61.78899130346204
94.0,71.4728601830037,87.36439521940889,91.71497570520496,61.667319547543606
95.0,73.08132507308395,88.27491178711774,92.02769331917378,61.42060974663976
96.0,73.98478161569196,88.38102222948001,92.47619292118397,61.172355629247285
97.0,74.62684564553211,88.52855465252179,92.12582033844656,61.12353721922499
98.0,75.22557887190072,88.7865860306551,91.83370741128755,61.25662599179253
99.0,74.63459409598174,88.87484454463564,90.85124861234713,61.2130226934233
100.0,75.17559850050964,89.27746721965275,90.32651852858038,60.95879096506536
101.0,75.2856978372108,89.70850923565304,89.0354840860894,60.84616690310517
102.0,76.31332963007566,90.26989571332439,87.99588319433273,60.93807863880947
103.0,76.89718677490102,90.50696916622198,86.35865207929861,60.94641705005955
104.0,76.59571489662576,90.82671424685505,85.0316383092131,61.072486951978284
105.0,76.07534976767477,90.9747738690568,83.76101160266033,60.99698488209176
106.0,75.44916795186293,91.16063381350217,82.72117037165411,60.767016517423954
107.0,74.05162522770554,91.28763301856067,81.77167647676617,60.71018500631687
108.0,73.31807011638371,90.81499913735651,81.40875236307811,60.79097779937262
109.0,71.05093703125083,90.90554080784325,81.31909671545102,60.867628822202974
110.0,69.23735045688267,91.3740163624351,81.1185385658173,61.06979553509678
111.0,67.3823082871671,91.41474459128689,81.06963065678121,61.37134728427824
112.0,65.50118522648945,90.27365741233893,81.1248808266393,61.86629070718864
113.0,64.28246699841299,89.97239180314669,81.68459700928125,62.05072203846005
114.0,63.30211622169217,89.82413151744672,81.78595823462398,62.47796166517832
115.0,62.59837677697073,89.84785472797545,82.22788886478125,62.865473044466256
116.0,61.6744894676831,89.5351687915406,82.64806329983122,63.19265907207458
117.0,60.63188780347928,88.7497187271745,82.66445931457855,63.42686676971478
118.0,59.9379051928613,87.05355383804758,82.02004798389532,63.83855680008915
119.0,58.87967934884345,85.66713903787839,81.99424020420356,64.11646641599529
120.0,56.392110411567685,84.65483571900178,82.1460929187134,63.99369902394399
121.0,54.47618089213316,84.4145181874866,82.01353280928174,63.60246243363608
122.0,52.08594708320208,83.01249313958026,81.7675994616873,63.27248351071858
123.0,49.65400330277484,82.62349833517169,82.14188351750258,62.90222084459397
124.0,47.3102417894682,82.1493753341545,81.9339461207058,62.492610607102925
125.0,45.22408978583091,82.27626774995836,81.34385230672203,61.89655875822796
126.0,43.56892830547326,82.71114560145789,81.08660009216939,61.134569835705484
127.0,43.252824804482806,83.28190236754502,81.64990400754408,60.29269183011752
128.0,43.271467790357356,82.98033321847446,82.25881702058166,59.428356248489386
129.0,44.687762635312545,83.14132520521949,81.99435238520499,59.06914373698189
130.0,46.41791493492763,83.70704802233006,82.0293995250008,58.63645710467401
131.0,48.212562472516396,84.37320103990862,81.92215645728541,58.469368385324294
132.0,50.637155658778454,84.42773250317903,81.56360025228713,57.986303142165944
133.0,53.288589974227506,84.37783999948739,82.2551549279336,57.861022730367594
134.0,56.54285063195685,83.80728580863664,83.28627022089563,57.88773047491587
135.0,59.15532130394378,83.30553048980866,83.68102623893594,58.149657095519764
136.0,60.42110051696728,83.44686910596762,83.18249365139964,58.373643370036554
137.0,61.19584695045588,84.59372904205085,82.32198936424226,58.58269331752143
138.0,61.33035475161111,85.9889665222868,81.80192843235207,58.321074078988175
139.0,61.28572378356013,87.21244496607784,81.68093570684213,58.25542256824705
140.0,61.608433213353116,88.29682568435639,81.73871177679803,57.78967735091969
141.0,61.517927796258185,89.5880412885186,81.75505010640425,57.550337594066974
142.0,60.98852133564729,90.82068138198848,80.47483210639115,57.49603471530652
143.0,59.69827839063309,92.63704155303355,79.26636119120185,57.47414321021587
144.0,57.959965483337534,94.0382689217906,79.02451564766008,57.47900276716866
145.0,56.57057910785248,94.43563868565582,79.15726879793726,57.51542938541252
146.0,54.21779253654791,93.9024009160627,79.19948620987694,57.73611617108318
147.0,52.35347524091297,92.96488424115054,79.84063264364943,58.256724900824814
148.0,50.174350165985764,92.31834944657896,80.18858634192469,58.7333778116076
149.0,47.952043313078846,91.8402980626061,80.15362773648624,59.67654712780984
150.0,46.107267369425266,90.78254700469869,79.74304338002258,60.65664028049706
151.0,44.39709666053227,89.62380426262254,80.03458229971719,61.09068011308539
152.0,42.28333194074058,88.62806326007168,80.17985315005858,61.491806012847164
153.0,41.230218269442766,87.7051770583084,79.70325475131456,61.87803210390112
154.0,40.596065362897434,86.47489073234317,79.07618663503594,62.10702976295578
155.0,40.83771675791386,85.39085789221764,78.9121165888906,62.198948868534195
156.0,41.050325736404396,84.53928015019116,78.33122616385664,62.23308017536165
157.0,41.531689286573936,82.76725419841023,76.97763623558629,62.39477689529046
158.0,41.40619032525798,80.90329659657492,76.1753149066593,62.299768767258676
159.0,40.431498208486595,79.5245144724596,76.06932016120078,62.15748267125822
160.0,40.109161250234266,78.22602450076275,76.4874322770427,62.2398971482444
161.0,40.95600624686284,76.98640476704463,76.75134765246857,62.28482377290293
162.0,41.06536216736268,76.18515280837123,76.90835919157844,62.205649665229984
163.0,40.51279963322124,76.50820742756468,77.17389276269209,62.21234636613215
164.0,40.5090539621862,76.62889322780002,77.55095172925658,62.29258721991108
165.0,39.9736877809513,76.30417814424653,77.61035679649598,61.99222584246389
166.0,38.88974571674805,76.75069218670912,78.3947003510723,61.73465951095228
167.0,37.97237910531137,77.15692936994564,78.76705334465464,61.597098650868176
168.0,37.484646154612356,77.91992981432219,79.12153851920847,61.59407861862637
169.0,36.968654020364184,79.6126862682744,78.69212558574993,61.47317705563994
170.0,36.78446149773692,80.43233074797651,78.66080671938016,61.36151947080839
171.0,36.82394848179709,81.11694320752052,79.13090518347897,61.30767813153689
172.0,37.45393822100587,81.71311581394582,79.81532290119578,61.30919952816536
173.0,37.85007703917662,82.51111696404729,79.69804751208068,61.17841184429328
174.0,37.88879073210433,83.66523968578655,79.84022776492694,61.71834242647265
175.0,38.4635048318779,84.54403807741043,80.23618344299639,62.06336581701571
176.0,38.52679837265342,85.80357862748708,80.7222998809902,62.41717973373663
177.0,38.75148475266357,86.85435773669276,80.5543138886272,62.779307488629414
178.0,38.76067189648459,87.32344061998191,80.53123507201383,63.35939527569467
179.0,38.01966705499371,86.95476353809441,80.19606459849368,64.10015387007363
180.0,37.86023783343603,85.82800667653535,79.67672174933324,64.75810380625549
181.0,37.178495754635904,84.22883106912573,79.09756250321554,65.52918921766373
182.0,35.869619786102426,81.90079131422931,78.91254102435666,66.20284232456534
183.0,35.24307834382091,78.99912229395707,78.53855898657814,66.39407967695527
184.0,34.673799093142634,76.45834627123796,78.0244077904593,66.48810634611948
185.0,34.6634359399286,74.26268193881606,77.88580794247976,66.66263085894542
186.0,35.03737598423851,71.60456812300761,77.66797015205076,66.6429141848229
187.0,34.969345641807465,68.97160318887032,77.8029166614127,66.27520590858296
188.0,34.79566404045683,67.07518123823733,78.63636471687857,65.666207034227
189.0,35.19318426510606,66.13689411366737,79.45987415674313,65.16392951936683
190.0,35.51256191785766,65.08470220271997,80.07454143526188,64.55491000169573
191.0,36.4682361910678,65.01058637163109,80.84733890563137,64.02496941087352
192.0,37.08266180881996,65.97616644108217,82.2076010292339,63.663281307397256
193.0,36.99719280356717,66.23440026106684,83.23807178692624,63.23539070785467
194.0,37.132729461805525,66.56046369632261,84.00406778113978,62.73647124528038
195.0,37.36944295713625,66.9525905171664,84.76348321504939,62.308407354572864
196.0,37.891285035607964,67.27349482119166,84.69010128881473,62.00729990359765
197.0,38.76345439111324,67.72352075623418,83.51670281357028,61.79432411727141
198.0,39.17834038110263,67.92855796934909,82.8449838090185,61.38051307292987
199.0,40.07122119022307,68.03879999674908,81.79551820225855,60.82301930936827
200.0,40.65104679155435,68.94294605669319,81.01524089998716,60.517314194411384
201.0,42.01891549680633,68.46957702024359,79.5902330127805,60.39755431304239
202.0,43.58379805127837,68.25981940129451,78.82858065496866,60.483010570637134
203.0,45.25663890277301,68.40086638138597,77.8297137053095,60.461657585860884
204.0,46.30015294016446,68.52059319805038,77.50860087838674,60.34570472436233
205.0,47.79630195826163,68.66490597268405,77.84204901221749,60.361811536536486
206.0,49.03361124353539,68.99058424559384,78.27632518949045,60.32051943644004
207.0,49.65893253146624,69.6903287364208,77.44948711213698,60.255613906260855
208.0,49.62668107444587,70.43000785937845,77.37699958529805,60.514854258783885
209.0,50.04606207686941,69.58453880557309,77.00133842326659,60.807958612339405
210.0,49.600293791976114,68.96855395810749,77.50747409898831,60.95679489998851
211.0,49.24403730939911,68.43262466353734,77.71513203571276,61.04616394871008
212.0,48.285459407306845,67.39954498254413,78.25045222768021,61.18027250043311
213.0,47.369457617403604,66.54362545610489,78.96004727269177,61.210373752425035
214.0,45.94356346106719,65.36416621374514,79.21245190741693,61.164633938410205
215.0,44.94460347605822,64.30652227119255,79.23110584603054,61.19658230415656
216.0,43.78199629274668,63.36071351716769,79.62819717334733,61.31200473261521
217.0,42.999003561376114,62.40820767948469,79.67553274712733,61.21409605998098
218.0,42.783345083098496,62.38925072886487,79.48503174576024,60.96833278871863
219.0,43.372822042809084,62.11433740288575,79.0264398102453,60.518768562597444
220.0,44.54084229864272,61.303319392975204,79.15329554145744,60.069626762517196
221.0,45.55887963967816,60.43636273374871,79.41245258648064,59.25767951298995
222.0,47.072924304670885,60.07917183270952,79.74255707172246,58.74971967767362
223.0,48.938585629563796,59.67367984835468,79.84538326008571,58.28660175246307
224.0,50.35212970677463,59.47691465594646,80.72892710608926,57.999330649623786
225.0,52.639921671180254,59.66328796862159,82.47230393732184,57.90994532541278
226.0,54.38789217886504,60.37692268311874,84.43692893877993,58.04637659891968
227.0,54.87885614638155,60.37550659679921,86.3045928650358,58.33437537050424
228.0,55.15047155656396,60.74873590071902,88.1818218400114,58.75119796902512
229.0,54.2377130392631,61.801370220615425,89.29506215481757,59.07992924324732
230.0,53.51623177043963,62.569714697013275,89.79616065422385,59.91803885311913
231.0,52.8603941845799,63.11753025827574,89.18688831507488,60.35258997985518
232.0,52.25988561686518,63.3562339583783,89.04905225039997,60.998389939317114
233.0,51.783741351832674,63.501106312879394,88.80493282639115,61.5830930294038
234.0,50.48661636928184,63.22968702651767,88.10964498153092,62.296280585726095
235.0,49.38412498802021,62.28088936254249,87.61301676357053,62.833306137268224
236.0,48.79536420190874,61.74232405141021,87.59161208442993,63.06107726527513
237.0,48.41555163260655,61.318785429948136,87.34898678171237,63.19904416631652
238.0,49.35063438518697,60.73212727087835,87.16107242673476,63.31574755399902
239.0,50.45762997326615,59.87643606185897,87.00114389431597,63.350750296134905
240.0,50.54978434953224,58.910658174370624,87.40483795244555,63.954934483655734
241.0,50.76582102444013,57.65427001341783,87.55423023891066,64.12176963676568
242.0,49.95172773982324,56.228489766878724,87.34954976907773,64.19168237504758
243.0,49.64960573381193,54.08834522609382,87.25875288441961,64.12440735302152
244.0,49.89533949813729,53.445953499053516,86.54807452477942,63.94759420741066
245.0,50.28247662049816,53.17392836841374,86.22461896701348,63.887938127062355
246.0,50.506798041661135,53.16953811833918,85.80314550751675,63.64998513149486
247.0,49.79505138828854,53.95500339851235,85.65896653418068,63.396128499742915
248.0,49.59166928782416,54.652971042756995,86.37307931842139,63.030976684902555
249.0,49.75093325482113,55.32694223784813,87.30549123905071,62.26648751943921
250.0,49.460729365445424,57.071197065175205,88.5279632872401,61.68641222866595
251.0,50.34562675125536,59.10611524120948,89.76872989867528,61.223220732026384
252.0,51.084127277072504,61.53344514120349,90.19945651656401,60.71715498471646
253.0,51.8740402099726,63.40686911948268,90.54950835461402,60.339112768342055
254.0,52.82769734087549,64.5946582245367,90.20220869888291,59.83311534086543
255.0,52.782927351282474,65.9714702740636,89.2660003566153,59.63210940666052
256.0,52.65433341513322,66.40882526037916,88.21142330199037,59.61692060507332
257.0,52.21719267095667,66.58463684080995,86.83752436803077,59.53992245040001
258.0,51.712992570355304,66.40342066227856,85.38509767991428,59.64931934482465
259.0,50.73252437544245,66.3465463554013,84.11078531485688,59.7956843900411
260.0,49.36736731834661,66.20402039970932,82.97767137070383,59.890553919160325
261.0,47.71603999651269,66.05591132780656,82.7462211254474,60.026183991695774
262.0,45.64206260728132,65.0543839015002,83.18141796148798,60.00167431858028
263.0,43.36845242350624,65.162440985063,84.72589024465253,60.2004486429301
264.0,41.7935566259114,64.67946345732642,85.81745009231074,60.39697574422947
265.0,40.154335688247976,64.46236127785242,87.08139718633267,60.52678334513546
266.0,37.98205122713294,64.5783622616996,87.7805390601325,60.477599324426606
267.0,36.160179291101805,64.95238652956819,88.69160298451214,60.32468255365483
268.0,34.915795646303216,65.12603189225015,89.47796062593827,60.155317841531925
269.0,33.820556477487926,65.28336414486395,90.33214562630401,59.93307713045398
270.0,32.844486749938156,66.07290002560406,90.88854672905315,59.64547930492109
271.0,31.742384079799347,66.83845335771395,91.21609069621942,59.674707711277605
272.0,30.7467321580451,66.16813402050751,89.69632641575015,59.6433838125631
273.0,30.905200920159675,65.5901408802136,88.92419423721499,59.63816028543075
274.0,30.977430861006592,64.6628355292476,88.05349496974875,59.82008077835118
275.0,31.136736845357202,64.29005931018919,86.93014352516765,60.0163555832247
276.0,30.941802562899703,63.92662888303352,85.34794398148352,60.25576525168833
277.0,30.62382862188563,62.920132080192374,83.89852844385197,60.46872972750397
278.0,29.92416431314121,61.773499449177166,83.10027495783116,60.75823423715673
279.0,29.726741564400246,59.39868575138989,82.16551529711558,60.97611887009543
280.0,30.71435052577795,57.544774745966585,81.32121962828484,61.044250038303744
281.0,31.54823322592417,56.422965413162196,81.18109874571279,60.978309469769805
282.0,30.78406789078335,55.76845992779458,81.09259751608104,60.8994955800449
283.0,30.979357167180062,55.996964420997465,80.73439659495992,60.63012620070033
284.0,31.88899529121261,56.00807897130475,81.44277032191522,60.643125475541105
285.0,33.77389169456299,56.303590919580216,82.72361172370752,60.77997045127118
286.0,35.83278314420766,57.431167844769845,83.63600002448358,60.84442690901554
287.0,37.85896215892098,58.07010805591415,84.04853353600714,60.82235146632443
288.0,39.377025593700374,60.34562954787816,84.75540192550973,60.6837492001559
289.0,39.845104032818696,62.09807005140535,85.18165393595285,60.385811570801124
290.0,39.83166977029004,63.23184232544248,85.2446454837085,60.20310414296495
291.0,38.72161045435686,63.84211550887467,85.76586940102456,59.94151579680373
292.0,37.72510671231348,63.68268893922213,86.48013248810294,59.76651316430027
293.0,36.07963819807148,63.90610146250809,86.43603389765235,59.4934157393677
294.0,33.76477341207713,63.52947208378159,85.42338167003325,58.913443621770355
295.0,31.01760233260484,62.588883373863084,84.79792365523662,58.42282199748169
296.0,29.363101020425077,62.069475106511184,84.84477978399535,57.95699819290821
297.0,28.228108432350954,59.86444938770378,84.5498837709675,57.5287107727854
298.0,27.44803065430024,57.81190809591423,84.81336264218436,57.17561673857233
299.0,26.909769578605978,56.257500287797974,85.78187266825098,56.90932669555626
300.0,27.853700656765508,54.76716493306213,86.65543918112816,56.63559893211475
301.0,28.038626091460124,53.50605264340846,87.3976726438429,56.33209832020699
302.0,28.631013462270715,51.60687313552877,89.04226741230259,56.09072474351018
303.0,29.82283354131085,50.61643671364105,90.8243771428234,56.225061408906996
304.0,31.435555878361185,50.43698171435104,92.25162314183206,56.263176491210885
305.0,31.63651142054909,50.12341032090053,92.42768952648488,56.308090866335675
306.0,31.7682245174474,50.812507401565746,92.57783903604138,56.37352857534299
307.0,32.05190287109126,51.57518242042032,92.22799459113521,56.47680348194137
308.0,32.403588110329025,52.37795954035864,91.86159677922794,56.690407057097545
309.0,33.317828289107084,53.55012313825924,91.3928113800434,57.065161730821494
310.0,34.0146507018721,55.02582917682406,90.83561960412976,57.33921202546543
311.0,35.07338367301095,56.34615136287204,90.23845103805925,57.71383435289714
312.0,35.61910810370298,57.94260089605487,88.33338757049572,57.81419009652126
313.0,35.53464651470769,58.55712021272652,87.68227763081853,57.781418610883705
314.0,36.175644352337166,60.0059474179379,87.23713048962728,57.60547310292445
315.0,37.1541938435528,61.72150173497938,86.91243127595823,57.7198580320823
316.0,37.99763790680853,63.83282886924739,87.07280578972464,57.78122468562226
317.0,38.35102871833361,66.08523272673114,86.75966891770122,57.614077477503514
318.0,37.84675504446116,67.37844353302107,86.44654451068554,57.44186781761793
319.0,38.264792750265904,67.85079539349017,86.08509972758374,57.31892018551949
320.0,38.856367532379466,68.4971927224843,85.08788362035594,57.08726513678083
321.0,39.41667150917129,68.47237577248421,85.7337663200592,57.098230218012944
322.0,39.653249877325194,68.79299999479696,85.12628381923645,57.189598245784474
323.0,39.61880758538865,68.6797432139657,84.32449613660776,57.49427387583468
324.0,39.119329699486876,68.35955439421363,83.61478079294986,57.66508058799511
325.0,37.70666792027886,68.34794923415765,82.44251420657463,58.06526017830524
326.0,36.611276570239546,68.78132684220112,81.16221051044035,58.27467936030944
327.0,35.739705622778324,69.77686376903233,80.21539697680744,58.2782386636907
328.0,34.22323040689323,71.20961581573376,79.49972628019101,58.427337781484304
329.0,32.34721842225962,73.00128943955663,78.90305423632715,58.65437374712834
330.0,30.64698792151355,74.57443812070345,78.46217032267523,58.624223547497785
331.0,29.638926737805434,76.02506207973934,78.03600729262519,58.57999639625599
332.0,28.884288459387328,77.37039912467901,78.01666611773169,58.34809829409903
333.0,28.536369862959056,78.55591433303806,78.27522935345539,58.0109436247758
334.0,28.965071065811046,79.48019615585127,78.44299038199259,57.322294497296866
335.0,28.949881196165446,79.74834927611009,79.120517338951,56.90982523955287
336.0,29.437715015380586,79.99063295053003,79.03177726896487,56.58831242988952
337.0,29.71002507459433,80.40214705068885,79.05351495558766,56.07956020506686
338.0,30.03793461298824,80.67903103584304,79.2799771722499,55.68134709526907
339.0,30.387550103852398,81.10430059729696,79.75672030715467,55.377434438613605
340.0,30.57150995690929,81.47822618374762,80.6087651318351,55.31975546531906
341.0,30.279436144966763,81.50223317769543,81.41875898056757,55.29996709197582
342.0,29.493953850814865,81.13877529075089,81.70428218705271,55.395976422354195
343.0,28.921931057956147,79.97704248643365,81.81171758358337,55.761705770054284
344.0,29.245858436414757,79.20910506490091,80.99033367485654,56.41375108600133
345.0,29.510088863454165,78.14035728790226,80.24289128677603,57.19382130879912
346.0,29.776722661189915,76.6893326646051,79.61945501554862,57.86715946543665
347.0,29.589457347796106,75.81574744292331,78.99873688934653,58.35432869562302
348.0,29.734480212656003,75.23894043464985,78.25919596758135,58.90228656456567
349.0,30.52380292003345,74.79260018912875,77.85396763638607,59.30377853107456
350.0,31.69728839629261,74.22789615301916,77.68473917990183,59.827498269974015
351.0,33.46938632191022,73.89341577650025,77.58659133114992,60.20853382030001
352.0,34.71600337228088,73.36841268447412,78.06977329544773,60.71663312440597
353.0,35.46711937785289,72.60846222274128,78.99799735823501,61.02528857698473
354.0,36.61481340871652,71.86031385693458,80.2997231360956,61.19604728506907
355.0,38.172639620608045,71.25271745820541,81.72138722402373,61.37043908652177
356.0,39.270458182416505,69.83155603700096,82.16762926977802,61.555118007931306
357.0,39.540787886741825,67.67195563004472,82.76045906892618,61.60979609910265
358.0,39.55544456413819,65.56434265597235,83.334310251886,61.648801506339666
359.0,39.66612144584129,63.836834998043614,83.15094540080206,61.584712851606234
360.0,39.142034810269905,61.425268418473365,82.94858501416178,61.57834420792349
361.0,38.62620292214926,59.574750024577455,83.14702641516386,61.043252255056096
362.0,37.202297258484144,57.90384664560781,83.19886887293264,60.527401771324676
363.0,34.897775498573935,57.13277250572787,83.401228102377,60.11667640656001
364.0,33.002316391537846,56.68340290067094,82.90414689785644,59.843600999235434
365.0,31.834784930305837,56.39789511880361,83.16736076952408,59.48747060318546
366.0,30.89835926150533,56.325973084594416,82.75720523791735,59.21100917873419
367.0,29.329739811975237,56.059670052802005,81.6828681481703,59.031651187483305
368.0,27.99414420370069,55.53691777166142,80.94828552763784,58.61379695221174
369.0,27.10851974745507,56.1218526934684,79.82672789292316,58.261481919198495
370.0,26.279634940172517,57.141000322218495,77.88163923919019,57.97807096850816
371.0,26.5812456112375,57.375933904023654,76.87814533375288,57.71846357693156
372.0,27.720049576342607,57.27172449153459,76.12834102322871,57.46897973835561
373.0,28.08711332246849,56.920536510646514,75.96421731984515,57.06033219807848
374.0,28.618136749830413,56.62718187572804,75.58562275471927,56.88991713433725
375.0,29.893550132504934,56.44727643914425,75.02529860203593,56.70638716503465
376.0,31.799799095816713,56.1583724583667,74.65067078942697,56.334188937355385
377.0,33.25253114249832,56.575488141377726,74.81029242153437,55.924230019341636
378.0,34.12192679416357,56.43088196824941,75.55126627084243,55.41210030864125
379.0,34.610354512602086,56.19151044256017,77.03793503614051,55.42047019618614
380.0,34.99960752970365,56.40130131111279,77.92887723026716,55.42194347378782
381.0,34.983271642556815,56.70679724215567,78.73624023490194,55.444341065055056
382.0,34.494549595694494,57.08247436351109,79.52954855601597,55.73525635241741
383.0,34.37890867495038,57.5724240019247,80.30661888963118,55.95176452142497
384.0,33.4851327215932,58.406664368654155,81.38484934615344,56.32235442732889
385.0,32.39300702621269,59.4005117756755,82.24963779149932,56.9928844617343
386.0,31.287461699980916,59.60608936048688,83.00168165389705,57.776721682884144
387.0,30.54018706998166,60.46884168151319,83.70238728259633,58.86975644573896
388.0,30.503824348931907,60.88055407625044,83.85098343969314,59.703497601805594
389.0,29.996124094285236,61.160150082143616,84.40290627038837,60.556974111528305
390.0,28.96757021374583,61.45116119100763,84.5169206806683,61.27637066279184
391.0,29.760276390302252,61.91053258428786,84.37701747286032,61.75330720998413
392.0,29.927654594454978,62.10506742957605,85.21870266695151,62.25688734145964
393.0,29.746526896032904,62.800763109995245,86.27214168168389,62.763111719714395
394.0,29.65685090802889,63.54029047445407,87.28315103612738,63.221350302326904
395.0,30.127042893750737,64.10393239929753,88.18027022944979,63.815176376563144
396.0,30.334617832263298,64.25645066833691,88.86834290967434,63.96313848451954
397.0,30.48443629142949,65.13038970478965,90.15090198897423,64.0842252942506
398.0,31.556330333084773,66.41251555450096,90.86735960825884,64.03830776557214
399.0,32.9406563621222,67.23251685901722,91.92585747274883,63.64636105638911
400.0,33.893870062629205,68.14811617661172,92.56269501239576,63.24454195398191
401.0,35.17750323218356,68.99711731612734,92.37971089216379,62.79838956771708
402.0,36.67772849371639,69.33874350489154,92.13822003085464,62.30527503584468
403.0,37.61847527538586,68.87409686958374,91.63649919809245,61.79872646338041
404.0,38.38645917570427,68.33278622123086,91.63881314944774,61.363450206576466
405.0,39.106590297261846,67.70251295869357,92.49780399739171,61.25756524956244
406.0,39.995545153210855,66.88335987539381,92.56438541091623,61.18448319316059
407.0,40.45040612892801,65.64458202141095,92.76798847351297,61.02505883960816
408.0,40.64049240950904,64.69047629792072,92.72086175162231,61.32078252942509
409.0,40.423972739303984,63.49639389954671,93.05459132261485,61.75610754888478
410.0,40.0887891978676,63.19596901959321,93.49409843330288,62.152913642919486
411.0,39.88155079118932,62.52707780975575,94.01479198415382,62.30093042285016
412.0,40.28154800438158,62.48908560277082,95.24621630562538,62.227950414695044
413.0,40.960959078953444,63.05847206914335,96.2404841892669,62.07576982484612
414.0,42.099098484384434,63.1020263982751,96.75443328487424,61.83245341289715
415.0,42.67393085589102,62.498074012048576,97.80852669759706,61.388166987521906
416.0,43.82207771011486,61.76609576531078,99.25092183714102,60.92850692350646
417.0,45.632772927077426,60.686598879545635,100.0,60.388810296385635
418.0,47.40083551357259,59.662160812600135,100.0,59.99172106507652
419.0,48.284351938620965,58.607319099364226,100.0,59.630682556349626
420.0,48.88199566640708,57.70118029689757,100.0,59.56680227889373
421.0,49.65877848403658,57.37460916436308,100.0,59.65647280265138
422.0,50.170148443163576,57.70284013214744,100.0,59.87148569247129
423.0,49.812824580915986,58.23497844329609,100.0,60.05687027648561
424.0,49.79513306602713,59.22813322229952,100.0,60.41896944518426
425.0,48.97256457728997,60.45872854447369,100.0,60.719075986502176
426.0,47.42673660302897,62.26056467758395,100.0,60.94066529878181
427.0,46.317807005497905,64.01086404306298,100.0,60.95773442279524
428.0,45.90503563466339,65.22558151930815,100.0,60.75062545628104
429.0,45.8334135414558,66.73424422169485,99.93316325626952,60.38198876238087
430.0,45.631781139,67.57327906310014,98.65424152783977,59.88080890056571
431.0,45.18013246517564,67.36814847396874,97.02195099499413,59.582137175042575
432.0,44.719864138665784,67.05247951612122,95.33636577777902,59.38771927088714
433.0,43.92201463417001,66.87988582081132,93.87976163018723,59.210969922469594
434.0,42.809582452629456,67.58200315337953,92.85161492310753,59.07116512941019
435.0,41.44122706226231,67.6388315068977,92.2417688107357,59.13539411620569
436.0,39.454609727150384,67.94209201767866,91.62506569171235,59.007379472284
437.0,37.57826922692037,67.42643332483027,89.97783767355453,58.95132573911988
438.0,35.93020833916083,66.50041739726471,88.5938005372785,58.98019704647897
439.0,33.939217324708814,65.84203247603871,87.7724962397206,59.230158768424566
440.0,32.51795094362455,65.57681207846012,87.44761978565421,59.116038132349374
441.0,31.90793229641218,65.74756464451976,87.03726929033196,58.927590723613825
442.0,31.71681735909314,65.86966602382668,86.52090507117408,58.64500203819564
443.0,32.321836474282996,64.84644336978351,86.05360780211036,58.48300224558585
444.0,33.80184777459687,64.25062295158138,85.26440283937342,58.24464337141744
445.0,35.362256404659945,63.472164799628516,84.52229767325622,58.41647999238862
446.0,36.625052923337165,62.988294591400546,83.7090611876345,58.845057990379324
447.0,37.71287448097401,62.95468560353221,83.44422262915776,59.34150093287537
448.0,39.11391699906086,62.98673361077304,83.57457113576169,59.6586229661845
449.0,40.66782996017196,63.074600145964325,83.92194141664653,60.169808140183896
450.0,41.58089623138009,63.47863553092063,84.05088975291352,60.60508557051015
451.0,42.13930528068614,63.17051310290413,85.0708338578981,60.915813802598244
452.0,42.28253459991678,63.32714098512394,85.99216503938507,61.170033162186314
453.0,42.357944348458524,63.608960634066655,86.6026328352415,61.39682247216935
454.0,42.38339199751783,62.904745834393616,87.48288862916831,61.55094001513629
455.0,42.562872950495915,62.394917288110896,87.87779821467375,61.534772014098934
456.0,41.95711895491307,61.447241368617235,87.83755947244163,61.52870871342588
457.0,41.13082266047501,61.226835399194286,87.90736449645419,61.519445295475094
458.0,40.09942704604184,60.445686187702314,88.12159712046125,61.47279203016615
459.0,39.05399332109077,59.45722397974672,88.57505919367452,61.409772594472734
460.0,38.345030429302184,58.92611531462328,88.35306255010929,61.78800248182096
461.0,38.069220345450574,58.567366485454265,88.14335022255699,61.83759013884502
462.0,37.09344050285036,57.81463002428691,88.31256605081167,61.98433071394803
463.0,35.341603873121834,57.952840943576646,88.15413991486187,62.10120125114151
464.0,33.05773808909656,57.97112235684691,89.04076965001539,62.27444101768699
465.0,31.57594529473911,58.33111884762899,89.98243345633867,62.27160375889601
466.0,30.134794465286998,57.98520064255181,90.4538900428164,62.42641679738098
467.0,28.576695773476896,57.57269223388964,89.72338270850096,62.48727372258382
468.0,27.358440595963646,56.67374506926645,88.52578599565193,62.60893509939661
469.0,26.20172071467073,55.90985513328411,87.5671108992861,62.3279414507175
470.0,24.95021760335572,55.39481155816014,86.7082155922712,62.46922839431928
471.0,23.86545594663712,55.310109697115024,85.75517344487291,62.54003272337037
472.0,23.490928751735197,55.29468652775745,84.85201094263495,62.573622824369885
473.0,23.333259100969034,55.82676554370478,83.49038168482414,62.30523382139101
474.0,22.79800365240237,55.760990507149074,81.9688148733715,62.02109881992349
475.0,22.718496835561943,55.73436088691588,80.23092457150833,61.64222749839848
476.0,22.95447035180647,56.009797011375035,79.13347368753243,61.32682191429069
477.0,23.846945542643184,56.750134918389456,78.7459278004414,60.94455579425318
478.0,24.057197785679794,57.10656400364455,78.07619671420855,60.50306917051794
479.0,24.615272795683147,56.93207821781137,77.37251579151192,60.06404349816787
480.0,25.35650218630187,56.36407547867122,76.05395915194612,59.67508784237746
481.0,26.633199167170844,55.7925605822694,75.60149224153565,59.232397607097546
482.0,28.631211200462044,54.564744208385825,75.53824769061467,59.119565982872615
483.0,31.40268711727733,54.1649671306677,75.49940889446647,59.052466601242266
484.0,33.34776548067258,53.8995307934107,75.05284284134386,59.07990870657507
485.0,34.33483088113725,54.027672031987606,75.33393058073918,59.06562301855451
486.0,34.44014744325744,54.291586602880244,75.36546992558631,59.18650983015357
487.0,34.46131798840055,54.71203556055168,75.0784624115979,59.4774724144262
488.0,33.93387812618676,55.45904581664577,75.07074555663527,59.48048159318265
489.0,33.86203748200405,56.15650718644275,75.21605413523935,59.170198759772255
490.0,33.61615562138425,57.00974397786938,74.54132006610278,58.83828271687078
491.0,33.272853498819615,58.02085754061558,73.67175982407352,58.44137106623876
492.0,32.29604820681019,58.46774908319925,73.46349893864851,58.09846902370824
493.0,31.394289526310363,58.608694080193196,73.50420824758129,57.876962675074054
494.0,31.220882325289924,58.3277272867311,72.91649477727367,57.58692760767166
495.0,30.97953288459006,58.06498718835036,71.91093346126037,57.12625041482309
496.0,31.72613411067867,57.54958845048817,71.4272001320813,56.55253549917107
497.0,32.66673605713929,56.65474385704946,70.44927419923025,56.12097037227308
498.0,33.31270777587707,55.72453875377212,69.8135887134632,56.011527039170794
499.0,34.02672712954401,54.18191034758823,69.1733278890064,55.932827924533335
500.0,33.93206708843143,52.46437203336563,68.4322479655235,55.961355626675896
501.0,34.30188155037341,50.94060764732412,67.38725062022463,56.01880797791654
502.0,34.4880894253648,49.99583861446105,66.31921862272132,55.86161107746432
503.0,34.962569141783256,48.532296759839895,65.54384570826414,55.73237353682755
504.0,35.068228730317635,46.77098086586161,64.56150922356835,55.92022813384874
505.0,34.8811427416164,46.00972846326192,64.47748724366579,56.401677532665275
506.0,34.24094945982691,45.25583570175089,64.88971158484051,57.156472614180494
507.0,33.76241082126384,44.29977929482404,65.15608488082248,58.022154270488976
508.0,33.20839719484646,43.86237367618467,66.14799737344629,59.011013810902355
509.0,32.93122501045944,43.91296174576481,67.66032003906004,59.83979265300371
510.0,32.03111837549819,44.7588555951844,69.02101673591031,60.70415087651927
511.0,31.304666470618535,45.34800693806305,70.69825032861715,61.396263060478496
512.0,30.216356532900598,46.789257515975656,72.232469121254,62.25602041424257
513.0,30.053960297890985,48.58578695010744,74.64175186061615,62.87094927415963
514.0,29.41556351879656,49.66235494704988,76.41110102592532,63.36793095435216
515.0,28.984972475721083,51.04332256140524,77.12931595163306,63.823081705097955
516.0,28.536323707172425,52.72564977970438,78.0113761963293,64.16511518243011
517.0,27.57727212353967,54.586365436356864,78.20046942271011,64.5103225852575
518.0,26.775131188057,56.94444167793406,78.09160489113852,64.95345086346175
519.0,26.51125912470151,58.014149592947,77.91717315079585,65.2107573235108
520.0,27.086694164128314,58.927971320548096,77.67231077996503,65.62501397031423
521.0,27.88513317175387,59.68877965652096,77.5030855958158,65.8147347332321
522.0,28.04900217268777,59.610311943442376,77.19739091739847,65.90796157249773
523.0,29.380430403607377,59.76177284276768,76.35417014599065,65.87018065939449
524.0,30.512190296365553,59.58458860853659,76.0393349509223,65.7303846024955
525.0,31.586945092251632,59.987897347416656,75.6997472721616,65.243594009174
526.0,33.115237145336934,60.85485007904764,75.37701206238252,64.8538578283353
527.0,34.55934495961269,61.09006153698876,74.89897769162118,64.4159699846976
528.0,36.10275394753388,61.69268091874214,73.71524577363593,64.05236009807186
529.0,36.686955727252375,62.029139074822936,72.85679882059037,63.555610805286044
530.0,35.97713072726196,61.95085366356312,72.07351358414334,63.023727199327745
531.0,36.151684242691736,62.498871684523614,71.40467980638519,62.44410217284421
532.0,35.40827915770853,62.79298877510293,70.32837717833256,62.00162244124428
533.0,35.10095743640446,62.8533225494985,69.57092709714648,61.32902042659352
534.0,34.858022894387965,62.51999161841915,68.45893084756894,61.06427471959429
535.0,34.77064251167866,61.30125604219481,67.72285055123353,60.6934370171775
536.0,35.27991408277949,59.94725076630482,67.17386549022794,60.55488014562933
537.0,35.6451532074425,59.075942218440204,67.92184861802826,60.489820241703285
538.0,36.125391512729294,58.20726348868062,68.47366461513906,60.54616521385589
539.0,37.014672618830005,57.525871078910086,69.30429094900896,60.618792840600804
540.0,36.45949403876351,56.982478565699004,70.00154134788913,60.88168070561093
541.0,35.01766665700616,56.41987076240089,70.81787092049262,61.07640242398242
542.0,32.95122701898387,55.87537096870298,71.78686720565325,61.49013692035392
543.0,30.513695137909203,55.02296335664421,73.26433025358234,61.679562483211924
544.0,27.852860911776418,54.5592515529744,73.97867338043758,61.7022401181293
545.0,25.20952299081914,53.90185640166487,74.51613166339516,61.55678388299226
546.0,22.858220124857173,53.22112471972676,74.5400991522036,61.173444081063906
547.0,21.170990404485007,53.35505263169539,74.96895916558275,60.536265996773764
548.0,20.354134830717783,53.318798184106775,74.89018150764689,59.97478907544504
549.0,20.158930594946543,53.16144537520346,74.7438279053076,59.441354863800186
550.0,20.727645053481876,53.52013720991137,75.4485123252475,58.95696374751751
551.0,21.535176535750946,53.970018347888775,75.41510559374576,58.443702608752936
552.0,22.837009895163877,54.63702774414998,75.1070853347856,58.04364901001585
553.0,23.38005568450463,54.93386110630955,75.32445858225284,57.66333493051105
554.0,23.858879379534322,55.5210844813682,75.01005365747125,57.427597860471934
555.0,23.61049124395856,55.64419110377564,74.22434214460154,57.48071303438098
556.0,23.61369737388097,55.102018991695935,72.74477087651252,57.72343527387796
557.0,23.27605470157937,54.82308821173043,71.77074845163648,58.0696165106777
558.0,23.250268019265434,54.076813240290505,71.22304902809417,58.31097166744694
559.0,23.1785790514652,52.73274528330098,70.52672815883918,58.51966553852353
560.0,23.756537461220756,51.258886600803656,70.20527092088565,58.66399259675342
561.0,24.026583613430418,49.69965565178905,69.96255807582911,58.79507794049206
562.0,24.78463933592913,48.150394163391404,69.43151393625514,59.03470380209639
563.0,25.02827801063778,46.733481601641785,69.5161200119511,58.987697630536196
564.0,25.782123478908375,45.24044707263104,70.13299116298272,58.711390993017936
565.0,25.559480276670698,43.83966242698794,71.44250637232557,58.66791368623294
566.0,24.483022875712564,42.45615905970892,72.34716753332529,58.64783348297457
567.0,23.6156741322086,41.802568946038136,73.0849327832988,58.544792430948796
568.0,22.8517756599983,41.14234162273989,73.41762444587336,58.40120034062319
569.0,22.07206026046985,40.22830122024525,73.7620636666903,58.26726534554868
570.0,20.7734643113739,40.06971279216457,74.24709382984243,58.01602934362609
571.0,19.182091327834843,39.69433876557301,75.21345198986734,57.79695549585168
572.0,17.805430754141394,39.548515714817924,76.2697493720319,57.789916838719066
573.0,16.358549064053086,39.76344256506242,77.02475951764758,57.84594486284672
574.0,15.43516596624437,40.313395778986376,77.48649623296208,58.010785754758565
575.0,14.377488731051203,41.28116801986107,77.88171859751927,58.10446585604481
576.0,13.284342959491601,41.95311947909081,77.8836839352071,58.245952683487175
577.0,11.920284784582261,42.9829566384959,77.94976047456643,58.599328667451665
578.0,10.154073488595861,45.24177155962304,78.12191454207407,59.10282432860738
579.0,9.0495997653215,46.833117807377484,78.1875130824209,59.80268612886456
580.0,8.749648961701153,49.12100124623462,77.72896465314301,60.53266648869113
581.0,8.753764189156563,50.738210841393354,76.67939688320303,61.21626798680428
582.0,8.83990632260085,51.55004743700724,76.21146121605467,61.95941043219683
583.0,8.838219832419544,51.578142883104064,75.44748693445473,62.412522064043266
584.0,9.753130160517852,51.80891452415413,74.19997409835872,63.0072852949203
585.0,10.619861301737062,51.983769869786435,72.7093934496632,63.70543388476246
586.0,12.34313456851536,51.637031272938415,71.31223190116269,64.1343945608418
587.0,14.755892382037862,51.10679415528719,70.04841188962003,64.31522524082166
588.0,16.74868673832082,50.10591258529761,69.02716692845318,64.24751132131544
589.0,17.99213259083894,48.80732141923394,68.52416133064115,64.03718508030278
590.0,18.233487056207828,48.582820908475334,69.18360314232092,63.71992031883664
591.0,18.313167487267943,49.22338103238951,69.0944600661501,63.18872099804916
592.0,18.43214503137575,49.96052933967795,69.44098225448613,62.677223480495606
593.0,19.112605979704625,50.36407760603825,70.90605201513335,61.95682334206925
594.0,19.67089864715854,50.63861284249553,72.95297812374262,61.13197356896666
595.0,19.742183198452643,51.268229521766024,75.13604855376893,60.32379814198519
596.0,19.241837715075746,51.175873988009414,76.73136751043464,59.68709877178767
597.0,19.274202333998122,51.663120803283384,78.06883274240664,59.196181319762786
598.0,19.30201577941875,53.12666474372995,79.23334782569538,58.84283027931451
599.0,20.16758956062155,53.32423271929595,79.66627248086027,58.50691602406803
600.0,20.91963991065102,53.23253535686433,80.44811340064193,58.35434687324635
601.0,21.473615274121613,53.548258341201254,80.87679344644481,58.10994821096585
602.0,21.910839356619555,53.65912847926043,80.45014999485745,57.833922521937566
603.0,22.204418392304692,53.63641354357052,79.18952097146814,57.76509632780731
604.0,21.7597836387503,53.49423513250157,77.57197778714676,57.81986288881407
605.0,21.690761376284364,53.508738808192874,76.76877139752,57.842366892732805
606.0,21.817767292575365,53.92638363664826,76.67299585194031,57.77341883664684
607.0,22.066286184688693,52.79278983408969,76.27705383374412,57.369941366761246
608.0,22.21469492118085,52.61847469179047,75.83315632741784,56.82874085226214
609.0,22.320099941822832,52.568097084465855,75.20062911462122,56.437076038121575
610.0,22.290099613698885,52.57078103036765,74.96062416145072,56.151124486071
611.0,21.659416511890385,52.45373564061781,75.64082467716086,56.019409221441535
612.0,21.33910891076175,52.675774329306265,76.54927739564243,55.84439716639512
613.0,22.177158028920886,52.827117277728966,77.80421707986912,55.681024990581285
614.0,22.82040470167199,53.149700418583706,78.53616941237559,55.4587058450791
615.0,22.449116772009656,52.19336236245815,77.9867573725599,55.41891105972566
616.0,22.731967409018328,51.73526999701071,78.19738654191255,55.67297282456484
617.0,23.026931245283123,51.027694487459435,78.32059806121856,56.3282615921861
618.0,23.62757365917425,50.499967438126646,78.88708161515052,56.94189335295998
619.0,24.402674989459495,49.744993422535416,78.86304959416321,57.67450151742549
620.0,25.152065413539724,48.78766059740244,78.46730725626473,58.36353966730389
621.0,25.359745433356743,48.37013030390713,79.01878401595536,58.79119047614529
622.0,25.675025916110975,48.44233076580531,79.31720971881438,59.09131460536603
623.0,26.213579159569782,48.18251655097388,79.68466789869854,59.55553461357983
624.0,27.659225562076156,48.61316876894633,80.4178783667678,59.83234676811245
625.0,28.43484676142285,49.02816248139784,80.81185206564093,60.045083031955784
626.0,29.01641710926795,49.389646063777924,81.19068551058254,60.07538839994221
627.0,29.329373868919205,49.22266245449372,81.39929392515663,59.88302696363401
628.0,29.61908592054348,49.10752785954164,82.16874762164275,59.50883630980058
629.0,30.337813612039092,49.49310134573716,82.74872281092985,59.15514201741686
630.0,31.09939061660615,49.13581199483603,82.60894031990617,59.04332095528218
631.0,31.00725117738506,48.03956285851859,82.67855808611361,59.03191459304367
632.0,30.30210082232274,47.01385066354068,82.90586810976924,58.9754998258748
633.0,29.497389617115175,46.46465557832751,83.19478657905462,59.00714749686508
634.0,28.6326096796854,46.10032762267126,82.92085123595933,58.97819662394966
635.0,27.7587016351688,46.03564888605858,82.5823234045026,58.95755753288445
636.0,26.855453985682907,45.80926395451912,82.69087984456401,59.0066829369783
637.0,25.81117412233863,45.54898983044259,82.50825218094779,59.07048927654802
638.0,24.558706618726664,45.602094790104424,82.46142472358527,59.1263727614009
639.0,23.532247512679184,45.546989173145406,82.36427257622812,59.078703382057576
640.0,22.63305540655272,45.908169900873574,82.19715221986111,59.0200457480403
641.0,21.694011403935725,46.19581864009646,81.61378397903054,58.91989269778266
642.0,19.92828375900159,46.14115469021657,81.28553541332968,58.79305248533714
643.0,18.340315350351577,46.28400851087399,81.4393898632149,58.68766828381654
644.0,17.457739434935,46.126975243796245,81.64477076745935,58.49638218352619
645.0,16.502490145956497,46.36024479679641,80.76937409403986,58.36793622497577
646.0,15.907049170659848,47.13278819901123,79.99642068470794,58.3680667075673
647.0,14.799912837548806,47.97468436826795,79.29725733935821,58.35475105212708
648.0,14.085085326263595,48.663843126327926,78.52872015301224,58.487206465867544
649.0,13.486941792688969,49.38420865630075,77.47771518806476,58.49756762409792
650.0,13.123224069470796,50.65762803795714,77.094725289765,58.48815050958592
651.0,13.849492777742318,51.91335934685084,76.25760782188728,58.532754288749636
652.0,15.084012024909672,52.46025554798269,75.10260580091209,58.74040549278601
653.0,15.798990023873197,53.27142407441253,74.22688043872084,58.79955897372231
654.0,16.669539364864853,54.01318804019249,73.92239918545127,58.79723611936857
655.0,17.73952972778924,54.826268360921624,73.43229965122036,58.66966975894857
656.0,19.48922699492325,54.94587479660536,72.33606801323143,58.53529310256073
657.0,21.19339092917194,55.19820505732992,71.99933267373096,58.30756593221208
658.0,23.105261197462085,54.88843619864288,71.66910617803353,58.23232144244575
659.0,24.6405453122046,54.61527124630506,70.80867846434124,58.09871194022065
660.0,25.94897428721822,54.830307094240865,69.90476911085277,57.998032631861186
661.0,26.994982876498916,55.15181614869239,69.06663090631199,57.85827479500641
662.0,28.01063295472622,55.512299207923974,68.9408747957858,57.89586983847464
663.0,29.101873764427086,55.84967642913235,68.57389972464347,58.032577822683564
664.0,30.14151639648946,55.745101778450355,68.65734487748475,58.21844864992389
665.0,30.17061554463037,55.419071023243056,68.41593480030248,58.36920821863187
666.0,29.783610581584092,54.85606617834032,68.1991235732443,58.42716532159702
667.0,29.03417092246357,55.112139962133604,68.33642289403902,58.55707228576202
668.0,28.916577602257323,54.89953492121306,68.7772680343814,58.811450409956635
669.0,28.577646873233103,53.713238408769605,69.99860028289595,59.02525750452277
670.0,28.24901780869398,52.47661227080102,71.3347334263831,59.10102230600513
671.0,28.08179590068065,51.48138131825342,71.41611199349067,59.21319060588932
672.0,28.66916831901453,50.62758157804931,71.70511324266279,59.29165673412997
673.0,29.02700183683568,49.60690629622799,71.02581681313981,59.3392734239094
674.0,29.68873331703253,48.974140596018955,70.75626661977338,59.509711599387586
675.0,30.024275612760622,48.37985399855884,69.47991305202687,59.712237197857554
676.0,30.903455540765894,47.8083760466789,68.24832322537017,59.96745421630431
677.0,31.058346450174298,47.553924610868364,66.96412457392424,60.1038750719381
678.0,31.064224669248812,48.133040491882994,65.59712013112014,60.13281078630631
679.0,30.773886627503583,48.48731621070456,64.8402885143138,60.17389508958355
680.0,30.066174342678696,48.10175739666035,64.08421448581184,60.075148627177505
681.0,28.870335713385188,47.86608097473851,63.226148327066475,60.020243168248314
682.0,27.74992760503276,47.84864673690069,63.08678357214872,60.19975347026304
683.0,27.161661748836543,47.40614908216007,63.61753704156486,60.3411602446515
684.0,26.99065017669713,47.87968275564053,64.86696071682096,60.518794176953406
685.0,26.431791554551015,48.96638514150099,65.64078058000663,60.44240688868598
686.0,26.63652116672173,49.79203415551739,66.92508086300134,60.46449344956203
687.0,26.75208132804592,50.58978473040752,67.86501729435713,60.689299029882754
688.0,27.209671932375585,51.86253124893953,68.57881637682355,61.10927587201061
689.0,27.59737564290741,53.348295510627814,69.80108813887625,61.64877155674243
690.0,27.14807640861224,54.56064697192498,70.85535713139228,61.998878917669536
691.0,27.238879928841488,55.71930647111198,71.64497333856181,62.088255229318506
692.0,26.965069005031047,57.24230211964868,71.80889453697363,62.0519659753658
693.0,26.270581259317677,58.134382749893504,72.41223412311442,61.9308492491474
694.0,25.998643917830435,57.59895666698991,73.09022526154352,61.74569831328772
695.0,25.500879456607244,57.50061985947998,73.19013480587188,61.54643742652918
696.0,25.122169173682977,57.198539486679636,72.9755260661086,61.17107714328155
697.0,24.214884787992663,56.85000000626758,72.47014126416397,60.608621001766224
698.0,24.040750755233983,56.75668095747543,71.46739480747586,59.90917523955743
699.0,24.33628913989291,56.352260882182144,71.14631365525881,59.382921063990736
700.0,24.59298761924251,55.8251388796295,70.92377239032889,58.950885517778275
701.0,24.74175167662798,54.872882985254456,70.71308954668947,58.56401340599761
702.0,25.727719154298956,54.15648704892432,70.0190596116836,58.30208111639534
703.0,26.59811467221714,54.06750546615082,69.6736718417898,58.39944121223847
704.0,27.732272232811717,52.999965984334096,69.63286186954124,58.54785011224597
705.0,28.817968517851245,51.99915249031881,69.41363738419389,58.6513623355451
706.0,29.813499543924422,51.512339977085915,68.92348061594159,58.892898114288755
707.0,30.48120970298332,50.706995148450694,68.70808274256846,59.20634588017188
708.0,31.17177263747252,50.01356974898668,68.35552307963368,59.461078087161944
709.0,31.139069571640107,49.357362648902814,68.02439333996814,59.59081704069948
710.0,31.52931337918421,49.37235166129552,67.84781053073382,59.58253604863392
711.0,31.82248342835239,49.30229970083647,67.80527575564263,59.66534697741978
712.0,31.935378428460087,48.261154445978164,67.75669316339035,59.588307578851555
713.0,31.261912693221973,48.23746178303583,67.35613073963921,59.48451273703026
714.0,30.032909417991252,48.075941744757785,67.65169667514374,59.47172059834881
715.0,29.088223670734752,47.55341867575653,68.57153693550899,59.49234509142376
716.0,28.252649488625686,46.648969632819444,69.70731241971504,59.581614228569514
717.0,27.04620437886554,46.317764037838074,70.74085323317692,59.798262715880306
718.0,25.999880698603924,46.12082196873703,71.27031490148687,59.89757296378184
719.0,25.568122782130782,45.90409723795552,72.53216865685356,60.32329987506483
720.0,24.80210012713562,45.94984671579323,73.48946923496703,60.636699651844275
721.0,24.634147049795516,46.58869888743214,74.42207012305522,61.02789717941377
722.0,25.311039524944178,46.85900997712362,75.74641771719595,61.52788280065183
723.0,26.6094595999067,46.76485803480048,77.00636662024527,61.91787358555821
724.0,28.667635998485395,46.904130527096584,77.89480794340844,62.18132448431263
725.0,30.32342789468273,47.30031591682669,78.70997359435975,62.40223641917776
726.0,31.877072376591027,47.363467793262735,79.55796703800142,62.4270389587829
727.0,33.375256418765744,47.72149917337845,80.41577647046921,62.64072636027445
728.0,34.463467557164904,47.352166261521084,80.55186298256577,62.74183639695432
729.0,35.49951771900193,46.19352174617391,80.59615055008788,62.82728687630825
730.0,35.60294757365713,45.37382275435674,80.68446359935955,62.826165871129774
731.0,35.261900778971125,44.73130344778434,80.49461111275365,62.730261954452125
732.0,34.53527294389508,44.21935741176065,79.87182718443285,62.58746280074535
733.0,33.24069740207557,43.684905728158924,79.28961505473966,62.487223980163634
734.0,32.18583687779423,43.54027071483044,78.24566060588177,62.233907956355296
735.0,31.151823862062745,44.34512756355225,77.44983592050639,62.195986482380235
736.0,30.213136654669814,44.57581535811631,77.1721823365988,62.18546595878274
737.0,28.24923126447294,45.27191441034661,77.33370425983581,62.210840870572824
738.0,26.031317728993567,46.69059965157665,77.38954403172524,62.27998608712173
739.0,24.376547894599423,48.082130607005325,77.32210528987142,62.255688294703155
740.0,23.372998800604535,49.247256017554086,77.30369976138473,62.13240041675441
741.0,22.993332657345146,50.36998329729529,77.25221978850142,62.08456142838008
742.0,23.064989684029538,51.583520942391175,76.89762348815391,62.0162063099591
743.0,23.479310062688345,52.13925663449194,77.3285597957665,62.03376418236309
744.0,24.514151773178728,51.89342921077768,77.29282838947918,61.81124334396951
745.0,25.761142652579277,51.7536662102199,77.25783786838,61.62550816134425
746.0,27.788258845367604,51.370393839205185,76.78404088474065,61.42912967900089
747.0,30.120350406120693,50.5888535544961,75.85596172170003,61.26703226838889
748.0,31.81076726223508,49.37694336895585,74.27138386490566,60.89750172004267
749.0,32.93436067089983,48.63731064954436,72.88247562370813,60.511809812439616
750.0,33.88363039050168,48.22211302290003,71.61778531308151,60.31426618384579
751.0,34.74135081940703,47.42113319289066,70.6537831464295,60.03628030100421
752.0,34.873231040102375,46.939071664888246,69.66975493460373,59.85736232468316
753.0,34.702380073865534,46.504043203997384,68.51514456268059,59.796258388684365
754.0,34.04766657497252,46.746879527326726,67.25181459729939,59.75308711836812
755.0,32.65256945680566,47.31991967039235,66.12046724727088,59.71871923957784
756.0,31.72217216306723,47.94251152963914,65.79436548367595,59.70553663741051
757.0,30.53841706241473,48.73303505341429,66.33544397697098,60.04240109021342
758.0,29.691329935448035,48.95229961746471,66.68056313230069,60.277204907889214
759.0,28.41299390293207,49.21342721340169,67.74017331745833,60.303676103726964
760.0,26.5593754809179,49.49590742523232,68.5653632899093,60.40724155397617
761.0,25.095004408071556,49.1878004447342,69.17476713285535,60.46799150655075
762.0,23.591829217311517,48.71974415551385,70.01146754095286,60.57898382250477
763.0,22.31314194366058,47.63644607893906,70.93444322732782,60.84659530283083
764.0,21.701387786025773,47.054604684875216,71.5484833643924,61.07127803451129
765.0,20.716532931879513,46.00193460886235,71.98300806308332,61.234396972992855
766.0,20.73072162694924,45.737439378437024,72.2424422944502,61.43630369315881
767.0,20.481857902381943,45.824256138634496,72.72668974355508,61.764589715975774
768.0,20.317215316310545,46.010080820069426,72.59261240606136,62.07776642627955
769.0,20.360191433880317,46.33670462097695,72.67288521039634,62.57226807627094
770.0,19.714704926515576,47.28012319664258,72.59512185954101,63.050936207785554
771.0,19.760850465665698,47.947290790785246,72.44956457959793,63.46539920788792
772.0,20.404171481365545,48.63870208757596,72.59864247298196,63.67439197624303
773.0,20.70918690959762,48.11314319302843,73.10738539160005,63.868668370181865
774.0,21.704656338887396,48.39729461501507,73.87843513573588,63.94967952885043
775.0,22.20291772325419,48.37803847965195,74.27723915903455,63.766102185840424
776.0,22.82906056784554,47.978283022718685,74.47709613156627,63.73271843147665
777.0,24.867378387122045,47.61497510764257,75.13779026992549,63.75748325869195
778.0,27.097288907473498,47.29110389608095,75.79910030929923,63.559161896415674
779.0,30.07948710747324,47.23892820486268,76.82647069576142,63.23319111635543
780.0,32.812045236641865,47.33369280212282,77.68682276582693,62.86322224703414
781.0,34.826318778364346,47.25816300098456,78.0683048408105,62.548790081889955
782.0,36.82742551655375,47.2092020844921,78.39188361023457,62.20740763818756
783.0,38.314421905036404,46.958464930400176,78.79938366780124,61.890807268417944
784.0,39.91106559370987,46.474029924772225,79.20374639388208,61.766798552010975
785.0,41.44244381337168,46.2504132549546,79.71316725970973,61.44331556403563
786.0,41.867414421868574,45.63843302158125,80.1127976142382,61.2884623186027
787.0,42.17534282795312,44.69811936573597,80.24305632675818,61.09411025221655
788.0,41.93059228779411,43.64352797384552,79.78819905163067,60.94220115620325
789.0,41.61945922913846,42.58905819647046,79.34522095778388,60.8727792860051
790.0,41.77114221612649,41.851090726086525,78.96414547362218,60.82083742218494
791.0,42.14947035123605,41.94070801864121,78.8633940153739,60.85139088831449
792.0,42.159920028903365,42.31391428784407,78.35102600139174,61.01275220741314
793.0,42.37683598532259,42.749677307509074,78.12791637662244,61.25773338355644
794.0,41.85323744214279,43.158511874828996,77.92200669163452,61.53918557918979
795.0,41.37058467034601,43.758211894141134,77.07554861076765,61.593095302912076
796.0,39.939436164293326,44.39727869047774,76.38653492488231,61.82296265931053
797.0,38.903865654539985,44.742867330488394,76.04836550457965,62.120923907386114
798.0,37.57628016787974,45.65902966696723,76.52289881356417,62.31131258791482
799.0,35.93716139569606,46.313168347517234,77.0275205053239,62.26510557604332
800.0,34.555606260090755,47.11647333198784,77.25049653450469,62.25987482861021
801.0,32.85944171369758,47.41594907378153,77.93619974578712,62.073701245713494
802.0,30.896966421218103,47.29597441850162,78.59292607624312,61.723453542256
803.0,29.252602791994928,46.95051688089633,78.4922450237076,61.52223913344875
804.0,27.123000970030535,46.750882996075774,79.01351568834814,61.48560326906236
805.0,26.20520135257,46.4981414123339,79.74286146146791,61.2496264087464
806.0,25.548316812449304,46.45493405771493,80.29897717660587,61.01728849339126
807.0,24.872733026543642,45.82259690175934,80.1825757227483,60.84071770335391
808.0,24.118392447711372,45.58714440029081,80.32430339795773,60.73253947767018
809.0,23.48245550601815,45.17987989285349,80.25661308906844,60.48134342272367
810.0,23.015999663534096,45.31320878982226,80.18485165905332,60.38648064093839
811.0,22.769247156519963,45.820972010690426,80.09646662313516,60.38512957769588
812.0,22.664187074583186,46.40581141568867,80.30746782660255,60.15608416755369
813.0,22.82738979367234,46.51447538531011,80.18748564187494,59.77020357076236
814.0,22.97517498850803,46.629837823585476,79.84677677686074,59.504022920727365
815.0,22.754459520929686,46.91903980839431,79.77528645261286,59.36691144931564
816.0,22.485659008190922,46.72966274099944,79.36065598123847,59.436750457425916
817.0,22.05764259215054,46.10423783678376,78.39334113869312,59.58101998416273
818.0,21.973777996248334,44.72263784433331,77.380043131104,59.804287846305435
819.0,22.693747688824704,42.601167998806226,76.04293091809556,60.08283381734336
820.0,22.915757258953313,40.828733246128614,74.33594189451938,60.26688997441332
821.0,22.618217928016332,39.359757749999304,72.82496843149745,60.55909348743486
822.0,22.04794899554614,38.077285838560286,71.49693268485757,60.97655678279979
823.0,21.556151401516296,37.269847250012596,70.3309118700465,61.13681499393367
824.0,21.049869550393158,36.28699671367901,68.72609560036196,61.30097283492903
825.0,20.656554775299078,35.67367476583844,68.02224234366487,61.44567402225814
826.0,20.87411924610891,35.24628158508148,67.53721987716732,61.32527593946076
827.0,20.452658520707686,35.30398159487186,67.22464298892878,61.06380859178257
828.0,19.72528026751026,36.38225992564353,66.83732339364569,60.62896515295051
829.0,19.380958009312977,36.66854477440266,66.1977773738812,60.24367379365646
830.0,19.43940259731535,36.592920287519,66.51533065703157,59.79106540733329
831.0,19.83713228474934,36.76156996250823,67.00655932416296,59.3500163434655
832.0,20.32302918416837,36.69881893377192,67.28261681152517,59.15663536718392
833.0,20.22913654112113,36.90997470965295,67.6401702072034,58.915007990608
834.0,20.206518974556467,37.67734650867698,67.13363221281631,58.50197487064165
835.0,19.997385633503196,38.172471113486054,66.99642621195645,58.23994982344499
836.0,20.307408724133623,39.266174748827055,67.14449021657134,58.03248361098926
837.0,19.696381151826667,39.69736418753506,67.19526104694816,57.77363285429759
838.0,19.590933072269042,40.28228927397355,67.96648574041996,57.639494688796816
839.0,19.43331697192694,41.600552800954,67.44488419896383,57.622582131166375
840.0,19.482002613313508,42.63541389986582,66.72908697104711,57.74062194065383
841.0,19.34093145751257,43.58223855404847,65.90256201788058,58.06898699029309
842.0,19.9584718446074,44.24512839413148,65.29101366292096,58.37189187824458
843.0,20.539096347688574,44.6078629039132,64.89702788977043,58.62416595394004
844.0,20.772451604519294,45.26498606775995,64.19928842877009,59.0585343463358
845.0,20.781040425709193,44.7502206332498,63.27593185612228,59.555842098363726
846.0,21.271206808790616,44.173397431176426,62.7836707702925,60.05812929419242
847.0,21.309617362348913,43.58359343373974,61.943317527816056,60.593846575024656
848.0,21.58123253759543,42.280814185808836,61.59794326432126,61.22041889258503
849.0,21.82623668874105,41.185018164874,61.851011683166234,61.6908929326427
850.0,21.273761500760596,40.12167790986258,62.37422817114438,61.93733812710781
851.0,20.747263228588913,39.15364436250594,62.57063838899194,61.98021340132657
852.0,20.162691457827357,38.26995518250914,62.91052734898614,62.109635227476694
853.0,19.97568998373749,37.27112327664909,63.04668891583425,62.0878831474238
854.0,18.93601847531271,37.03732701893582,63.210822813849724,61.991963833721954
855.0,17.938845018945397,36.992784316244,63.218509905808546,61.884711561977085
856.0,17.423056410128574,37.3655464873784,63.53811215043364,61.80659154014221
857.0,17.350300469112238,37.96969259942527,63.945841603126084,61.51213264556074
858.0,17.39467285702314,38.511917819726584,63.78623670331362,61.292553302894504
859.0,18.211078563852734,38.72920517147855,63.95678665861495,60.961880798674066
860.0,18.36118422173059,38.447424637332865,64.79220551265982,60.75819820000862
861.0,18.571802532620378,38.001561956546254,65.66684364266041,60.620857828715884
862.0,18.802569160560818,37.70361442630007,66.79555354662126,60.56827305452688
863.0,19.48570683781395,37.685138514719156,67.68307871337689,60.506715365720744
864.0,19.857682534391657,38.13269749155129,68.8846518572842,60.36839812063714
865.0,19.70667073800877,38.1028331315205,70.10137019192638,59.99889852663223
866.0,19.145685977383238,38.32516968637386,71.16333447949576,59.84672134690961
867.0,18.374114132300722,38.51065514129411,72.16926225329675,59.68025818915294
868.0,17.763761442503405,39.411909671652595,72.42272302740705,59.42531311297249
869.0,17.481175813473932,40.544265543322375,72.24895791083257,59.13012448096293
870.0,17.404042874895786,41.54554047929122,71.95495587199323,58.662963512527746
871.0,16.932392047221317,42.33936840128928,71.61922901288989,58.31499928901164
872.0,16.91359228766866,42.931760215791435,71.7427046796047,58.04889103809164
873.0,17.32985304803409,42.978937692193185,71.53230248151515,57.901351262760755
874.0,17.60187898173907,43.47579068081525,71.25206965116948,57.86606580024426
875.0,18.05197610872693,43.118741084495724,71.16024756987619,57.64481057276051
876.0,18.786767230050224,42.557175694196204,71.17750956295667,57.37510415046353
877.0,19.176240126583373,41.65346920464384,71.68116056824776,57.34379219641843
878.0,20.051485971306565,40.97659202307454,72.10737809911467,57.507913663208996
879.0,20.850804501088756,40.54647691120044,72.52698645956059,57.83091366081209
880.0,21.63722865217376,40.41051660337625,73.30300148841717,58.079357914677615
881.0,22.18934021165211,40.477156043254745,73.73132800998974,58.41963603457618
882.0,22.60691235613182,40.319080335571215,73.74866380548046,59.06818306871932
883.0,23.326734357536267,40.468145388763304,73.52110967395842,59.745018327334726
884.0,24.027092992551733,41.04076818147564,72.83230272253408,60.40820566082592
885.0,24.866911772361014,42.080581674017665,71.35319921552095,60.88008038711808
886.0,25.216334740810655,43.171713126406544,70.12444654711439,61.420606314783626
887.0,25.245531890730533,44.1240081649459,69.42092274587921,61.88127478009493
888.0,25.037305532981264,45.25297390819394,69.352694606405,62.15425836188559
889.0,24.739898906915528,46.12102103219906,68.74726618030962,62.31636905360731
890.0,24.604964261666385,46.663981965640446,68.41930735634133,62.47939369675945
891.0,24.736419108324203,47.90369886515711,68.45982416113613,62.42695952249422
892.0,24.465775369990375,48.57689502152314,68.81440380389022,62.26842078213356
893.0,24.228940051811833,49.271623365107125,69.72349297592594,62.00348374505494
894.0,23.084829305118667,49.35919479687257,71.36455011604248,61.75000101958843
895.0,21.68819811439795,49.48845533964738,72.61281289331258,61.37145297999278
896.0,20.124788968466962,49.03583614723232,73.80309622339088,61.11897710129133
897.0,18.724257359417837,47.914940206454,74.69478246239271,60.75649760770778
898.0,17.706773247787837,46.59464921729968,75.65014059870352,60.66059194368142
899.0,16.916782094768756,45.5703334767368,76.03469111941845,60.51085515891417
900.0,16.377153117062747,44.32425007370014,76.85604875023529,60.390741004601516
901.0,15.747589066785759,43.29334752737834,77.70151066443732,60.41692856870641
902.0,14.827923593101684,42.44916302366625,77.6893767107582,60.60468615308312
903.0,14.900558031684307,41.86256524672187,77.64527753442142,60.76658965382773
904.0,15.89928105901585,41.34350938365934,78.09051614583092,60.917028264210856
905.0,17.88284724277877,41.261346282280726,78.0031917877412,60.846660563716185
906.0,19.79340287460686,41.89901502880938,77.41665774500905,60.893877189948135
907.0,21.596090558431378,43.20717890862509,76.51612280216978,60.69871047293714
908.0,23.191618410552945,44.59104447485437,76.19575927923583,60.354606455207765
909.0,24.669846053971273,45.92604981622775,75.68478368662704,60.08728875108594
910.0,26.596795192632605,46.792752361186956,74.92620357634867,59.86131440061027
911.0,28.156673398784097,47.55673499744205,74.77398336885516,59.489600326611914
912.0,28.542453116620976,48.55010653353204,74.73309681762271,59.31982105542751
913.0,28.435501897335637,49.77845396363791,74.00279908353225,59.16651884887985
914.0,27.56683644546874,50.95227916683612,73.21297485723909,59.134217787679184
915.0,26.896086372418456,51.85385131238075,73.05388338608005,59.159027923675445
916.0,25.843964110207065,51.87982016632973,73.48671791314086,59.322413435278065
917.0,24.417835331027703,51.47877712789052,73.28131672713626,59.466464623672664
918.0,23.02369436729359,50.300068342077914,72.59720443414751,59.616577700868035
919.0,21.473085565867173,49.67662309000677,71.78115103372735,59.54620686237304
920.0,20.63053931096465,49.35951451659716,70.86272662569633,59.61318714076443
921.0,20.313938834415673,48.83153213980099,69.72506474589933,59.537231674595255
922.0,20.22838567479625,47.78715614887212,69.5074372793125,59.57442613452315
923.0,20.303373314870854,46.71829971317504,69.59146951393609,59.65840865941465
924.0,19.953878395522814,46.1800267597462,69.35911977745094,59.815995583567556
925.0,20.11718034531588,45.69185089883551,69.05614688122898,59.71042668862775
926.0,20.44235242599665,45.19043716472368,69.69168920138486,59.70304230449671
927.0,20.64580011532729,45.263397800009685,70.57679764541598,59.54093723232488
928.0,20.6566733579192,44.85265248538683,71.64331549908773,59.462039150505205
929.0,20.180413285247024,43.776402893161865,72.52854366144979,59.60870002447838
930.0,19.598262645234023,42.86008747244538,73.52659096966381,59.934189866705644
931.0,19.237552584520238,42.049948787333626,74.11220380191708,60.19243534604715
932.0,19.390055743007768,41.711762242233206,74.54569770884632,60.2569770852898
933.0,20.251331770404192,40.87414537395619,75.02152959447942,60.07785845595983
934.0,20.480120547068292,40.44588972417939,75.25045531054728,60.027278170161054
935.0,21.367314771263814,40.29912607067119,74.95871352801703,59.970472242342666
936.0,22.83148995259286,40.227114684018716,74.7714002077089,59.89910065980577
937.0,24.29464706905325,41.14685108655074,74.40322758327,59.73342972264427
938.0,26.382455120611183,42.636871244092184,74.46133823296623,59.18283876713528
939.0,28.565876779657675,44.116612069489655,74.32497717402197,58.560802824465284
940.0,30.295482325676332,45.427553872844,73.71642547611106,58.09714764654873
941.0,31.008486126483618,46.36193084668827,73.17828596176952,57.747400702826106
942.0,31.482198322464704,47.55546851068988,72.45284472148776,57.60335842733524
943.0,31.839685734990486,48.69090395331076,72.16544332448933,57.49388564640414
944.0,31.35348814723727,49.78878627935114,71.58622790285519,57.329577617394314
945.0,30.326312444197512,50.605826606230394,70.70121934135162,57.193475765419606
946.0,29.388724126000152,50.90379415945948,69.78095349883388,57.07197850356595
947.0,27.547330833519492,51.584770194780155,68.89948752156668,57.12717163275907
948.0,25.48834652383252,51.634774461499795,68.22060635664806,57.307780290428454
949.0,23.903566955098313,51.58048245620065,67.51411331921011,57.11920937956248
950.0,22.607945569621982,51.11454768254224,66.68441984451096,56.94261869437649
951.0,21.558596961331023,50.45475663035046,65.87366746411205,56.838804868618645
952.0,20.866357143232392,50.03653360658209,64.96780468146986,56.54478586639745
953.0,20.41222683051494,49.1929465482561,64.79528322308636,56.358135011349745
954.0,19.914459921396645,48.60693461376814,64.66607368799792,56.20466580138527
955.0,19.189255702541743,47.87144822599096,64.78795889299984,56.132750364659415
956.0,18.92866644892083,46.20420709741609,64.59098180126476,56.09794872885159
957.0,18.676849600922516,44.95540159797607,64.32272001920838,56.114243423673315
958.0,17.906129867370677,43.888706631109834,64.6730061408937,56.46151087057966
959.0,17.02902179263676,43.605305560837444,65.2720627725624,56.88887442639596
960.0,15.881383475346734,42.91852233110059,65.8511019336518,57.32112761627242
961.0,15.382627887954351,42.153490843393406,66.38283096783493,57.975628995928794
962.0,14.578869994406531,42.060058422187986,66.27480385163481,58.67205413112795
963.0,13.770773130585072,42.038533084062934,66.30581915256832,59.44220177913748
964.0,13.534928264066783,42.4323248731088,66.37641735306296,60.081488345312785
965.0,13.481103113470496,43.24843143901549,66.22782098128235,60.839688458240886
966.0,13.632066059435894,44.22449702965467,65.98305003375128,61.27643269862625
967.0,13.822233113965519,44.55371089254568,65.4532300227742,61.57244634361218
968.0,14.056516105176808,44.724531455195184,64.95895412601094,61.68669162206381
969.0,13.98705268759367,45.02893815080831,64.191193092,61.71810605143645
970.0,13.727480613223939,45.26098775520613,63.267846510540274,61.73825490470093
971.0,13.720984231708515,45.169877033377375,62.584725659317144,61.72568058634466
972.0,13.243885241472984,44.69475040042208,62.09433476890866,61.79777004999106
973.0,12.548334832854565,43.234359909522325,61.96943689825827,61.91830558115903
974.0,11.494355873522446,42.09869898847644,62.187232269981784,61.89242153513521
975.0,10.560711469126774,41.55961680192647,62.703343989840796,62.06464028011541
976.0,10.156448341810083,41.17879520746983,62.27460637607586,62.232115051726296
977.0,9.794537456195407,40.769197685966475,62.757654656654964,62.46388375844788
978.0,9.793887533665526,40.35691930996659,63.60306137143859,62.601627737212105
979.0,9.403532054798513,39.61959297226089,64.3522866900275,62.695965197546535
980.0,9.748226639596238,38.87069366694444,64.8183762237759,62.807248226117395
981.0,10.582486222790079,38.57986350421368,65.56140303862107,62.62249887361171
982.0,11.771410080229176,38.621078371971095,65.94950550019179,62.533231269989756
983.0,13.599703581050564,38.29207608108226,65.88320401328735,62.33458281112411
984.0,15.510284398041037,37.87232131543439,65.90092253124446,62.119333480163675
985.0,16.999202812689887,38.15044428649151,66.2923496223395,61.8587199850157
986.0,18.73172039335951,38.41261011137191,65.99679770080562,61.62020448197453
987.0,20.20690204041012,39.4598292761706,65.58267765961716,61.5808296768833
988.0,21.858357246930456,40.60467897992902,65.38184898330194,61.72702997412181
989.0,22.713971640991666,41.83583141122071,65.49656272851274,61.644989171747305
990.0,23.71304181836649,42.966221591437204,65.2776362091191,61.72404234908467
991.0,24.27274439921879,44.21705580220761,64.77015555889852,61.49725237557696
992.0,24.514179258306353,45.785299735116524,64.82356217587255,61.41808278498944
993.0,24.399140768548836,46.926882119634136,64.78658908689906,61.25143964339905
994.0,24.12566388580703,48.075715486237215,65.45408498613182,61.16727896911177
995.0,23.421247983876658,49.21314179046181,65.76159949606989,61.07054350120001
996.0,23.034172012153387,49.468374134673105,66.3954094018765,60.85196969113678
997.0,22.84612973216279,50.08727455561491,66.94219509605003,60.50797910964542
998.0,22.700200112189094,50.39072595088849,67.31809577140206,60.44161019388991
999.0,22.389219523735115,50.63393612686522,67.42319381284591,60.449342761340496
1000.0,21.8973301836706,50.974399599058245,67.40476732141994,60.56608666712696
1001.0,21.510183558137726,50.72697266968966,66.94189100098178,60.56840505577631
1002.0,21.086491508843658,50.60276624085737,66.62217427001971,60.74446710976673
1003.0,20.65331232332453,50.43225650130951,66.41363786151149,60.83588617772594
1004.0,20.293752096214053,50.32608487397698,66.27950958767602,60.93088271265927
1005.0,19.731910364012183,50.61515966514479,66.1200420442187,61.23325025849448
1006.0,19.252967299033536,50.675252697934866,65.56415319362904,61.471742019600406
1007.0,18.949380083635788,50.2741208866273,65.27130465618721,61.60942085140181
1008.0,17.84315112158412,49.65940022909157,65.34535233246471,61.70667481726133
1009.0,17.478605759695824,49.033365780640345,65.97780277705725,61.97793306780461
1010.0,16.882458489076637,47.978957529492185,66.89362736898586,62.278100003972405
1011.0,15.892719198386345,46.62828620299686,67.18577869365281,62.31397772490266
1012.0,15.11006435183606,45.26115817959971,67.37716929420921,62.197378097649725
1013.0,14.26272819713499,43.89090221118421,67.36840563452353,62.026089239955795
1014.0,13.128201771309493,42.30803835993768,67.1354863294967,61.62389500908633
1015.0,11.77702515714873,40.60678431783655,66.75089496969058,61.17497824591287
1016.0,10.549166712227002,39.841018836945715,66.68265690146748,60.80702832420292
1017.0,10.388447962688488,39.35055855395868,66.66410839336277,60.52160428875811
1018.0,9.725406413403665,38.68261380131247,66.54447550843307,60.080363041922624
1019.0,9.340727432332084,39.195184838996525,66.25297430340802,59.645529087504784
1020.0,9.349228279734271,39.44166643035203,66.43567664589843,59.36961436201319
1021.0,9.854423308858385,39.386369904048,66.40631433441094,59.36195415830441
1022.0,10.496343429465187,39.032971850945785,66.48659107351118,59.37508193051923
1023.0,11.25968497241589,38.71090971833369,67.1021305479118,59.27142555409454
1024.0,12.039895474371097,38.59804198076121,68.07562811619775,59.19118682024404
1025.0,12.455990246074018,38.14885382343696,68.58944960050137,59.1313696468448
1026.0,12.94184685093145,37.80680292266121,68.93532179852062,59.049891995963506
1027.0,13.41859940389868,37.87039622726259,69.23188780716862,59.129769333293446
1028.0,13.418451184517469,37.68916484429191,69.48508560995901,59.25969451102435
1029.0,13.874293703303389,37.84652647544388,69.66877926728222,59.47352133722535
1030.0,14.08797245460541,38.26616908759583,69.60136387781223,59.734432978707346
1031.0,14.43001289551359,38.986594609474466,69.51830260073652,59.958487147189025
1032.0,15.133843018781747,39.66554935903039,68.93642752229759,60.20997781778722
1033.0,15.236418107373748,40.29169451709898,68.51793529063258,60.63004717240532
1034.0,15.633778167724216,41.14087798911566,68.18285945979329,60.8563758071624
1035.0,15.535989635299483,41.77268782560043,67.50248791026907,60.85235518782005
1036.0,15.369519794455769,41.97120202439231,66.95517201968786,60.681847938885895
1037.0,15.797833890378897,41.908665047229064,67.14718455956731,60.588878854402125
1038.0,15.761894917408565,41.71165671854473,67.3618695211396,60.470576318125126
1039.0,15.703984379160739,41.609328516166926,67.93321730608774,60.23931160239614
1040.0,15.98759148335595,41.687753811856005,68.57721356803702,59.96567765686299
1041.0,16.14026264640963,41.87577445054905,69.44040484344188,59.9590712684701
1042.0,15.726475140685807,42.10399017403381,70.22255015908564,59.66859156523074
1043.0,15.93060465088708,42.017544134565185,70.7872935196096,59.5007474868706
1044.0,16.12025083284176,42.53935433240368,71.8152346211575,59.447298946456826
1045.0,16.61604379122021,43.573277384494766,72.56740897869443,59.634199148273396
1046.0,17.154572261277238,44.42542662526946,72.86114628286235,59.8205022043372
1047.0,18.441049697027953,45.45907512819474,72.89072037538722,59.83807661344607
1048.0,19.803269138361788,46.03627833956595,73.04843490428829,59.68905205956906
1049.0,20.585448098242193,46.79055949681298,72.93091599734885,59.754946677785
1050.0,21.481186046917735,47.760715935110596,72.12639910067301,59.70591845047186
1051.0,23.392070420638046,48.61227598616736,71.3750347727209,59.68096418401582
1052.0,24.69981213383836,49.58751798120015,71.28697701954624,59.511038542151475
1053.0,26.2618362761792,50.33256337221235,70.51081933700948,59.37689679885686
1054.0,27.7601026642368,50.652477892452794,70.06584036638583,59.199062736698004
1055.0,28.73624633199804,51.06466091667517,69.49693925990053,58.902786548930216
1056.0,29.463043338896853,51.21273336342137,69.36882691592322,58.682679198547845
1057.0,29.531412493113397,51.55501456053234,69.05846874636302,58.804037714845734
1058.0,29.518424936924127,51.23537567153276,69.43036981036116,58.85101290435165
1059.0,29.0870370811947,50.79594894602742,70.02812522319569,58.921448147732626
1060.0,28.562740198087386,50.032032493091386,70.54511566542399,59.07676550481319
1061.0,28.17542020542925,49.13942298391622,70.74786547364499,59.18933148295537
1062.0,28.140243632692233,47.793700856376844,70.95959537326928,59.23189457059595
1063.0,27.783933661689804,47.04498779931358,71.2142966262632,59.372900693502736
1064.0,27.436675880665398,46.91912074239386,71.51306065544786,59.76301332040714
1065.0,26.49713104719911,46.88300681659896,71.67433978751535,60.198946838802335
1066.0,25.720010665153293,47.2614358451054,72.02530322109689,60.46026660018558
1067.0,24.8579788642753,47.72203122429761,71.18793937145215,60.72503433450113
1068.0,24.086265635102457,48.04489158832638,70.79961217649878,60.96522174392466
1069.0,23.913402052634133,48.724376454982874,70.23530293571015,61.24396678425252
1070.0,23.465384993225836,49.10333330190683,69.74780220021344,61.71768382414003
1071.0,21.96739448831948,49.79391020307588,69.92720383047504,62.13338339012993
1072.0,20.58367035979863,50.164625102183564,70.08457983534709,62.39222437728101
1073.0,18.9868928193435,50.214774648026236,70.05675363685373,62.61704518055626
1074.0,17.8347209862368,50.0029497632172,69.76387449800283,62.710120863393726
1075.0,17.35792253484538,49.26385998577987,69.32480452105048,62.7222824144655
1076.0,17.27505288322918,48.65173417298136,69.55020931927363,62.79019165751272
1077.0,17.274527258852565,47.670404392386324,69.53327250289512,62.658063564480756
1078.0,16.85168212534706,46.84266642070858,69.75196013167545,62.56537602880074
1079.0,16.49976753778954,46.41067720375678,69.7119013345513,62.355722299609646
1080.0,16.91322476897201,46.0723639917414,69.28465163317605,62.25430373604518
1081.0,17.085476235612127,45.362000648103916,68.43357917526198,62.204009219094765
1082.0,17.561973757623072,44.45750124189483,68.12375003313488,61.938608668995705
1083.0,17.75790265330278,43.96799957144009,67.93311711847215,61.7833894099843
1084.0,17.443973044588734,43.29628092183768,68.09734802202794,61.596940412922
1085.0,17.46139504867748,42.988449371812905,68.43911331706842,61.32716043023595
1086.0,17.073544062631466,43.066206843375824,68.68372259817147,61.22702500504094
1087.0,16.458125242856006,43.39775153307144,68.64357609517171,61.047838138646
1088.0,16.03502190098765,43.58807180173319,68.228367968278,60.9148583013574
1089.0,15.717606834133697,43.68140291472175,67.7896588343377,60.680114650690214
1090.0,15.876701555617903,44.06529435691255,67.7922003154064,60.339114540736645
1091.0,16.14173515275047,44.618929010895,67.45344572010386,59.986957046829204
1092.0,16.619298762045155,45.174580037925196,67.09676160328176,59.58220569212706
1093.0,17.06482796699926,45.72454704342837,66.5805200535875,59.35597368486946
1094.0,16.779139418102186,46.479595749134255,65.9652611125245,59.21178407495514
1095.0,16.52753845237513,46.96849030132774,64.98167891362695,59.073987925664994
1096.0,16.569597394872158,47.078724661030975,64.75487622776487,58.986486546795206
1097.0,16.691922886878924,47.03360001051562,65.3985072830743,58.931426360746
1098.0,16.477963090841413,46.78066091660062,65.90248804750073,59.136198940532374
1099.0,16.18791242952613,46.51621630821468,66.00062143764204,59.58145181896225
1100.0,15.817604812306557,46.16200895006615,66.10102531693344,59.969530710507556
1101.0,15.204416450801856,45.92005879300809,65.45564116417543,60.24704142544098
1102.0,14.67683182309844,45.80479010719824,64.27599508991547,60.503221428504276
1103.0,14.042387433130614,44.87874902586443,63.596008114008946,60.70697796867588
1104.0,13.853167185864288,44.1640531790189,63.36535357947405,60.81707960244498
1105.0,13.554739312579253,43.394522241684584,62.89768082722919,60.9296448081577
1106.0,13.004611574209127,42.49558718944997,61.45396522117069,61.00573856280913
1107.0,12.873703978924889,41.950256410674854,60.07967142720304,60.79948656517278
1108.0,12.971942763582623,41.26061275628203,58.81783378374218,60.49357015655812
1109.0,12.706089681316111,40.81394364178817,57.68343121112962,60.50612078546362
1110.0,12.285203429167009,40.435106119920626,57.12012427212457,60.70512296105025
1111.0,12.291366895906815,40.82383673080681,56.83338095378329,60.63829908502251
1112.0,12.99654355690409,41.62206418798364,56.34133546914986,60.46701493905413
1113.0,13.790127867543239,42.4224195040225,56.11284390126418,60.317678462028475
1114.0,14.450639769907161,43.22528060567271,55.9198064760154,60.25266303413044
1115.0,15.164822710914846,44.00261339059735,56.39985345155197,60.195150361481055
1116.0,15.725405828795884,44.16469587617495,57.56971218953068,60.15788948806887
1117.0,16.247025577486536,44.28186827804912,58.87289167386791,59.93413037209192
1118.0,17.45374277693635,43.586030604278996,59.85938377597925,59.524418737564915
1119.0,18.334209518204027,42.37552380882436,60.88470190561551,59.18591803712741
1120.0,18.69662431812321,40.90971955602268,61.977437068339775,59.06487841570173
1121.0,19.015543083013494,39.30110810536091,63.02944494417529,58.96395280703931
1122.0,19.336694041816166,37.5268588699942,63.973906945653475,59.02550435720349
1123.0,19.66886389691715,36.11029282061934,64.44959360665607,59.03803668359242
1124.0,19.703139366580256,35.45914156736959,64.94692748959227,59.05512528347209
1125.0,19.75820091442608,34.684337618892854,65.12975668159616,59.360289104304066
1126.0,19.585017391294492,34.19380793759434,64.94850911493317,59.63077843555354
1127.0,19.465834581824847,33.91040246180023,64.74091580090555,60.00316054866737
1128.0,19.885146877640366,34.071989830141554,65.07882027645616,60.269172181058195
1129.0,20.475596930723245,34.46428453172231,65.03412800486174,60.56364313425182
1130.0,20.70623125028978,35.03072200935362,64.18787550410647,60.9378294201782
1131.0,20.937942019820795,36.006079722950844,63.71591149608224,61.27160277343065
1132.0,20.93472687998347,36.823541434653265,63.42806729047376,61.6842023832628
1133.0,20.89485502183919,37.064708405135754,63.079489937819375,61.92842518284726
1134.0,20.6392175991795,37.690842261184144,62.845034162026124,62.00154798456096
1135.0,19.89203986451927,37.81276460637689,62.594316947201285,62.07252676082436
1136.0,19.1098086052748,38.43616905606406,62.3858994018382,62.06593478668192
1137.0,18.80090345755002,38.962096443399126,61.62669145630538,62.14261293186286
1138.0,18.33252833659146,39.10813639104457,61.52203340367663,62.218517450467544
1139.0,18.122842985822356,39.63967285380976,62.108372033480016,62.392414936882375
1140.0,17.972837785317335,39.93988874714825,62.4634064542652,62.48749609369846
1141.0,18.22825398620946,40.246471195877874,62.67170428275817,62.31554293240823
1142.0,18.90563599084021,40.32387849920437,62.78342859600272,62.26677349614921
1143.0,19.39611202428127,40.41571316775535,62.493987713855596,62.31526814239687
1144.0,20.26830763017132,40.915327434491225,62.514129964668086,62.531719185655625
1145.0,20.74511161417565,41.195769044769115,62.59154272263516,62.6594055771297
1146.0,20.705375251053,41.34610477208562,62.90354424251555,62.7109873354064
1147.0,20.591004456701956,41.77396420447385,62.762659086634095,62.6421452238248
1148.0,20.502381163600838,41.964371964485686,62.63994339036403,62.42681462724407
1149.0,20.21321477817593,42.23623214482283,62.4100864825456,62.112419058691984
1150.0,20.175623740026328,42.297011584308905,62.81123704341032,62.09443728645121
1151.0,20.410915121335645,42.835113579087725,62.901202749566714,62.183337801391176
1152.0,20.689351501220937,43.500142836761476,63.24694806381419,62.205507428642164
1153.0,20.703426322669376,44.028635543930555,63.84464635533813,62.11718317891926
1154.0,21.0877521921894,44.41658232012491,64.60808038049149,62.0182664272088
1155.0,22.049280827049127,44.94255384930847,65.01593931040196,61.93148055532582
1156.0,23.05783868823867,45.52668871075208,65.79661947418315,61.920245796494484
1157.0,24.25670060999649,46.02771526308713,66.59864874258886,61.86035339074669
1158.0,25.31291857209913,46.30951199515563,67.41724963933632,62.073866559444525
1159.0,26.031882957119564,46.64983555255906,67.61996004347745,62.258217522954524
1160.0,25.943833546089863,46.85824135326828,68.15196989642963,62.41257965631759
1161.0,26.26712338556443,46.68868051184152,68.59945277079422,62.367430907934214
1162.0,27.231667857630388,46.491679196439144,68.54357578915003,62.37385632149924
1163.0,27.76853538561327,46.39485966461992,68.1525667083827,62.513313150764944
1164.0,28.07598897048881,46.22940708210705,67.94330417435127,62.57256965041589
1165.0,28.470409426692967,45.39784895034924,67.2407119652112,62.75572905764096
1166.0,28.199453868501703,44.24732989234723,66.40571725992174,62.935714616272044
1167.0,28.018637851356104,43.22364585408107,65.20466911001333,63.094260279092616
1168.0,27.379182653596644,42.55057940192897,64.35418226837689,63.06908812682522
1169.0,26.997376958903697,42.32575905060685,64.03323471473895,62.897697106377336
1170.0,26.177558103203815,42.238232318191415,63.451363560271524,63.019625893346195
1171.0,25.123717540094106,42.037506110168124,63.25214594655074,62.810077250901536
1172.0,24.118378722827995,42.28777086054244,63.3872219756309,62.583067780834064
1173.0,23.153231922302776,42.90587983791412,63.5816095383381,62.498906360706926
1174.0,22.44640333681842,44.01462421231963,63.946255856133675,62.300163274220495
1175.0,21.630419321566276,44.79622172173444,64.18066138003212,62.02058359387507
1176.0,20.932091291039583,45.51368140045983,64.25662737471507,61.68778667171417
1177.0,20.59121721913355,46.12514074999364,64.22106301394645,61.47226465444598
1178.0,20.290659738537986,46.12317451903965,63.300816066874575,61.273781820763745
1179.0,20.08065251141943,46.32462404360592,62.734880428393154,60.96148265527986
1180.0,19.694730935329527,46.60097230775338,62.61742078971022,61.008755615385326
1181.0,19.199382045809802,46.45526369145767,62.5331507778337,60.933362109528446
1182.0,18.821206375113498,45.46637910519571,62.61665607192803,60.73519653610052
1183.0,18.56465166312379,44.10017572245562,62.93427716588651,60.58816484327622
1184.0,18.863554677088395,43.10775492107282,62.83416311888233,60.551840226321076
1185.0,19.219487104836023,42.02360455699846,63.13238110996209,60.560207973899566
1186.0,19.55486437235414,40.547843838971204,63.26152266477326,60.457818636871224
1187.0,19.712593161145332,39.34508102930189,63.45309074296788,60.44334067012758
1188.0,19.429074710719977,37.9141650078609,63.447014253383806,60.33059113256297
1189.0,19.972179344082726,36.590380413093854,62.623916890163834,60.149500025263066
1190.0,20.699455834603228,35.24320961639974,61.847853438871034,59.900879087022815
1191.0,21.25773162422964,34.55215142653141,60.91794682279947,59.70974184533918
1192.0,21.46346316363696,33.99090196762607,59.9641453007149,59.58485089302514
1193.0,21.339549854732695,33.220311197596914,59.74447168479055,59.55737323375284
1194.0,21.033095285619616,32.67273262711006,59.76771589543634,59.35355111955495
1195.0,20.87458983661404,32.71233061630787,60.115038057132026,59.24988933132529
1196.0,20.846909225162673,32.553622415900634,60.52703899410805,59.15048028315631
1197.0,21.317709616567516,32.62048746738744,61.153608389725406,59.25142159409873
1198.0,21.186949615425704,33.15810249031809,62.19892642145013,59.35050331072254
1199.0,21.06826453260691,33.215725796783175,63.38774941137369,59.572567032863105
1200.0,20.9548763679673,33.47856547160054,64.35579855514433,59.81522744675501
1201.0,20.502827703423506,33.79885508671633,64.78911458246392,59.87000185576444
1202.0,20.303317643723855,33.86800704357681,64.98217248092159,59.97438298417319
1203.0,19.69258881140856,33.54159210853645,65.18901380197516,60.0720404799392
1204.0,19.30308009039724,32.830656135666274,65.3168933863188,60.13776917776491
1205.0,18.614808181452847,32.1461389115494,65.21603914900061,60.23090069457287
1206.0,18.366264582114997,32.03234140195727,64.79760175602127,60.05528044992675
1207.0,17.32706879913312,31.649328429975007,63.67940717236786,59.93968599285552
1208.0,16.488779000083905,31.554821636527258,62.173473464280946,59.77366190070505
1209.0,15.895644417351201,31.045155758156852,60.88036210610994,59.541382290515465
1210.0,15.962462876756195,30.53598286849487,59.97946044922038,59.34050668294324
1211.0,16.394864308692675,30.542980233291672,59.07907426663722,59.04612255802685
1212.0,16.952282752418313,31.019368250009617,58.04146523345127,58.848402996450474
1213.0,17.65357578087762,31.24473245598488,57.08335320961102,58.5842170561984
1214.0,18.58037931409482,31.679646462329536,56.41501791056572,58.329466151086514
1215.0,18.687664447270553,31.40443054081437,55.89778045924097,58.41163565275013
1216.0,19.39435007648507,30.949956495386225,55.9622098141697,58.53310567554057
1217.0,19.74347486918297,30.81961335154553,56.20607134886194,58.818541264298155
1218.0,19.9746828564305,30.9738569207452,56.73024718997916,59.30793006066429
1219.0,20.05456202769915,31.07059907058847,57.46565288883195,59.815879182754614
1220.0,19.672384654359647,31.241254300704888,57.73581885507613,60.16597649091926
1221.0,19.705530104104724,31.29057624319184,57.556365158506466,60.47476863454576
1222.0,19.68038758391562,31.24646179366218,57.20708364196277,60.854331694366316
1223.0,19.095853492730384,31.398162907800028,57.5953970603699,61.233426701651425
1224.0,18.725961643238534,32.000271421175235,58.06994123583205,61.41648719124324
1225.0,18.697893527613186,32.90238724791076,58.69100351569158,61.54804763487527
1226.0,18.830549075178816,33.69381568513252,59.0504315705304,61.50025382755776
1227.0,18.864996771014532,34.33203952065308,59.241948587212,61.31871685528168
1228.0,18.902505188791167,34.752488609033584,59.3971193243848,60.97347787258007
1229.0,19.013674172227446,35.020366889727136,60.20067844124609,60.74302069966831
1230.0,19.135283380991297,35.33041579254961,61.24098234842044,60.53759033446428
1231.0,18.864359259563688,35.787717098695175,62.18192627958341,60.30865811156228
1232.0,19.038913716222396,36.07417771001158,62.671732855415335,60.01858913076824
1233.0,19.33214273248108,36.50395337572216,63.20901486160865,59.737030890730935
1234.0,18.976135073004972,36.37228973954062,63.18632142289842,59.611651220964255
1235.0,18.68820373507697,36.444508362426895,63.442985563020734,59.59846258986151
1236.0,18.465713692173267,36.195148160505674,63.54139667075379,59.59225511049341
1237.0,17.850524055591084,36.7105333240048,63.52681323234411,59.78072665950521
1238.0,17.31521403806439,37.27384623610116,63.693085608138084,59.99959373189481
1239.0,16.920784118867424,37.916843687517066,63.89010663159171,60.195945875194504
1240.0,17.139770863660534,38.65859576218667,63.91635879080795,60.388376923490135
1241.0,17.33633562569157,39.07319469524689,63.70956572536183,60.62039945678544
1242.0,18.015766675145716,38.7037553921918,63.764780663053976,60.735258346395085
1243.0,19.12339970676361,38.26605834669766,64.15814444070462,60.87518249560643
1244.0,20.135308539295032,37.96488012637522,64.46661597763098,60.840827591306116
1245.0,21.23233669076613,37.29246873294341,64.97402867004769,60.79675644412399
1246.0,22.66000996405798,36.2738740846155,65.09140620692095,60.71847506653369
1247.0,23.867904227621146,35.42030302994347,64.76638664081008,60.594042613395196
1248.0,24.608413952196422,34.64706344011767,64.62112190050237,60.550974539716755
1249.0,24.464286322876355,33.40053529813102,64.32290775405329,60.492458738545146
1250.0,24.426411691450557,32.334782691333224,63.825604418572524,60.47060648013302
1251.0,23.750138841078645,31.710445557253056,62.90448813388039,60.633305168422346
1252.0,23.038408832056312,31.387151945951388,61.92278101374523,60.67886797731321
1253.0,22.432842440469432,30.636364176006317,61.02351599314196,60.81885118652936
1254.0,21.518336259244297,30.65754197542682,59.83438314711658,60.7678688888083
1255.0,20.605074335749517,30.643807137115814,58.78472581811799,60.705912329007
1256.0,20.025546839005738,30.953614254227425,57.81710944689944,60.61158229766029
1257.0,19.977510874600824,30.972641127384314,56.888636508241234,60.37162440190406
1258.0,19.923040569563515,31.6133823098573,56.54595208925952,60.362850105831264
1259.0,19.956658151852494,32.19053642677297,56.68712185417299,60.29542993368616
1260.0,20.08765511759867,32.54196826097667,57.0921878253949,60.17955475749737
1261.0,20.066790804319687,33.18538551563289,57.990404996279395,60.03067128890852
1262.0,20.242870388316273,33.53544046064286,58.72149351324874,59.945991461201274
1263.0,20.819772870112295,34.18734311679839,59.56508975185008,59.97116368392769
1264.0,21.27056507972806,34.72414125157268,60.86628598561326,59.92885334970636
1265.0,21.276729336183458,35.01877541974019,62.15641635101891,60.00999779902583
1266.0,21.101307362942812,35.34432691803117,63.030642223135345,60.313659404889506
1267.0,21.13092654367866,36.0461029694067,63.5532592885599,60.50696771922282
1268.0,21.306962828422325,37.00735741480374,63.9350980157233,60.54781112776145
1269.0,21.465255494419722,37.5649501360472,64.11753648055924,60.526127179906986
1270.0,21.743480493226745,38.075032254006885,63.954157574413536,60.4239121019089
1271.0,21.96408948282606,39.06302899311688,63.82401554998188,60.32374433528812
1272.0,21.660356281447985,39.2122956261054,63.671966812244044,60.3572887788013
1273.0,21.319024539197816,39.361516071022734,63.627312123926295,60.44260893228306
1274.0,20.926567271676593,39.74833811604736,63.72778446623717,60.639605072670705
1275.0,20.631770875213874,40.10034057480661,63.65403174763192,60.698877742864354
1276.0,20.44518637612694,39.92369466143916,63.896381419768275,60.556996062011365
1277.0,20.050106591281747,40.017827499653755,64.27029557168153,60.56617345359713
1278.0,19.39063176601129,40.43474397602172,64.73762785266135,60.53987457747564
1279.0,18.66681286578908,40.61909924659608,65.38128632916482,60.554380971034504
1280.0,18.347930768724392,40.71696922008921,66.16525831200123,60.57290288423
1281.0,18.179038289357116,40.94321449235185,66.70180398662474,60.43362673843707
1282.0,18.14723885682688,40.99349234149712,67.09704783802933,60.385564179070684
1283.0,18.26032330401769,40.875848556870956,67.08612972519785,60.0562832407426
1284.0,18.237098893636485,40.67556494461654,67.14894518691167,59.70118083162756
1285.0,18.14023182159797,40.87278683898873,66.83439099240167,59.52015608573177
1286.0,18.207156594033982,40.86028793430708,66.34134871120708,59.27115940189816
1287.0,18.881997274553708,40.51785192898191,65.89278969113275,59.07136227249031
1288.0,19.141797318272168,40.16534868071688,65.1251469913398,58.79783988518793
1289.0,18.77793339842283,39.99526698436097,64.49639322763316,58.43864095161049
1290.0,17.96794808673343,40.09311789977703,63.98449947667606,58.22634705882209
1291.0,17.32126224918115,40.32852454825979,63.276124572535444,57.98898192785286
1292.0,17.487637044092562,40.26776854255415,62.906395882089896,57.78748365006768
1293.0,17.952164334617922,40.389737107372554,62.86637120545705,57.52517448797816
1294.0,18.491858548133642,39.70061911426523,63.14935490622475,57.00234108646944
1295.0,18.76523196712871,38.8057665563081,63.147987078041034,56.61402643700044
1296.0,18.74872597633362,38.33527914195093,63.21076099144996,56.364755537744514
1297.0,19.059127357348444,38.191849815630306,63.36820893181392,56.21435419389409
1298.0,19.07975118153484,37.889546133151256,63.24521992125234,55.92165259887906
1299.0,19.398944529524048,37.18756241873979,63.5471172681309,55.76968160850315
1300.0,19.533746586125538,36.096440665528824,63.68986160540302,55.686520926133376
1301.0,19.453073705989713,34.950811051579954,63.5738159071543,55.81275617051461
1302.0,18.63260374277885,33.61846817556876,63.574277900115895,56.10357342672031
1303.0,17.645312725728335,32.93251260235961,63.702806924676466,56.593905059339
1304.0,17.153562770814137,32.20323582309234,64.13530720415578,57.13655200613529
1305.0,16.09330874002928,31.592936575674198,64.2041110640625,57.64336634642143
1306.0,15.265664544422258,30.79468309635746,64.24372010667682,58.13852664538733
1307.0,14.843862638685364,29.83877074385905,64.36006616259063,58.78885827385651
1308.0,14.299121143020578,29.597650603016,64.18338484779869,59.31897180061882
1309.0,14.061769316690715,29.682580185302033,64.05920015736882,59.9267409455131
1310.0,13.872618921083097,29.9424487740363,64.10962505818355,60.28383064063209
1311.0,13.95550330188781,30.36988782806972,63.95844547722576,60.54839723682481
1312.0,14.162868419738272,30.728457200987496,63.360105379172225,60.97240205980077
1313.0,14.37060481897948,31.15450420561104,62.71898452751865,61.1918123710804
1314.0,15.423568147725552,31.8453885742701,61.941701853386945,61.16746465006132
1315.0,16.21848367700258,32.7314434230276,60.90071928902253,61.11983063033304
1316.0,17.04006821878008,33.758573412163784,60.048803636857514,61.108709873405644
1317.0,18.091847545188475,34.58353666861115,59.49071777750634,60.982316133201735
1318.0,18.944945949852304,35.286829688801475,58.91778573517852,60.73512124803761
1319.0,19.45929743204484,36.08381534354256,58.565307733293174,60.68296574579174
1320.0,20.107425060168005,36.93190743432747,58.388232848461286,60.71519265682693
1321.0,20.494602339529592,37.8706152380135,58.58937346428921,60.69058795637376
1322.0,20.162829334250738,39.21497267023063,58.42882221547414,60.698704619255956
1323.0,19.732039198778466,39.86781651945174,58.69560145051717,60.82401793186152
1324.0,19.688542756220983,40.340510519602525,59.31996275336142,61.09804700876616
1325.0,19.480978859772616,40.92766043819919,60.020907713600074,61.44451211871357
1326.0,19.466430529776996,41.55347948388306,60.38256444727236,61.751912213089085
1327.0,19.500541951348964,41.97322736684498,60.65533493454,61.93104669509047
1328.0,19.120198613133205,42.03331167894604,60.74621266936088,62.10664073121561
1329.0,19.199760810690705,42.45470867150733,61.031107964175035,62.1379710424879
1330.0,19.941715886590092,42.93693188094233,61.08972484029873,62.059926256259764
1331.0,20.916562504450948,42.976990319454664,61.3342183007984,62.04784234929328
1332.0,21.716680806123474,42.92317670043443,61.700197078062914,62.166945869054935
1333.0,22.150309246563634,42.72906036622584,62.223393337417,62.02208240310713
1334.0,22.673274954115612,42.37503486486259,62.42546756099876,61.75208698359028
1335.0,23.29024330155547,41.94266157927959,62.364942801172255,61.48655884844692
1336.0,23.746531984347282,41.53462029794939,62.262905283994414,61.28769401685765
1337.0,24.52333597912247,41.57051480784431,61.99830027773919,60.917880465212406
1338.0,24.705177647753338,40.94978776703599,61.22904470732082,60.44441018558293
1339.0,24.53695050517678,39.94656174517695,60.76356499394258,60.04332502504665
1340.0,24.75654824822216,38.530863367966354,60.41087349931103,59.56674193968426
1341.0,25.222590344238426,37.44196009437539,59.65629378703045,59.002305117304225
1342.0,25.41623852889273,36.63196409525817,58.64099537002166,58.47587827037223
1343.0,25.47470708437318,36.24257560315134,57.680358357961154,57.999198690126974
1344.0,25.453194404942106,35.906944311712614,57.29091998994235,57.5570730904751
1345.0,25.176982599346882,35.98797478045763,57.262392055957974,57.23206400307224
1346.0,25.300806729310377,35.71522528822466,57.55039301376464,57.04321647677454
1347.0,25.70184468098407,36.094446576645765,58.536085140820376,56.9779201912651
1348.0,26.369250455612697,36.46230153716877,59.24902261307971,57.031245821022
1349.0,26.75319469970663,37.028830769659486,59.70708757992334,57.22369507789313
1350.0,26.787433337464673,37.71232105863197,60.731384223090316,57.44548179888584
1351.0,27.06223207787938,37.93905303729912,61.76596225360235,57.9206894185222
1352.0,27.301977703080652,38.00047989653977,62.784818705553974,58.25157170902306
1353.0,27.13340163685471,37.77015871399391,63.70185500147647,58.459902193211335
1354.0,26.91075794950407,37.72413540459077,64.64334503244746,58.66746481167615
1355.0,26.269158520471834,37.67913849360847,65.68358748900658,58.807543134955054
1356.0,25.377061458648864,36.9499739987785,66.18134683582895,58.99778823044245
1357.0,24.67908193553175,35.94982191149739,66.72279366270034,58.91403793449659
1358.0,24.07218795473971,35.03688798798585,67.6086276447067,58.816320161329514
1359.0,23.532270832117636,34.33538661375998,68.01194045619137,58.77930191002873
1360.0,23.2089613376583,34.13034169248077,68.38990578592293,58.5831394338563
1361.0,22.850323655349598,33.80447366271882,68.70869670420846,58.61815927397269
1362.0,22.708406532077387,33.45590635813741,68.78908819796365,58.81070557957162
1363.0,22.675307377683005,33.060467520591224,68.72738415231991,58.880572111670816
1364.0,22.846587295165843,32.695612569191155,68.25324985198922,58.99761256900346
1365.0,23.341817813219535,32.75075434425818,67.7663696990551,59.12731344398013
1366.0,23.215525881605924,33.1418518640681,67.06129493047048,59.359047364081604
1367.0,22.950508942105056,33.60899619093942,65.88380756233924,59.51052074178362
1368.0,22.76250844815143,33.72024476178016,65.17323981107623,59.533285981189124
1369.0,22.853793350985967,33.46436776985017,64.54380195224498,59.550472513100694
1370.0,23.236241428749704,32.952286456439985,64.38450108286071,59.51110192780777
1371.0,23.062529951378504,32.82283854028655,64.08809307044915,59.356204901261265
1372.0,23.103310507079758,32.68707917438612,63.9471675824492,59.0968734617341
1373.0,22.963077464069254,32.46254568199797,63.70997114865123,58.92102149307201
1374.0,22.380769907447664,32.341560021216026,63.744702180849515,58.77975109382358
1375.0,22.073470529055086,32.48685712884306,64.10859539456443,58.66516697558947
1376.0,21.647963383159244,32.66558751441573,64.62365518646672,58.52599644804751
1377.0,21.463155532920467,33.31192584944691,64.92985053873139,58.4368185113639
1378.0,20.98082217922694,34.02124651204145,65.47341877666126,58.40550723964857
1379.0,20.555329536565118,35.06001946527023,65.6689619855953,58.14518063720585
1380.0,20.39144656921881,35.82697112478683,66.20586477295276,58.215024338297866
1381.0,20.069824606901836,36.53952141771138,66.51352510585646,58.391324380375686
1382.0,19.591162354966727,37.32306671139307,67.01953644817286,58.63152856350867
1383.0,19.38561844940443,38.007123267468394,67.09777250034708,58.760748046241176
1384.0,18.839387803504316,38.532540951562794,67.09104851639366,58.936341424004176
1385.0,18.669041628553746,38.97621343466422,67.44375346763192,59.06539714837239
1386.0,18.14892668187927,39.00326654804831,67.73798918666822,59.27987822290009
1387.0,17.643845387492423,38.74283180851302,67.64494222885395,59.41180303016442
1388.0,16.731081020050656,37.94365090674691,67.31134138345541,59.74976244809148
1389.0,16.209027497766982,37.31804826617067,66.69520771082834,60.04456320801172
1390.0,16.049673196363038,36.50511775720727,66.43341495861141,60.46155932392635
1391.0,15.844003141600895,36.10941557139307,66.35489808573504,60.6806254537342
1392.0,15.833337766838799,36.20208477929399,66.27415543690991,61.03385259287537
1393.0,16.207115000473518,36.53957287916131,66.30002211058968,61.30587151095955
1394.0,16.267499637676664,37.12131677152804,66.08921035713968,61.63098776400926
1395.0,16.258392029170764,37.27706093323247,65.83163969824189,61.85698388667722
1396.0,16.343987684421204,37.75257556535814,65.9023708806864,62.03178252758433
1397.0,16.24327592590976,38.65757574300173,65.90960464685288,62.12199872415729
1398.0,16.092050207447148,39.37850137677258,66.27160402756675,62.08428727787136
1399.0,15.371781480634048,40.24694876120815,66.34133124782764,61.99558255681496
1400.0,15.041824123344355,40.469183073534865,66.26199890018997,61.933209173266505
1401.0,14.596153516885366,39.79049257457722,66.14348714155209,61.871865841771665
1402.0,13.887654491767462,38.514981562184076,65.89299367770018,61.85452844688746
1403.0,13.041507682551245,37.06139529873691,65.95639835656456,61.91408704303637
1404.0,12.261441299427577,36.05419469853166,66.03830394451982,61.8553659868674
1405.0,11.712714901851344,34.88624968883754,65.70702775443706,61.89772588000324
1406.0,11.902931864052618,33.71729940432019,65.71743319223425,62.023235885670736
1407.0,12.081125734689357,32.70321607150133,65.30856290168745,62.17754536691152
1408.0,12.678677533551214,31.74957341103757,64.83796909405005,62.20850728689017
1409.0,12.626437986491316,30.964768729306794,64.1565358086728,62.275017162660006
1410.0,12.43910055634575,30.994664720357093,63.4962083464433,62.328819245611456
1411.0,12.067715087978138,31.636005575506587,63.02079474417367,62.262804494410126
1412.0,12.423862328055659,32.75678553362966,62.18870731475673,62.20558504152837
1413.0,13.044721183123535,33.53940966344776,61.380821729608215,62.29649115670202
1414.0,13.3964166753272,34.56752001325099,60.87228354527495,62.36790890456732
1415.0,13.17142659418218,35.31600924902643,60.09250880179328,62.42664792326446
1416.0,13.054850717439267,36.26293457666336,59.654717235927606,62.45161492324278
1417.0,12.924758428499985,37.018181450008726,59.59015086287621,62.56665069240214
1418.0,13.277547552477007,38.036478676799206,59.53697651125452,62.53600189457355
1419.0,13.409542457201258,38.3880377081607,59.22624452934017,62.548313636816665
1420.0,13.87451009951619,38.6238876075947,58.785446306777615,62.62819308134542
1421.0,13.98127704330731,38.52023967450788,58.536150495815406,62.61251742983087
1422.0,13.764733326975408,38.59843642172417,58.47894337487011,62.449168745011804
1423.0,13.421899449996852,38.460690951062105,58.051447022656305,62.286666915776614
1424.0,13.442601883598634,38.688109277124376,57.98555836060212,61.98742919607793
1425.0,13.213124022118333,38.64385236089784,57.441113690389614,61.717337107213154
1426.0,12.820489912231423,38.2990741816443,56.97633841262916,61.40065084788074
1427.0,12.409590731524407,37.38507952337569,56.786366975476014,61.2118909669309
1428.0,12.225185433539318,36.63236753999052,56.977187984008495,60.878454700703934
1429.0,11.7993106984391,35.737385948304485,57.13884583187049,60.62009653892417
1430.0,11.07607848579107,34.37056209670975,57.91279964697496,60.33005329361831
1431.0,10.511573531764965,33.559150332239966,58.255905567228396,60.19266690258823
1432.0,10.245227129221497,32.96014604846424,58.72127521921086,60.09247803386673
1433.0,9.735374155143289,32.632504333430006,59.11234009512041,60.170019053592036
1434.0,9.519720771406401,32.363608474226815,60.11275814160171,60.12239227710674
1435.0,9.72985711572146,32.38804537491999,60.66691019730393,60.07055569705515
1436.0,9.964805905639011,32.769495951334896,61.16860737365941,59.977555125471454
1437.0,9.647458097156754,33.19066688335684,61.99406097170532,59.79757119910104
1438.0,9.13438234648315,33.90781829730069,62.7731051868892,59.636994246298514
1439.0,9.340486683838346,35.00484346746185,62.85905016434591,59.55305467400817
1440.0,10.089587956073252,35.86353027415447,63.11988125474717,59.4918410313848
1441.0,11.133635199964914,36.599860255794304,63.466596932368525,59.34804414774841
1442.0,11.921852842477001,37.16054623304016,63.682152667824376,59.18794601954076
1443.0,12.339627412173837,37.8655902233707,62.97502402302678,59.11652724506342
1444.0,12.222294760678299,38.70255665538305,62.60781482336442,59.15969848335893
1445.0,12.012597682539496,39.738160349287,62.46218086574612,59.197275076554426
1446.0,13.285253937488719,40.61939761415569,62.170469233769026,59.476253263975224
1447.0,14.507618549922,40.87985646304326,61.885735753862086,59.5869673374728
1448.0,15.13506797368389,41.28500475262625,61.49578321384266,59.674851723210026
1449.0,15.053514481203694,41.30185845215543,60.93945274155212,59.600003681759276
1450.0,15.001695619284096,41.387310951628905,60.054959925058135,59.672418299896634
1451.0,15.142736929645118,41.45970973924252,58.9305334640227,59.71452571259105
1452.0,15.658837386672365,41.51917478046017,58.566421734565964,59.758382130906995
1453.0,16.2415747131025,41.84765960474638,58.17787195549109,59.652012356287024
1454.0,17.02856875852174,41.88257325641798,57.49609419645056,59.657552717934465
1455.0,17.084539085076536,42.17541134468834,56.72808510442208,59.62131967606838
1456.0,17.674077778778607,42.921582314981464,56.0787066756326,59.49555209166761
1457.0,18.343889708394485,43.20933505045566,55.60590545561336,59.346240400434525
1458.0,19.225879250747965,43.96614658534564,54.15731395018938,59.27229703958336
1459.0,19.597448856678554,44.833009232175726,54.19581467740366,59.08235576164313
1460.0,20.13348969789689,45.17614134866419,54.37129896476916,58.96104783048996
1461.0,20.551370753592895,45.11572614823426,54.244837574901304,58.669155078508
1462.0,20.92942483925075,44.66233617897838,53.91821257442545,58.48334155314815
1463.0,21.262891942176605,44.636881371379914,53.529841926257994,58.34738542451987
1464.0,21.458189156155893,44.289184780305966,53.374671609736865,58.18206848665488
1465.0,21.90729104657184,43.291030191582294,52.94548946941188,58.14749951251824
1466.0,22.21790858228522,42.621368306476576,52.92018998440493,58.20498502274492
1467.0,22.86649806524853,42.18038798119971,53.87234623724969,58.305588855789324
1468.0,23.498074612761712,41.64362255152766,53.379248369749085,58.346523823615065
1469.0,24.44133731656627,41.43961129104858,53.11304930506398,58.357482713077296
1470.0,25.310954582354064,41.3745696660129,53.27709210668152,58.50987009459527
1471.0,26.198576004742876,41.271336490814846,53.56138396446893,58.65380647564791
1472.0,27.137452333912336,40.78671104003928,53.95079180421186,58.7343264033018
1473.0,27.438784478155803,40.24251939076118,54.05556810877814,58.764096567258676
1474.0,27.60565335680615,40.30443305992835,54.600834983984925,58.8710199056511
1475.0,27.82337285074477,40.146062543750745,54.371855768367354,58.91545177114423
1476.0,27.4741645292249,39.44999554088593,54.13363878227924,58.9624755475155
1477.0,27.145496225254938,38.420464774216555,54.318195027926734,58.99942525567593
1478.0,26.59916367603908,37.236168007568175,54.35050585048398,59.04771620557269
1479.0,26.130744933165197,36.07579791281904,53.93695093113728,59.12699412766139
1480.0,25.59386713339206,34.938088404786,53.422860391524296,59.11127056374936
1481.0,25.15569462483404,33.955913341771165,52.89897075986076,58.979484876048964
1482.0,25.135649714033164,33.26720850943328,52.726068155079396,58.7949222120197
1483.0,24.940760227300668,32.7087693189734,52.37447501004305,58.58740592226679
1484.0,24.770829749649128,32.56673660086492,52.520556248656874,58.35022508687122
1485.0,24.914665407024067,32.610194582711934,53.17356072416762,58.28375760385581
1486.0,24.926454979138555,33.29726990481144,53.98178598693351,58.39270879537879
1487.0,24.69304794063914,34.46013713630639,54.932835585291514,58.58812671987904
1488.0,24.310032250474833,35.33127366519502,56.00029985762661,58.83505168112155
1489.0,24.399250954300843,36.03957439727299,57.14887389453473,59.09232505108861
1490.0,24.499195346174307,36.94034933739807,58.33606181316185,59.33441484439151
1491.0,24.73150981754982,37.55948868968574,59.05324680839049,59.541892265469876
1492.0,25.100283995439952,38.1028495368814,59.5503561908221,59.826516197554184
1493.0,25.756720880945423,38.93710841987924,59.47834786093735,59.96152756475265
1494.0,26.367911993070205,39.702891318657635,59.29805374524425,59.814331162887285
1495.0,26.815906083921625,40.34746867644962,58.659598760816266,59.57440618675394
1496.0,27.229137145553548,40.66675312420192,57.858304137303584,59.274920101808256
1497.0,27.65306193782303,41.14571858110684,57.34804794048838,58.96357242736239
1498.0,27.997858612028626,41.96231222811485,56.47330911848737,58.583648654232036
1499.0,27.895327719990025,42.44100814324023,55.40854763790895,58.25175419946488
1500.0,27.685487795290506,42.95391405993484,54.339060474451415,57.842880850293845
1501.0,27.424185605377453,43.23285234944487,53.41393940292663,57.25125334536857
1502.0,27.04948659376494,43.036526032523604,52.74465752552314,56.941415770621106
1503.0,26.659987977846185,42.66179348433258,51.876814873940475,56.88721068748078
1504.0,26.719564417175118,42.111323443177994,51.32976794279775,56.881583704757794
1505.0,27.208646982363533,41.40403075599651,50.65414348094809,56.8035392950509
1506.0,28.011614875960138,40.78521743244076,50.15398420829083,56.73837697434464
1507.0,28.12978222266367,40.02700182696949,50.13496512487704,56.755372310790065
1508.0,28.512524666844122,39.519425261558595,50.385902825635085,56.7642472508085
1509.0,29.051405039884912,39.36217787969229,50.88231493431728,56.94190936339013
1510.0,29.30905477887895,39.4013881517739,51.549190969203735,57.16894860248727
1511.0,29.21383894296727,39.4065454146892,52.03582400962529,57.367541738433786
1512.0,28.706021775308916,39.82918926215319,52.36335213433748,57.28154062973633
1513.0,27.51507431888397,40.083974123494976,52.52945754299374,57.293870357266904
1514.0,25.775647875614997,40.46758874537144,53.21288672794424,57.338808382382645
1515.0,23.68245109607473,40.73389624410222,53.74525580774337,57.347419423516655
1516.0,21.971495988885053,41.275054597768595,54.04434416164308,57.33610071548853
1517.0,19.93763988517955,41.96297037710537,54.32836309802138,57.25382947411391
1518.0,18.105805953254038,42.378012470571754,54.76731653508877,57.155587509979384
1519.0,16.9830217024911,42.60888010217046,54.84227082032427,57.04033492770164
1520.0,16.117860374717157,42.83172752282799,55.381491689304376,56.94110528034206
1521.0,15.226426137832958,42.93718883678032,55.88191019911394,57.088527210356844
1522.0,14.920147517529003,43.00554606064817,56.70045767361177,57.313556724487896
1523.0,14.627580619002723,42.93893629504652,57.30333684804851,57.54860440337558
1524.0,14.802305402714918,43.036075125248914,57.630478637002334,57.65428553566812
1525.0,15.196778871129862,43.06314902532681,58.27903683207017,57.873596086203904
1526.0,15.858684138704097,42.99324703179586,58.704561448806786,58.09057932449806
1527.0,16.3289054377389,43.054619651884444,59.330616942967005,58.29939453560671
1528.0,16.151090922797934,43.06693778918821,60.34476789305998,58.63618193329433
1529.0,15.98344541257507,43.77175466271282,61.012074139121914,58.97405768766661
1530.0,16.097181706888374,44.55878270499187,61.80969880316911,59.17980421635464
1531.0,16.12455656127126,45.163323984599,62.66803526802227,59.21259391284935
1532.0,16.109232605883705,46.09114393008029,63.28651543276153,59.27058672202604
1533.0,15.905743137488926,46.932712075357486,63.825599821824966,59.41398836058907
1534.0,15.743138597966752,47.37320864148135,63.93150669379112,59.52180002001329
1535.0,15.535738791822649,47.755026937195815,64.1709322518704,59.76049743813171
1536.0,14.725985891841871,47.672874350567554,63.72632006602934,60.05174759713984
1537.0,13.911017740152902,48.059945016862514,63.14908742609171,60.35574031022007
1538.0,13.44225604174644,47.87574186090938,62.54378962332232,60.63132918052959
1539.0,13.23945470665901,47.62100780224772,61.96035137963995,60.9524456331277
1540.0,13.149789216020347,47.75491288363126,61.07837104609946,61.30999526872197
1541.0,13.10250164361447,47.56249401034886,60.372399034638256,61.49852954818525
1542.0,13.046169357573408,47.190607062172354,59.70802996766306,61.753831639458134
1543.0,13.01189312943182,47.21693318881155,59.0369342226026,61.98758062240667
1544.0,12.984189285147968,47.06771488512963,58.125027648878955,62.14197243989446
1545.0,13.519081981942758,47.453372348929726,57.50653994477664,62.235750652781114
1546.0,14.290263146481074,47.77215889495392,57.092351822350174,62.20445889200809
1547.0,14.658397247879043,47.99873078097246,56.591653120225104,62.04249826819179
1548.0,15.059696224650441,47.907913899678775,56.10036950019106,61.838452527354306
1549.0,15.606524399733008,47.38366962574991,55.66120378244408,61.539731408440616
1550.0,15.721539125891931,47.18239922591883,55.272457635707354,61.40351239027971
1551.0,15.44722736083461,47.14159792431315,54.89734739563407,61.201645621105065
1552.0,14.917380665609752,46.69833702809477,54.94345286582903,61.097960435789986
1553.0,14.365993568964809,46.48276910996505,55.07588626110462,60.98079351471647
1554.0,14.236207232229214,46.239721702062106,55.22702486683687,60.85550666877318
1555.0,14.438999638102477,45.915371837019634,55.14298517252071,60.75054186824844
1556.0,14.380758116953032,45.51978335604771,55.265563402770354,60.803661068648424
1557.0,14.44158767539785,45.211398938250795,55.30169637942588,60.90662059575191
1558.0,13.85008042973745,45.07234358940535,55.29107262254136,60.97718889801792
1559.0,13.665559158441916,44.50506988596953,55.24642665894852,60.796316717024375
1560.0,13.66025770845805,44.291564278060406,55.08984917182734,60.69992415788142
1561.0,13.889145033489553,43.98239200667629,54.23445146984274,60.56343821015133
1562.0,14.010499822627331,43.317543059792214,53.697809407405735,60.50793712042377
1563.0,13.642127933622547,42.865638056867304,53.40075459407449,60.47459957497487
1564.0,13.196039888444753,42.50824331938544,53.362775328805434,60.4989144226589
1565.0,13.143753935671846,41.7444888124203,53.53030360851345,60.4036737989067
1566.0,13.214190491759071,40.79395453485991,53.836826782044554,60.346244415834875
1567.0,13.807807770801325,39.78967002432366,54.00371535854111,60.41442442194276
1568.0,14.63351130421131,39.03153999364357,53.803096907326726,60.68685240663291
1569.0,15.39744103294807,38.06590341493463,54.01100384374539,60.80378336636676
1570.0,16.414340288841476,37.02093858919666,54.703593604739815,60.95219616630267
1571.0,17.460117866980514,36.424478322827255,55.33415004718767,61.14356573400537
1572.0,18.78080975454152,35.77069956742295,55.76256091370404,61.27044697120294
1573.0,19.42188664164772,34.884667811432585,56.019157307400064,61.457624247296636
1574.0,19.767741096867553,34.3788497665895,56.07893943041617,61.840236137521195
1575.0,19.500481265403856,34.19120072385161,56.19197857700034,62.14125945554545
1576.0,19.269766946384102,34.08892136440209,56.73126642282793,62.348888081484795
1577.0,18.69741559451138,34.075934615244655,57.394636057984094,62.458254594593065
1578.0,18.411268158242148,34.160929900864765,57.928105371404975,62.649861953498345
1579.0,18.00775497040111,34.78487179699391,58.21795429512931,62.89944736021066
1580.0,17.823061819339816,35.188451249445535,58.39544691790601,63.00893798379589
1581.0,17.535404180591247,35.554932471053874,58.613230140290916,63.13876453249321
1582.0,17.380419985116937,35.6684206721467,58.59420254669371,63.14551945995941
1583.0,17.436245412415914,36.03388805133766,58.646609633843106,63.139718828107064
1584.0,17.144754603663607,36.08351277712982,58.88747807570786,63.22708701277507
1585.0,16.63451610438798,36.09272341451964,58.740971668141135,63.267255154399884
1586.0,16.901319891633705,35.62984887754817,58.71901134650492,63.293472451039875
1587.0,17.06804163739111,35.34595527611439,58.75376734212264,63.2632596944082
1588.0,16.713421295321808,34.96932968335971,58.7267915866738,62.919281382289924
1589.0,16.18036760655045,34.53045983932722,59.04499732084033,62.733732637239115
1590.0,15.741652264790941,34.24436243047741,59.18857386050546,62.57507372780205
1591.0,15.392678990155451,34.134033729816416,59.464588156518126,62.33306189773575
1592.0,15.348501949883223,33.78505439322064,59.223912862778796,62.03616334171647
1593.0,15.985612481001478,34.06417644357406,58.40552348824271,61.61955335073101
1594.0,16.451536869797398,34.559206468301106,57.83138346917671,61.301187772653655
1595.0,16.570417545856742,35.11109506513652,57.20184325818008,61.10981598260668
1596.0,16.49963933390515,35.53853813468449,56.89369746737384,60.871654441480906
1597.0,16.678349360415268,36.30214717606062,56.452186593883845,60.83174851729409
1598.0,16.620312025820635,37.39928205886897,55.95057347599159,60.76998791224304
1599.0,16.404045380452004,38.31170628032826,55.62968295120266,60.77184950237825
1600.0,16.257096825880126,39.21846877934705,55.227628321330435,60.88639687860414
1601.0,15.730696123555479,39.977848128315216,55.44650114787231,60.922931028574055
1602.0,15.199452255924312,40.29059628389112,55.91336566999414,60.93776481746783
1603.0,15.25646849810147,40.514643148144884,56.105965105180026,60.92654932072046
1604.0,15.396224227701982,41.0056126128823,56.33391768608386,60.76839627103429
1605.0,15.565762034317514,41.19204474539824,56.16231610446828,60.725264581142994
1606.0,16.01629164334399,41.00986510644709,56.332176441553614,60.51509790623921
1607.0,16.16238178462964,40.5135003429505,56.413753957380656,60.16310737104803
1608.0,16.347836658936227,39.89673299495285,56.475386994460166,59.82502584917889
1609.0,16.413520082254323,39.27991431460262,56.87090702474561,59.422231786976795
1610.0,16.57528733025461,39.164443327787,56.71283879518594,58.99250625982668
1611.0,16.6109931119105,39.090470555150546,56.66074578219414,58.65700837230818
1612.0,16.292920857119043,38.895604911398316,56.666415982702134,58.46427489073446
1613.0,15.666020537117578,38.692874225342415,56.56019228563717,58.413535993609905
1614.0,15.320679943016701,38.43956600009176,56.53099247296898,58.19019957549568
1615.0,14.36907025405579,38.05643183194407,56.419779348630854,58.15953101883052
1616.0,14.273432588665301,38.012458091679775,56.3283610574062,58.098813888405836
1617.0,14.175207782283001,37.804352420598164,56.46499791811347,58.1156747533092
1618.0,13.933745830711217,37.432253343521396,56.27308694473541,58.21313436750601
1619.0,13.933926005737687,36.68015801374151,56.64464587765734,58.32447963472415
1620.0,14.423921761663978,36.10445981377251,56.91885945559976,58.29834941910981
1621.0,14.94480299562705,35.89043849650756,57.29136401540766,58.16228357926231
1622.0,15.904107928225915,35.713842626185475,57.932894465940365,57.93911025847267
1623.0,16.83940316386549,36.04930773727035,58.533196124203705,57.905415985458276
1624.0,17.959616587147057,36.695013083247275,59.30575398099289,57.90728379539122
1625.0,18.488167195442326,36.948351952506464,59.6488019999987,58.059069299642026
1626.0,19.100570146107586,37.56986960759848,59.447865406162784,58.137489264568146
1627.0,19.891039639670648,38.22432606352567,59.432839240793726,58.26626231593328
1628.0,20.767094525224802,39.06718798352168,59.36237576331984,58.33648139946683
1629.0,21.261186003682507,39.84172710085151,59.100474044324685,58.53210664241627
1630.0,21.27221501851404,40.2933119427629,59.11570985724523,58.56899439087825
1631.0,21.010176584124913,40.791626469920956,59.51658349509927,58.699319848258774
1632.0,20.563424756530186,41.48696187855117,59.75216795268671,58.79260908667823
1633.0,20.235393950160365,41.87536654188392,59.602596820161274,58.87351374199638
1634.0,20.18919355465652,42.211238578746006,59.32376388088557,58.838720492127386
1635.0,20.13560128847423,42.102852328927945,59.055581975501426,58.742613034954466
1636.0,19.862225634648276,42.03377135630628,58.56376000298972,58.56215548016061
1637.0,19.497804666497284,41.765159710948716,58.06073144629147,58.49856774668167
1638.0,19.151493914062435,41.66732209923422,57.98507859841362,58.58016560848695
1639.0,18.929232112355898,42.07000368782362,57.88939525066513,58.897032171120294
1640.0,18.750188017881058,42.37849677839361,57.608260526260686,59.18080106535288
1641.0,18.493194366081937,42.3750315608459,57.04579536254967,59.51723539321381
1642.0,18.11246572534857,42.457284360440966,56.824199613914054,59.737374594987024
1643.0,17.80607863387348,42.89425760332894,56.74252814179934,60.05766539780076
1644.0,17.510482992811777,43.57094741597328,56.93062572046088,60.33415687552453
1645.0,17.27433363771401,44.44926954462915,57.10161233420648,60.727888816860194
1646.0,16.736229582644572,45.04222821155563,57.309267257691204,61.03551054999431
1647.0,15.90801780777084,45.36745582254635,57.28287182685992,61.105205150229224
1648.0,15.58276040578721,45.15391288522989,57.1024685712073,61.00660930260074
1649.0,15.032136600886371,44.87608620267053,56.68164182160974,60.8426342666406
1650.0,14.437355238588115,44.46815149305924,56.83857028401451,60.66950395927732
1651.0,13.55674434566056,44.19940402370564,56.869500012182826,60.645507022155996
1652.0,12.833375182537237,43.372262625247956,57.31024860819528,60.59633955930381
1653.0,12.435466995395693,42.73054578237358,58.0081656874742,60.595358372478614
1654.0,12.124072343068981,42.08298890835749,58.908473948947695,60.47937921249561
1655.0,12.10162809811446,41.885981363848,59.91072676448893,60.475321583819095
1656.0,12.475612811586945,41.69857911794929,60.788263904303484,60.48745146326757
1657.0,12.80849791116598,41.51517089284076,61.59902268211806,60.62923261714356
1658.0,13.227224700552632,41.40749180314211,62.02732627357699,60.719926215775295
1659.0,13.905025653413553,41.10983736219641,62.324161044941924,60.67366707866185
1660.0,15.066583386112816,40.745339272242134,62.56192488274615,60.45333820803186
1661.0,15.918428624716608,40.681768921193765,62.49455861784805,60.2300010295186
1662.0,16.285666022143694,40.30305478392704,62.04969830293462,59.992001114529415
1663.0,17.159144315272016,40.036046287205906,61.63162988392946,59.71744980189658
1664.0,17.90683346106176,39.7278159000621,60.903753868612164,59.39824984800457
1665.0,18.28523259757538,39.38161610817059,60.497506452966036,59.061624702231974
1666.0,18.385476467010008,39.21712771968616,59.78498287104888,58.705221454625786
1667.0,18.750972404309096,39.126982460984195,59.43037823557617,58.399587164945004
1668.0,18.980373476161805,38.990194127084635,58.97912550040965,58.21390994537992
1669.0,18.935868217374868,38.689996735263215,58.702419498192604,58.28474898251668
1670.0,19.10758476850456,38.31969059680567,58.60620630370184,58.38828879803091
1671.0,19.2316742094187,38.139679818664824,58.71779922183517,58.43609450077977
1672.0,18.941486451303597,37.88769924326769,59.165262800284104,58.59266251898981
1673.0,18.401956206545364,37.60040651076102,59.46603448895368,58.64087801572692
1674.0,17.95659832595081,37.530593147032604,59.77029741075412,58.86249197196679
1675.0,17.977853332942225,37.46237906335394,60.43934885555144,59.037826045479854
1676.0,17.626743672879943,37.020050422645035,61.026482399284966,59.221239635960636
1677.0,17.403814395725536,36.71035827410324,61.89665857259224,59.441145138995914
1678.0,17.47099819301339,36.53313781417522,62.727642147495274,59.47536125263707
1679.0,17.178346803761748,36.23539185461419,63.41433989491481,59.37981950077022
1680.0,16.610024729987575,36.106637259917264,63.93208929518886,59.4132693834754
1681.0,15.951497850728888,35.93424469142043,64.07993159432438,59.43652153295346
1682.0,15.444797569907037,35.874492178493384,64.67450622320344,59.50732615428693
1683.0,14.899848558657979,35.831275632049795,65.37004332559087,59.40563899030223
1684.0,14.235737608166248,35.95721402005781,65.96975296760162,59.23734445792395
1685.0,13.797497576132233,36.345604320240184,66.48225671738754,59.03602931449702
1686.0,13.357648823061814,36.597190084504405,66.57323166623452,58.80463299239253
1687.0,12.713855419347617,36.88475937921418,66.36177839809606,58.40892134799713
1688.0,12.605314405804227,37.18246511339518,66.25342170518766,58.162690304628114
1689.0,12.767223468157201,37.19339142544632,65.97925435367513,58.00730542705508
1690.0,12.806970467467671,37.20410774402226,65.81409435455294,57.82864690703999
1691.0,12.937286171058918,37.088173843423725,65.22685906694129,57.719268142043916
1692.0,12.623451497124949,37.09788358178081,64.23651341233182,57.66560161605316
1693.0,12.39020314512381,37.13057529639668,62.99794443509733,57.67125869944064
1694.0,12.182873503409294,37.52106827596259,61.62749989585675,57.809913308028435
1695.0,11.693624116452115,38.10392648909897,60.46526974027066,57.886356578996796
1696.0,11.443081417864496,38.82039138138852,59.70974168351552,58.011157128867886
1697.0,11.087060224046338,40.12938062365233,59.088881594099576,58.14289642941829
1698.0,10.46059165153601,41.268013981586584,58.88585190107309,58.187606882208996
1699.0,10.272862592227568,41.96206725678606,58.40657442486727,58.3615899825343
1700.0,10.180156061829814,42.77345514201711,58.1661753745934,58.5832855766468
1701.0,10.790126142126866,43.16924168512055,58.01174376269781,58.80703253067731
1702.0,11.256445269499435,43.33116559658103,58.28357983785995,59.01324206357061
1703.0,11.775490027771038,43.561398208418005,58.62832081213671,59.238078260885935
1704.0,12.2481984247452,43.74433766603901,58.90342879042446,59.47048466261978
1705.0,12.693023733708548,43.6028636166337,58.86421560099302,59.845983938617664
1706.0,13.074114667411664,43.08261882132682,58.26256765146078,60.20924256644966
1707.0,13.833723606361492,42.58541144765875,57.634945588263705,60.68143054759726
1708.0,14.800315149779218,42.68289315148999,57.17173729929156,60.86541513539407
1709.0,15.409574605449873,42.54895398057721,56.507133140677595,60.91463253190743
1710.0,15.976983156562252,42.768137606819415,55.97671466351055,60.948287277114474
1711.0,16.19313981407057,42.902421602693096,55.256066409393824,60.95797673541844
1712.0,16.146420582894386,42.77929859647523,54.779749254374046,60.741563640923374
1713.0,16.119149847068456,42.684253317991676,54.45219976294394,60.570849371624995
1714.0,15.993097403221853,42.6091405914233,54.28809841390053,60.347521462859866
1715.0,16.191091677731702,42.799112301235496,54.48102456851629,60.03248779239056
1716.0,16.401812817900133,43.06731213937365,54.44061224155353,59.655245306113784
1717.0,15.962646521761549,43.493012325816906,54.52059959956648,59.48351913057598
1718.0,16.08704745954865,44.07648187878216,54.86581822550514,59.37016785287698
1719.0,16.029908835580976,44.57191049149405,54.845681626414034,59.36051252344997
1720.0,15.619075498745199,44.76035165647769,55.00095620123577,59.37428466176023
1721.0,15.402135358068723,44.65522257350069,55.432493023121914,59.52258208955862
1722.0,15.546514623339498,44.7348451462815,55.587721074747584,59.7559159287094
1723.0,15.931748987537437,44.599154126096245,55.71565623221536,60.0685231855834
1724.0,16.16595904975609,44.13361408481265,55.66329404674208,60.47097013414548
1725.0,16.303424306118945,43.26733477075922,56.08723949501937,60.839745869454134
1726.0,16.79043294257063,42.198269696776975,56.37318928574838,61.188815708110525
1727.0,16.80899198895714,41.15230724582582,56.26808388373437,61.47001807686452
1728.0,16.86458115794288,40.26391401384346,56.51716403004119,61.59539084095456
1729.0,17.733274453177245,40.090461387143776,56.412148919856165,61.66983159770431
1730.0,18.54405964069294,39.861809331302446,55.983933526576806,61.659659356184974
1731.0,19.020520463719507,39.70963689915827,55.909032881843686,61.539384320665036
1732.0,19.26361893329152,40.10778885177986,55.565238507445095,61.43765751896446
1733.0,19.33986263710229,40.26015111591869,55.51729306428347,61.38061358870488
1734.0,19.33795678036789,40.84736853001574,55.15459952838621,61.35570001549482
1735.0,19.229671531076157,41.0801097197164,54.78301529717483,61.12864477427701
1736.0,19.202043366710697,41.127488776326445,54.573898101639585,60.96042038688996
1737.0,19.059297129226977,40.92191598844485,54.391655546633565,60.84370582238714
1738.0,18.59231007523811,40.55714980925061,54.22433732195205,60.65605563833864
1739.0,17.867441593243495,40.41364136163893,53.82903165638469,60.60436030439361
1740.0,17.220800994762165,40.297748192075105,53.47845698087215,60.638582755554495
1741.0,16.664104688973925,39.7436234998772,53.641014469204954,60.57818191110967
1742.0,16.085493000473786,39.507832451889335,53.792341448226885,60.45219066710638
1743.0,15.762041646796916,39.39240832009209,53.89200248469532,60.278455164062734
1744.0,15.184095626178518,39.30408939908696,54.11715453048481,60.362509639491016
1745.0,14.495825794977453,39.035372105502574,54.534031054912944,60.389699652979175
1746.0,13.989870536913948,38.97322472793396,54.64087327051892,60.43120374048021
1747.0,13.361762907870528,38.887363410709405,55.01520512805458,60.6264759837106
1748.0,13.097918606122526,38.938513769450665,55.694668501566035,60.79607839658845
1749.0,12.963522514843582,39.05622023464902,56.25509566314999,60.88233506657701
1750.0,12.658191291033187,39.56884820880566,56.58475623965346,60.952153009895135
1751.0,12.506105690881919,40.370363111736516,56.721433215571835,61.07520122611304
1752.0,11.892847774625853,41.1609204791536,56.91598818769257,61.15657724781652
1753.0,11.89717825702372,42.265919502768526,56.941042027023634,61.108051917837656
1754.0,11.988144877315799,43.68979638590694,57.00633824111918,61.18658073203479
1755.0,12.384993002390317,44.79038118172176,57.58136406193219,61.28349791243855
1756.0,12.957581060414988,45.64672055873332,57.74892966217762,61.265136336877575
1757.0,13.87027152983525,46.228476010642645,57.91318860948244,61.321837204999454
1758.0,14.775832666413514,46.47739390804096,57.837305580040805,61.23845561132935
1759.0,15.747589935113304,46.91525550367444,57.784877382742046,61.05676047612207
1760.0,16.56961950378432,47.21022015969096,57.93496393381279,60.74865055102101
1761.0,17.75456316501726,47.40704204737673,58.156022174405095,60.47910035734395
1762.0,18.62790254854996,47.109005813389416,58.531676852163486,60.202490762166434
1763.0,19.454215964133965,47.11361131378689,58.62000499635581,59.9438531690364
1764.0,19.944688015015608,47.253543992439866,58.522658247173304,59.583740052396365
1765.0,20.387766440587495,47.445364006613424,58.777645112695026,59.330596464654064
1766.0,20.167376076876053,47.77243966573684,58.691133704642766,58.98707588146022
1767.0,19.959154785093123,47.99503924613012,58.76779231324972,58.60072011366744
1768.0,19.924819097841628,47.440177286780056,58.653319690884736,58.26343149106242
1769.0,20.005423068298626,46.68964132018919,58.409594401656044,58.033497924687794
1770.0,20.16124625080172,46.11928055607023,57.58553319134165,57.84030853296557
1771.0,20.070786020550138,46.019515638315454,56.83974461354969,57.75732345617816
1772.0,19.818775145345327,45.8385733735599,56.12248942233378,57.624153906908234
1773.0,19.717431931653675,45.33935840774788,55.13538996593802,57.54397154984114
1774.0,19.595957467436527,44.76127036892562,54.238577190553436,57.46067354091647
1775.0,19.516906081411285,44.40333432437156,53.73699734667497,57.45609381504817
1776.0,19.17423978455979,44.22509407088243,53.0782631896049,57.69889850112525
1777.0,18.695730372656524,44.41834588083575,52.80641573509421,57.94811077061733
1778.0,18.018683975820014,44.821191633750914,52.904665907153365,58.13849275289167
1779.0,17.04194899908585,44.88700307024932,53.71849833692077,58.24091008709484
1780.0,16.029221772142296,45.03469309059375,54.342127169462486,58.16275587631117
1781.0,15.3808155109928,44.94579884027899,55.20188821732672,58.068032276809234
1782.0,14.649937065867542,45.18884611647484,56.06387560082611,57.98515625739738
1783.0,13.861746247275903,45.47209824474177,56.48940843377875,57.86716308830943
1784.0,13.235788508417311,45.57522520733413,56.626034886984954,57.76169573960071
1785.0,13.017331266488664,45.61824988113808,56.899767774969106,57.64809925962237
1786.0,12.711999513822205,45.317911956838984,56.94050870456544,57.64947380584675
1787.0,12.308106361887036,44.38171015916753,56.931926142319504,57.81185756716065
1788.0,12.125471654031509,43.524272150946146,56.70162303805288,57.97962061241118
1789.0,12.314149413640259,42.336292960358165,56.35695797350063,58.17735014677855
1790.0,12.432953470270647,41.28953660198107,56.43617503043213,58.236294513860585
1791.0,12.549397277438057,40.00795007293408,56.83443785326604,58.37048536952017
1792.0,12.649712680342038,38.613531649302956,57.09429934445686,58.5002966357158
1793.0,12.753797673096935,37.03765156466293,57.31250972191485,58.66924689205568
1794.0,12.693630483168544,35.27623378019664,57.84405300468063,58.792464184439474
1795.0,12.552208022345157,33.84676755418458,58.381978038747285,58.80956632036709
1796.0,12.807573488906488,33.032340311264214,59.101634487997245,58.71598081451117
1797.0,12.976920786008561,32.320977192461285,59.59827577759054,58.73124373249345
1798.0,13.284904417853712,31.894925102442947,60.34947670791988,58.84408352302009
1799.0,13.334225659161506,31.378700347736103,60.805127411953215,59.02871684789706
1800.0,13.556316352339202,31.219087726000556,60.98737274212228,59.17601021817995
1801.0,13.697585392832499,31.48005727416698,61.39933381572504,59.44952618690036
1802.0,14.374546118764258,31.987113266616127,61.76745569117713,59.63976070800436
1803.0,15.104809724816388,32.736903234532754,62.00451891136156,59.84883790599671
1804.0,16.269906425332415,33.632356776389884,62.22115833561839,60.10449133280261
1805.0,16.884132200719097,34.40184787892138,61.75785880763828,60.39585097961966
1806.0,17.543115959833244,35.4093770325109,61.31659942942767,60.58322862686329
1807.0,18.076978643633005,36.429078782542874,60.81584472258392,60.73517694765015
1808.0,19.096728635051402,37.36713079342796,60.21723131769287,60.981585100762054
1809.0,19.90281081482436,37.86486189913477,59.671900896910955,61.242891261241056
1810.0,20.78793572665154,38.196838433340815,59.09194028712812,61.2966407138798
1811.0,21.282874124039633,38.198795967015386,59.00747279639691,61.37241169894091
1812.0,21.788268914550024,38.114730786520646,58.58196560136008,61.35614468157871
1813.0,22.265431166232833,37.8215652385863,58.382984486424846,61.36251735764311
1814.0,22.78589705089778,37.73508389257926,58.58886781266685,61.28184767290945
1815.0,23.512104943722704,37.25638487963449,58.904133578615664,61.17951677375372
1816.0,24.320715592107693,36.6265170288922,59.269520675965026,61.152732564222205
1817.0,24.56711526141198,36.08614465250453,59.46973472406187,61.184233249090774
1818.0,24.48249578802739,35.95733246353153,59.88520689014341,61.15835929877713
1819.0,24.394226047616517,35.714224359415326,60.539740192803954,61.29066652034813
1820.0,24.287611203917603,35.51460048790361,60.72067680281906,61.2697403132084
1821.0,24.364292832876465,35.28639925837631,61.039697575444926,61.178058629708104
1822.0,24.051490560795415,35.56003144606673,61.27597038178871,60.98762626108115
1823.0,23.941013473227837,35.35313400590715,61.20315980095352,60.79900472028859
1824.0,23.743029223234814,35.279525264089656,61.11456076617811,60.53665754222417
1825.0,23.312551887684783,35.33112024393535,60.95917425277691,60.23114900511779
1826.0,23.179333620561636,35.32252096700145,61.12189488714503,60.011098813566534
1827.0,23.25275468534993,35.11386039921838,60.83607916012816,59.83525490007193
1828.0,23.107304034424757,34.86844634845008,60.611176731946024,59.64042560489769
1829.0,22.91118884185121,35.035436498435416,60.406061076260045,59.48790292307322
1830.0,22.53396403932435,35.30150584759588,60.17570451890239,59.42092319826849
1831.0,22.331617997246397,35.09312738358637,60.170550388492224,59.459947095613664
1832.0,22.012820779196424,35.31270217429949,60.26551030844321,59.6045550424416
1833.0,21.613214517892413,35.48244644056779,60.348494713944405,59.906441982678864
1834.0,21.047630372314984,35.35318601072732,60.401655328215746,60.080791370808704
1835.0,20.696941087035334,35.0673978490802,60.2759764554793,60.01749036414063
1836.0,20.164115461532603,34.70475273999935,60.24490578165229,59.91755862338207
1837.0,20.035743892732658,34.50233059360838,59.99794754309635,59.63348503392036
1838.0,20.016117498409145,33.935489097421254,59.82030904719016,59.29952293677216
1839.0,20.141039338436787,33.53289991078485,59.991676421329245,59.01612644270349
1840.0,20.454736018913234,33.14083456584107,60.11997250250364,58.76384972920083
1841.0,20.742164802527185,32.712028542325676,60.01356770202412,58.44866744010707
1842.0,21.17270453508012,32.609774042579765,59.83443061102117,58.08409917614629
1843.0,21.80861396120023,32.529081232111224,59.43589462490954,57.79013305612696
1844.0,21.909332795657704,32.717354222816006,59.2424454866438,57.61944430142087
1845.0,22.060555205688615,33.00124606472151,58.929201401444075,57.55909857945524
1846.0,22.292603656980184,33.102374405982054,58.750319224276154,57.77234744567323
1847.0,21.924222367512456,33.694211546210255,58.695221087259796,58.201045542997235
1848.0,21.835749951450104,33.82556349174245,58.18605309315829,58.598592006688826
1849.0,21.750383548305056,34.05299269340322,57.44155988597283,58.96717471775501
1850.0,21.997969265947198,34.445289653358316,56.9590881143902,59.433423683174084
1851.0,21.92756508865899,34.721671592462876,56.6994047238108,59.918865779665296
1852.0,21.983782315196166,35.20969136815024,56.63080140127538,60.30624571927332
1853.0,22.349357146010266,35.895523988605554,56.39121482150152,60.55745122116123
1854.0,22.904529811610303,36.33507663245837,56.29745500681568,60.74453777321395
1855.0,23.857844960308288,36.84071652123757,56.091064909069374,60.784552731110594
1856.0,25.224451570751903,36.98222918420546,56.162507430864345,60.75755530644105
1857.0,25.962497138309026,37.33408739437993,56.53701721661951,60.77768473980886
1858.0,26.12789590811696,37.64134504102068,56.85026314409281,60.8162503534399
1859.0,26.388721795133947,37.248854182662896,57.36143348349248,60.842033369877676
1860.0,26.61546832172413,36.376788934476224,57.691015448798964,60.866487550121555
1861.0,26.709284980898868,35.49153181694217,58.09593224311065,60.99271118520464
1862.0,26.77839726905204,34.226596073254655,58.365158721630685,61.28952429274581
1863.0,26.2513311515609,33.33744909130613,58.98904366848756,61.49572364595188
1864.0,25.184243206093733,32.57508696388659,59.82020856313091,61.70209856352283
1865.0,24.106429524075878,31.964761179719247,60.34576489579012,61.83649165845428
1866.0,22.85913266981614,31.385370247934695,60.943500652855036,61.79735592578095
1867.0,22.349989342467516,30.880316844924142,61.770885889810515,61.76261399693282
1868.0,21.875276704308458,30.99586389062481,62.54110692049816,61.653920955682395
1869.0,21.721723848252484,31.411668156984774,63.58394583847021,61.499713437646086
1870.0,21.71786899817843,31.548960896544628,64.44407423225068,61.445950481431936
1871.0,21.69469657554823,31.658294481349213,65.09627874625649,61.35005507983259
1872.0,22.430545147804718,31.679554990281392,65.56730410733964,61.293293849712775
1873.0,22.83790532091639,31.937104030048,65.68382498730558,61.20044448352329
1874.0,23.27913956970623,32.01593868404731,65.78132279929027,61.12251733243435
1875.0,23.87094653182926,32.17319495577057,65.71161369262818,61.15871635154345
1876.0,24.184783072223542,32.07496491914578,65.49981520731507,61.22263164964176
1877.0,24.36365306858172,31.705640179453333,65.41524427509428,61.318488740770576
1878.0,24.38638844330848,31.460001092606884,64.84593660540911,61.36660119464172
1879.0,24.24495777520777,31.1404003017938,64.32541027595424,61.440607504867984
1880.0,24.09467136422453,30.918225816772594,64.09802294906079,61.472346484700324
1881.0,23.943514839532536,30.428443776582352,64.05371259463523,61.508958687820154
1882.0,23.88122442118695,29.720746999442625,63.935388444532435,61.64678614863138
1883.0,23.34285204017531,29.563610984078284,63.83867220866716,61.736721103669126
1884.0,23.467736439984048,29.29886001485493,63.407877778220254,61.88293411851601
1885.0,23.288202702437005,29.15420161955064,62.898501635493005,61.84531225151323
1886.0,22.862843820631635,29.294635548236197,62.205855812454594,61.75448783142853
1887.0,22.479817902462017,29.2099983257629,61.72502237565798,61.80401765897036
1888.0,21.861300891169485,29.431929548307973,61.38463291197371,61.68771252336401
1889.0,21.313854026883494,29.575792784617214,60.965450804118554,61.59463850008159
1890.0,20.793509819742614,29.937384989292692,60.43046898179064,61.43726968923209
1891.0,20.292534641547693,30.326271327192547,60.22658963276477,61.28609782158929
1892.0,20.139453942201968,30.422370095440186,60.34101092268325,61.1705608185547
1893.0,19.626195863701565,30.58458817462508,60.93201767396105,61.07330956955599
1894.0,19.401444139484788,30.981903756016926,61.58296246194237,61.04703759948469
1895.0,19.52767057693005,31.17086131964925,62.06899061712721,61.047436383456265
1896.0,19.65644738900944,31.61729774904031,62.67464549008632,60.9792874351022
1897.0,19.974066341339984,32.13010606839047,63.14093072922655,60.94189885978676
1898.0,19.98913710728205,32.647632420579775,63.483933621961796,60.820328722042106
1899.0,20.11264179066267,33.69490907933233,63.92833415374488,60.63228189071178
1900.0,20.394033596621103,34.84683662214031,64.36891883426534,60.45662667256516
1901.0,20.692676557143503,35.90691421900192,64.43207648391035,60.31823641585593
1902.0,20.791953056083724,36.88034497104118,64.44226553167438,60.21126225505112
1903.0,20.883392991578404,37.61384537195687,64.25780618526616,60.202953491221216
1904.0,20.989787961123703,38.30571531125629,63.969422020364746,60.21508665724685
1905.0,21.054128185215614,38.78381578335167,63.58243740245789,60.14635759924262
1906.0,20.77469105466301,38.952330199954815,63.07768271141488,59.9762285488344
1907.0,20.535300052491433,39.32976295692878,62.74682062426506,59.83998322847146
1908.0,20.015644681867883,39.19474107040422,62.29943960697964,59.86659713628523
1909.0,19.14697858355019,38.850464060056574,61.76070095140451,59.89348492474743
1910.0,18.72124767301392,38.37808026178062,61.40920828607277,59.86307518097471
1911.0,18.08463097328063,37.88215124382328,60.86058325451589,59.71947308913642
1912.0,17.401496104899394,37.33024545811868,60.34450194418519,59.52777204268869
1913.0,16.61966443623031,37.076555714732834,60.16468853819371,59.40436055671745
1914.0,15.844429359468156,36.83988868446764,60.00061321101914,59.26375391997264
1915.0,15.57924053652939,36.68831249817937,59.70048308047244,59.24810775618647
1916.0,15.275063255658644,36.588911976910616,59.36910615203868,59.19729078493611
1917.0,15.034145578448813,36.62519283637182,59.00164762769127,59.1125322960022
1918.0,14.850511774324586,36.457773275323625,58.43778975635848,58.976315493066835
1919.0,14.508390761034963,36.7413230324019,57.85362243828187,58.92003749640105
1920.0,14.64542045611523,36.936783441429554,57.326267871622186,58.93762096088634
1921.0,14.693915027708247,37.27241481908895,57.08399649847115,58.96375267834619
1922.0,14.479319519744838,37.41678838550747,56.95802277711756,58.866179122057
1923.0,14.249398694888177,37.576788401476676,56.79667449575293,58.93707513235622
1924.0,13.808268857801082,37.804910281428235,56.85481237649731,59.16205416607624
1925.0,13.378743266123273,37.8419655021398,56.903852640162505,59.520481277669845
1926.0,13.02898517068478,37.79517816840201,57.19174285539472,59.8700645880699
1927.0,13.271345826764987,37.863055207071504,57.44688228898255,60.19290589605899
1928.0,13.095887291338727,37.742378262216434,57.74225148065626,60.46222406263323
1929.0,12.681178535825067,37.65532353313664,58.05054210009064,60.664180151769486
1930.0,12.555706510488026,37.42891627657115,58.123686687234695,60.85391989138251
1931.0,12.447584837501061,36.95479334918926,58.014223270983805,61.07764401774867
1932.0,12.455868539906245,36.66854981916053,57.63762951050327,61.25864763184281
1933.0,12.566445967127212,36.47912477096563,57.501349621515764,61.33378987614915
1934.0,12.942290205734325,36.45671492891873,57.36636534235679,61.38649024206174
1935.0,13.18447492481322,36.259327932792345,57.05982719616177,61.48869191490866
1936.0,13.218677324067794,36.12311725225331,57.01479754286932,61.65041006183538
1937.0,13.50020595953647,35.79574189393425,56.868264589216764,61.797005445365194
1938.0,13.988970777010227,35.708211066023,56.71880245879204,61.90266578511461
1939.0,14.408803470301882,35.63402049428679,56.72210236084155,61.984009560369685
1940.0,14.54251254062061,35.877172701664605,56.79028321337452,61.94774101020111
1941.0,14.546136347386922,35.66026150102965,56.99765301817455,61.86294882977325
1942.0,14.665407207172146,35.27914741179763,56.916074079006584,61.715917179018064
1943.0,14.874891702994805,34.84205702139241,57.01914969019751,61.554168141558584
1944.0,15.029345250175673,34.62852468195163,56.92142776567355,61.250701995285944
1945.0,15.309748640592465,34.721932290658025,56.52551371394917,60.96217755900973
1946.0,15.703243235153261,34.788102115192196,55.98534158240477,60.62222743885913
1947.0,16.157377722256843,34.634013255335816,55.66177809865198,60.36961767272514
1948.0,16.557456428021624,34.76545449181828,55.267070819995645,60.18971947228255
1949.0,17.68674131275781,34.99100835125357,54.38399166193149,60.13462192533582
1950.0,18.61826912255386,35.57740282420985,53.54236541783275,60.15333150524854
1951.0,19.27170168922415,36.53278034829821,52.840781123163026,60.18344793248334
1952.0,19.504179861755627,37.282162229215636,52.003858950175015,60.20275780494059
1953.0,20.055607485642273,37.61946022426039,51.12282998027271,60.35590297836957
1954.0,20.70890605574183,37.806317373473405,50.51699319806807,60.477355618887984
1955.0,21.48682157031493,38.05258789303468,50.08298896676552,60.67681981584751
1956.0,21.89762976053094,38.263255731254525,49.32208732900033,60.8707383129942
1957.0,22.20861508683149,38.99744046819104,48.519062938296535,60.864787467167766
1958.0,22.176163827117428,39.14430970079519,48.23127194998709,60.92121356338833
1959.0,22.27341548777403,39.04120002411151,48.11927976843837,60.89230281717413
1960.0,22.38946643771312,38.75559600720724,47.93078204264447,60.94060806042086
1961.0,23.114938525372732,38.57393701723249,47.76415300222728,60.89991389483542
1962.0,23.2907793882053,38.803603486625526,47.81380021220403,60.824136915311435
1963.0,23.434808656411803,38.78261571465676,48.12790663268653,60.79346489350425
1964.0,23.03485472083561,38.596697547872026,48.34750077081716,60.70511528177055
1965.0,22.797092338478528,38.43966649866771,48.67365501911326,60.52610944192175
1966.0,22.27445497801708,37.4889135516462,49.087716103476005,60.44569960785793
1967.0,21.66627175171458,37.03085582168499,49.28548915728008,60.21553313356025
1968.0,21.245134461288796,36.683307260808476,49.40312760858981,60.05830563496957
1969.0,20.831595129405702,36.09656259004057,49.41680087904853,59.89876390450101
1970.0,20.01252579150785,35.630573938373686,49.45762497876733,59.801983712644244
1971.0,19.66679194635426,34.93761788247632,49.62224615415361,59.73608722977188
1972.0,19.0561983035404,34.6102309155024,49.64066016352527,59.63506229463939
1973.0,18.603827581246044,34.25519978226986,49.90390003433982,59.57596424217901
1974.0,18.21534655523349,34.02882839901069,50.10377887911905,59.71397876818783
1975.0,18.45766243414001,33.782905797051484,50.20307670697849,59.91170859966587
1976.0,18.01991034711065,33.406048215437835,50.34737449221145,60.07081707403198
1977.0,17.400942152630893,33.19296069358398,50.50585598714373,60.19945390022197
1978.0,17.101054600349958,33.18595155808835,50.850394355394414,60.252013197402064
1979.0,16.849139001948654,33.01211090907231,51.341385375264366,60.259846519294
1980.0,16.097058118536538,32.93797070891554,51.89707138323274,60.317388127711915
1981.0,15.851365667233866,32.70707547099823,52.683647575226836,60.34940221155612
1982.0,15.623965167163226,32.72094692616413,53.26835229318202,60.30309129821405
1983.0,15.331849331438692,32.53930122902244,53.94604666168805,60.16040573321875
1984.0,14.527216095101782,32.51180525051518,54.44740482769359,60.0430255700898
1985.0,14.457176984338984,32.6733193473204,54.97414758606976,60.0604756941196
1986.0,14.938495745347367,33.027142583407574,55.62357124694914,60.04434040626786
1987.0,15.244156073045982,33.462010419966404,56.10893095899549,60.070004495525055
1988.0,15.296881810645836,34.09627475104139,56.531332471543905,60.0636348645548
1989.0,15.321622126887043,35.03644010043263,56.655517271881635,60.10159986331059
1990.0,15.100033620087173,36.05720291781635,56.47117009290818,60.10989519384396
1991.0,14.885301702334356,37.138188627789944,56.66767878785482,60.19902887775644
1992.0,14.594308107285274,38.54372132642686,56.60174608749416,60.4204448049309
1993.0,14.329405273218597,39.836917911099434,56.52972561210878,60.659962884506946
1994.0,13.731272985086566,40.909677814340675,56.623424353223385,60.82407790340045
1995.0,12.86565070473554,41.70662010099335,56.565152202825146,61.059222130226686
1996.0,12.110297765115341,42.23765597069925,56.62373773424721,61.26936844466342
1997.0,11.658226273420773,42.466415310726674,56.43884435943501,61.442660632637356
1998.0,11.572154542580925,42.35659084200995,56.42915904605226,61.46071169708714
1999.0,11.252688561150977,42.195759962799016,56.53433847840262,61.496045412964094
2000.0,11.27125975052627,41.802761386727155,56.39650472076825,61.563184804200276
2001.0,11.199287323076847,41.5310553823078,56.59748488477545,61.417052838001126
2002.0,11.337765377407777,41.57788647971029,56.785877006156824,61.22956077979454
2003.0,11.825426391958189,41.789903032316865,57.03423583843986,61.07210475303275
2004.0,11.984159102148952,41.69080987656425,57.47463219983132,60.788582080096766
2005.0,11.55555054617207,41.764918344687054,57.89597726112561,60.46829935811845
2006.0,11.014158580663622,41.95392054786406,58.28498583355012,60.27370883797376
2007.0,10.430427690334865,42.05601886606623,58.66644404898335,60.10451479586683
2008.0,9.797935036460096,42.16016070969781,58.86934555912676,59.94984462229265
2009.0,8.979612079133243,42.25039061481808,58.91644435822562,59.76641116027601
2010.0,8.487377460287068,41.87248512563898,58.86407732116011,59.714647195866675
2011.0,8.04236109214137,41.13266271517441,59.03629180948776,59.545374742012335
2012.0,7.627887496380694,40.39715932955863,59.13121316276237,59.422878872279654
2013.0,7.597362999334766,40.040801679342394,59.00984543352329,59.39160429294433
2014.0,8.470021274670858,39.70342569759709,58.8899551214986,59.42119464034829
2015.0,9.255639296246258,38.920347188655334,59.012508424797474,59.446717453040854
2016.0,10.197609898735337,38.173226124440646,59.02694871212975,59.53501211847998
2017.0,11.343699282472759,37.44526706578274,58.85488281132929,59.58141259750285
2018.0,12.732724332878128,36.78225046263799,58.43289536814652,59.589679499406465
2019.0,14.20131425762817,36.106740354018804,58.15352493349239,59.41972630825918
2020.0,15.284180712381056,35.65289618428227,57.77055292933453,59.27781336059542
2021.0,16.096800508282204,34.919360349475454,57.42563005331621,59.11744171849635
2022.0,16.627090794426085,34.12666489399929,56.95600069910067,58.876752826982525
2023.0,16.830090026346507,33.57330520591967,56.26282718499016,58.54634750860101
2024.0,17.04795701998901,33.26436860387349,55.38310156797303,58.225625995304014
2025.0,17.119767912144027,33.09484848745166,54.563925631791,57.79782238153693
2026.0,17.11220685236749,32.693533037845,53.71705465121893,57.3286832320669
2027.0,16.98458125179734,32.24660219934931,53.15995614872175,56.898316265366034
2028.0,16.857750011615728,32.104670251522556,52.32855152150632,56.624235804202954
2029.0,17.021782487692324,31.991033983259474,51.530838687677225,56.40729670657965
2030.0,17.262874076662026,32.1948579242419,50.64312278557554,56.167128617500026
2031.0,17.419589395999225,32.353409569044615,50.07770724358349,55.96925776588767
2032.0,17.442684384335735,32.006746610496435,49.65956740796284,55.85081452547081
2033.0,17.458759856863164,31.93651665856656,49.49542527046829,55.68461401148947
2034.0,17.797539681845777,32.02936786340134,49.24535255324462,55.61119794419783
2035.0,18.182564828653476,32.329623712504706,49.25707462652371,55.627942829072055
2036.0,18.687787528755216,32.75170306247061,49.24698938067098,55.72786334956885
2037.0,19.26588069071653,33.056993716434846,49.568114189235324,55.86822240768195
2038.0,19.63413608695773,33.52055667026944,49.86241041473816,55.97192804059449
2039.0,20.045627920648062,33.848736667299896,49.9823585059241,56.09860802196506
2040.0,20.629929968743486,34.432836337812184,49.885834119813225,56.22886149596549
2041.0,21.422623814456593,35.27214617950493,50.019745327141756,56.450089078109364
2042.0,21.958578952662126,35.79636300236557,50.16097583787637,56.68346783053587
2043.0,22.14726383859079,36.215448207832615,50.4334711951176,56.970207751053984
2044.0,22.181915739927405,36.38662809576113,50.673913551239195,57.230605051796225
2045.0,21.966882461259537,36.507761145617536,50.912603452484404,57.51153051304906
2046.0,21.449081252026886,36.413364267348236,50.9639058432585,57.726483887211096
2047.0,21.056030456330884,35.96089106150252,51.03906438092791,58.018108116884456
2048.0,20.82537468247826,35.56942090236994,51.41030328145657,58.255719312921556
2049.0,20.630799178250903,34.74269593212711,51.952414030115555,58.47024493567237
2050.0,20.324052975884243,33.60085569366468,52.62206409590812,58.62974522491445
2051.0,20.072272917252086,33.00078030666269,52.963960501922415,58.88092985242287
2052.0,19.854789994435848,32.397314843795684,53.0305138410344,59.15158905406506
2053.0,19.936875928776132,32.23486209414768,52.97259582585964,59.476979509870205
2054.0,19.67722409179244,31.944770226065273,53.08247670477841,59.78431679410612
2055.0,19.276127468754897,31.97886636034754,53.14014824543685,60.02386293500634
2056.0,18.954336942784664,31.893419491158678,53.189848115483414,60.35183308164122
2057.0,19.058684784204033,31.882218597488198,53.27356336374857,60.73730963619553
2058.0,19.35154409986672,32.141004556378476,53.26909227633494,61.069938932230535
2059.0,19.452548705079355,32.749620845513164,52.919976029105655,61.26942889677888
2060.0,19.97979607483638,33.3797972969372,52.66823798418025,61.31186005603314
2061.0,20.519744537662834,33.91468344589072,52.671209782912214,61.21670017251139
2062.0,20.953689780884982,34.15568052970175,52.98033879704558,61.15880802875748
2063.0,21.837595912782955,34.36108399386117,53.04849762338461,61.08376714065871
2064.0,22.88448736991716,34.81105501249252,53.13862829478735,60.995003207110855
2065.0,23.8717792328542,35.340090120645776,53.615191057044306,60.781838344068134
2066.0,24.51567505863063,35.73466430321238,53.811427354462204,60.52356782992067
2067.0,24.902299506379297,35.974692988722175,54.225893622781435,60.33445445574867
2068.0,25.409919640000496,36.494733021998506,54.65272194917466,60.28273717847256
2069.0,25.908647031888442,36.600472063921096,55.19325389223533,60.301473851397944
2070.0,26.673248087873304,37.199653099416835,55.490306639729205,60.23964129523681
2071.0,27.170271799504935,37.964113499413365,55.65352754888978,60.07783714711675
2072.0,27.40787558493334,38.83472600260794,56.15478570563611,59.964889568141686
2073.0,27.354767805380718,39.32466107763775,56.77110639049075,59.86045997974771
2074.0,27.40731889362202,39.77165192230346,57.0075131317133,59.726958392880576
2075.0,27.332550106052917,39.98276514290959,57.33075903063178,59.55573493409769
2076.0,27.303003626735947,40.42424341500576,57.4613615157677,59.478931719746086
2077.0,27.073744054865756,40.4386025231901,57.60508275603358,59.33710752003181
2078.0,26.605505103611364,40.55185463991017,57.32522074091755,59.259485949419116
2079.0,25.930833828559596,40.363526527468586,57.3468634964997,59.35067315539512
2080.0,25.360252358806655,40.19489785585943,57.29200082763799,59.45125499887591
2081.0,24.940506822427015,40.076493662600726,57.33018654091022,59.53914765969589
2082.0,24.279922403855583,40.02367914395864,57.428841609870005,59.73438929316862
2083.0,23.600474836942094,40.02444382129356,57.625649859360124,59.90371915741596
2084.0,22.934871914729243,40.30123085712497,57.72523374323102,60.104569327192536
2085.0,22.265623419211394,40.38276136125828,57.77555126173911,60.21321173356817
2086.0,21.82984760874453,40.60637316908577,57.85452701034569,60.32031823249978
2087.0,21.55302065761026,40.800940041822535,58.36951376500206,60.29496723771389
2088.0,21.029219295159287,40.692138130541245,58.55879290894456,60.33009324150967
2089.0,20.98892700279282,40.66918835104429,58.825902095360426,60.282059601247305
2090.0,21.034876407196208,40.725153303982225,58.51872004897736,60.18687007289347
2091.0,21.32805830218787,40.75789495850897,58.1369124075338,59.97965102732877
2092.0,21.319156159811516,40.97746239796593,57.814962206721454,59.92421639319369
2093.0,21.40008081950685,41.26460043873378,57.686609305240815,59.891035685929026
2094.0,21.474824553302643,41.73524879192057,57.64350699559034,59.88433739969586
2095.0,21.12884217352982,42.47561462210012,57.792229700048715,59.91649712257468
2096.0,21.102015399542854,42.92802159862517,57.53797908359698,60.00927296683546
2097.0,20.986750075528896,43.3680908958807,57.54392225549351,59.9383164218973
2098.0,20.104548868200276,43.71035774518451,57.82053305883349,60.15286652529874
2099.0,19.127655476736766,43.5079610001828,58.201304915070544,60.29884959410424
2100.0,18.572288355681334,43.30100928496859,58.526890408112635,60.48885449937843
2101.0,18.199132953384012,42.87117644416029,58.769210708831274,60.61078741519619
2102.0,17.905379143447806,42.337892918165764,58.85568043620477,60.76197172531702
2103.0,17.411306062648208,41.78540284634084,58.90180688021902,60.7960099445896
2104.0,17.520510456875243,40.7653936790685,58.79701765189157,60.76153469386609
2105.0,17.431745084953576,39.84748295868398,58.83500987531092,60.76460137966747
2106.0,17.45611071108261,39.243902053063394,58.728745012008694,60.86052366590235
2107.0,17.77133710628968,38.44558641190148,58.4506884971483,60.74648019912094
2108.0,18.2472006737397,38.09066479023852,58.12989522969357,60.72819866931824
2109.0,18.51905097529972,37.47998904530753,57.946078745267734,60.717600134230835
2110.0,19.105554966537447,37.16815037965583,57.559487920347685,60.64444447803237
2111.0,19.481744568757456,36.68650930134382,57.588347401396064,60.55806839283664
2112.0,20.196382985495386,36.22826457081895,57.72608238090895,60.50351253706864
2113.0,20.502775586336178,35.996049254908314,57.34014870900929,60.41572221331707
2114.0,20.9493073121186,36.29128307581362,57.061245983930434,60.20963299056101
2115.0,21.39833939715089,36.18921977179053,56.794411052297775,59.944524064249286
2116.0,21.79216033323838,35.990408577905065,56.76235193473039,59.64792715362181
2117.0,22.010868382741336,35.94452670477601,56.809671237165986,59.27584988543808
2118.0,21.920411911996002,36.16419749879718,56.7102309300011,58.885943660805225
2119.0,21.417331014628353,36.1476801198611,56.78428510303482,58.53017596520899
2120.0,21.173105404616052,36.502323711536654,56.35693947190602,58.23666575028285
2121.0,20.708715367669328,36.887600610164924,56.02824233217166,58.0120820726082
2122.0,19.999813630290017,37.30546752676273,56.232049771874244,57.918004553002056
2123.0,19.318050859063845,37.515269906323,56.51520530635723,58.00889464934516
2124.0,18.737342027837926,38.00199585538911,56.736313736779984,58.185332832728264
2125.0,17.949256886241894,38.63974030376994,56.67546389364769,58.44370073191786
2126.0,17.20063686121864,38.69381736050938,56.86313475281821,58.71178180603722
2127.0,17.134464433863478,38.60076504135204,57.159422246893115,59.00364480196082
2128.0,17.082731136313264,38.31921234458319,57.410162325506455,59.25959916061238
2129.0,16.58867220773488,37.71163987213811,57.75082016972761,59.494660573785445
2130.0,15.9894376783535,36.96542627974411,57.884171238035535,59.712284160205876
2131.0,15.799333500457278,36.11297038750098,58.04996788306979,59.8142882883276
2132.0,15.339299768262157,35.10630423064557,58.173868023191545,59.878068165056014
2133.0,15.18283064419112,34.286586887803466,58.22444255463879,59.842814200579724
2134.0,15.106380910617982,33.419556685527276,58.35731186216691,59.725950175144085
2135.0,14.855374229601402,32.95719655535457,58.2361077050022,59.61616211026809
2136.0,14.256126979499394,32.73130558362704,57.95902166857146,59.57056639951767
2137.0,13.60697560745949,32.95378508301974,58.01430590243157,59.56233419413192
2138.0,13.365839496451041,33.09077959765996,57.99394030397024,59.529785804691784
2139.0,12.979729480959028,33.12228389761082,57.78849279342017,59.550159044643266
2140.0,12.45595977609422,32.944826139473534,57.504532645003756,59.635471158488635
2141.0,11.99427805629947,32.803522956308534,57.246676028875676,59.65226609229127
2142.0,11.226107549552376,32.284958488122676,57.12110741209079,59.72952356947587
2143.0,10.759857419217942,31.84086788300118,57.07615363078068,59.87051031081493
2144.0,10.505282709573244,31.62035000938534,57.15441924446513,59.85955573415925
2145.0,10.245133235794109,31.36610407195199,57.252134650089374,59.76565877311727
2146.0,10.118565910156823,30.995329262089104,57.26002093327282,59.656493981242114
2147.0,9.868148043468818,31.00155761931434,57.20357178592698,59.63867462357561
2148.0,9.864541408732498,31.09576127354826,57.518953523820905,59.494802155079455
2149.0,9.89461430125936,31.313634881957096,57.96130740468111,59.428205313853375
2150.0,9.883242442918444,31.32428664260046,58.36033290503357,59.452060196412305
2151.0,9.886551698452188,31.462024852614675,58.93531818555785,59.262467605985954
2152.0,10.044474601160307,31.231259131808265,59.52626976043513,59.24501225584868
2153.0,10.192599996378522,31.014393970005763,59.92913221632723,59.342571708949066
2154.0,10.180884662573625,30.82274738368722,60.28530677634122,59.41732403940236
2155.0,10.02801888867613,30.91969151567723,60.785560822030305,59.42325419336239
2156.0,9.695495175266776,30.65659813034302,61.404584934955345,59.323268660809575
2157.0,9.52008105384857,30.52588069949206,61.68352142849278,59.357309507444626
2158.0,9.310574905215146,30.312910734510375,61.57842232117748,59.384443108680316
2159.0,9.378809122692143,30.146531806469593,61.50200526168882,59.39877335393943
2160.0,9.415539112921522,30.020803723887745,61.322928328272724,59.67386134620388
2161.0,9.153169913483016,30.328306327538655,60.766295906481915,59.77175490986406
2162.0,8.997749945987115,30.527757690493445,60.227333390555884,59.825560983179365
2163.0,9.201352630762418,30.608602591026663,59.634629014824654,59.82322626147213
2164.0,9.692692385810243,30.307237182723863,58.55655016986485,60.01243071548252
2165.0,10.348529471359711,30.12394850642565,57.36273341300271,60.20381057792822
2166.0,10.930590258313565,29.859045708954064,56.06505219941213,60.29433560923913
2167.0,11.545488693555761,29.58413081719243,55.22915792487149,60.299157448194876
2168.0,11.73390820909054,29.74360076114627,54.31388208052265,60.13262613588525
2169.0,12.244762313824745,29.67644415368255,53.17407091452733,59.89112642537434
2170.0,13.09945966670869,29.83590432894115,52.18131064174237,59.72395634863052
2171.0,13.799827550138819,29.8166404071475,51.47398446644792,59.750576422324734
2172.0,14.544132645822138,29.69161012710127,51.01541411039096,59.89287216854102
2173.0,15.106824450371908,29.532480456495968,50.85222841317384,60.03837491907315
2174.0,15.500798967552976,29.56585867684868,50.58653949976184,60.0782917532294
2175.0,15.985457040698495,29.668884817295243,50.629253590219996,60.10230370007374
2176.0,16.797178223386403,30.08638655397987,50.62544473164519,60.157223118700266
2177.0,17.381482456534574,30.214034980228522,50.66534400833695,60.42122663021294
2178.0,17.654702172529056,30.589624658701165,50.75744164525172,60.77664298851223
2179.0,17.29708440654689,30.840322061361874,51.10860143360003,61.00132816471247
2180.0,16.832626420615167,30.715721827969663,51.363063939874685,61.11141083616025
2181.0,16.034144814997287,30.74969502805814,51.47137365254059,61.1706763198738
2182.0,15.170934387119527,30.892804807390917,51.70009653591907,61.103880035701025
2183.0,14.333539083410495,30.767839576519926,52.19910117238704,61.11925783872359
2184.0,13.449524668383079,30.664432720779313,52.38072405166766,61.25789630751626
2185.0,12.567864068571621,30.60390842313052,52.75576338897249,61.40761236587923
2186.0,11.949736169367064,30.606017411140318,52.8446240600359,61.41185166670191
2187.0,11.24856813846422,30.548573195979127,53.017612110555206,61.30878511696458
2188.0,10.88432769963951,30.586040401069287,53.02539167273157,61.266225986588616
2189.0,10.814179451727608,31.107792490490706,53.35398896819574,61.10513618939471
2190.0,10.756354563706719,31.739011194453447,53.721925118014475,60.88728847694142
2191.0,10.862890201466854,32.1508594808124,53.67406534543697,60.74368426988589
2192.0,10.953560193748263,32.765389501083014,53.67180544873088,60.480682089446965
2193.0,10.770384954148767,33.524889063958085,53.766423944450224,60.08767191183475
2194.0,10.535160620404785,34.008074110262676,53.87419890160278,59.72995325120198
2195.0,10.416749929077294,34.51443067358354,54.08430386223739,59.42835321858468
2196.0,10.563269342131886,35.02772571009183,54.52683529078314,59.06224597533243
2197.0,10.419695256140908,35.21484774817198,54.85601654180024,58.73070354543937
2198.0,10.078451479842244,35.3837220112794,54.59183677325687,58.439685897432106
2199.0,10.033964694851477,35.492040159245235,54.617620454565234,58.15024624598361
2200.0,10.139481690777425,35.780223349885965,55.09214397955461,57.7442497780287
2201.0,9.473180700201121,35.95768632418333,55.15385712882952,57.519773317513845
2202.0,9.820107286521873,35.885089277472574,55.43756959849185,57.22271386168501
2203.0,9.934164302370124,35.95408156530382,55.188155917466055,56.87583610008556
2204.0,10.114345568023225,35.89084114314556,55.22242015057606,56.61395957656714
2205.0,10.330932633587183,35.83018038563775,55.00486811807318,56.45120826838732
2206.0,11.20633153872618,35.8498418118603,54.89956681085468,56.311334145800046
2207.0,12.113884381009875,35.89198612855007,55.16316798759745,56.32133227577442
2208.0,12.614005991388906,35.98673200517844,55.00460259930238,56.43748021800027
2209.0,13.124470948327192,36.317055177898325,54.739200691851316,56.68586468565133
2210.0,14.560529033201256,36.63671842030788,54.677012563195525,56.81610609924683
2211.0,15.118419273462889,36.91527943052171,54.56017940054061,57.09198258288061
2212.0,15.905133040025833,37.443497621542846,54.4322346485332,57.280162697688866
2213.0,16.54043322211361,38.075051341192015,54.25500324325468,57.329428327721374
2214.0,17.056179380143405,38.63854632055533,54.17784054562114,57.40182594514336
2215.0,17.040755370017546,38.95688642311459,54.2211044567771,57.3854233225631
2216.0,16.93378673055691,39.26433390719267,53.91151728970219,57.28606719804805
2217.0,16.91080279226919,39.43922545868171,53.554229648244394,57.20167421616984
2218.0,16.845794678425904,39.57921784087685,52.89602529370338,57.039480727030124
2219.0,16.581499764048804,39.80926549668399,52.26000736930499,57.00411686962973
2220.0,16.35419598672288,40.262397774444985,51.55675285907909,56.93887039108211
2221.0,15.791143180309357,40.162867164358374,51.17610646634548,56.97389167966703
2222.0,14.968751084897185,40.05719233006392,50.63197884727346,57.03966213176528
2223.0,14.078846737907723,40.30363641801262,50.01711550529562,57.05543614384159
2224.0,13.222004820895426,40.64315952554875,49.10137456483434,57.11162819319003
2225.0,12.734363913535446,40.81571914191319,48.33542098073029,57.203727308372784
2226.0,12.376976490629067,41.14644514897766,47.53930762385657,57.282566179297206
2227.0,12.019272141883107,41.03204195275834,46.93814781705355,57.388823252527615
2228.0,11.583515817909804,40.54615543818742,46.58195955446796,57.4206852750229
2229.0,11.382412607336205,39.834464896730765,46.17501269274725,57.523441141782435
2230.0,11.503018513298992,39.37124945611616,45.635590310335346,57.614291174258625
2231.0,12.176909431155217,38.62820463609014,45.76273160720237,57.6941825188832
2232.0,12.934454374691907,37.529465690478986,46.03714553447557,57.77100601629337
2233.0,14.128546820806875,36.63534145390318,46.80801777110733,57.768230288868665
2234.0,15.148507933785973,35.572967972948895,47.7316245031585,57.87225719387056
2235.0,15.7113319493424,34.35934460041658,48.958003530228105,58.01158640193503
2236.0,16.549513381383726,33.38788356605008,50.36364260789871,58.139601890201284
2237.0,17.73146087953495,32.50097615101911,51.50906375654694,58.27592590115092
2238.0,18.52847856671432,31.747406965738932,52.713118713006814,58.44806828742238
2239.0,19.093655372204193,30.915586159118277,54.13205416778012,58.59185210506638
2240.0,19.40229195211271,30.310799435348713,54.823693073708576,58.790069155308444
2241.0,19.95078355542056,29.88329109007531,55.338761052845754,58.937527801660444
2242.0,20.427447905259406,29.47884587339587,55.34826605977241,59.183971366117945
2243.0,21.02534081439532,29.29769605700663,55.22419982282882,59.384068442015426
2244.0,21.924610506916792,29.20538448194761,55.03829015716556,59.503637865688106
2245.0,22.29009251104456,29.079194161051753,54.5691032942131,59.53636074939512
2246.0,22.688688720595053,29.406041639758993,54.211536090947945,59.694783703411375
2247.0,23.100216800758012,29.5780139805607,54.084960646241285,59.824453261293705
2248.0,23.66246739823831,29.922344377562037,53.71406443715841,59.98569030125274
2249.0,24.308238553540832,30.267365374333757,53.16178965513498,59.98897055921083
2250.0,24.481300372261686,30.542842372844696,52.67801338625736,60.02422999710174
2251.0,24.479403355255837,30.70511647860336,52.451669233746955,60.01840274627801
2252.0,24.049505075207108,31.211917691185224,52.223720462938815,59.95077091128906
2253.0,23.55646910170148,31.358101944101232,51.88629543510266,59.96865008158577
2254.0,23.290194810455795,31.577780203716863,51.51848458878961,60.018580513447844
2255.0,22.800501375358365,31.483884410109393,51.582528805472855,59.89703131978087
2256.0,22.545973721858864,31.61572012768974,51.39311444489925,59.677571329752425
2257.0,22.002984581646043,31.39499093659345,51.091276031656804,59.423583959517956
2258.0,21.322299588565585,31.337832509737872,51.40887583636438,59.32646701773085
2259.0,20.511854269511954,31.41273092147637,51.66086835359039,59.241296889002655
2260.0,19.700512104031127,31.512206859632013,51.7627024782299,59.19052396103438
2261.0,19.113064913748765,31.299254587957247,52.09570105539111,59.14417982173802
2262.0,18.26203836554189,31.273322182000197,52.46643028962613,59.093574900920835
2263.0,17.38236710515438,31.689126435104985,53.26261102955909,59.14520371162231
2264.0,16.425047872828006,32.591929895546585,53.41239706054553,59.25984152936967
2265.0,15.214051940070249,33.539124415117115,53.847392273771,59.509001584737064
2266.0,13.945113875541415,34.58243794310321,54.34561955106662,59.764494198906334
2267.0,13.024100628314043,35.47857404090476,54.66409451613262,60.09317612504037
2268.0,12.288383968662247,36.12816394796983,55.103486965349205,60.338728791575136
2269.0,11.662899251660935,36.8430934740353,55.90535214523501,60.553809233769904
2270.0,10.847466978907937,37.272297144814715,56.40543904737547,60.80330458098153
2271.0,10.426435050837375,37.64850790054306,56.92040848579446,60.85707375918782
2272.0,10.153376410631964,37.46175095581553,57.37470286269397,60.90318183895622
2273.0,10.009511042998769,36.92697973123971,58.1398723068407,61.04533660964505
2274.0,10.192816040082038,36.028413926979304,58.54762746107472,61.21734468366658
2275.0,10.857708560466461,35.51476137235886,59.22040288790569,61.46920533525881
2276.0,11.356992443020216,35.10166742272205,59.93519018578359,61.5625503991541
2277.0,12.037089355307623,34.657922713322506,60.65806610505052,61.81976382830722
2278.0,12.617251594530318,33.94139340114556,61.17865619374921,61.936792097882076
2279.0,13.245276738744836,33.44334860402853,61.56045952500666,62.01955447141768
2280.0,13.840969624736054,32.96739189656727,62.00895373367216,62.184986794305765
2281.0,14.266818241380502,32.41980029815123,62.11057914638679,62.31968134178577
2282.0,14.658667685253423,32.305366420118006,61.84161035784306,62.361470715580985
2283.0,14.841437712025352,32.36684402348414,61.76201171090288,62.255107839526666
2284.0,14.848436114592687,32.06451222011667,61.174099588759915,62.09072727237109
2285.0,14.615609217245106,31.743611082699278,60.57751687858788,61.96651673980699
2286.0,14.033518635478787,31.447945499323083,59.863160422124444,61.78483648814035
2287.0,13.498060317925658,31.22081454962505,59.13341018891867,61.697974269664435
2288.0,12.96094306172141,31.069270804013005,58.6428758427062,61.564974751870416
2289.0,12.34365727012266,30.95599567240378,57.70773927334612,61.497233214770574
2290.0,11.574135240330088,31.374359249788395,57.001657519485484,61.29005543564231
2291.0,10.939349009561614,31.351864753992498,56.57470773580164,61.06045371498629
2292.0,10.337403765250745,31.59710798141847,56.430254629113236,60.957699232492935
2293.0,9.825726306729774,31.815409892582185,56.25264045650431,60.76815239865359
2294.0,9.817539489164062,32.25282964182665,55.961189823121074,60.55418315709217
2295.0,10.20829013424799,32.74354782332175,55.1634024997544,60.3589160947271
2296.0,10.403555423146502,33.48487522346701,54.245166106658516,60.30233046013717
2297.0,10.563271638415625,34.026220942398304,53.41417740810013,60.28602266880083
2298.0,10.952846968640372,34.60715156664199,52.75125964718487,60.270549726576895
2299.0,11.504753352920913,34.79342083498197,51.97846179232294,60.34890942541768
2300.0,12.175406514157121,34.87945744195487,51.22240522493318,60.34708520642355
2301.0,12.914764840254684,34.47600185029008,50.42304259452878,60.2284831393449
2302.0,13.554032440517497,34.208929565049004,49.970529808483555,60.2925618476837
2303.0,13.891549897877729,33.72386001021344,49.3748158924072,60.387766421191074
2304.0,14.17768162308326,33.39536992585631,49.51920180923143,60.407420250374805
2305.0,14.598064183253713,33.04844910796845,49.19079125818449,60.31551098327302
2306.0,15.238090669209916,33.11439964650436,48.69710401426859,60.249864592560634
2307.0,15.80514297348801,33.2243950136058,48.44684495112199,60.08974871153374
2308.0,16.368209199235846,33.36829644575686,48.49535003801987,59.834009227172125
2309.0,16.685355144906552,33.468744028986144,48.67759878706616,59.627990375320046
2310.0,17.057742505047536,33.88432414448753,48.76330329082479,59.45214294804772
2311.0,17.561246431624944,34.51352113899697,48.99896478908291,59.20795715412177
2312.0,18.161397923482294,34.97351894122368,49.52282327403038,58.84640826497992
2313.0,18.664853991552505,35.13061401404345,49.832364727594396,58.555957110019214
2314.0,18.63314119687505,35.260266428750526,50.547562983352506,58.33475592271008
2315.0,18.563945048353556,35.107640868546355,51.35075527050075,58.04789585268409
2316.0,18.690827224743913,34.78475056547175,52.49572722828287,57.91921287849186
2317.0,18.553694014116648,34.60976219339615,53.25809307106593,57.93135092427035
2318.0,18.389352401642036,34.27173636792981,53.76700763753203,57.95879941103988
2319.0,18.142860482378214,33.733236383812496,54.03039513063678,57.99288791712648
2320.0,17.687991079616832,32.967982199000275,54.02480549994869,58.08603882390388
2321.0,17.19427385635079,32.38808226839604,53.745458458650916,58.26827400966775
2322.0,16.662098472077865,32.1751175568861,53.41444614602709,58.54409561645913
2323.0,16.756123090681996,32.118007210153024,53.190669291114894,58.67367144155174
2324.0,16.81689471779705,31.89662392963367,52.64918019108437,58.68486505396105
2325.0,16.682698050309344,31.912712436451688,51.74803867990392,58.68605944048809
2326.0,16.47575730674441,32.067094753823795,50.96227687803841,58.62020895324485
2327.0,16.5542807330825,32.33139970237318,50.17635934317899,58.68585257266655
2328.0,16.266947852119152,32.48300030856569,49.482195701525015,58.89705443227857
2329.0,16.1018478444752,32.520543075635366,48.961566683374095,59.05011259146008
2330.0,15.787543972374824,32.55259759201686,48.263141008639444,59.25456020972398
2331.0,15.39496620423046,32.62238215285187,47.529284246902705,59.39977156418795
2332.0,14.78180338128205,32.31234607940435,46.9349893675259,59.53675180093606
2333.0,14.091879888726826,32.333686450304654,46.811054364271314,59.80491721148417
2334.0,13.52270419798267,32.3045727357818,46.93809853239744,60.0133237303082
2335.0,13.199386646543978,31.967502547228342,46.974222294449454,60.231580896164864
2336.0,12.574340781493207,31.946462112494633,47.143446406878674,60.46227815418329
2337.0,11.958040017732054,32.035201816649355,47.28323216352646,60.55627930980908
2338.0,11.695689190568187,32.15289752773673,47.55532104134727,60.57276027175749
2339.0,11.567797075856513,32.37604630284681,48.444990319765196,60.56274229294886
2340.0,11.702488048887433,32.4781350143649,49.196088694396735,60.44399136406904
2341.0,11.916439068907522,32.790271724320505,49.55194724783133,60.50653449660666
2342.0,12.307952709924601,33.22776310130269,49.622433940965486,60.55949963358559
2343.0,12.415993209874873,33.75843544657699,49.489733108473075,60.64274718057753
2344.0,12.461587843483189,34.26217776553666,49.38829811332237,60.703504810109564
2345.0,12.551508307000509,34.81329810473701,49.615746576334075,60.714132561427355
2346.0,12.988536024652385,35.48731906328747,49.87913659472994,60.73031336172837
2347.0,12.958165452868801,36.23751258223105,50.1082584068012,60.80750267581177
2348.0,12.992259493893169,37.193175572998435,50.037093719613544,60.878064349778725
2349.0,12.816972363927798,38.17581151037649,50.0934666832235,61.03629522474076
2350.0,12.399968105770085,39.16888205726158,49.873572389137806,61.131909794269816
2351.0,11.898146430048179,40.249100934676115,49.87904090355672,61.274669372625056
2352.0,11.736143704126908,40.928184196591914,49.540273862421884,61.3368329695506
2353.0,11.915484279731764,41.493980922871906,48.97879956831571,61.43580374198752
2354.0,12.026452279411231,41.77863058823582,47.82098938464504,61.4087563240312
2355.0,12.184391838008844,42.03075992360478,46.83433048644208,61.35226413401981
2356.0,12.392182884871739,42.04624594809136,46.02685780170269,61.23189010078598
2357.0,12.460568300077062,41.67407723212822,45.44407418704516,61.14411972509317
2358.0,12.667711721880442,41.264582358542185,45.01015942024114,61.081412172271186
2359.0,13.139019057692236,40.84379925510754,45.088726002716186,60.89081586038266
2360.0,13.440691251106756,39.81204980948593,45.11786187277976,60.59194649622829
2361.0,13.68266192107336,39.079387307233155,45.362814397655335,60.33958258297672
2362.0,13.955110437319203,38.47005254578358,45.83886379597343,60.15214246187769
2363.0,14.319803922523539,38.11092331267312,46.43460525814056,60.04443109885056
2364.0,14.620660431492755,37.88958426546379,47.25824451860319,59.96149341625816
2365.0,15.145930241300825,37.844194311887016,47.89690436857367,59.97267009788503
2366.0,15.340183367897067,37.91002538863963,48.324769973177155,59.87776703215834
2367.0,15.158293934775411,37.809783024398094,48.68485322196749,59.6265234141524
2368.0,15.047552126669288,37.56641699978738,49.047013574709354,59.534556720528066
2369.0,15.012365952732374,37.686740346703246,49.574131475583094,59.50373733371826
2370.0,14.690086308510743,37.75080172273637,50.251094699680706,59.63157116432625
2371.0,14.082299952890589,37.93766095431165,50.55619459641424,59.773318456857524
2372.0,13.403150197951106,37.738087213142414,51.050686586128336,59.91124356009466
2373.0,12.746335283486294,37.305418584866395,51.20331437280959,60.01571694400836
2374.0,11.983230256995473,37.06325022217168,51.319902522816,60.096983409496566
2375.0,11.556445516668468,36.79992959693291,50.94967007467498,60.32295311436739
2376.0,11.433132042131968,36.60957660300232,51.173659095086975,60.64038056782141
2377.0,11.238842190589683,36.646602903873045,51.13797606813039,60.93705045769576
2378.0,11.356637978176742,36.69619155456859,50.68966858610232,61.23841005643448
2379.0,11.866331523355766,36.690408857911095,50.11044822076852,61.39624662509866
2380.0,12.523154005944098,36.33408937772419,49.66433549268025,61.50900366120798
2381.0,13.398292016379344,36.282032706457336,48.948182665067606,61.55453615852775
2382.0,14.054390176029674,36.11965753187916,48.31881334103707,61.71421243785059
2383.0,14.55923477033112,35.68831772267999,47.729377792688545,61.94814739008159
2384.0,14.99623034892699,35.04174128626161,47.83251475024269,62.18592952007436
2385.0,15.481158651951747,34.11643832032311,47.511177880436485,62.325467797486546
2386.0,16.09713613795803,33.27073325671038,47.614492462873066,62.464468685448246
2387.0,16.57404449625481,32.22924057619436,47.69820035628658,62.67512780205438
2388.0,17.06946798030981,31.380413988898205,48.13052539789196,62.84767080810681
2389.0,17.62117985404667,30.73990245780238,48.89554953121836,63.00360293731946
2390.0,18.152741593586242,30.038782798947523,49.4247927626556,63.22292897845031
2391.0,18.7240569956852,29.618047069611634,50.39417020056939,63.30791707571457
2392.0,19.340721579703544,29.41787667444877,51.14218328579348,63.350700593319246
2393.0,20.030683738185747,29.673167774660367,51.751428971370586,63.27082386517425
2394.0,20.71837834365443,30.001335232166024,51.97925753824388,63.30668228225939
2395.0,21.23953019855221,30.054405325505087,52.0201314374085,63.23661938071057
2396.0,21.947314477156887,30.097652330867138,52.391208587016166,62.98475518796941
2397.0,22.339779772100183,30.0218726509297,52.592717658356804,62.78641020183054
2398.0,22.5510014874996,29.99953398204982,52.694101933360685,62.6797970287614
2399.0,22.85181092155016,29.89539305437536,53.095492478692584,62.622677763590055
2400.0,23.16563996156085,29.661535933096737,52.732602716455375,62.62900350979713
2401.0,23.507800084142634,29.49480217810209,52.652263460199904,62.58080092562723
2402.0,23.913892805936236,29.06819357684419,52.40599825507173,62.59762656006384
2403.0,23.85381123877275,28.9593822577739,52.50860782181601,62.511585824903605
2404.0,23.98797845548467,28.85829725506456,52.59079767082844,62.53677330635881
2405.0,23.585844113802327,28.839313105530337,52.498605340085724,62.59297549061887
2406.0,23.484743541980478,28.87155326856676,52.065428405210426,62.60796931924301
2407.0,23.408406670320737,29.114496696758508,51.69296809022528,62.56002066096438
2408.0,22.96096727669975,29.200366139793193,51.411924659940425,62.415617952655516
2409.0,22.67971964823002,29.766032322492652,51.48504213996681,62.18352086919168
2410.0,22.344541901339912,30.22483505966935,51.20822840780428,61.90213706685407
2411.0,21.70553148537973,30.856773555593392,50.983514698286456,61.576483234386615
2412.0,21.697981108708547,31.422369443698706,50.60634571339406,61.398917404427955
2413.0,21.46710219081558,32.25745225994224,50.076873378463034,61.14088683746062
2414.0,21.571948407668344,33.16698831765885,49.70512185672507,61.00257067765996
2415.0,21.463809619857024,33.982317057327286,49.55781482579863,60.799602109085576
2416.0,21.081008801256193,34.48842951223222,49.301975964263775,60.57282265047992
2417.0,20.945161885770297,35.205543681623126,49.23864182440691,60.36969549547882
2418.0,20.736797146194203,35.495133723026896,49.097702148975614,60.198297264641084
2419.0,20.39681011513407,36.0889986729364,49.02847450073448,60.127173246491985
2420.0,20.152949023295918,36.379538741769444,48.95350591334209,60.12998560965424
2421.0,19.681077191202895,36.60664626133838,48.913471836666,60.02198434573325
2422.0,19.335857337676902,36.435316099283725,49.05883036811962,59.86550984963261
2423.0,18.836556022048796,36.10637731846595,48.97198026672025,59.795194542685195
2424.0,18.133133239572924,35.89779264997568,49.08888633960215,59.86207087343665
2425.0,17.693873762204444,35.918186371037294,49.19578919579419,59.92497305295092
2426.0,17.140734332095064,35.94164994061148,49.2701028944167,59.98978310071216
2427.0,16.924968689891468,36.33863695144636,49.55436489736101,60.15348268499994
2428.0,16.968980084295968,36.537514361963865,49.87542870787335,60.366140186832915
2429.0,17.09314985412639,37.0376382339616,50.38630943963742,60.47928204544161
2430.0,17.224484554039552,37.7448239826892,50.81390242428314,60.61444058332679
2431.0,17.313991217392402,38.483147421891076,51.21545992478811,60.92785547826679
2432.0,17.771006801319185,39.321417209421746,51.96443366956793,61.09096513782067
2433.0,18.412653244069432,40.07406947596038,52.432868745528296,61.19867093996984
2434.0,19.14646225788524,40.72753253282981,52.796588609804516,61.223417300372176
2435.0,19.758094378964035,41.36127706426144,52.991264951982835,61.263687783106654
2436.0,19.996939979715428,41.686766703923645,52.868378664176035,61.140239952027486
2437.0,20.160076130713488,41.825960190016445,52.67525158923721,61.00524594960332
2438.0,20.19256201526299,41.56291543819638,52.321925327716805,60.88228302441111
2439.0,20.626475421585955,41.04081547077408,52.16749223757281,60.8183474843017
2440.0,20.896809803489866,40.7945623449881,51.850257313836416,60.646886944334106
2441.0,20.887592362114408,40.692114295285585,51.43470926863958,60.582117688698645
2442.0,20.668482261090276,40.60264678977905,51.078484844901986,60.490179407887766
2443.0,20.34769118667777,40.51492820283359,51.23688832434621,60.61351735914709
2444.0,20.362115268084892,40.132332852815644,51.45292390595651,60.614315789553764
2445.0,20.48650100384819,39.5947123875037,51.57454059108739,60.70850151901852
2446.0,20.363173115120006,38.92907704003665,51.57068373242536,60.631985291852814
2447.0,20.218677363555024,38.39600466961805,51.54679883325005,60.669840428299146
2448.0,19.667476442556815,38.00698353390304,51.460639051746305,60.69504346083804
2449.0,19.011076954469573,37.59233114541023,51.64557052814188,60.672703868130824
2450.0,18.364369178522317,37.062873139355204,51.58548694447364,60.66587166092718
2451.0,17.88828109761911,36.52465095275363,51.62803612031247,60.68152239091149
2452.0,17.37358242059777,35.90900902322477,51.24106012414172,60.56200580505424
2453.0,16.9390383533976,35.55764928329837,50.881765195896726,60.543104868725905
2454.0,16.34600586884185,35.671867815369936,50.8264933201701,60.642746837330535
2455.0,16.085812519778585,36.10395948380442,51.09771064852283,60.82953491271923
2456.0,15.832647990631008,36.69929569219524,51.41141349233513,60.938237113792816
2457.0,15.689516254179027,37.33058890846973,51.70139434646203,61.049101521948444
2458.0,15.819555903694775,37.57554219511249,51.670361752495,61.1580636379073
2459.0,15.71195993939351,37.89101092558482,51.778515022023385,61.19606784408758
2460.0,15.548893581259826,38.17130619328079,51.834294964346384,61.23346840100315
2461.0,15.381516891944122,38.79726023679515,51.98616996120446,61.38477185315507
2462.0,15.218813758494433,39.56953494463088,52.32348447470829,61.5404906285482
2463.0,15.26554381183648,40.00490072908214,52.057234484928784,61.56237165030342
2464.0,15.133740658761312,40.393660836414384,51.63826257184302,61.5823081047785
2465.0,15.037997171654869,40.341391315411784,51.3717805926829,61.58626539487827
2466.0,14.913381902057845,40.235761369652266,50.974247142951704,61.52404460886698
2467.0,14.664231026874045,40.59314978197107,50.74789768690798,61.55598444237583
2468.0,14.712858605074432,40.95974976206591,50.754870048155354,61.61630538720126
2469.0,14.573390086445976,41.29491802625411,50.461799615751154,61.69975564340425
2470.0,14.421473447448529,41.294062864013505,50.38760724673547,61.63287580087383
2471.0,14.116039544971372,41.04660302081315,49.91617138718474,61.56384610094838
2472.0,13.562660532487612,40.75186096337052,49.958732883517776,61.60755078794166
2473.0,13.260253411304484,40.502774525303145,50.20917226318291,61.684010263605416
2474.0,13.02450799352538,40.6979516017145,50.105932649350635,61.89644836526988
2475.0,12.723292759886405,40.81127874193859,50.14576696872198,62.11575852567648
2476.0,12.358839993398568,40.636473401591594,50.145796504061174,62.246514645441884
2477.0,12.142232066643299,40.4443773067291,50.112902768666515,62.33030747397868
2478.0,12.473667165563002,40.48054667383658,50.25153710973926,62.35746016032592
2479.0,12.792293756260642,40.63741307577956,50.04763350299515,62.4438374820052
2480.0,13.23821852598908,40.63085743901344,49.93758737287665,62.48420412843468
2481.0,14.096666732232293,40.87301909629982,49.939678672009826,62.4035133137416
2482.0,14.64082272147,40.94161801934597,50.003556963951716,62.253249429048125
2483.0,15.333808182923299,40.767316308858206,50.505017365735746,61.96444056095388
2484.0,16.164630265104503,40.536839064377354,51.20503895404264,61.710798377415564
2485.0,17.208643262603598,40.62736689546744,52.005325435644714,61.5569817680453
2486.0,17.790036596423725,40.772800990354355,52.67699121252488,61.44196348463702
2487.0,18.388555945536275,40.497965487030065,53.27862987696568,61.36655436331084
2488.0,19.07559188748005,40.132745821058464,54.227542508529524,61.204743694905474
2489.0,19.504126717862466,40.105890006336885,55.184790792266334,61.08296650193851
2490.0,19.70727065984199,39.96558751740186,56.02155817742731,60.99162194451063
2491.0,20.044607840710018,39.63165824089673,56.768498858515535,60.901084635099345
2492.0,20.076659617911282,39.26738589170965,57.37980013910708,60.835878544666265
2493.0,19.9754888616547,38.853755801721874,57.56170783253401,60.775303543269004
2494.0,19.707233639402407,38.120263768206776,57.56794387472025,60.87618652393327
2495.0,19.641175761312606,37.57720041916812,57.72904533442658,60.97123972438899
2496.0,19.35392928737568,37.60261351891828,57.97145648641858,61.05659242625927
2497.0,19.025911341386283,37.57172327871015,58.064944908165785,61.153577604680024
2498.0,18.66632405748306,37.573051875884,58.0750520632496,61.204614331641785
2499.0,18.274265287557792,37.41587469233365,57.888869496440506,61.2212053722091
2500.0,18.24613532213798,37.448822277119106,57.83244219947062,61.29037493189141
2501.0,18.511798847461684,37.793883265885796,57.724437902871465,61.32020359378376
2502.0,18.726041655162007,38.281448182932785,57.659402127304546,61.44775191027748
2503.0,18.854722863467305,38.92400550726022,57.67076281738352,61.277370746678756
2504.0,18.987723392098268,39.326713902367715,57.41000706257019,61.10283644913212
2505.0,18.955134838488362,39.91091610743444,56.96648215711848,60.94398826563846
2506.0,19.08009073867833,39.984119225095235,56.27432736438624,60.91186369123035
2507.0,19.173156932935576,40.0905009108844,55.5541021182358,60.90940268842783
2508.0,19.113624693280926,39.951545615291195,54.80638426283616,60.71984758222049
2509.0,18.60811642210718,39.953187007309474,53.59847272448846,60.69260863522666
2510.0,18.039242894692695,40.0961322716773,52.48165518335025,60.6865067864378
2511.0,17.68365515765379,40.322361214258564,51.753019037809054,60.492323787365684
2512.0,17.37407936308552,40.47555021076176,51.30130897767412,60.46074004651085
2513.0,17.1617704061002,40.70827208558926,50.72680131046776,60.397450853951014
2514.0,17.039785484948183,40.17727975785581,50.29919244565934,60.36052571323127
2515.0,16.830548840858555,39.96830065384547,50.10534121203361,60.14184670323087
2516.0,16.80101753563816,39.420052310537116,50.1700497697678,60.028593660665294
2517.0,16.745041939148646,39.11668034313858,50.36930100090726,60.18738948254149
2518.0,16.902396402825875,38.91909157001557,50.82288794393868,60.15577657377419
2519.0,17.009727075676462,38.55064060092952,51.04683372005899,60.17060952803806
2520.0,17.047900271276717,37.927053829801665,51.078277013423445,60.296299966390094
2521.0,17.36935300519799,37.21715571170249,51.12186066943784,60.453115353664444
2522.0,17.553404496092764,36.47866471871851,51.500067045607544,60.63834911560112
2523.0,17.915214443729887,35.829764414387085,52.08423384743067,60.84969077878506
2524.0,18.15846637022073,35.42317231370549,52.409234847052474,61.135889616726935
2525.0,18.385566021741976,35.21660614600687,52.560758963432534,61.30887152813248
2526.0,18.81784790193837,35.195965042064934,52.30665287329399,61.37685281817781
2527.0,19.176007816782025,34.83895933551652,51.98136109221424,61.487723856789096
2528.0,19.302972317594715,34.44217696936322,51.63398826613902,61.59962597900436
2529.0,19.506180970301376,34.406030108007094,51.25734491654532,61.58437465906516
2530.0,19.60422554515413,34.62159257500838,50.63132348347206,61.49944174887545
2531.0,19.521275624527895,34.90512267787565,50.01589771184827,61.387449919556445
2532.0,19.31573386393753,35.312139514849264,49.44196618703454,61.17124663779495
2533.0,19.420260237927295,35.56969108058671,48.97274519624132,60.94167009472965
2534.0,19.360493364911946,35.93018243728204,48.687648356844676,60.75016613669782
2535.0,19.243868076871856,36.17566051152074,48.833915319940346,60.65437453047481
2536.0,19.14439862523859,36.596871946922874,48.79801820341821,60.68295409248502
2537.0,19.340131251256373,36.781127010786236,48.93969804799559,60.570827915264346
2538.0,19.238078421105687,36.59709013207671,49.3197071059426,60.64296469778582
2539.0,19.266157648444615,36.35056344235688,50.06828391536903,60.67271287473964
2540.0,19.58402667016215,36.00965785312218,50.56232258516012,60.75512297162468
2541.0,19.81640930975949,35.77599901404494,50.890711835271276,60.85082273361616
2542.0,19.676040552410424,35.598079787458644,51.20564861460225,61.01391134386061
2543.0,19.38637229782574,35.334436144673205,51.52472887355061,61.158439342787574
2544.0,19.016180451065495,35.2634254763777,51.68348516400556,61.23490833472283
2545.0,18.428764810221914,35.0683999996642,52.05121421186053,61.11273555710403
2546.0,18.00933205708774,35.00282153674425,52.4358708516696,61.055842567429586
2547.0,17.561946149736258,35.015837812737566,52.61809023831142,61.000388379598085
2548.0,16.926455012462092,34.96856707238266,52.41994932447155,61.02142225172895
2549.0,16.174591656233655,35.15806988299575,52.31036007128221,60.91937288253114
2550.0,15.699163840553677,35.476161241436685,52.224714859944456,60.80704667814947
2551.0,15.409487164473417,36.06102597559258,52.32350105952801,60.813556901413456
2552.0,15.480277810870646,36.33528529716972,52.153005286335464,60.80396526010936
2553.0,15.31644181520884,36.36628214282425,51.728101359984855,60.85486028328805
2554.0,15.373920634768837,36.44846634263858,51.57929714522573,60.99744255297287
2555.0,15.110223341224948,36.719097818361725,51.52694887580519,61.21714070447265
2556.0,14.86009606249442,36.86333525367296,51.48896082109453,61.37068908949102
2557.0,14.675197145261187,36.93660913236802,51.60381378136583,61.47720321980432
2558.0,14.703190939272401,36.459927717654935,51.39931466473051,61.70459114966551
2559.0,14.602170580277223,35.89625490615509,51.22587014229062,61.988130950270374
2560.0,14.570892346861864,35.30230243279228,50.940054556285794,62.084743252713054
2561.0,14.20136239882608,34.748524925142505,50.65106356995415,62.15805372034017
2562.0,13.839896676522422,34.1019249639975,50.72134111968086,62.119565005399984
2563.0,13.799265490333811,33.534349448933106,50.487389537281224,61.914276932516195
2564.0,14.149445091635616,33.02673308778873,50.11162053680623,61.626679009995726
2565.0,14.480621124060166,32.80457258160013,49.593653512341135,61.25363484787041
2566.0,14.758013747079826,32.67894941994619,48.88303422461625,60.79990198798339
2567.0,14.72037972842636,32.82868578290682,48.28726027836421,60.28530098794303
2568.0,14.636211264542734,32.8499451947804,47.66990698233337,59.75120171835745
2569.0,14.528746046397298,32.951554845380514,46.744462005331755,59.253453970343415
2570.0,14.644017757137053,33.46572443084343,46.059972717430774,58.865936176595405
2571.0,14.93313993702799,34.26639551811604,45.75034122249097,58.505584960282505
2572.0,15.012352533922373,34.893664110535845,45.51273247916386,58.32698577942116
2573.0,14.939992483026804,35.27367275176304,45.26465812378275,58.26644725847186
2574.0,15.067288919600488,35.5838834909326,45.16169675741802,58.29648717416498
2575.0,15.30855932894627,35.82169658144103,44.948002445615884,58.480851799457895
2576.0,15.74196581338544,35.95038634939346,44.86400820529022,58.71284039541879
2577.0,16.01102965477083,36.0212128063327,44.82040121653871,58.91780828668676
2578.0,16.093282730177062,35.816656830465995,45.165307792342105,59.10752147686587
2579.0,16.077986865351896,35.382692256059045,45.349037375792115,59.23039467877163
2580.0,16.550923478752626,34.932835618779514,45.34151091566297,59.490442069127525
2581.0,16.7734757516748,34.57431702085898,45.36701578519222,59.719555239552236
2582.0,16.987689607967006,34.16699107258362,45.396098486096,59.84857864547191
2583.0,17.11919940049563,33.957639175356505,45.448443016305205,59.943033690905885
2584.0,17.114987967048144,33.687952600035906,45.45770312878382,60.11868004089568
2585.0,17.18830008340756,33.436509266566986,45.583007227908936,60.29672136433615
2586.0,17.044304501722372,33.34730034399137,45.845278439320445,60.56369278259167
2587.0,16.997757118034208,33.35558744301408,46.11397251364372,60.81045365624309
2588.0,17.067241873204157,33.69029529513189,46.77708865407527,61.051281916009614
2589.0,16.930603130447352,33.75711747080462,47.22325199483375,61.26660395118917
2590.0,16.954269976360564,33.864639888975574,47.4326651475271,61.458918753007225
2591.0,16.86373717368435,33.91896785139132,47.67459724553274,61.662655416238906
2592.0,16.576246360397594,33.94403934507189,47.881101187886216,61.896809921922966
2593.0,16.421161301730393,34.01170653051104,48.538242970716006,61.94570640202412
2594.0,15.906277815859882,34.21834489601743,49.066136918831084,61.9924927949085
2595.0,15.65677657337119,34.42568050087743,49.474829338851094,61.881870755468725
2596.0,15.308995187384095,34.68014395810701,49.44539543079807,61.779971637283495
2597.0,14.994678859712701,34.756735029946135,49.35798516049559,61.70366463652171
2598.0,14.591920729676657,34.99684661211408,49.241237046754705,61.547372861020506
2599.0,14.017657473920554,35.2838965718863,49.29098655637097,61.37460438551432
2600.0,13.4295946916916,35.7782057154037,49.49792172591438,61.21626461955765
2601.0,13.165544805173013,35.84123737700579,49.46721422955626,61.00558672354866
2602.0,12.66104052371515,36.21518965589478,49.26689214647621,60.914948862857436
2603.0,12.315291939229207,36.76249066414324,49.37198921868274,60.8374795993758
2604.0,12.329666094962935,37.33199286594685,49.36104648807596,60.85822029516684
2605.0,12.402455871549618,37.59285679717264,49.4158151331915,60.887392732581574
2606.0,12.558495169417425,37.676820790767366,49.16700179152909,60.90710870170352
2607.0,12.798096134544222,37.86349587287515,49.3273623702469,61.011573645100924
2608.0,13.159937073078387,37.889071876288284,49.67013623694745,61.089487059611976
2609.0,13.46566782691125,37.796820303652,49.67522393226618,61.1068998404416
2610.0,13.8852556104941,37.62826578121743,49.784869749460285,61.11919773377691
2611.0,14.497447296973792,36.98999314356752,49.84766398148644,61.01368105927511
2612.0,15.159453549392364,36.2409581083339,49.56142509081909,60.85973343748201
2613.0,15.627558007806416,35.49495142315935,49.37276683992951,60.7007447227838
2614.0,16.06891203269542,35.16729171291606,49.614497083107594,60.57822299407745
2615.0,16.140401619126806,35.225330717295826,49.968990214159554,60.505444476294336
2616.0,16.334559976202723,35.29083236305795,50.14468259718158,60.39499549385048
2617.0,16.623599767150214,35.52041492126265,50.18306546254636,60.252754629971825
2618.0,16.923094997149256,35.59085334713814,50.46343916732797,60.26672283747986
2619.0,17.265298574230115,35.82000887518621,50.75474656745373,60.25125284997375
2620.0,17.56760880495986,36.20168662129949,51.16152971986313,60.16871242871268
2621.0,17.89667916855779,36.47496581696165,51.55967076452406,60.151599249762164
2622.0,18.067804246781712,36.70672368843934,51.85140541435455,60.05462812026069
2623.0,18.362101171627693,36.6341340296482,51.94129907681321,59.929612502986316
2624.0,19.142122964092284,36.25707890126422,51.96088850603238,59.75187371725308
2625.0,19.68100716566224,35.67645492172325,52.073644606209754,59.545370076774795
2626.0,20.305148579579388,35.057694882648974,52.13761738508932,59.4560708709819
2627.0,20.77187837708632,34.64544456227875,52.3168191842693,59.30796432388076
2628.0,20.727036986001856,34.555082010503696,52.89294690934149,59.26932604168966
2629.0,20.69172641900945,34.47902508306932,53.42232775076654,59.35354829692885
2630.0,20.52093336119141,34.24428367292897,53.80758779792074,59.317110924428135
2631.0,20.49237979512317,33.8202783393039,54.297059470026966,59.36477100583691
2632.0,20.48982476713538,33.55604914649869,54.857712836424774,59.512512456552884
2633.0,20.12524152576361,33.57949055113203,55.3420304651248,59.634184614942534
2634.0,19.55242650572359,33.659647863199545,55.67684053384088,59.73590579149834
2635.0,18.694838923010106,33.88196531685528,56.075435232321674,59.696127012515284
2636.0,18.07395125378418,34.374417936358014,56.09177792415736,59.618181796095215
2637.0,18.448115074295245,34.85035430326659,55.97169190304339,59.546566569150556
2638.0,18.34129302651804,35.47899783024288,55.541496566913146,59.45566489072091
2639.0,18.38074411310669,36.25898773082758,55.33975162210022,59.426186190682444
2640.0,18.412938578780757,37.42597653572019,54.7436856132679,59.417238935902596
2641.0,18.214327950883554,38.417441838937975,54.23584635433792,59.40462671038365
2642.0,18.020482131823947,39.413660527294375,53.97363267363767,59.32877083332194
2643.0,17.96746776930174,40.37478270363191,53.62940185530272,59.350317481251786
2644.0,17.969474302851786,40.97629122908533,53.345263500133996,59.53444623182817
2645.0,18.144030743455172,41.45958335831453,53.19603721399341,59.740898234814004
2646.0,17.634134439494282,41.723687561667255,52.89504824863401,59.96860904532725
2647.0,17.617602139180534,41.9358296792398,52.86821242899822,60.29439383711636
2648.0,17.570511944313335,42.017465229615844,53.041763172820325,60.55375578549789
2649.0,17.46953313568558,41.67487622029497,53.466068870258034,60.746910659462735
2650.0,17.70876554872827,41.400116931268556,53.77352364116258,60.90358068700452
2651.0,18.081866878042508,40.72404816180713,54.05240496898911,61.094130678169854
2652.0,18.534464547459567,39.96547696930286,54.460458601205055,61.275243902787736
2653.0,18.83427682743217,39.09142690016446,54.63619359579532,61.29545832544581
2654.0,19.04819410084071,38.35969988987111,54.65708080363409,61.31313596947305
2655.0,19.144739846908017,37.81347747583105,54.28934428750493,61.22419775800157
2656.0,19.156723856049975,37.021575147885386,53.76409490557125,60.99060080827877
2657.0,19.393776378749628,36.46188023708197,53.19934002895786,60.852708302011145
2658.0,19.51517959623942,36.10393890894619,52.76162948805602,60.75647710765902
2659.0,19.26195991581511,35.64191001029565,52.28074624608081,60.594172137169764
2660.0,18.799342711411363,35.40990593211749,51.853690821062614,60.56640048202512
2661.0,18.240017095694643,35.172933714775844,51.28720939548791,60.3930014145658
2662.0,17.951494639269168,35.41929623455248,50.718121517138854,60.32401530124207
2663.0,17.700387401481684,35.39960701245018,50.38536043260296,60.12180437919626
2664.0,17.296082694438674,35.16443722114867,50.37756403929742,59.9388782229361
2665.0,16.93158522755656,35.212215689112995,50.57955735840084,59.76734114099551
2666.0,16.224585429588394,35.1798552356642,50.81408722558112,59.575683626774676
2667.0,15.638600936879845,35.317014311484456,50.84911452363586,59.42571198978875
2668.0,15.221993933383628,35.59607836518373,50.69712871453562,59.33239506383893
2669.0,15.076467622523886,36.178908993596664,50.234433824090615,59.0910891695094
2670.0,15.143733251185068,36.61109652948999,49.89365459993466,59.02149192200038
2671.0,14.96059358106542,37.00588386013548,49.501857124771334,58.91778362369171
2672.0,14.759522733472355,37.1882995214951,49.14200798944782,58.93347208685609
2673.0,15.023971791160182,37.59513596147863,48.657565465138504,59.00763193000042
2674.0,15.004466620653176,37.77843183327399,48.08756577830264,59.034588376492714
2675.0,15.072737169427176,37.927577339399114,47.21289305022644,59.02466956465635
2676.0,15.182454439533483,37.6548757966319,46.57379075173449,58.9693753889522
2677.0,15.345344399780771,37.21918884197802,46.028962751449654,59.01731737178838
2678.0,15.283570410385531,36.39858273308049,45.50186458186052,59.13837399075037
2679.0,15.260313465014699,35.82905732090323,45.06827949463513,59.17630206119377
2680.0,15.462521882462635,35.17560073971697,44.72535481038723,59.22204082997886
2681.0,15.526827685434242,34.69313115517769,44.25217353477405,59.17400268543005
2682.0,15.103164029100673,34.37325007323824,44.02710856200244,59.0834645743942
2683.0,14.893288905356648,34.08354845255991,43.90222280065504,59.0992049030722
2684.0,14.760269143068921,33.7012570770629,43.904797879372886,59.20315153024346
2685.0,14.902800292358002,33.63753018842015,43.99474334592164,59.323378130923494
2686.0,15.043998364948695,33.91784132947962,44.100379055217005,59.301224038901225
2687.0,15.277027112054759,34.17883353844695,44.085317054240384,59.33211176154452
2688.0,15.336186264450347,34.368854340570095,43.951244679373445,59.331623445233205
2689.0,15.189307181570953,34.46237820715358,43.99920565126842,59.24566378848342
2690.0,15.067746608616366,34.423067918891135,44.26641168482258,59.245391677255625
2691.0,15.00212472914805,34.16818147378995,44.56390158290962,59.2717426536175
2692.0,14.889990110278045,33.84404161143131,44.80090700754226,59.335329755877616
2693.0,14.55328217776577,33.760711716875164,45.05464375891761,59.35150972988112
2694.0,14.054493115499344,33.730264163092016,45.306162083387164,59.31608768978001
2695.0,13.502588414679845,33.69831879743469,45.59732663886126,59.45090828062774
2696.0,13.058873220770876,33.933959907600595,46.31866239817547,59.47967204185121
2697.0,12.507171560811004,34.235724684370915,47.051049533762686,59.65068108128733
2698.0,11.979833633362695,34.53167532313711,47.706431556926375,59.8684876217644
2699.0,11.641611366820138,34.641327935387174,48.31344123728006,60.063914750976
2700.0,11.255503964194878,34.740769982312244,48.715350246502325,60.255534111992944
2701.0,11.065994205025222,35.01560826882555,49.181784782569686,60.34277826127641
2702.0,11.175435847453372,35.34420246269267,49.576185840461385,60.34538791549452
2703.0,11.024368287245323,35.546803393852855,49.97455350447596,60.44669554184326
2704.0,10.67794413002831,35.48091109115529,50.415444212879734,60.409142099305704
2705.0,10.494119916641285,35.40855044874813,50.541813241564725,60.29607017300783
2706.0,10.286083103445257,35.18442607513991,50.478537411507986,60.105470860603326
2707.0,10.327944019884555,34.86041113149763,50.34917331295579,59.90520420646342
2708.0,10.440763325237688,34.74595917756265,50.1092101015902,59.76782994791155
2709.0,10.744536714063495,34.567311948186884,49.63276542777594,59.60166397454446
2710.0,10.907876144339212,34.596674429932975,49.18095060250813,59.50087524991516
2711.0,11.01576633829199,34.60742951972765,48.87768441081172,59.43228187579456
2712.0,11.421532410220863,34.90272608257175,48.301394911710595,59.33883171645992
2713.0,12.158448505450913,34.891665729738335,47.838223690429885,59.32447796990817
2714.0,12.302498226853189,34.527571971148376,47.68772451751788,59.450898187775536
2715.0,12.570357088004952,34.177174526746086,48.08119695080089,59.597223667705315
2716.0,12.596503617337778,33.97226064109157,48.64547016432962,59.73037128694617
2717.0,12.516315398440991,33.91640317521543,49.23635119065308,59.79769159047422
2718.0,12.54098530831468,33.930868937198476,50.09401758560575,59.88965757594844
2719.0,12.829736434022657,33.431956138028276,50.95665884421177,60.01364249448133
2720.0,13.120322470997309,32.68588620670276,51.83607877107538,60.12928128577715
2721.0,13.117027396956454,31.63118931060867,52.80244122036367,60.27498368174942
2722.0,13.163747970814086,31.12364606599979,53.68810346097533,60.326082519500346
2723.0,13.452729965166387,30.637649328798435,54.16500800579452,60.38711667363381
2724.0,13.715883716691721,30.402857344108533,54.16226155650513,60.333484002990986
2725.0,14.149241568308652,30.10007434586897,54.13502542515022,60.25937209325113
2726.0,14.542029494765542,29.457188266617962,54.04839106560975,60.269727144920004
2727.0,14.676718590948031,28.90995302380608,53.64901416922569,60.26016829452793
2728.0,14.850450741638571,28.70686418093856,53.13985241925387,60.25002448304017
2729.0,15.137000132733625,28.669741581448182,52.736823105610306,60.18531461613139
2730.0,15.289219658523859,28.68252406978233,52.19563516809117,60.06904299471786
2731.0,15.136828536881287,28.547662004988123,51.48076726895926,59.86827194429893
2732.0,15.242514468179182,28.70319689782942,50.89846644637927,59.66056938979074
2733.0,15.311961685327365,28.950789832928642,50.39469615396658,59.58907863422467
2734.0,15.211235258761835,29.303453548741686,50.01448250066847,59.59280583720288
2735.0,15.34086120325852,29.88195126406232,49.701384221157774,59.56921849264182
2736.0,15.667699832498467,30.29481428196649,49.71267351848208,59.65331834705723
2737.0,15.461432173955984,30.669866897680947,49.85163498003624,59.64196036205692
2738.0,15.01822233843499,30.96783087077388,49.81187880519501,59.727021725326686
2739.0,14.746869040060835,31.28466243609223,49.941607491292444,59.76734827263668
2740.0,14.656283034953194,31.543352212042354,50.03923484250415,59.91897169044054
2741.0,14.459398858765313,31.472346768100422,50.40926526186454,60.075952789083225
2742.0,14.751590216683388,31.332070678655914,50.51966083161502,60.17764272804681
2743.0,15.029796555863825,31.205345856701218,50.4188805594145,60.2518968218572
2744.0,14.840579258794452,31.206284746258255,50.24960852056553,60.391694961365445
2745.0,14.982676435851747,31.346356797249506,50.35216951279129,60.473942803977735
2746.0,15.249715161636804,31.339364967244705,50.35043698400399,60.51242261649441
2747.0,15.598724790477021,31.11718631358049,50.21316653661355,60.521843199077544
2748.0,16.203794562528447,31.049921432189908,50.05283029837222,60.65029042339253
2749.0,16.151913335267093,31.227624572862933,50.022708452505924,60.74706135625986
2750.0,16.503444271659852,31.5800350261036,49.74313354760677,60.82233376815535
2751.0,16.383032230218163,32.06098561122614,49.650067152790754,60.90578686527655
2752.0,16.24860643862403,32.54326525088354,49.51050196840097,60.96963537527097
2753.0,16.259350586583277,32.796694612286906,49.25038368026159,60.952338830859546
2754.0,15.912913027470285,33.09815531216436,48.85432123395921,60.89247699804833
2755.0,15.529223175594794,33.73956286514696,48.45729062591105,60.927591300611084
2756.0,14.917181699585996,34.39781725966357,47.95180408011644,60.98845162502869
2757.0,14.30645470286018,34.88928618343456,47.3577950649908,60.94199830453011
2758.0,14.500434052622683,35.04587485766789,46.8394303896444,60.95366841991839
2759.0,14.41367526648264,35.08461862713957,46.369349592017144,60.836243180093284
2760.0,14.583347648827958,34.975449222948924,45.715810961354954,60.618243127152255
2761.0,14.832191390469204,34.71977117453953,45.17898902340557,60.44438541014836
2762.0,15.117068619216406,34.61626061954391,44.850859525862596,60.154254084432786
2763.0,15.595101856228691,34.207325366450654,44.90453359271328,59.860144901464366
2764.0,16.289355960474758,33.37496075990347,44.81891404382593,59.6241530442214
2765.0,17.33759078832364,32.52317678970069,44.88167203491382,59.43558139959803
2766.0,18.19042607213329,31.91349849943035,45.32595865844259,59.21140864302452
2767.0,18.92965026432155,31.61699284931107,45.842842462804555,59.04600431292306
2768.0,19.715561495221365,31.55977454560169,46.5033098525036,58.95255989225014
2769.0,19.985947171620772,31.580808409767258,47.4132500139019,58.95537671827754
2770.0,20.349883292591425,31.631575320367347,48.240657112746774,59.10775593672196
2771.0,20.622144000858658,31.70942109807389,48.89788870095777,59.41685633557128
2772.0,20.679183887782827,31.92304432812967,49.08467844852652,59.69663085996835
2773.0,20.775818040122527,32.23884371441325,49.26831678704673,59.798201567214264
2774.0,20.66899852246461,32.83409793199378,49.90110955612484,59.859641401715706
2775.0,20.539822984568136,33.289564645554826,49.98643235657272,59.96229518623129
2776.0,20.283583471412236,33.91782321071539,49.878080159197616,60.049634222555774
2777.0,19.891857440161118,34.51006164231657,49.64050250817811,60.1495121194022
2778.0,19.807610367907543,34.72788120918891,49.18878679834687,60.309727599302015
2779.0,19.65613137806422,35.00414596468317,48.78728643737602,60.382532711770025
2780.0,19.17826820639052,35.19644110633142,48.54014308161715,60.35081911420126
2781.0,18.62738868553798,35.2928853352434,48.17793088675839,60.3728206239412
2782.0,18.06764762712946,35.42100639730367,48.05572881346036,60.43784564227487
2783.0,17.74680606254567,35.74523721003575,47.82323020613782,60.44236328070854
2784.0,17.187690362258415,36.19663743391385,47.6488633449583,60.438696535244176
2785.0,16.523195162031968,36.250850777167244,47.77609489525823,60.26973301041436
2786.0,15.907261068656577,36.137576226099235,48.02744993379341,60.150763486189724
2787.0,15.124785029549326,36.028600356808845,48.519093580058126,59.9795404794839
2788.0,14.325470883816413,35.944654649345225,48.96589168961839,59.78517984455613
2789.0,13.871350980453917,36.037174596303586,49.33621929366908,59.63364238155532
2790.0,13.49518942292484,36.06646334906387,49.85577064968446,59.520767229746745
2791.0,13.370809387250867,36.149388855237646,50.1260580805487,59.45816900042372
2792.0,13.329410861622312,35.68327434813751,50.29038067655119,59.390105969749996
2793.0,13.74356538802459,35.14206148332294,50.48893626827301,59.42153026275276
2794.0,14.380254594321237,34.64213460122668,50.39000756505652,59.592058279302734
2795.0,15.058888717618412,34.47087170262851,50.46798833253881,59.76391312390559
2796.0,15.922930965419019,34.40977012299624,50.57854195985917,59.99002509642725
2797.0,16.616352910400284,34.22577999030684,50.62232275761368,60.1582645765553
2798.0,17.1851028181037,34.06201598022808,50.65672076303322,60.32591007969998
2799.0,17.80104334216037,34.04721240702112,50.73970149929409,60.37682416338235
2800.0,17.910709534442198,33.99999938977486,50.93469812018735,60.39958455372402
2801.0,17.566255380699126,34.14234899674954,51.20207361749956,60.47997045867724
2802.0,16.856525550659416,33.93840272392603,51.72660536548172,60.441539373428064
2803.0,16.004444286408656,33.82935667110078,52.21944311173105,60.33757759097658
2804.0,15.132580826576309,33.513161828649864,52.37329774889559,60.19281784521213
2805.0,14.356540640235561,33.308808764475685,52.446446194139774,60.07237574428982
2806.0,13.778852376219472,33.44660192479569,52.43285733800287,60.05633333424211
2807.0,13.415540724549064,33.575237344708036,52.47796210110256,60.100634625763405
2808.0,13.023380734295904,33.69099750464927,52.353629031215036,60.238971260988244
2809.0,12.784252592366657,33.80818614034061,52.170907509357264,60.46940947309496
2810.0,12.823271712926495,34.23013181040022,51.60516100892618,60.61840588713967
2811.0,12.995005862476015,34.80112203336073,51.07926678751915,60.69802481948605
2812.0,13.21093033095129,35.33694934179881,50.562315050653226,60.85092497018876
2813.0,13.312137121193185,35.663174709816815,50.18412094722128,61.06233254033891
2814.0,12.97580705076549,35.98851508945752,49.76501717089801,61.08590257111134
2815.0,12.635971077922894,36.41488537443012,49.434708918863414,61.040411326995724
2816.0,12.419311953483529,36.79712151709247,48.825706836747536,60.85336834500296
2817.0,12.293107735413367,37.15710232210094,48.00807300764937,60.67805320456029
2818.0,12.353535813676773,37.85812979819601,47.322030602028434,60.42425947085422
2819.0,12.308963732301835,38.10211956306972,46.759329731830164,60.25795763006917
2820.0,12.303469267750177,38.587445110053466,45.91771742083046,60.20651363343234
2821.0,12.354618081330193,39.00512617067105,45.12147491176269,60.104878946907164
2822.0,12.432541492288056,39.3423450881338,44.3596933227837,59.90692617182779
2823.0,13.090708819558522,39.593861629538566,43.85728532440128,59.775524911438254
2824.0,13.70758358084964,39.587267014164354,43.49932114829011,59.57000253655498
2825.0,14.106496472053559,39.58766733250418,43.411236393060406,59.37984301480486
2826.0,14.555646660029023,39.6248158405912,43.50378522945204,59.10761422367066
2827.0,14.726197206867738,39.20612702850821,43.682953434629255,58.84219872453107
2828.0,15.055321189970327,38.755149581461176,44.22112905367261,58.61122025550741
2829.0,15.077029637552005,37.88177279008793,45.00262818265968,58.384513397813706
2830.0,15.516380252487854,37.29171081424998,46.02272228299179,58.23215056421052
2831.0,15.75892598819567,36.890634248986906,46.86212544768144,58.26016485719084
2832.0,15.73627788835856,36.81698172717325,47.273709460334956,58.30978872955429
2833.0,15.786055594184647,36.56361210985195,47.648181676941284,58.465958251261306
2834.0,15.691728618644847,36.311750988924736,48.03238142792854,58.709549309098264
2835.0,15.681553170969384,36.01225404574975,48.50434350329786,58.956053806397776
2836.0,15.687670190837053,35.85861270419302,48.570618365261154,59.2527430812748
2837.0,15.644708526391325,35.80728167093976,48.18420495422537,59.52640335507596
2838.0,15.871565201451704,36.07137550905564,47.877573067295266,59.73013705593727
2839.0,15.549988941047399,36.42695009194333,47.51701199302667,59.83373256097092
2840.0,15.265779915638227,36.766457045988105,47.30796026937833,59.81173446746312
2841.0,14.961818922295993,36.826608477560505,47.214176973413956,59.80958468983812
2842.0,14.750509932904698,37.07300133051399,46.95674454753245,59.7248440994936
2843.0,14.745618522867199,37.21862391880895,46.94669567608799,59.58647976272836
2844.0,14.464927167191712,37.18868028543976,47.03723306588317,59.50094670084028
2845.0,14.339910980891327,37.21726087314782,47.493610002664695,59.44245426535438
2846.0,14.196013675904151,37.33271629671856,48.0582658762786,59.37015329404055
2847.0,13.954905486111777,37.482720261883294,48.51995100239925,59.35655361482641
2848.0,13.80730850550198,37.05509051132073,48.72496487503128,59.39714185718111
2849.0,13.850630679380393,36.48770654774057,48.6761241752458,59.466019932544924
2850.0,13.843376024363652,36.08604255855589,48.7388951387046,59.478991704374934
2851.0,13.63592341783021,35.61392106273052,48.898806447003956,59.50840494201914
2852.0,13.267595670052115,35.24829397276864,49.003056099138256,59.597254565758206
2853.0,13.180605019209343,35.015433381983435,49.337081654996865,59.63546581823859
2854.0,12.933761848816447,34.79081446399123,49.72160171995894,59.635174619573355
2855.0,12.915375257194144,34.76933219958753,50.11354058529301,59.67089485555022
2856.0,13.13322374429685,34.62616272996949,50.52319289833758,59.70795142873822
2857.0,13.32683730926178,34.686285723326016,51.12444643688947,59.689021079166565
2858.0,13.505191253221625,34.97870703372853,52.01789965143111,59.66597832353182
2859.0,13.67553165076544,35.01499038006348,52.74794267849863,59.71970768183792
2860.0,13.896265214806778,34.9515131072246,53.4954344863625,59.66166671772496
2861.0,14.541872334635896,34.95925590359212,53.69315538872367,59.64592568271654
2862.0,15.120305527345621,35.172676262602884,53.71028844521917,59.66592066858753
2863.0,15.784983300901189,35.59604975686124,53.647966318188,59.70550059268886
2864.0,16.264706683175994,35.86523433865445,53.58488510360462,59.78773926520135
2865.0,16.731363780164184,36.093096478363975,53.436313747651155,59.86098679083376
2866.0,17.075447750408063,36.154234454841976,53.51754225565877,59.876591121174556
2867.0,17.42369918148755,35.92608920731064,53.01499684950433,59.89461522555894
2868.0,17.950752108884995,35.97236933910221,52.68765440043175,59.84951784229568
2869.0,18.91696707861892,36.3411129876278,52.26001319252647,59.98404671448004
2870.0,19.56525254809631,36.465474734615434,52.32074334876033,59.99907826215721
2871.0,20.029573564796383,36.48063198623191,52.42256420354178,60.05118877605545
2872.0,20.66514228974694,36.252459592754,52.316715736467856,60.090536531868736
2873.0,21.328013160267744,36.101337225840616,52.16441384952272,60.001081567697995
2874.0,21.917877171414656,35.82890023035968,52.10342143432874,60.000677872296016
2875.0,22.677036542660915,35.62023704847997,51.91335298302474,60.12508699178883
2876.0,23.182934483584855,35.66727221194701,51.91402216398447,60.279857420469405
2877.0,23.566417863123164,35.671106344885,51.82101240775261,60.43366628393903
2878.0,23.482087005319197,35.29125191465493,51.870969568789306,60.50850394472495
2879.0,23.33527746067064,35.23967266463711,51.654668747944775,60.56806720868867
2880.0,23.219029480351743,34.95126082660002,51.249789678198134,60.575077636349484
2881.0,23.0197275888742,34.61309448279858,51.136131633383954,60.6246498274497
2882.0,22.81993219316774,34.02198984038856,51.02502098428489,60.79091736352661
2883.0,22.490038164788576,33.49784494675466,50.74568072337661,60.85030435346162
2884.0,21.688260065671187,33.06501993519059,50.504056006825365,60.836085343379864
2885.0,20.793443504945046,32.71211661136271,50.39940313157975,60.70956594218909
2886.0,20.073796036529266,32.34986212714663,50.00508365128584,60.608526183536306
2887.0,19.449478475585437,32.218062975687026,49.662289821244585,60.45432640094119
2888.0,18.721793753677225,31.819596007924048,49.42433469509355,60.46724813845438
2889.0,18.111930107297926,31.657584652234934,49.23210048870299,60.49151762131101
2890.0,17.221033499308405,31.494424749189857,49.0231025384224,60.43042041482955
2891.0,15.914713954292665,31.41936758547404,48.801154020341926,60.29073089366444
2892.0,14.891751998797863,31.499672707500494,48.65699541870444,60.241177202183025
2893.0,14.182609796675886,31.486578234555246,48.473698224247684,60.294455498429244
2894.0,13.575200513756915,31.69272414353704,48.557930264580925,60.376557041640474
2895.0,12.73462637617047,31.418862523288446,48.95200831417858,60.37095657081872
2896.0,11.927386277225814,31.42089921361863,49.22743609965535,60.41743491471487
2897.0,11.231947308903193,31.45946330709514,49.47004200109127,60.5175836002833
2898.0,10.706521958204373,31.498278824548304,49.98800304557848,60.625002284831076
2899.0,10.373286427278671,31.46851097638234,50.26265023860364,60.840521286162776
2900.0,10.245649552267237,31.67774192868367,50.51966917708984,61.06641412210104
2901.0,9.98050164412932,31.700629747840154,50.65189464196972,61.26107237443981
2902.0,9.891525771098335,31.976500585122505,50.39581883424515,61.38149430128174
2903.0,9.90853594826645,32.07448591219619,49.405702315135144,61.481733900124986
2904.0,10.160337189829207,32.48443345783637,49.033046758812205,61.60081725574414
2905.0,10.442730634533634,32.49139224044909,48.77345871975541,61.76061990037646
2906.0,10.942474367488327,32.69960369682507,48.432593696361295,61.78017211231713
2907.0,11.252343592023133,33.075972320069795,47.91848284723049,61.820923688389776
2908.0,11.59202439660426,33.63083716412519,47.515398789424,61.758985608709985
2909.0,12.058565696362354,34.200235782678455,47.27936944007694,61.78814427300316
2910.0,12.426838126085086,34.724416940792814,47.31061185037645,61.776492711369734
2911.0,12.920960719201371,35.00008873453309,47.421267807081875,61.7991708980702
2912.0,13.535064752874163,35.036188435210164,48.04717134193105,61.80361687540304
2913.0,14.118690015578832,35.096869237911704,47.961975325392,61.8345730875842
2914.0,14.494041413174598,35.23721956832585,47.917540894748,61.934712064501646
2915.0,14.711745082637913,35.21326809277355,48.011449475223195,61.96160112935257
2916.0,15.031092252068825,34.96896539578262,48.02615125460019,61.918925742863635
2917.0,15.280990571984386,34.611364625859636,48.10789645617622,61.91536133839606
2918.0,15.547172458613622,33.839347292905664,48.19424834768389,61.89736048651439
2919.0,15.69348283346201,33.16601170356479,47.997233069598806,61.798225206466746
2920.0,15.829398563956333,32.564590491618716,48.01385053404162,61.56747985280756
2921.0,15.914979767311452,32.21608680532258,48.02545885437431,61.516458357779705
2922.0,15.713012705009135,32.151159215079204,48.02893172784643,61.43084135607465
2923.0,15.49443794105292,31.86966948095536,47.76938311490389,61.21379259272824
2924.0,15.473231178314762,31.970302367403857,47.44457541818661,61.18686521060407
2925.0,15.249176286139027,32.12774918620005,47.150401579555144,61.27566990451305
2926.0,15.116961503158716,32.129892990728194,46.74057051703026,61.29759900214341
2927.0,14.936921516064144,32.5580782225627,46.1749948204056,61.23404112619584
2928.0,14.862084140113078,32.8638192420971,45.6849616898719,61.2069365088577
2929.0,14.518744906750625,33.22699465161346,45.09510854056712,61.29947460731636
2930.0,14.356631808510311,33.4826061654734,44.6252772663479,61.316214877884725
2931.0,14.278522292461023,33.54336735876572,44.37908759010817,61.46080506931136
2932.0,14.65329859969328,33.98617165536009,44.39381230909849,61.60533094147778
2933.0,14.759714534772009,33.94054681323654,44.3453158859142,61.68337638383163
2934.0,15.23596310535931,33.953784531105114,44.539570161520004,61.6122816395458
2935.0,15.581813819143886,34.064654532999285,44.80520144425311,61.47124665047032
2936.0,15.713308836665767,34.08789430076656,45.36308201947025,61.22372142432749
2937.0,15.716587344281328,34.286177127743876,45.70121884552097,61.10471772584648
2938.0,15.7985399875512,34.569484319111766,46.151587582595035,60.96687046757289
2939.0,15.697846838927349,34.83653233236642,46.756048001137046,60.875986281155846
2940.0,15.713655226722796,35.19764660643305,47.325857101474206,60.72305666195034
2941.0,15.244353550174727,35.35602240831021,47.79221284417578,60.65848673201837
2942.0,15.061645367561258,35.552879741121565,48.33439147971967,60.4799837964429
2943.0,14.820042455129695,35.53287588953726,48.30692567559343,60.338997848232985
2944.0,14.850107315213283,35.76153372772063,48.42538177125545,60.29411262196778
2945.0,15.112688871837786,35.924328386725094,48.12558450753731,60.398927907600545
2946.0,15.482890965629242,36.3383951911955,48.12325366411849,60.450060949186025
2947.0,15.694846694805902,36.54293562196802,48.133470013321954,60.46069642810428
2948.0,16.02232458749121,36.54802568214305,48.11849825836297,60.4304683952333
2949.0,16.405998704762013,36.452449825538544,47.81568101365869,60.36816326416393
2950.0,16.7934787218283,36.412735139777425,47.371768495579225,60.375601908199506
2951.0,17.16566907494806,36.24999606917849,46.954759915581086,60.448828903293006
2952.0,17.28884696836255,36.192237346588186,47.02014358643669,60.56064164613635
2953.0,17.432882463736465,36.01627834894441,46.86476662435429,60.68403009488614
2954.0,17.336793405450564,35.895400058945015,46.94978585031972,60.752186043915714
2955.0,17.513343765696785,35.63428906650848,47.07151822224969,60.71954792075878
2956.0,17.999848194950143,35.578433899243336,47.00226458084897,60.71206507501295
2957.0,18.21641896739038,35.58544189144172,46.82683796628576,60.75319674610267
2958.0,18.393275936869006,35.56189532706087,46.78510730557111,60.73066679502183
2959.0,18.709488652171405,35.67993338781531,46.979758693291764,60.663370930746126
2960.0,18.74471293231322,36.06383315834236,47.36025971939936,60.45569815706959
2961.0,18.853348582036293,36.6178811508544,47.417360268405446,60.262839703707066
2962.0,18.585198864980796,37.14638564702782,47.6559055102921,60.102271762526094
2963.0,18.241906686169173,37.717794383953496,48.1694740379174,60.015233062850896
2964.0,17.556037218981757,38.36269987062897,48.33780968548205,60.04896127813491
2965.0,16.756795705419933,38.85691692909117,48.32738661126192,60.093897183915466
2966.0,15.970246056737368,39.36268256968896,48.36126108912573,60.04628135954418
2967.0,15.04486078873603,39.65637226169173,48.61958325125265,60.097341408046624
2968.0,14.246513472650713,39.63872385176665,48.59110133921169,60.093010653907314
2969.0,13.29936176531,39.55830950885876,48.66972377347782,60.241692917308
2970.0,12.200211118612078,39.38852154488436,48.828962306055764,60.39336056543901
2971.0,11.457904089072054,39.35252400942423,48.95114978625903,60.42750813310063
2972.0,11.10241245138604,39.00633686591932,48.9163682113829,60.40803535364962
2973.0,10.983092684361205,38.512557480261584,48.98675921844108,60.32720739846751
2974.0,10.995641117950822,38.061751421544976,49.41761890198628,60.33449213353698
2975.0,10.938544467144524,37.62893630987024,49.69472719995264,60.338241278474044
2976.0,11.05177013057566,37.360726898053606,49.90494747760551,60.37281282143159
2977.0,11.497069474960519,37.35143277672474,50.37848812677702,60.37869728221597
2978.0,12.198128449416716,37.32628720224666,50.5265716738866,60.3350345988288
2979.0,12.757144116824612,37.272605045703706,50.71490761449305,60.33334887007379
2980.0,13.320462034073918,36.798366513358864,50.63482108026714,60.3689413083448
2981.0,13.955760829415025,36.368408267180655,50.534435913204625,60.33770850783251
2982.0,14.352383824106957,35.781577831094665,50.506866304024285,60.32510712653664
2983.0,14.485496880506401,35.16422135701253,50.42388260557488,60.21724009159553
2984.0,14.89925338859841,34.53424320257612,50.292352047630416,60.04996282573778
2985.0,15.370304399009324,34.1020102627575,49.946457189119,59.87662752971632
2986.0,15.280863379707673,33.70120448507185,49.470550652871324,59.7030289513187
2987.0,14.974852691364022,33.40923076571041,48.94288676388335,59.53350865326858
2988.0,14.922488785175652,32.95036428153968,48.30148520077504,59.34628378472171
2989.0,14.668910110493021,32.605192767060174,47.93402243910635,59.171968140872266
2990.0,14.170691843594343,32.579309088178064,47.23739265839229,59.110329672401754
2991.0,13.708879957349273,32.6804899858079,46.60051532714052,59.12377456728206
2992.0,13.218598994090987,33.106693722215624,45.94772181086624,59.08253081007365
2993.0,12.665075177169985,33.45269675965778,45.515958432071166,59.07493968081167
2994.0,11.837661249041053,33.55075078754861,45.26319682643174,59.114468200063214
2995.0,11.168388408847449,33.58079241623622,45.425746406632996,59.191119543612736
2996.0,10.545584115206417,33.48669726700137,45.89467695453792,59.281401105865505
2997.0,9.929465015021377,33.54294377733226,46.51055240738642,59.391114167943705
2998.0,9.507240340618743,33.59637815066826,46.92511837931693,59.547352766354294
2999.0,9.40409751174885,33.55029650685232,47.29822311935944,59.72179385801441
3000.0,9.551790158853569,33.50310016845313,47.95229958802559,59.8202195634857
3001.0,9.657332905540912,33.34966009528026,48.553111583337326,59.996694351255776
3002.0,9.898037629180708,33.508081471624244,49.04701692387425,60.159935381370765
3003.0,10.475206537538533,33.8503903474894,49.73490244877422,60.2362452556173
3004.0,11.049826547879695,34.003255574038384,50.05245777325571,60.29731981569354
3005.0,11.691646998234123,33.89111884223116,50.07829295105,60.34700202649119
3006.0,12.152464181243312,33.799889429019466,50.168346888079704,60.318425375186536
3007.0,12.637234306538856,33.73349489358583,50.16736792485555,60.293721597587144
3008.0,12.870212459141767,33.60288957802162,50.24552239206525,60.15613460769984
3009.0,13.027921061024518,33.603601518303364,49.86645150066863,60.01536868119661
3010.0,13.507623902991408,33.470031162060124,49.47274901445385,59.88725466685754
3011.0,13.86472789985816,33.01302004528199,49.099736799558585,59.81631541158334
3012.0,13.904583475327286,32.50350390580256,48.50409425508265,59.82109450095802
3013.0,14.108778892005073,32.2535006387656,47.88635134852771,59.77358672251405
3014.0,14.348832822968557,32.24686700459689,47.22214299470647,59.689813113843144
3015.0,14.448981348657139,32.38746359451798,46.44529723702274,59.67709050871773
3016.0,14.421291602408784,32.69704337682236,45.96193400499676,59.66446520576007
3017.0,14.424171388532896,33.03728965947716,45.712585810273154,59.74700686581686
3018.0,14.434128147627087,33.30774212940721,45.85977622833393,59.90237077883734
3019.0,14.525099702006807,33.193135190787565,46.13268555825065,60.011506628630535
3020.0,14.474055631383136,33.39015307491512,46.38242521700557,60.094144461615656
3021.0,14.545674380208144,33.35557630540909,46.47165851752145,60.10316299802337
3022.0,14.622764431621741,33.16566134299247,46.61876082077063,60.16471524662939
3023.0,14.799243867586497,33.05634457037563,46.876358909816,60.277960507781266
3024.0,15.212925807785739,32.7981141723762,47.192567121298325,60.30643669391482
3025.0,15.583799414922687,32.55355349981635,47.18069173453428,60.43946693824154
3026.0,15.794078532342764,32.39493621351704,47.51349986728339,60.54637196849646
3027.0,15.791243364574754,32.25819390440932,47.50744611358182,60.57337161261357
3028.0,15.641181530342333,32.530165927534924,47.659154494996685,60.658309273500244
3029.0,15.51471391218197,32.94678475258056,47.780440485283556,60.71231523213983
3030.0,15.515300221637307,33.47796793737447,48.077160949797936,60.705591727414024
3031.0,15.226353054944951,34.15984115976115,48.187862809223944,60.73790668444928
3032.0,14.829191326100664,34.897688622452115,48.446435164193325,60.75036003859294
3033.0,14.686944814808683,35.67832707659542,48.66436521124029,60.87944712616373
3034.0,14.426820434094008,35.982818532242916,49.39031215695666,60.98110517204107
3035.0,14.301733279473565,35.925198916703486,49.35996860492203,61.0418140839395
3036.0,14.390939281994712,35.73388733668833,49.60406664884324,61.04588261606476
3037.0,14.44839697440941,35.43257903231115,49.88076757287354,60.89812292972385
3038.0,14.49572326301226,34.90676119082315,50.11610311529604,60.83998569039521
3039.0,14.409967763506945,34.575223941108376,50.18722815663135,60.867691403240464
3040.0,14.497741968482039,34.149005266995886,50.27716356084342,60.84235959200202
3041.0,14.636296786408769,33.48157734602539,50.10614349373955,60.81865993851002
3042.0,14.305558439209213,32.76463625013872,49.90975456576172,60.74535647408647
3043.0,14.228273110751203,32.535711046345355,49.35885143760578,60.56556033925889
3044.0,14.227398321496159,32.512293603040135,49.08732664037901,60.3971086657001
3045.0,14.46775222015517,32.57635364828893,48.77193711283506,60.32449935860606
3046.0,14.666340330232412,32.704472837224046,48.27222366338291,60.29428750263821
3047.0,15.127261557030064,32.721840424934555,47.90073385479064,60.22211818927103
3048.0,15.6217960584047,32.60302141538131,47.74453132065512,60.078868855847574
3049.0,16.087791962402846,32.56034194590224,47.549188347697154,60.09805537133096
3050.0,16.392389604512726,32.80158365536072,47.44480746455767,60.11772027466332
3051.0,16.968135362169185,32.87219184890235,47.27941383320557,60.16025233130012
3052.0,17.442160588381263,33.01830653382863,47.30954175618358,60.221968311905016
3053.0,17.730221542215013,33.157506783466935,47.31145798447477,60.3207026267353
3054.0,17.58277272633026,33.310542871515935,47.29221093371088,60.30809727461258
3055.0,17.364215565259837,33.49122782774062,47.1420623308546,60.41389145420123
3056.0,17.043639627020152,33.88275682249622,46.86885308227646,60.472576405203895
3057.0,16.57621983463931,34.23781699897671,46.513651205474034,60.56375907392706
3058.0,15.944073533697544,34.56483554828639,46.52925837986088,60.59473502056869
3059.0,15.667936681720503,34.68505689110596,46.52117593560296,60.6828636594902
3060.0,15.332729100802279,34.932011932299716,46.67776597040309,60.73224305190817
3061.0,14.943745731658819,35.18855931818952,46.72018648398043,60.7032721590223
3062.0,14.837268265816455,35.63536088611287,46.6106585374858,60.60929572799293
3063.0,14.814380531472327,35.996836953333684,46.49226035881883,60.54248096306928
3064.0,15.025328272132858,36.4959459322711,46.63685022289312,60.38423857251697
3065.0,15.322608179735905,36.69372467811282,46.793852627544354,60.248094393284894
3066.0,15.603653967265247,36.95560839110804,46.95532151636564,60.10529180834643
3067.0,16.011058356209208,36.996048191982375,46.86273702818287,59.85457953832574
3068.0,16.325094998061957,36.9369866992114,46.76406343655391,59.58513643544278
3069.0,16.434991660030793,37.00156749142643,46.461286811682484,59.21893373365078
3070.0,16.52101016195801,37.12554938157231,46.33939229995772,58.893428612041525
3071.0,16.60989703183647,37.02407804270584,46.50256693568315,58.730784817714174
3072.0,16.619688086305246,36.778147506674074,46.72650863372162,58.53216177504318
3073.0,16.42541984244607,36.25023992531473,46.93076572715802,58.3742646216209
3074.0,15.909414183533189,35.849313400065626,47.381019643700355,58.19102529973343
3075.0,15.528397725864771,35.52627403141239,47.884860574884414,57.985594227785015
3076.0,15.201792912533241,35.149804478797535,48.423447060834185,57.91495415554056
3077.0,14.826077249371941,35.05848831653069,49.100838613652634,57.818612974390376
3078.0,14.916822548172604,34.99422901019978,49.97395475394525,57.869785089773416
3079.0,15.0338962614828,34.84683954970329,50.525174521689756,57.99631021953664
3080.0,15.370755592127546,34.99000875495503,50.86636679619044,58.056855897696046
3081.0,15.874508882995,35.29337012522673,51.19007640620145,58.26254691034164
3082.0,16.39717104769573,35.63139964594442,51.335615978543515,58.43736822548448
3083.0,17.141826113986003,35.74646890994218,51.10894317057728,58.804302910771504
3084.0,17.704311627993082,35.73634319949265,50.94388843870512,59.14456596167558
3085.0,18.10355088443691,35.795866803327655,50.651372066793705,59.392410601272296
3086.0,18.52380644388293,35.80883389008604,50.19386725542731,59.69530167313959
3087.0,18.609545521632185,35.80282532066064,49.61010404116472,59.94528753268801
3088.0,18.491188285017532,35.558127274255334,49.14648647369212,60.196762971834495
3089.0,17.896734627414503,35.31665025239402,48.79422735737802,60.33640682499146
3090.0,17.380288871376187,35.231102621873475,48.20843326065652,60.40530861043932
3091.0,16.271187857796072,35.274351418403256,47.77756878174141,60.461070603712045
3092.0,15.780152904284435,35.55214200914267,47.57779668992033,60.39645342874177
3093.0,15.667508054482763,35.87440310424156,47.25703688712494,60.412523387955574
3094.0,15.479283842817573,36.341682579627076,47.09935884750092,60.40313647966749
3095.0,15.145967654162945,36.50075539406327,46.95979620418537,60.34513529072834
3096.0,14.82830007058904,36.72376975682546,47.048983982042735,60.22841090725912
3097.0,14.737355678883649,37.20284836189009,47.188356570460755,59.98674575497575
3098.0,14.925608170786036,37.5638500254302,47.62439298535768,59.757654778995004
3099.0,14.964694602129391,37.50113065735094,48.50336975811207,59.61325318206615
3100.0,15.610509692227485,37.438086975444065,49.429365491392176,59.526243339210964
3101.0,15.623672716991791,37.31373529736244,50.23683040792305,59.41632707941714
3102.0,15.432608496126633,37.20765834392349,51.139030803992206,59.39891170567328
3103.0,15.44424148027027,36.827041273602646,52.046869107448074,59.4285856398146
3104.0,15.535331682410291,36.45347591061332,52.88082868411698,59.45601316755614
3105.0,15.878665677997901,35.66220136127278,53.381881863385885,59.573407394568086
3106.0,16.21978683022371,34.59754379851524,53.832153109127304,59.79602367723203
3107.0,16.383352474222832,33.52959307108999,53.96865432172175,60.044896490285346
3108.0,16.596359321243696,32.55661075334539,53.66750245979876,60.214711971073044
3109.0,16.480277813442328,31.566808349751145,53.26817094497426,60.37754329655152
3110.0,16.390191606265002,30.869651784261606,52.94204942318693,60.47983864019239
3111.0,16.335657408348276,30.309330940209836,52.71858591243831,60.49656418568662
3112.0,16.227067713940006,29.99415086693564,52.334013627128904,60.386148852431425
3113.0,16.210259049487792,29.924592889839843,52.00928158099698,60.250262529327266
3114.0,16.21220971371785,29.97102932398705,51.80286547268734,60.07358312211895
3115.0,16.160087013274516,30.277861905987397,51.590806954601604,59.88016013290681
3116.0,16.08797317457005,30.292570542249837,51.30110203598331,59.72806493185337
3117.0,15.968601813857955,30.371914316504466,51.02540682159577,59.59016750005162
3118.0,16.18341428975296,30.34176207730864,50.591368204530504,59.48001848896345
3119.0,16.352335935361733,30.214611902324982,50.20356535377711,59.35125014779093
3120.0,16.45531004876299,29.985559126691893,49.588044095798296,59.30807747809336
3121.0,16.53016275682168,29.835202932989894,49.01569951104354,59.3296575817935
3122.0,16.51584087470239,29.780004288994864,48.57731995830345,59.42875958514372
3123.0,16.26269877360484,29.85644995620271,48.133850024947385,59.53771300909124
3124.0,16.143190137854162,30.068951136544996,47.89015407975952,59.66855669652011
3125.0,16.081591745366175,30.567897178949373,47.63218199709086,59.893455269151275
3126.0,16.15264358344244,31.078732607147916,47.48767934126249,60.13756963553551
3127.0,16.284162908923108,31.695787023816987,47.318659336326135,60.3127983272979
3128.0,16.51486781982297,32.51231817532998,46.98253472245481,60.50397233214692
3129.0,16.44343688451509,33.45245886956779,46.89481853895056,60.584343563511325
3130.0,16.236593212222598,34.43973940485616,47.085134876933196,60.7300048226906
3131.0,16.029974117361515,35.27885223280565,47.20297862375186,60.835319813597174
3132.0,15.943774061704037,36.12659250481087,47.505064605408194,60.855081870941746
3133.0,16.1503325297017,36.70160843292436,47.77837980579297,60.74888337678112
3134.0,16.331700156193936,37.18594558547703,48.166634134645626,60.53675090912622
3135.0,16.278013186347934,37.85050284238338,48.69699606381835,60.23066806932681
3136.0,16.149087022548205,38.58114864108224,49.37693839226748,59.93132350423846
3137.0,15.987854475428525,38.2197847750556,50.2593346159251,59.743902446776374
3138.0,16.26266433339574,38.499575775157886,50.84453307153372,59.577259776677906
3139.0,16.89708294052201,38.58871961986042,51.19519670258428,59.403228256670744
3140.0,17.538563164976853,38.803980444826166,51.531005612374486,59.237435542979576
3141.0,18.119823211094428,38.90728549975561,51.69782187385453,59.08861099497925
3142.0,18.313600130464845,39.04674701239348,51.75379788054347,59.08044756985264
3143.0,18.478151391594082,39.2043286654578,51.747587503150974,59.056860284292895
3144.0,18.834279714258287,39.015913937123486,51.469567346854916,59.11836078083407
3145.0,18.98743437055658,38.73201587645716,50.936547245058534,59.18778567988999
3146.0,18.961028745241265,39.156785091007734,50.283444318314245,59.288832305396014
3147.0,18.941625480830286,38.6239385515925,49.62273972449494,59.38989974605616
3148.0,18.71831888577828,38.07402888357011,49.021006906612484,59.48433760199042
3149.0,18.385932648998562,37.313183983242666,48.64427530898369,59.57759990132429
3150.0,18.18459354874652,36.84327666470598,48.25571936737892,59.71902986423193
3151.0,17.65083668779395,36.16246955891419,48.0856397729684,59.85214596006613
3152.0,17.129532562763757,35.57443917236872,47.96509676523358,59.901578241993654
3153.0,16.536895616198407,35.380261146212234,48.063218352740655,59.93563728286655
3154.0,16.420670309192904,35.17653652133262,48.31932486786695,59.95759870115347
3155.0,16.412087734083414,35.122641694078986,48.486377137526546,59.93898616704177
3156.0,16.50640586292288,35.268478935076814,48.69012071151578,59.924885898037175
3157.0,16.691372971561552,35.49416624281033,49.13281782068702,59.931398759676426
3158.0,17.098024167850735,35.930782482918374,49.34237670675477,59.83855372838845
3159.0,17.458219728254985,36.39666452725518,49.3944709388206,59.72473296494892
3160.0,18.081718526718777,36.82868301482782,49.24066731500347,59.54083699406491
3161.0,18.771623674669595,37.09022313200165,49.20319431451929,59.510592446180716
3162.0,19.40102229476292,37.267465993930266,49.22324108768686,59.54134974023591
3163.0,19.656053697722257,37.293692477508095,49.23089460235729,59.569836084194215
3164.0,19.860847259981036,37.32655175913886,49.42747670744235,59.605899245466176
3165.0,19.773865320299482,37.28568731287321,49.70160940172073,59.72971636398037
3166.0,19.602309131685494,37.45510851295306,49.613905056285304,59.787257759544026
3167.0,19.28309011678749,37.49931174163041,49.41725041207352,59.916956770788246
3168.0,18.940886741210957,37.299622154248965,49.51282702885757,59.99209140266612
3169.0,18.697037783786957,37.138965267577326,49.58058107133746,59.98246885523451
3170.0,18.316649325675655,36.89198564144946,49.271504291619394,59.87824926109325
3171.0,18.008039936550944,36.70663846279023,48.89213933538832,59.631805424211784
3172.0,17.84717341126863,36.84486714343171,48.72959604576031,59.401767143999976
3173.0,17.699607045421292,36.9418175125423,48.508764058771206,59.17791562101688
3174.0,17.54939238343504,36.896340133487236,48.23410778420602,58.767790837065725
3175.0,17.30085956396827,36.698067975260365,48.20717959332345,58.35856319375158
3176.0,16.985167210135558,36.44071468325894,48.19511875745531,57.944823702389606
3177.0,16.899895311868384,36.318260945323885,48.181927746416804,57.66820298687313
3178.0,17.12122995422438,36.22282501305862,48.21529334694517,57.47084654079374
3179.0,17.18866810091049,36.321700399962,48.475700978196635,57.31116323524738
3180.0,17.24479608474659,36.24680361962278,48.92297128150415,57.24758771184956
3181.0,17.536168335195594,35.92925300517217,49.32717975936184,57.20635144486467
3182.0,17.817655422735697,35.44774209200989,49.77443565359165,57.143323904007524
3183.0,18.208080901207698,35.27727910592294,50.2826842035546,57.16950567334204
3184.0,18.77379244519983,35.062731590572525,50.748905880386054,57.17677571779361
3185.0,19.484169370800437,35.278316459808075,51.336552106465376,57.2215602642336
3186.0,19.77823550163509,35.33657956963319,51.82124674227433,57.29869259876894
3187.0,20.009768502625196,35.50602428410899,52.45503787408283,57.41094808925125
3188.0,20.333269698189362,35.800233380117554,52.9364879771128,57.48329372514339
3189.0,20.696960043528335,36.01425009733025,53.105480549621745,57.5429182063625
3190.0,20.62103914535271,36.183605920379414,53.130606579714225,57.613612815153324
3191.0,20.567481688317613,36.49151593930839,53.07993862387078,57.69767448942075
3192.0,20.430763490757176,36.560043713559665,52.95121421526627,57.7537095640524
3193.0,20.16427866451671,36.591172606697924,52.608789466496724,57.90268741314082
3194.0,19.876554036203963,36.3347563969009,52.28213426082748,58.03188889431584
3195.0,19.53079549289835,35.98479153534375,52.13618070954517,58.12585245411461
3196.0,18.993946501715577,35.70856491462687,51.46845191970853,58.26410806469944
3197.0,18.679257104812343,35.28134431801712,51.06825569389371,58.53414740301062
3198.0,18.46680272456883,34.838214574300174,50.74810897303103,58.810284764133094
3199.0,18.16218238143596,34.60250821664094,50.42456180344111,59.02911083077265
3200.0,17.817423351712545,34.46169100493825,50.12894405935995,59.20541613955448
3201.0,17.459493100750052,34.45056827746032,50.093113709998796,59.37718640636819
3202.0,17.238599649926098,34.54722721892605,50.29901816415632,59.59993897939025
3203.0,16.9338771754916,34.54443979902836,50.52090754017029,59.82759035712928
3204.0,16.646668303759093,34.74890090158257,50.383358898503474,60.07109819493658
3205.0,16.418749563714083,34.93650228228807,50.682157813257405,60.26751732433702
3206.0,15.96292107424787,35.208385640060754,50.72847946340581,60.45065656314536
3207.0,15.324109712758753,35.65580879905707,50.86661545545919,60.61722295445363
3208.0,15.12821881245211,35.98746370413261,51.03953054548723,60.810648126499146
3209.0,15.10471068770296,36.08765855458343,51.2866424436608,61.03566742304514
3210.0,15.067339465811202,36.02114561663519,51.238304865902876,61.260241234050405
3211.0,14.974364329139455,35.8501756301449,51.08046882902435,61.383943682501204
3212.0,14.966378279016155,35.8428838809343,50.77117853261749,61.497966063468695
3213.0,14.95814275054033,35.985313013127545,50.52877752686472,61.49221567237757
3214.0,14.867005835686275,35.94116167784514,50.15909663626233,61.45232647402151
3215.0,14.961892645816523,35.90665027255729,50.210451431321246,61.38486924911083
3216.0,15.087637431198363,35.94523954446072,50.053691770213085,61.33455360923862
3217.0,15.101713728285342,36.116981203670896,49.9264911094107,61.209379157592934
3218.0,14.911057116664823,36.29513434416394,49.77950580072532,61.08887640021565
3219.0,14.524970228389382,36.50638380841446,49.892057125574965,60.85458103988568
3220.0,14.421367436221432,36.7796285563271,49.96748801948957,60.66795546629811
3221.0,14.432441723153694,37.08308864869697,50.03544974882627,60.48577640110213
3222.0,14.606211985439927,37.25708897070662,50.13544721859512,60.2976706114611
3223.0,15.005983827221439,37.46930233965748,50.12837909500256,60.15465149476953
3224.0,15.371905388969473,37.54372340092466,50.09490045879652,59.94808378883926
3225.0,15.802412500839143,37.47206401443584,49.98589768084896,59.669259063893136
3226.0,16.266713083130742,37.192417516548275,49.7438628853988,59.434625190038304
3227.0,16.86298011456121,37.06371565845515,49.5021442841551,59.189840866651615
3228.0,17.59116520511774,36.940798297807376,49.23116554465501,59.133626311185814
3229.0,17.97284807199167,36.92054769783253,48.938389734255175,58.989700404522715
3230.0,18.057880722750152,36.793033852669645,48.886303738838556,58.83684699312035
3231.0,18.131078806088226,36.81108817403613,48.888864965346855,58.76636183224971
3232.0,17.843371861717884,36.90512450325652,49.05937442601027,58.68417804428231
3233.0,17.548138349842326,37.00073507394085,48.84868734932921,58.73882565243265
3234.0,17.290239473729535,37.189385164820536,49.13059495357747,58.96711771549336
3235.0,16.95084113168219,37.384247734840066,49.441370954119556,59.260968700369084
3236.0,16.731481426496455,37.3656733399661,49.617260694309635,59.4829736022141
3237.0,16.467657457610084,37.45812120461389,49.66307576488766,59.61580474588012
3238.0,16.054070867097806,37.39031539005649,49.772214482818605,59.76483927609184
3239.0,15.85815713643047,37.23075644931284,49.97930145344059,59.823108541084544
3240.0,15.698218460541257,37.00655163094405,50.20686822668064,59.83066474201809
3241.0,15.69922024582443,36.88438758810454,50.538926476826944,59.78485464681394
3242.0,15.773650702381286,36.75131335265065,51.048874131540124,59.66099835186216
3243.0,15.700047411721217,36.695468879350436,51.152559920014454,59.432119191860025
3244.0,15.589296976568566,36.45257318395629,51.1500342381343,59.19164395278806
3245.0,15.435374599283769,36.26848447949651,51.242612609533275,59.09503189926265
3246.0,15.623510067150278,35.93959199475947,51.137079510552375,59.01423278018996
3247.0,16.09029317765906,35.76060999405605,50.955165166676856,58.98586101237374
3248.0,16.603096727891845,35.59779081423983,50.66270348121031,59.09670476054579
3249.0,17.114846670809506,34.976994435868264,50.260920274907086,59.261307132693496
3250.0,17.66665238725089,34.322836046910226,49.65975142516928,59.592916418791084
3251.0,18.218622527730396,33.90363474702746,49.127196164817875,59.921180873693174
3252.0,19.251524645971813,33.36010806601571,48.67174088663217,60.31486032589064
3253.0,20.4058876811811,33.02935052145399,48.553068107516786,60.66255063436413
3254.0,21.341312450903793,32.7987319240629,48.348075654403,60.91260309499075
3255.0,22.21538185362581,32.829126875318074,48.23448421206283,61.18292271871092
3256.0,22.81374918466048,32.78892126501509,48.303725606525795,61.303684155479765
3257.0,23.105924304318435,32.97680254058464,48.353441687236945,61.41984207178688
3258.0,23.309314851406924,33.443299544677856,48.56474550265258,61.43037678415294
3259.0,23.45911426453053,33.76261504325488,48.707450992584405,61.36380518224916
3260.0,23.554052942262835,33.802210310888356,48.89549777668476,61.27910920196148
3261.0,23.308569038407345,33.8806732070841,49.17944921999226,61.14400176882091
3262.0,22.811482230292988,34.11779167789305,49.08740402690132,60.990076283201034
3263.0,22.418971776392503,34.45201226171713,48.90664072846279,60.9087687497638
3264.0,22.00339760808593,34.76862617170737,48.73217575208927,60.80856393973973
3265.0,21.776950677638396,34.904763668164584,48.51594603712419,60.8703660501553
3266.0,21.743650026480164,34.831480739330516,48.323784253160206,60.85204035214878
3267.0,21.66529200978313,34.838026955086114,48.10689269990792,60.9707959788932
3268.0,21.419314160443907,34.94412814127453,47.94663901058772,61.00689791481031
3269.0,21.371056701602885,34.96847762688378,47.59355179014104,61.04417703451813
3270.0,20.760386208065423,34.95361674790768,47.3955250471966,60.99069850711004
3271.0,20.500431908742534,34.93614646285921,47.26744627759346,60.98102205510124
3272.0,20.306889538488534,34.88017314540596,47.15904212222054,60.90048212550264
3273.0,20.05451637328808,34.81160586201517,47.22079616019161,60.795126793955454
3274.0,19.895131192769945,34.9120254966164,47.30184781273387,60.65262476681006
3275.0,19.741450761787792,35.1375792033503,47.27500750213397,60.46096244552146
3276.0,19.695652883466998,35.240168067548844,47.208754248588974,60.164793172681314
3277.0,19.65677923727754,35.319937868500396,47.058551712424084,59.90253023918556
3278.0,19.522136933938956,35.45396982132599,46.973277682678656,59.63322099118198
3279.0,19.758298959482936,35.5379585744467,47.25585321720484,59.398333753457294
3280.0,19.865036891784797,35.47339136668786,47.27524869927052,59.23347523054666
3281.0,20.01120193395839,35.25380877259232,47.36807359825119,59.0724574667228
3282.0,19.958259825348147,35.17642583544935,47.47124946290116,58.972062666986396
3283.0,19.896097310651548,34.99378639617434,47.509466319151244,58.80409057650938
3284.0,19.753942091993263,34.7674325184207,47.50721546318347,58.702641497512026
3285.0,19.892412933535724,34.47528802592879,47.54035839180975,58.6094049355881
3286.0,20.180617517238744,34.26941558228164,47.837955932484824,58.575174000373536
3287.0,20.35924779874579,34.254174788654815,47.983485724553546,58.51933886564746
3288.0,20.686036283972005,34.35142241633406,47.56802782887697,58.50533882120161
3289.0,20.71956545182482,34.632011548971974,47.766753236460644,58.51231775672718
3290.0,20.79110038616664,34.817782903538,48.13179368174607,58.511121971339556
3291.0,21.14304075144635,34.610039765675694,48.31427595331658,58.46663893896769
3292.0,21.43844263908204,34.47516015852401,48.49523330217031,58.4871764837127
3293.0,21.939377590313406,34.325147019340264,48.49680582337643,58.50543336923476
3294.0,22.10791037876772,34.42794811973499,48.49692277077724,58.59302063647821
3295.0,22.00264280689121,34.53591188269599,48.42491605330095,58.71694642351141
3296.0,21.976851342297532,34.50207221611142,48.45414076101618,58.777777511675964
3297.0,21.734143566976385,34.39198680289557,48.359869969005295,58.812408182980064
3298.0,21.591247437713207,34.298713199311585,48.10072532518703,58.78129946261115
3299.0,21.071783961756434,34.625657415038816,47.95628363262846,58.7180130918729
3300.0,20.432186718743047,35.05782382178418,47.84996224656542,58.82408801246244
3301.0,19.79338529973581,35.42002151695762,47.77216149019437,58.96636149703812
3302.0,18.986583387893234,35.776021737526584,47.79814941086804,59.1075381219249
3303.0,18.04473031870999,36.00165503933172,47.79591306433207,59.26572923923116
3304.0,17.36868552664993,36.26962282185669,47.82044075761963,59.30640334008799
3305.0,16.610401798023126,36.78254584583632,47.94007377826967,59.38006681838475
3306.0,16.09176320900153,37.51868633773681,48.298508052965246,59.54832659900856
3307.0,15.803358754908896,38.13943310832618,48.56084898157408,59.72962194287882
3308.0,15.615662794465518,38.50841255447829,48.615342792234124,59.847282252667696
3309.0,15.231406111246656,38.75008726954609,48.64586539197841,59.85535249776022
3310.0,14.684679302848501,38.984194827386915,48.59268316636283,59.83447143077589
3311.0,14.320907014404302,39.18046572727819,48.73614043403388,59.849683821454775
3312.0,14.020205268601032,39.553890559915345,48.77232987781177,59.83276590696046
3313.0,13.908963227677429,39.84718142837198,48.519416060203696,59.92020870747205
3314.0,13.74930238536392,39.946588576016616,48.046958501661535,60.047982770864856
3315.0,13.699520614880566,39.897366482114734,47.29507175242195,60.17434382219816
3316.0,13.637979352996004,39.62704384217017,46.684910963485834,60.232937004442775
3317.0,13.639058757842907,39.35317219220385,45.96151935876779,60.33677061504227
3318.0,13.990258143058307,39.328201396103054,45.28008693588337,60.46752580162822
3319.0,14.93639911273794,39.33280196325681,44.956682887969535,60.56625222180935
3320.0,15.543619809196542,39.2260924736619,44.74987123521219,60.75060198814374
3321.0,16.161454989303913,39.01994381860453,44.58658282860866,60.909165060524195
3322.0,16.55407368299283,38.74864706077928,44.64216386067383,60.92903534809207
3323.0,16.843036652921715,38.28082576488201,44.80061959044125,60.955873582783155
3324.0,16.95172158389249,37.67884236926972,45.140059036829776,60.89666039559222
3325.0,16.964727380814026,37.246336066403245,45.580779043111136,60.87653969970103
3326.0,17.165066881959508,36.93385688802577,46.32724267394297,60.90503995437187
3327.0,17.02945584903969,36.427296872553924,47.11735428936931,60.88044420626292
3328.0,16.507623724875785,35.97799686971146,47.31466910469629,60.891621165505185
3329.0,16.188976284422687,35.509588908011125,47.29691574674966,60.784523552550496
3330.0,15.938077142243833,34.77469024667021,47.06073960576389,60.729579565731385
3331.0,15.814443685212245,34.19140373108915,46.624352511575,60.75267774074455
3332.0,15.838588869559304,33.75959134966417,46.366906292725325,60.75452894578668
3333.0,15.870803471070086,33.26621624793758,45.9974619926313,60.7144822819879
3334.0,15.829842688074613,32.89659728689647,45.60021600034934,60.62379964847656
3335.0,15.76965441679859,32.2205504560225,45.07136382736546,60.53451400688354
3336.0,15.903167987670704,31.576167762472803,44.65602483984391,60.35324637102153
3337.0,15.776911074617619,31.04605659294964,44.49466414363764,60.242267685638495
3338.0,15.448708633812114,30.614595007516982,44.457246478637636,60.23157249291377
3339.0,15.371854938450415,30.678906447302918,44.59234799670868,60.17086774753626
3340.0,15.111225621957924,30.676672644630816,44.885408553267894,60.11054021728096
3341.0,14.8207136971341,30.85845332407655,45.08026899279011,59.97997888434952
3342.0,14.501584512426621,31.15799672269334,45.43984389862838,59.92322381161367
3343.0,14.469547576551367,31.232237640174922,45.76065081046744,59.9366248478646
3344.0,14.417045662248375,31.682332200938774,46.12972256306992,59.953204418205964
3345.0,14.423157706669068,32.12884336673078,46.149535805747185,60.02887044239725
3346.0,14.695761233294334,32.58782096100532,46.26086454136823,60.02382365496105
3347.0,15.025516300169503,33.19531604921051,46.58321128241598,59.93505030052081
3348.0,15.040780501690797,33.55900122426257,46.9612503135198,59.740791710958504
3349.0,14.98066189133387,34.07040213616733,47.48664357104619,59.545938005608434
3350.0,14.863805839495326,34.48850416425467,48.13475251352996,59.469199715901496
3351.0,14.831455662343359,34.76573456978652,48.47000108694626,59.38056968657817
3352.0,14.823310218287128,35.165628442641506,48.84546573213967,59.27895990616768
3353.0,14.664382965528658,35.23839235455238,48.92241140059687,59.19575811243105
3354.0,14.496842318553098,35.44423849440179,49.31159700988488,59.20848168522768
3355.0,14.198183969531554,35.36867607652727,49.42639034732898,59.15379032827891
3356.0,14.146950129902645,35.29404560659213,49.34462434676269,59.1250801849691
3357.0,14.227081549568604,35.19181310513508,49.30099186405266,59.30524741238058
3358.0,14.562100393512027,34.70361569524372,49.12214230943016,59.47857355916381
3359.0,14.851395134199029,34.255157600646506,48.78117539195303,59.63623947762707
3360.0,15.19681130857196,33.850079549250246,48.75221910035736,59.780334985337475
3361.0,15.428390304833144,33.394003643556445,48.74450651330468,59.8977598366262
3362.0,15.77895464097974,32.915123079682765,49.08705641986395,59.97386137956487
3363.0,16.205822495388077,32.284906128870546,49.37841966479773,59.92524998601553
3364.0,16.765325024537137,31.974933623158197,49.72091783229757,59.94518709667565
3365.0,17.262516788898914,31.462948524934514,49.93529931308672,60.006764678693365
3366.0,17.581606694830864,30.977229270553686,50.18469535510267,60.02358828291517
3367.0,17.699098884832914,30.61797336060818,50.436079066080765,59.98203144329124
3368.0,18.044687858181,30.416761968407357,50.55288351131303,59.841726597306135
3369.0,18.10715855089864,30.26931264113984,50.40624804866692,59.66574377189304
3370.0,17.963943347846964,30.282361889575125,50.062630518225525,59.54571077514303
3371.0,17.782342755474517,30.322972963117266,49.796463732823234,59.46500487250788
3372.0,17.367262847648004,30.491986756526966,49.56125985579403,59.490005247666204
3373.0,17.06404429853812,30.723571309444438,49.46251525516895,59.50195466596201
3374.0,16.510606346124796,31.102072395230064,49.48521599856196,59.55553404096168
3375.0,16.10422277767559,31.498523226714447,49.33531024122031,59.57553890674333
3376.0,15.75908838116226,31.868812534575248,49.37612266185107,59.68626455700419
3377.0,15.225063137151562,31.8977185239067,49.74804496438602,59.85363555211795
3378.0,14.89725372226749,31.98917796089131,50.29534908459203,60.053809416163865
3379.0,14.70725019734841,31.987445388026853,50.99237816672765,60.132501470793734
3380.0,14.516254891457116,32.260078785420994,51.49634826138694,60.255584036522606
3381.0,14.558350906543264,32.610706370061926,51.78006596767232,60.28200160656966
3382.0,14.447818199511536,32.81927250174118,51.99460914966709,60.375722729013106
3383.0,14.645550961182952,32.96594630890354,52.11106185349733,60.34718552988602
3384.0,15.162581350209145,33.03288443270026,52.14636690435407,60.31070109781595
3385.0,15.568492539855168,33.368286915997366,51.86915963222786,60.249995460706266
3386.0,16.06569266993685,33.680583713160466,51.33066491738779,60.15245965713418
3387.0,16.372559541655868,33.83223494935703,50.878419478076445,59.99757489128845
3388.0,16.248255396672402,34.14338383295969,50.39876962016354,59.87185851270762
3389.0,16.221634600465254,34.62958643465786,49.89096089599616,59.8096160653789
3390.0,15.96031339006515,35.17737579613678,49.594642817536595,59.77423840020373
3391.0,15.600928686785934,35.55955379548777,49.386061478592566,59.80919084885417
3392.0,15.312870503680443,35.92748178745184,49.30848939215113,59.82500865384483
3393.0,14.740994701483045,36.24089294306163,49.52885132605726,59.7920989347312
3394.0,14.270227899480046,36.42942453388706,49.829191683835845,59.71533655258851
3395.0,13.785027686357257,36.747646722256235,50.30751884794531,59.693405479756905
3396.0,13.404860030988987,37.23089480391388,50.75786596837542,59.72485518209906
3397.0,13.518301386419376,37.513835699930794,51.095381855234166,59.83760676004308
3398.0,13.57621490373676,37.57135728992038,51.416463532995834,59.83056065914587
3399.0,13.850612480990698,37.36515259866637,51.766958496468625,59.904013363248346
3400.0,14.238605181481443,37.00380372510259,52.11841208420926,59.903064658617254
3401.0,14.457421239467616,36.7001948236159,52.50447572663427,59.94831382549555
3402.0,14.82291269269449,36.49439095089041,52.72827279559213,60.07597192099462
3403.0,15.50347334500496,36.10145795316966,52.99455917007131,60.22648290302751
3404.0,16.048510843731748,35.72228205793312,53.11996374446659,60.261121584161216
3405.0,16.645855289221828,35.51767044693053,53.065068360521416,60.2712043932481
3406.0,16.9643086471322,35.349618010775224,52.59520941899176,60.25880815234078
3407.0,17.050645644677672,35.13143371589056,52.51228685272964,60.275592798595305
3408.0,16.92706423059303,34.79910491691972,52.34820484020463,60.308337967262304
3409.0,16.71517772280396,34.54696639139925,52.00785170242205,60.359820963326804
3410.0,16.653211629457473,34.14848022575515,51.68426950954613,60.365327528734205
3411.0,16.349545253648458,33.80794272076402,51.376113461965694,60.235134460623314
3412.0,15.82465394151331,33.596961270863545,51.09425009866274,60.09923020765819
3413.0,15.363446654252634,33.4454746581292,51.024335874559085,60.061181822541855
3414.0,14.949801391017553,33.279510477135375,50.94041008170394,60.08572197889098
3415.0,14.690085859758657,33.21221527657331,51.346239750442436,60.13785855803472
3416.0,14.759156021941173,33.15701581102188,51.446062637084246,60.17364114960543
3417.0,14.859992132402411,33.2388269986425,51.40480774469232,60.16018103360569
3418.0,15.076357200671794,33.52950808261912,51.48800548768267,60.07146787525014
3419.0,15.122832235755496,33.81391311726477,51.30473509828093,60.00684358259539
3420.0,14.943478544341906,34.02032342595574,51.19006078601038,60.07970875560034
3421.0,14.747072310308859,34.22643218963195,51.13220406247668,60.0719429853254
3422.0,14.391160470109147,34.45688934168892,51.06149764050879,60.091078997181285
3423.0,13.898949458093927,34.75560196456397,51.1148101627422,60.1250740665884
3424.0,13.515454367919494,34.781986571604776,51.00836274847067,60.218183518798206
3425.0,13.127510248012118,34.92434861887353,50.963299307132985,60.32678252964445
3426.0,12.751767182262215,35.12158510275358,50.99539290184599,60.38148298865992
3427.0,12.546997068927219,35.00892118853619,51.1735970566898,60.41038637054119
3428.0,12.450863088722473,34.95668985256188,51.359534934001616,60.426434103801896
3429.0,12.692100161617201,34.98856297277682,51.75564007782372,60.463153263383845
3430.0,12.773655781239668,35.12532712073357,51.97830234501184,60.63466276462373
3431.0,13.07793855633043,35.06979818520232,52.246556595619616,60.80904819175425
3432.0,13.775557891148646,34.7208510265148,52.37541517394017,60.98060552780045
3433.0,14.271000320679818,34.699634108394974,52.41077341444806,61.0202387114633
3434.0,14.56748029588108,34.527516384502405,52.16481792925198,61.072143667025045
3435.0,15.124303847194417,34.37179427039162,51.98903194435994,61.126276901101406
3436.0,15.404784606676827,34.148360951361234,51.71945636862898,61.228403930905394
3437.0,15.619167115821137,33.973503013973165,51.62203847831111,61.370609947251054
3438.0,15.765127820221885,33.57918972658759,51.406544924049264,61.442701303768445
3439.0,15.891207641974237,33.14685417547372,51.286493577038705,61.450985306732655
3440.0,15.944204955883206,32.98438785145851,50.93217186020845,61.43633633683577
3441.0,15.756620391651808,32.9722425384674,50.884745439245826,61.39507530054164
3442.0,15.684747085623174,32.79988392982394,50.963991292681555,61.375729389078614
3443.0,15.529966717117581,32.521281792453706,51.069079545238765,61.309345942276444
3444.0,15.229429291037244,32.17893984105648,51.252556615743686,61.2520729195421
3445.0,15.125015146667423,32.28959443479713,51.548193033265186,61.22792724596112
3446.0,14.94342370332451,32.34409807289832,51.75362775969204,61.166803294083515
3447.0,14.635892653604309,32.58780687510941,51.74941164259967,61.01519181250003
3448.0,14.588219278080848,32.96945008247889,51.60703313995975,60.881372635582494
3449.0,14.487215340909676,33.0907860993428,51.56603225453767,60.797682433429344
3450.0,14.36839242783559,32.84063950375296,51.329502217553,60.690376670963616
3451.0,14.39452994127751,32.72120992379084,51.14180686514629,60.54765992232141
3452.0,14.498436765796583,32.875582082830796,50.86545234751461,60.378511407749144
3453.0,14.785906846307558,32.787457423148005,50.615752054274346,60.23601074988676
3454.0,14.65186876440437,32.47658240608699,50.03355533560512,60.044538940658725
3455.0,14.603042893618163,32.1742438100731,49.343254067834465,60.00935712408866
3456.0,14.697684983418563,31.800214325636368,48.64643608575827,60.00582213485157
3457.0,14.65910990421324,31.309540385415985,48.377344272874176,60.01100170576894
3458.0,14.81275166751649,31.038548998087002,48.02611217874205,60.000493423209626
3459.0,14.818038103598042,31.233993281199208,47.674153891302716,60.01135789815908
3460.0,14.83464620571426,31.13182443633206,47.3899959052236,60.13751272176167
3461.0,14.949174110753262,31.100013615421208,47.19565019778267,60.28771611952297
3462.0,14.744351015383621,31.26086246458586,46.867813457327664,60.42468040998653
3463.0,14.69210443316684,31.599610223917853,46.660744417481865,60.56149587813839
3464.0,14.648792642832333,32.00416422355783,46.62822131019302,60.56637863725241
3465.0,14.796668618325835,32.47929951351703,46.93004958111439,60.60212476172682
3466.0,15.133181154783525,32.90277828376648,46.97296405381385,60.660292424374646
3467.0,15.229466148377009,33.29098959060131,47.25261505679542,60.589303707323005
3468.0,15.41418176282982,33.73436447996446,47.50759093388785,60.479764695654545
3469.0,15.443093910482744,34.3839438537993,47.64987225718958,60.231639768843166
3470.0,15.387665026945967,34.914172789618526,47.69929236251321,59.96437641962568
3471.0,15.627647410613568,35.43952268369154,47.87533669936528,59.77739138875454
3472.0,16.118627459326735,35.75458606067669,48.23008375589051,59.63516710666124
3473.0,16.692042829851175,36.09221697632147,48.33060616877919,59.577601227298864
3474.0,17.014724577733617,36.365772986158014,48.295862966570205,59.58209189936477
3475.0,17.055514657988613,36.61057413207292,48.231173337797124,59.58501275799783
3476.0,17.34352775630056,36.54766164487951,48.04040693561667,59.70460888405015
3477.0,17.856301221435842,36.313301542720666,47.99143399699078,59.78492749886684
3478.0,18.22973543017303,36.03127209213815,48.0808783218284,59.93935567037593
3479.0,18.602968858919287,35.51710716541364,48.32339776404397,60.10008079906793
3480.0,18.646500106918317,35.20942391288977,48.35236143018761,60.21918409124504
3481.0,18.66040002300177,34.96426489638051,48.568616261143376,60.28834764792472
3482.0,18.450525556913497,34.593452142554334,48.96394817282176,60.31250614627684
3483.0,18.327257700912774,34.26422878464874,49.117965454550855,60.27832039070838
3484.0,18.394587555406993,34.1110391840853,49.173442009105756,60.174434260305304
3485.0,18.23252626246576,34.41345037768363,49.142702446441746,60.04348066942731
3486.0,17.98392572312693,34.48334575367262,48.97676089945543,59.961760117744284
3487.0,17.880498236170073,34.627301546737236,48.911625046388544,59.80130061816384
3488.0,17.668805189320544,34.92379956741348,49.070655088858814,59.716604462391764
3489.0,17.465281094628168,35.0271884634003,49.115175618076336,59.567053523364706
3490.0,17.202917438464354,35.100341051144426,48.855287476999855,59.47681952823614
3491.0,16.971402494504872,35.325344903773306,48.6801686325298,59.32870394234997
3492.0,16.617564113924686,35.549221953682725,48.55921522834887,59.22373930751314
3493.0,16.400798681221726,35.635712411737586,48.55495276572381,59.15098335855053
3494.0,16.253316682576035,35.47790012178854,48.56980381936747,59.14378427377059
3495.0,15.815418406839695,35.673674272942684,48.49233978060368,59.149025604215204
3496.0,15.265344708146614,35.99039808882671,48.12198458797825,59.20218328883904
3497.0,14.865534760882388,36.33613236487578,47.497815604613,59.3068189630728
3498.0,14.648829213067547,36.88322590356866,47.0274902720042,59.43309844042272
3499.0,14.431746325811803,37.316950625955386,46.823781963886894,59.532198669077914
3500.0,14.38952590864969,37.859469053327736,46.33749856760022,59.64586095577827
3501.0,14.40764948818759,38.519743716785605,45.80160175954404,59.72330326844465
3502.0,14.248382075236593,38.94984921391701,45.35515063702137,59.859764134681676
3503.0,14.20635152419501,39.172480792765846,44.85713869379184,60.00113249163154
3504.0,14.48761327978408,39.15109486864963,44.443973179346024,60.14176999821413
3505.0,14.917111366641667,38.95220012893141,44.28568289689286,60.313400239426386
3506.0,15.265202477487664,38.640339696138184,44.12801307728128,60.41309018088981
3507.0,15.366583520317374,38.22953925807438,43.98296380972847,60.490786058634285
3508.0,15.356882829400345,37.984881691789845,43.55024934166886,60.55885338672324
3509.0,15.14243399543909,37.62067744712692,43.199177352002195,60.64150283977648
3510.0,14.891368773651086,37.21022867134253,43.12531337301466,60.71068317653825
3511.0,14.47282817302517,37.04167517007939,43.20622171103625,60.71821292556245
3512.0,13.841024919179226,37.02132304785605,43.56699790571037,60.57837076464778
3513.0,13.028018312912737,36.82511694970616,43.974340265067944,60.42769023664177
3514.0,12.257717467339711,36.559605380879034,44.030147201437295,60.37141659954182
3515.0,11.500047826078701,36.38133288116198,44.09821589791668,60.33726443648123
3516.0,11.14622477149609,36.26380581764097,44.26232059271409,60.27091460327584
3517.0,11.042624580192022,36.228481524910954,44.36030540172128,60.135533467289406
3518.0,10.89307127286538,36.03723116173926,44.76994855724036,60.06687755898901
3519.0,10.89649833848762,35.71923434156875,45.12775255421663,60.086764193475595
3520.0,11.094306562852836,35.53290444958267,44.98920547782698,60.137249805331535
3521.0,11.553264783716422,35.26763763153315,44.588489409010094,60.239451138384354
3522.0,11.911937536578115,35.371967482714496,44.285886445393345,60.29800647011971
3523.0,12.145963564724585,35.55374690819171,43.994988759893,60.27600904551524
3524.0,12.536211319429214,35.73404432739247,43.813483713652445,60.226382044583076
3525.0,12.713802325624382,35.68594921036103,43.72456986102935,60.210435750765825
3526.0,12.88552256734584,35.50424787712266,43.86125739899141,60.274634145852005
3527.0,13.189336372781597,35.56841405062189,43.78516248158133,60.28090444391259
3528.0,13.443682796942912,35.4727018884549,43.807453621856574,60.28449100295997
3529.0,13.45293429686821,35.27658899971128,43.923031224426914,60.286351162505234
3530.0,13.427803202619566,35.212911375175366,44.09456273617368,60.35971466143103
3531.0,13.492275444699454,34.938436570043656,44.0898205202512,60.37968267022207
3532.0,13.495269581122457,34.583563770237646,44.28179085858173,60.3989840314899
3533.0,13.626655008526587,34.23030712197942,44.29582366607329,60.38611205503163
3534.0,13.771527087010869,34.12964640051157,44.12526688244401,60.387319532591675
3535.0,13.854894415451373,34.11115280639556,44.2079026411255,60.347602052407154
3536.0,14.083488525785706,33.697699111467024,44.17927313452155,60.232510523598165
3537.0,14.517941495629213,33.616627216955145,44.08241463217777,59.92650230648704
3538.0,15.031514711987965,33.45323241889952,44.24832988976724,59.660245698955244
3539.0,15.602907290991187,33.21442447127277,44.45661354434677,59.36742488962837
3540.0,16.12127403201662,33.154946614484224,44.62654568865425,59.18558527435421
3541.0,16.853258678917236,33.24941310533053,44.605913644694425,58.943417480732506
3542.0,17.275321265829128,33.199883380241594,44.78129444615991,58.76910177316736
3543.0,17.651141640293055,33.126466813508614,45.05270651191676,58.685536803441494
3544.0,17.68687799408645,32.96330783790053,45.219687029186645,58.67812018032207
3545.0,17.423941675512346,32.96349218622961,45.4245092273826,58.66355333071956
3546.0,16.694753672821786,32.99403941955678,45.56245657503836,58.798698758496236
3547.0,16.173249440223415,33.08076717231786,45.65755815183354,58.95351386037163
3548.0,15.574169649019442,33.395786268078275,45.75153050744317,59.02451068358317
3549.0,15.013398957562476,33.62588548570566,45.84719700052075,59.11693118129697
3550.0,14.35720649933174,33.81213261731449,46.01648257962687,59.29248361261634
3551.0,13.899764071601979,34.28258727297517,46.04322083193178,59.362457457627116
3552.0,13.55733554936611,34.67364413272552,46.04949027691961,59.421557120377166
3553.0,13.384513392174961,35.00817750017339,45.66399461130827,59.478994451360556
3554.0,13.360370346611171,35.28961962667479,45.63165424729101,59.581449754265286
3555.0,13.739988278019464,35.352045222713656,45.48338196250459,59.625417662933195
3556.0,13.899038938009022,35.52722058845404,45.31613107620928,59.583785200988096
3557.0,14.075193178498822,35.44733185491727,45.142839127351245,59.602647389284975
3558.0,14.175052392899595,35.34016958441201,45.259070123389094,59.632685881689824
3559.0,14.28178060628896,35.03673080687236,45.4686232870172,59.67122050643078
3560.0,14.322552140870505,34.720810096264614,45.76951077506177,59.73107137817128
3561.0,14.282960532164083,34.41537977792812,45.852417421528685,59.679735375824954
3562.0,14.33358625217489,34.46927548242858,46.106224482590804,59.47409045390101
3563.0,14.374843357030016,34.776275468538365,46.04914695969164,59.312926093509624
3564.0,14.234627607656707,35.02393568420737,46.244468274839534,59.25574472740417
3565.0,14.168926183807768,34.907918392229135,46.45258993936634,59.15811088784074
3566.0,14.137716982578581,35.00019317834145,46.60212917976332,59.054256611919136
3567.0,14.304858388602646,35.05694600971664,46.661175520843194,58.85234096086303
3568.0,14.404438722037511,34.98910198263095,46.89519596238132,58.646033203421084
3569.0,14.494979752852135,34.877688592094074,47.02457773239276,58.517696805740904
3570.0,14.720298635394935,34.700277089374524,47.39883750347238,58.51541725958545
3571.0,14.947376103927592,34.13367973876821,47.55417255280098,58.666751057700864
3572.0,15.274978480582321,33.44155398238019,47.76080760369931,58.830031826235754
3573.0,15.427905699106319,33.12141974918735,48.06331655707003,58.96799145525018
3574.0,15.590100127033931,33.057142438558394,48.092430899530896,59.10270782365177
3575.0,15.504560568635661,33.04552875612535,48.19665231088452,59.1461175814
3576.0,15.502777867615407,33.07126454272838,48.37259781668042,59.339685605188166
3577.0,15.585119264461435,33.29849842475751,48.441096140792865,59.60709572463915
3578.0,15.69297303431694,33.56872624916601,48.57596468940885,59.79611601837143
3579.0,15.601978649209169,33.995182461125786,48.76654894029639,59.90817780663148
3580.0,15.43725855367139,34.484719851063915,48.94945404638155,59.96814470398054
3581.0,15.124760597906821,35.11318941124246,49.243630690559705,60.03686055441659
3582.0,15.167248387978653,35.37971951125755,49.33782566962786,60.118297065160924
3583.0,15.384526018284738,35.82612002984541,49.63703621378954,60.28487418933438
3584.0,15.665562136316074,36.100162288880945,49.91007201712964,60.595268149005676
3585.0,15.830106098588066,36.397954851451196,50.151526138031,60.79400984001499
3586.0,15.993842970575782,36.80612728722398,50.463262163630404,60.883808110595574
3587.0,16.080527240191863,37.026071280445656,50.93410955161795,60.99702958776823
3588.0,16.024653894198902,37.06531396560738,51.28901543734154,61.0362412460286
3589.0,15.98896202765365,36.87355156606705,51.65909271370927,61.09103274679359
3590.0,16.032987453490605,36.46968017567248,51.8195963429031,61.149459499656615
3591.0,15.735981398281307,36.13914461401566,51.8775285287745,61.190497849651116
3592.0,15.2823979562453,35.65087749082947,51.695530928585214,61.15774340574998
3593.0,15.055206245334656,35.25072858238609,51.523752914570444,61.0572767366498
3594.0,14.873736275954988,34.879047560194074,51.36424981487878,60.9950654786619
3595.0,14.680230574220776,34.39027115028411,50.93135220955314,60.908320830494134
3596.0,14.79258157725561,34.000280536544246,50.343070739577584,60.87750263533542
3597.0,14.815172285087453,33.82305090591384,49.83094449403453,60.9239921713412
3598.0,15.074535703465894,33.83718014593215,49.47190126529907,60.898237111646296
3599.0,15.470273333950047,34.04528198206556,49.256189280397344,60.86020468832338
3600.0,16.020824346853644,34.13904490270915,49.169663929578995,60.780907694537845
3601.0,16.412828916109056,34.3380742831753,49.540695789805135,60.741808913671164
3602.0,16.687879711831044,34.403427120525784,50.00184648034141,60.759933895427594
3603.0,16.966531738088698,34.33295260890347,50.35798924724254,60.80734433182524
3604.0,17.34751349629507,34.46292175578297,50.91690913446977,60.91008084375514
3605.0,17.397976996397844,34.47509564704169,51.52446946732131,60.86988324151266
3606.0,17.572779894449095,34.262773721849655,52.053792227656324,60.82256651279869
3607.0,17.46892170050578,34.23410635204552,52.546077536370234,60.87422376929154
3608.0,17.07817166886113,34.13936666968705,52.92134235435557,60.904945671121794
3609.0,16.68221050408739,34.30839836151084,53.230527332202804,60.98697661773527
3610.0,16.403032462047168,34.136707875864616,53.13421851660872,61.0805168988257
3611.0,16.104320833074905,33.93374792945485,52.84801362011811,61.1229309601115
3612.0,15.774809578291254,33.896937751664446,52.35847387022078,61.14035662208604
3613.0,15.231794699602915,33.84406380267932,51.8871213879963,61.16822101903168
3614.0,14.730140542259585,33.59308250868959,51.410568434107816,61.34449542201051
3615.0,14.478775310524155,33.5011590791243,50.9811409426921,61.51096047786342
3616.0,14.357036240604527,33.242356067864954,50.50157307703053,61.58844279686786
3617.0,14.510196233975801,32.963405127651704,50.22808905910655,61.643206418625894
3618.0,14.84480927698984,32.514837219993254,49.885713711525845,61.58256478789327
3619.0,15.171177717104632,32.065615481229514,49.79212459685603,61.43869979786807
3620.0,15.619160261965499,31.63668828892749,49.75247259767932,61.38612085179558
3621.0,15.888115029721284,31.162716986223533,49.92164942737381,61.2352810920292
3622.0,16.055023481516205,30.474286808231195,49.91316600095212,61.04233917404563
3623.0,16.053963420812313,30.154521934090862,50.056889406185576,60.88823321608169
3624.0,15.99687429538885,29.729477151562655,50.230630993199455,60.757853865016074
3625.0,15.684020247158275,29.472837388359352,50.25948699345945,60.624146454180874
3626.0,15.238758501642192,29.357675248926956,50.31540330070954,60.45104605146376
3627.0,14.72956128731164,29.45128185989503,50.4844472957347,60.260160026708995
3628.0,14.30295661321642,29.904469582006733,50.38497033015383,60.2291083061223
3629.0,13.701984838616173,30.43519902225136,50.14182913185125,60.22387408723892
3630.0,13.270819407173192,30.812112566161854,49.8762691153899,60.310937105714984
3631.0,12.963401371157495,31.278258875742026,49.76928273561277,60.38611432435742
3632.0,12.96963900192228,31.82336248870202,49.69309123658505,60.39817634524186
3633.0,13.03905111817254,32.375435591426594,49.539326078952264,60.349058388919126
3634.0,13.133868245278595,32.91456706668569,49.59560529585465,60.384416670452225
3635.0,13.194199695125924,33.37009746880462,49.412182542772335,60.512840559583736
3636.0,13.18387981872395,33.54800516658863,49.0309763566264,60.75465322272916
3637.0,13.356246606307783,33.61977601513667,48.64298253081469,60.902499294274094
3638.0,13.63308240292347,33.67427150996275,48.46266776438536,60.970332857889964
3639.0,13.733313850912332,33.74889133360237,48.41214586550048,60.974583428588744
3640.0,13.989068354637482,33.698729839875796,48.52109142051832,60.97928364743366
3641.0,14.086345202682669,33.48456895730548,48.35030792013718,60.88765718159017
3642.0,14.24362108568382,33.35355730281783,48.28557558073703,60.87086054631209
3643.0,14.681303686936563,33.14671215615877,48.293723264442555,60.792551854462374
3644.0,15.261796902721397,33.098578594135034,48.21640849772177,60.65373013570985
3645.0,15.708734568705188,33.10902018380424,48.286882571623146,60.561214525430756
3646.0,16.029684837137935,33.12624837285542,48.40604219918014,60.47004774809973
3647.0,16.15621155600545,33.30980777514802,48.535986816791834,60.360714696537954
3648.0,16.47413771507305,33.568966088513804,48.554756093426136,60.25162810577824
3649.0,16.62383487630607,33.74074396274419,48.46587862950711,60.16924641012985
3650.0,16.874781816749014,33.70903461469181,48.51190167942513,60.122091030396334
3651.0,16.90003993597022,33.717600152143966,48.62814253467923,60.02749385025104
3652.0,16.881607367637994,33.84588834961632,48.575252322276846,59.97842646439753
3653.0,16.532791572822546,33.855616802517766,48.64574833727298,59.926581548083085
3654.0,16.313122951228202,33.946251347674576,48.65039022920944,59.81862613248795
3655.0,16.05405817012947,33.85677589799683,48.68359545315994,59.72722181429335
3656.0,16.186799711012892,33.59701783160572,48.676751384589856,59.59779807692039
3657.0,16.334541396637547,33.415221942683644,48.51109029769533,59.48678078017751
3658.0,16.55708278658959,33.44583836641492,48.229319213653056,59.238676993613
3659.0,16.74690330145845,33.64598390733879,47.6667746892768,59.00304214215326
3660.0,17.250962258794843,33.4527437808005,47.010676467032354,58.70256387767173
3661.0,17.611474085491682,33.103278449479994,46.30324921019299,58.449681492375674
3662.0,18.17196132469759,32.80699701608578,45.7278027068813,58.25424407782643
3663.0,18.788255164063504,32.5649221769175,45.23662347250349,58.153012248518806
3664.0,19.489751806646925,32.36044798283166,45.12456547531965,58.122062616737125
3665.0,19.905777411172355,32.42380150399284,44.890982843029576,58.11673458792633
3666.0,20.146013798055527,32.373167913171486,44.82379333353365,58.146267883255874
3667.0,20.420810950758355,32.39083731347622,44.78963807253323,58.322931117125485
3668.0,20.54435810787372,32.328808021984514,45.14830660295023,58.485940849079626
3669.0,20.356896655288416,32.58632797223961,45.43221949734034,58.68554700155166
3670.0,20.192839606044725,32.94650521106198,46.01801970436604,58.788952727067866
3671.0,19.792202283195937,33.227498436849004,46.602282314591754,58.83516350622786
3672.0,19.114887477284164,33.47972555431837,47.253967540582906,58.781448830408664
3673.0,18.197776060532973,33.7776357321964,47.64488507189933,58.71892275192192
3674.0,17.43299729532069,33.778872280253765,48.31322474987827,58.64810422429984
3675.0,16.883593798026038,33.878215697479305,48.84045904840842,58.62202594992364
3676.0,16.408913731912442,34.13939666328238,49.44625351333633,58.63133572362321
3677.0,15.860752332972499,34.35737962261803,49.79338042168251,58.704380685429754
3678.0,15.157990393755576,34.48477398327996,50.18807373890708,58.84465977817045
3679.0,14.65736712414767,34.79543758572768,50.22795124808846,59.052775210378
3680.0,14.245728868207435,35.161651219223636,50.091403258354994,59.388652979813116
3681.0,14.069698899479244,35.36157439228211,49.87443457815106,59.67311739926967
3682.0,14.062073006642645,35.41220991984002,49.69007428227907,59.85762080686124
3683.0,13.759585839019723,35.4355974233258,49.25806857027436,60.0607158026042
3684.0,13.440865916959678,35.41864207703142,48.93050772390856,60.184124069909274
3685.0,12.930575609993364,35.07649393033016,48.532545944615066,60.30506105154128
3686.0,12.771193488070532,34.78581698644669,48.311196457118044,60.42030027465964
3687.0,12.980458549730502,34.51778276938974,47.86989837264671,60.50998108441353
3688.0,13.202323544140825,33.95659153256748,47.51746511422866,60.51596659584202
3689.0,13.571060835850725,33.20606406909332,47.32565843406428,60.394292944139586
3690.0,13.976075715734012,32.52078169629272,47.12863562124197,60.26596514618047
3691.0,14.381908516334196,32.08528235635838,46.741662189092885,60.15581426603767
3692.0,15.08851736914312,31.853875303683566,46.433594223394294,60.060866484943226
3693.0,15.523235273094953,31.602684172910433,46.23067118281652,59.97724401831526
3694.0,16.142733662878328,31.471634296171096,46.02644625311709,59.823124570966776
3695.0,16.374229903467302,31.55495323162867,45.66586868346889,59.52109570737382
3696.0,16.508430942193463,31.778109751959292,45.254984267160324,59.263584724165916
3697.0,16.663815152716577,32.16240068289241,45.02900166821579,59.017184328661955
3698.0,16.84330451975297,32.57021891246758,44.87143960500663,58.75320000354386
3699.0,16.983194823439774,33.0884920212388,44.815898911350196,58.47451149504917
3700.0,16.9553279639695,33.4771372456785,44.6753212561392,58.195717829097504
3701.0,16.728030243627558,33.64037685300933,44.520122233209015,57.90831301351738
3702.0,16.674140590372136,34.17965088745429,44.36876542784141,57.634428399601696
3703.0,16.59118164629711,34.82011712735494,44.15402796384079,57.32811294283139
3704.0,16.55011088090928,35.27353693300527,44.090406790708236,57.19989318689416
3705.0,16.39515796852053,35.63225125394086,44.15897031813867,57.11150106877342
3706.0,16.19017314126944,35.79673694807992,44.1384670927335,57.164767889577675
3707.0,16.043420933364672,35.9033701705828,44.07151680997778,57.2595022917458
3708.0,15.718990761204457,36.005739517295524,43.804041542128594,57.43647815568693
3709.0,15.529671472071172,36.159212055135434,43.9057472897824,57.55830889352186
3710.0,15.325038329739236,36.35769960114625,44.02667747042139,57.70673004420967
3711.0,15.465274980257089,36.282815345688405,44.140553947585815,57.850909498060844
3712.0,15.450433407989006,35.894114379249544,44.404959667286406,58.00897072850172
3713.0,15.565781785990596,35.524721744150014,44.50086946344478,58.147721499576086
3714.0,15.988876832308858,35.063691007622715,44.83287242191743,58.21163973395012
3715.0,15.974756867185501,34.56999851381663,45.110322732602256,58.18471284126663
3716.0,15.78229364630989,34.17784268979759,45.40805628954391,58.27629581336867
3717.0,15.915690039308329,33.877091076054725,45.70100434621962,58.38379806690744
3718.0,16.172277120550575,33.635519253287725,45.964370820077406,58.577741320879106
3719.0,16.554855387584556,33.52240539701488,46.12940332412584,58.784663164410745
3720.0,16.67149195440561,33.25430806824953,46.25701629856821,58.98918339344703
3721.0,16.87015262927081,33.284809540387705,46.260942753867035,59.23367121232571
3722.0,17.208768017574148,33.254239410577945,46.370942022829276,59.3614637550974
3723.0,17.233158492315336,33.143997287948416,46.37382322269148,59.44779046185111
3724.0,17.476165833471413,33.26919906725458,46.406997157206945,59.53874347693253
3725.0,17.89650768344069,33.40416368831054,46.193812363049695,59.524460326553296
3726.0,17.977417788459732,33.28163041955875,46.12382972767354,59.495297546553886
3727.0,17.747346070701226,33.30314887356548,45.94961362128224,59.457297773858286
3728.0,17.568759554541348,33.08292433208458,45.811926438799425,59.4190915019696
3729.0,17.374844172356855,32.94305162745387,45.69741991423662,59.41039967575598
3730.0,17.136993282435853,32.558014619308864,45.5530458386642,59.42330610287574
3731.0,16.600429316257873,32.24778482387267,45.431106318526865,59.512919610698084
3732.0,16.017277993249856,32.11717138134348,45.24209404211682,59.637427625453086
3733.0,15.830108568610672,31.96806249647822,45.17562266455006,59.73920362709848
3734.0,15.477569731308263,31.732033148974896,45.235768542272794,59.8103854501281
3735.0,15.328973520339913,31.641165781700966,45.14200453126451,59.89892265494078
3736.0,15.350407796497072,31.37613274479068,45.22991147366557,60.007714574495786
3737.0,15.231371225167521,31.36282503092595,45.44674212840192,60.00651469424763
3738.0,15.01019057247159,31.475001349782264,45.669329908458224,59.93966000143949
3739.0,14.86187539160349,31.59228396261167,46.11256524117648,59.84887929050853
3740.0,14.771990654048603,31.77558024694225,46.488098806956764,59.72657279313373
3741.0,14.855919701253539,32.00640972667854,46.97550733038296,59.595859875997434
3742.0,14.817710529515159,32.164442875601964,47.34935702728784,59.47231189643092
3743.0,15.080935321358263,32.49317533344556,47.71787693245648,59.414204624020286
3744.0,15.201891341050292,32.921069300739354,48.251535467705544,59.41987506591144
3745.0,15.297666181306973,33.34051620998039,48.71167501067861,59.43589124468475
3746.0,15.196333340229486,33.738788079775546,49.02710209763027,59.48772778910539
3747.0,15.168286169530587,33.93109928177289,49.29446847879299,59.5810293925784
3748.0,15.269764527431828,34.288253081768794,49.248823300162044,59.649135928449084
3749.0,15.395645530782213,34.61859625385084,49.249324391764326,59.664494731456244
3750.0,15.695969089431774,34.89822625785821,49.047544961510866,59.78176617556521
3751.0,15.89785443133813,35.34066381104551,48.98998132946143,59.83854088551605
3752.0,15.889115666540917,35.703820573496884,48.98098957936827,59.88258550809729
3753.0,15.999416956610746,36.0734077818325,48.920485833612794,59.83199655119062
3754.0,16.025843195861555,36.30759364305314,48.81298414317246,59.83072724992933
3755.0,16.339475527004712,36.57444808352261,48.702465809118266,59.79042083814048
3756.0,16.60694703778819,36.975162715128285,48.53568834446368,59.726461691985904
3757.0,16.670321488553505,37.66967364595528,48.46029814888334,59.6871237161292
3758.0,16.837449312305537,38.02665239538789,48.3183581652132,59.71967968848405
3759.0,16.829407631565342,38.474104210611536,48.21016775121771,59.52792620560131
3760.0,16.675826304255637,38.78916480969603,47.90223295863597,59.41811651356989
3761.0,16.42508779140191,38.94147794803625,47.785680259946936,59.300080082547076
3762.0,15.983273971492181,38.89958085958024,47.499606851314695,59.18472481872163
3763.0,15.725892329669197,38.95271691028884,46.83055705153589,59.016830158014926
3764.0,15.474165877362521,38.93979652017677,46.34793376179879,58.84580359940531
3765.0,15.308745874190846,38.627496099435035,45.89419874570897,58.697114383763946
3766.0,15.268793668728142,38.06476940795251,45.38573728811142,58.51599018932759
3767.0,15.289719075417462,37.84306873327714,44.87452807422214,58.411552196200944
3768.0,15.268582620262475,37.471156099494216,44.39982334884237,58.49939675769749
3769.0,15.159201303814982,37.226988924821384,44.01282644073387,58.457544720368276
3770.0,15.1890693089157,37.26529322638486,43.474222544323375,58.40405161898743
3771.0,15.339144501129606,37.345505481442686,42.9534257706282,58.401817886249816
3772.0,15.432549358039825,37.41527012715205,42.71848422264156,58.35544622712928
3773.0,15.501181410856152,37.79170135615559,42.34693755845579,58.364315516079714
3774.0,15.470904930531667,38.32366447665414,41.91226153736635,58.39516450132606
3775.0,15.476333720965192,38.12000372464766,41.58113210376203,58.50146473329183
3776.0,15.494078766873926,38.257931142102194,41.406274245218825,58.43860629922756
3777.0,15.78545074624741,38.34472803636606,41.23205875156254,58.45150873743829
3778.0,16.450958814558156,38.16489214937687,41.05965888141047,58.58108737060333
3779.0,17.119619744787876,37.852031044495526,40.856898832429984,58.6961062949014
3780.0,17.521604930011645,37.61594534963447,40.76131225503046,58.716153225816235
3781.0,17.873997121195707,37.3253423925861,40.66970673876125,58.81239008129877
3782.0,18.236027666104896,36.85266700723781,40.70142851010796,58.87155486505905
3783.0,18.732286986390886,36.5022800623638,40.750633730444875,58.88436038963847
3784.0,18.927916082598053,36.91471250877137,40.747856081717266,58.838271926737505
3785.0,19.07667955897675,36.96251959097674,40.60245146878398,58.93035134971849
3786.0,18.792696715780824,37.09837357941341,40.666403540978905,58.882522464321305
3787.0,18.31293146700003,37.25867953238004,40.60868864775522,58.83823952332099
3788.0,17.85318262657612,37.364307148167626,40.54492776135364,58.80385814409139
3789.0,17.849930320524408,37.637893963833854,40.611975246705235,58.84546308668118
3790.0,17.822969094504217,37.823406976640975,40.74215070636073,58.88409175561478
3791.0,17.709571985201777,37.89123419302046,40.78529529541268,58.94794522061885
3792.0,17.265853822949044,37.91405227943389,40.84605498629117,59.025180661753254
3793.0,16.78256482663722,37.55318071922552,40.984526986618775,59.06332989154595
3794.0,16.478658158459996,37.3125374765926,41.144232165981904,59.054544850891666
3795.0,16.395882277005846,37.15792606464442,41.308588985477016,59.06115407848692
3796.0,16.116132977686746,37.23658497990829,41.76698462027263,58.98930347186462
3797.0,15.849813354590589,37.27486128479491,42.24300952663094,58.943944407323336
3798.0,15.60635565297956,37.091109335850575,42.62208396665901,58.81587515384163
3799.0,15.701530669860052,36.989930111045226,42.989708380236465,58.648313721569515
3800.0,16.040873130391812,36.8053913532832,43.51671889091844,58.52243841098128
3801.0,16.593304132423487,36.67133635320747,44.16508089904735,58.46899749109711
3802.0,17.240443331623855,36.756446152493226,44.91687190211207,58.417500907577306
3803.0,17.495611212408416,36.664218814951155,45.65233351459872,58.3927866506234
3804.0,17.61390779722511,36.50759294044127,46.32562863386986,58.41322735550597
3805.0,17.84036967259406,36.04532361109986,46.78786684886402,58.50141542652932
3806.0,18.03054961940434,35.68693273728934,47.30826764257418,58.692049044974574
3807.0,17.939424491108397,35.350629145239914,47.88409667119452,58.934869318747175
3808.0,17.580478769666435,35.18466024791674,48.58404518682155,59.15423160347106
3809.0,17.017112021271956,35.12907686700081,48.97135506720231,59.32201619426007
3810.0,16.437281126476243,35.05183761387202,49.34252244620121,59.44101600364099
3811.0,15.983022203254697,35.11425957830174,49.5489782204595,59.60149246959471
3812.0,15.82599701661765,35.238273249498064,49.86397068688579,59.69374959794472
3813.0,15.663136390669402,35.28429253228889,50.013202677631206,59.70395467668184
3814.0,15.75792282990433,35.40125268244215,50.174902413948644,59.70457199570376
3815.0,15.865152168906555,35.48750001245681,50.13986158793444,59.5327671207709
3816.0,16.124384313867477,35.44048394286631,50.10322476663046,59.317633240663696
3817.0,16.281678803516456,35.22779127694776,50.03149960889537,59.06453351037383
3818.0,16.401972298946504,34.91973936383651,50.11493206344691,58.88782332384794
3819.0,16.59240376689735,34.64854443658679,50.17553858531581,58.79751055612801
3820.0,16.78709610617958,34.37115317970016,50.31925900948533,58.77081369048819
3821.0,16.90273308517261,34.04946313829228,50.45372278370702,58.82646865439525
3822.0,17.052452275999265,33.85413660485576,50.71418658400029,58.99151511209368
3823.0,16.989465520641705,33.57283046887221,50.92605685689171,59.15984406381324
3824.0,16.97570863049349,33.53076698625882,51.29459493637968,59.317514943429906
3825.0,16.709034094343938,33.342256344890046,51.597321705445246,59.48002598387872
3826.0,16.498675622679347,33.129920597814824,51.827723062792515,59.62418399789732
3827.0,16.371052987336235,32.99139910615071,52.187993937341666,59.66252006226485
3828.0,16.254374735797207,32.69260195855231,52.400095710146104,59.554120020226605
3829.0,16.30863226083635,32.437490760342314,52.840124855230634,59.373981654859385
3830.0,16.37938303980261,32.32456104411419,53.3135318226141,59.08839260812805
3831.0,16.604811089867695,32.1738616003487,53.6862832937869,58.83018503599019
3832.0,16.686442105285977,32.105014063554954,54.05593009802941,58.601835420330296
3833.0,16.76520530222069,31.731215701369,54.056133658282775,58.4489752028555
3834.0,17.127418156285188,31.50402589387697,53.855544286955976,58.31165322263643
3835.0,17.410806895367777,31.43192706179795,53.59745005851112,58.24184934410823
3836.0,17.68394297721362,31.30181313417249,53.028524427194334,58.32072191453693
3837.0,17.902388178345216,31.498257152022465,52.530120191792385,58.46329816738576
3838.0,17.87552055592881,31.59825052904634,51.82262118909809,58.64382979608476
3839.0,17.738639707707442,31.795217358324464,51.106457069298465,58.85559757775415
3840.0,17.341040283186004,31.967254820136798,50.42900583661937,59.03116245369669
3841.0,17.172495508785385,32.22307698610328,49.77516071125275,59.14343853625792
3842.0,16.936672243219796,32.46353485620669,49.211864252866135,59.28388070425897
3843.0,16.779505806264382,32.680975828530144,48.86699739236029,59.36269244073254
3844.0,16.757579338314095,32.978306967370166,48.53829018979175,59.39221552471715
3845.0,16.676995518002332,33.402130100600694,48.05759746419373,59.39022185080762
3846.0,16.635761309898232,33.75794053114722,47.49488083460899,59.3078467113055
3847.0,16.534045702821587,34.19265543581705,46.842242270715396,59.20518518817469
3848.0,16.52113676275182,34.469289537277064,46.130762555381395,59.078175646663276
3849.0,16.767001380545043,34.61193129055211,45.594128669501835,58.763521327718635
3850.0,16.76839575193737,34.69314462471655,45.08467900698397,58.44808986723316
3851.0,16.653244615773012,34.6848855640824,44.59598761002631,58.07262569950074
3852.0,16.274795076889284,34.91056892547238,44.060236739334506,57.80451290357017
3853.0,16.033799442541866,34.87131880735735,43.41615942598817,57.50185427883071
3854.0,16.002966364057883,34.76957182313613,43.24304764431448,57.21078856369611
3855.0,15.839870733483545,34.65920634902976,43.19586626724305,57.05120706689907
3856.0,15.858762186746242,34.45574035776174,43.110404869227615,56.83925000665774
3857.0,15.933736266906037,34.27483867493745,43.02670188419664,56.704744384186135
3858.0,15.888707936176418,34.171151891211686,42.69492733453595,56.68168965737992
3859.0,15.888638792611586,33.91093519790598,42.425190317321665,56.69735910787041
3860.0,16.030743812923312,33.857987789520635,42.323494788793916,56.695762193900265
3861.0,16.413925500993813,33.643523626815664,42.373754867943,56.706372397264936
3862.0,16.360536175431363,33.52665046637013,42.517608222153136,56.90051163484108
3863.0,16.219290764710372,33.5507074824692,42.50477139712752,57.0610973049796
3864.0,16.217768991617238,33.47212486225865,42.5006704295495,57.22258952619955
3865.0,15.852848666558288,33.55443764586795,42.60430924768812,57.453465446957296
3866.0,15.600146578968843,33.782866779510734,42.70421134695396,57.66883119608856
3867.0,15.565554167519213,34.239506801988846,42.88987280553234,57.92262528077375
3868.0,15.64624638632962,34.79313954789578,43.09164027252292,58.26333512722138
3869.0,15.739184646972765,35.27933188337557,43.4697154307066,58.5913542813724
3870.0,15.820126156321885,35.57787133239469,43.855086858605226,58.85720072199015
3871.0,16.061863876995968,35.94826194145573,44.22510557838688,58.95246446319803
3872.0,16.178257155038516,36.417613902146755,44.553230578592654,59.0466570383302
3873.0,16.252431427903073,36.777416197964676,44.824864795512596,59.17454836222102
3874.0,16.816638894980418,37.07659927243638,45.29356076237147,59.29315158833792
3875.0,17.186139105673966,37.10794222483617,45.74893094857786,59.384211888389
3876.0,17.362208688877367,36.947702102311965,46.13563168462056,59.47437602523141
3877.0,17.576040324511734,36.90948337561186,46.560776677804405,59.43583334429749
3878.0,17.804927661622163,36.6253008850838,46.782167539693575,59.47308489863779
3879.0,17.747390753273173,36.66027874879192,46.84492070195621,59.58508343954134
3880.0,17.825411909759335,36.45184536652872,46.88548503562706,59.76861828874864
3881.0,18.118833127317917,36.05914447513827,47.08969071090403,59.92039417173521
3882.0,18.322454245959815,35.76986292708533,47.36782996654888,60.052882427606335
3883.0,18.251353750681893,35.49209184906811,47.302895505569936,60.10797869264931
3884.0,18.072948927172217,35.30679688550627,47.08636439395876,60.276996976836294
3885.0,17.823581358958094,35.052235712117074,47.0932216046611,60.42141842703673
3886.0,17.788249664556417,34.737950639600456,47.14164371827329,60.631422738799216
3887.0,17.59936962480188,34.64069301952546,47.13193870277991,60.7995520619044
3888.0,17.69065120685757,34.520959208546586,47.103388546897406,60.99096998277596
3889.0,17.862933539176222,34.68452470935219,47.22042382507728,61.14701907094224
3890.0,17.762019553482773,34.661947111376136,47.26957180757791,61.31838065170031
3891.0,17.74773213755766,34.708531016377194,47.08867629400934,61.48114556655777
3892.0,17.69355504572564,34.76737444419262,47.00638318788149,61.73399908515074
3893.0,17.79044032719272,34.63810585923355,47.18373565842174,61.8978681620136
3894.0,17.7900680324495,34.67405561017688,46.996326179427506,62.033046795989335
3895.0,17.55765006993574,34.66168161517748,46.9191309677359,62.077369198380204
3896.0,17.500186293583944,34.73083739827995,46.83308432068217,62.06274435685056
3897.0,17.370154427642444,34.86964266505385,46.6427532723846,62.015116066354715
3898.0,17.118340571688847,34.90135706037379,46.38153437408672,61.97560385787584
3899.0,16.994665138203214,35.06621588841871,46.063808046395586,61.890466015674036
3900.0,16.90436842660219,35.00885375721524,46.046889959765,61.73081981365533
3901.0,17.073022126089118,34.65356099283593,46.11899790955026,61.538570486787506
3902.0,17.18229267873273,34.35687113301954,46.14226266055081,61.33354913031703
3903.0,17.65837876462749,33.97620544509819,46.41347408750286,61.11755581665332
3904.0,17.9012840290371,33.73768688011894,46.55132205723591,60.967106366122216
3905.0,17.885299377014423,33.62592578173684,46.73320184590269,60.87714986293914
3906.0,17.861085738499014,33.36079545264399,47.1258983158778,60.78072237535337
3907.0,17.68836250417174,33.31620779165858,47.551204177844426,60.72504657653934
3908.0,17.505769475310338,33.31136647960447,47.65549577533452,60.69870982385472
3909.0,17.13394317510248,33.39100788161238,47.59713400418384,60.70438420259736
3910.0,16.493525637754473,33.85905389941662,47.677479452583064,60.6568404905284
3911.0,16.148881555409933,34.30667026731901,47.73780797295647,60.62835433236281
3912.0,15.603613990307561,34.524148051355844,47.76916788959303,60.58271280444051
3913.0,15.520638689536607,34.45444106127762,47.74641579543809,60.52284003224798
3914.0,15.690029559171139,34.27771155138336,47.689109910743426,60.488188517409
3915.0,15.926722480872765,34.458710585191156,47.61859486792904,60.33111048752196
3916.0,16.224389447175348,34.36345466859784,47.56779604554636,60.12472008519198
3917.0,16.60266955241557,34.28437394894485,47.65692617116089,59.95843874667935
3918.0,16.983113299478486,34.35563490010282,48.05006593620388,59.8553366641477
3919.0,17.73731714947809,34.08568295407179,48.445442404020625,59.78013969097742
3920.0,18.205439039057918,33.75409980600402,48.722524886498356,59.73993676997364
3921.0,18.608150254037703,33.7126584818095,48.97794273067932,59.71824958219569
3922.0,18.756142884563662,34.12934557555524,49.224033359314255,59.7182073194326
3923.0,18.73778464639563,34.58792666012927,49.561629793585794,59.69842946382229
3924.0,18.7308599009262,34.64916702853732,49.970914469426376,59.73242828609408
3925.0,18.967796754221528,34.911146380935776,50.19251917325255,59.74472353097724
3926.0,18.96698052323432,35.048719709991836,50.6553174244657,59.708107733047584
3927.0,19.04247248438691,34.9109847384225,50.87385867613311,59.54801006659341
3928.0,18.74760299843252,34.92954251563178,50.80455819531305,59.422310843856586
3929.0,18.324272496019766,35.02342523174841,50.851546033036634,59.307355184292575
3930.0,17.895175896214838,35.05777069606656,51.12080116314012,59.199963526144494
3931.0,17.50641349384694,34.800167414133206,51.15030161559106,59.03949850973456
3932.0,17.20234170256706,34.42518444951286,51.130554587037565,58.85781268040748
3933.0,16.87415553821681,34.266510826872086,50.92716116188919,58.68303596871094
3934.0,16.188123242512685,34.04027240464426,50.93795011772368,58.52082984398751
3935.0,15.55362349429517,33.78701203575215,50.86952837190172,58.279730114910826
3936.0,14.962180935361669,33.73095149735578,51.00348585166795,58.11824545615331
3937.0,14.690569018895602,33.50015672776876,51.32417181081121,57.90632300619928
3938.0,14.667242383487405,33.52477451994501,51.706466256985095,57.739845665757464
3939.0,14.824556415719085,33.71367408436707,51.84633311621526,57.67832384950754
3940.0,14.962788696308335,33.99652587084354,51.99273641059338,57.65604983349133
3941.0,14.920003291644115,33.98516489049746,52.24867076319209,57.67097536848431
3942.0,14.926886338864426,33.900590751898555,52.44340675366321,57.725187850474875
3943.0,15.080133337649395,33.706874789985285,52.66080218440752,57.858621317636796
3944.0,15.550269732005395,33.772494538993136,52.75391528930186,58.119485084600456
3945.0,16.145231069250116,34.03081813660637,52.55830920511759,58.29399738789624
3946.0,16.604509899821775,34.045049516122546,52.35395582069159,58.52413934363388
3947.0,16.971463226486335,33.81205333374329,51.90449908459818,58.64229784780816
3948.0,17.215317656791747,33.48523974244394,51.67184470424859,58.68137010300944
3949.0,17.55021106499878,33.28655009187979,51.80752789400099,58.692678722380194
3950.0,18.081184046873748,33.26537426522386,51.42980166549136,58.702354744474846
3951.0,18.40464902124539,33.22624011091801,51.46256244565705,58.64035934819506
3952.0,18.770191210616503,33.36138308106764,51.05616126430954,58.550526693468456
3953.0,18.96414741758045,33.183348721283494,50.68370290551174,58.46276129645983
3954.0,18.95014679551835,33.117709426207014,50.70743224224492,58.39368170045633
3955.0,18.8617584677073,33.300338845778796,50.70494549063666,58.26584184846939
3956.0,18.694662127467893,33.566314117265286,50.74819729420409,58.16105197831118
3957.0,18.349659871081162,33.75558439699008,50.519038093373695,58.177434171383595
3958.0,17.769876247663266,33.85751155365498,49.950186850825986,58.22442350638362
3959.0,17.118122812480333,34.16201865358799,49.98950120838483,58.25931840763781
3960.0,16.774547201220816,34.54104889089831,49.72590160882058,58.36414199587875
3961.0,16.428691991405103,34.92848809204054,49.79487642902712,58.489228983975636
3962.0,16.120034371831547,35.575731987508654,49.71227024776425,58.6242851811472
3963.0,15.758231388979716,35.989506239504465,49.25102320254784,58.83902792118775
3964.0,15.263913048499834,36.527766303296936,48.60469935174933,59.07785187926294
3965.0,14.809095597372604,37.015989176718946,48.029405583762454,59.368537460067884
3966.0,14.326093663398822,37.52294229169913,47.56211431683805,59.538406125145094
3967.0,14.196864438698158,37.91090191877601,47.06740310786188,59.72743410154916
3968.0,14.152033959986216,38.17603612499626,46.63022087384424,59.81926851391486
3969.0,13.727244405833085,38.300073531854586,46.28676251129347,59.885829597735004
3970.0,13.32307153332589,38.1732158289784,45.865137562245934,59.89909806764808
3971.0,12.853049793347724,37.792984352209324,45.54645808968166,59.89300626437636
3972.0,12.507155947190515,37.531648944572424,45.376689706727475,59.841382134045666
3973.0,12.294928451286715,37.30045693960984,45.32311139497345,59.86018656558618
3974.0,12.202760143930718,37.25144922663092,45.29803050400678,59.849474740902856
3975.0,12.446483587106108,37.35167336601267,45.389822813503514,59.810551110044756
3976.0,12.292269318343369,37.62728643285216,45.67411931043117,59.75864151678525
3977.0,12.143803152542693,37.82822932544439,45.87799187613047,59.813772933821156
3978.0,12.27071933923669,38.062453625056015,46.246392186287956,59.90567684973054
3979.0,12.357422137162777,38.42332712298434,46.720853016029224,60.011371968717214
3980.0,12.437933798915509,38.871915673714,47.34157381758341,60.06176050398081
3981.0,12.698638468552414,39.117978933536236,47.913583998246935,60.09058104227646
3982.0,12.941339388153017,39.27642604605417,48.50485288689519,60.101735962029814
3983.0,13.087410925962972,39.41950976437366,49.05255743757639,60.08323820943111
3984.0,13.161531336115598,39.375548855470335,49.432494836903764,60.08863870053288
3985.0,13.40742937752347,39.079177924022936,49.945023809007786,60.130853000184004
3986.0,13.845645260246933,38.878500715163675,50.19746864404505,60.188561299186354
3987.0,14.090456220622906,38.59196548175566,50.20236561174228,60.23414548738958
3988.0,14.41679701003246,38.180695831847785,50.33639279086348,60.297317845616796
3989.0,14.658331098274001,37.62722501257506,50.40921940957579,60.394642945657715
3990.0,14.937064208993029,37.20929786256321,50.3180834451357,60.48459299759443
3991.0,15.288101726685388,36.63118402900845,50.05572193718859,60.57075582108838
3992.0,15.737184744079142,35.90443848821852,49.8688471302956,60.610683636232295
3993.0,16.226116993177374,35.18931723012106,49.64908761976091,60.61975382303026
3994.0,16.700315704376507,34.57138864702603,49.37681222357533,60.547754537915765
3995.0,17.020729602547203,33.89584135590194,49.155428970613244,60.418223899372634
3996.0,17.57053437286401,33.419811653341036,49.16701540906599,60.28233806084539
3997.0,17.91691444322602,33.17170129628343,49.03907822798735,60.167274352772
3998.0,18.343207678469774,33.15204165695589,49.03205314194349,60.048476155775575
3999.0,18.43427697220183,32.99552529215355,49.071517674367065,59.922672524331624
4000.0,18.502217324551943,33.17200174649477,49.33781066713438,59.78999147946815
4001.0,18.503782940960523,33.56123810056267,49.61646114278607,59.68653909660919
4002.0,18.622738148238867,34.086163937430356,49.90169823610812,59.62386344346941
4003.0,18.780272341105025,34.74815984913189,50.05973600478067,59.606699313342084
4004.0,18.939571642326605,35.54409369588485,50.17921155032621,59.636104031304335
4005.0,18.65110067822703,36.05479109055342,50.18571259115332,59.630420845358344
4006.0,18.415046251524405,36.41764596573453,50.16840967356724,59.642390523265775
4007.0,18.330304981582568,36.74815503494835,50.0747735217489,59.66938209495469
4008.0,18.469558531875602,37.30932059225545,50.24768383204651,59.67207309534627
4009.0,18.692279807455222,37.79750983534662,50.11577196164951,59.68797252917119
4010.0,18.910758354717565,38.02718964312205,49.76712824556535,59.748315988634126
4011.0,18.728082796923037,38.11345089122139,49.52329752236634,59.82556958713278
4012.0,18.40969960022165,38.0900806718539,49.252898385106946,59.856807742658354
4013.0,18.00370326335264,38.106541903103235,49.04161156330159,59.88775994654473
4014.0,17.806981725058073,38.367981436163156,48.85653870906941,59.87077189948513
4015.0,17.739709923365808,38.715403563381116,48.467128259190275,59.81492304681798
4016.0,17.569050883334743,39.12558301589608,47.991935612639516,59.765349195514574
4017.0,17.341837745090753,39.136154959574334,47.48037457554293,59.751475468816146
4018.0,17.087875136918758,38.971510187651674,47.335974923542295,59.71539666811588
4019.0,16.904652515139688,38.833720516793136,47.25994061795526,59.70941088576371
4020.0,17.03169193470956,38.65754594830166,46.989703169429234,59.745869512566486
4021.0,17.168486917515402,38.640657457271246,46.93603029154672,59.70193676066821
4022.0,17.459135841687672,38.50797132448762,47.05529986084907,59.597549008232896
4023.0,17.670578580298024,38.261825112661505,46.944504057174754,59.66479805328279
4024.0,17.887059209581828,37.80132321089178,47.005335402072454,59.72041530945991
4025.0,17.921696781185812,37.08493314075611,47.21512140309258,59.758949795553
4026.0,18.03841012643218,36.60072381293204,47.13403820802605,59.77242798752447
4027.0,18.28038469140961,36.20920176455204,46.79842700391636,59.73657138877716
4028.0,18.33088796058676,35.89674159753763,46.608786802973086,59.57561040208125
4029.0,18.267957242529196,35.67200854947897,46.66617339523513,59.33838824156843
4030.0,18.21903804085623,35.1605856751682,46.564326860515486,59.28377591038494
4031.0,18.009367398911483,34.82268145199939,46.394725760296964,59.18026165715616
4032.0,17.898920585419113,34.51585891803438,46.30749328699176,58.95407295217446
4033.0,17.664834147416478,34.393880592556386,46.361950833687246,58.83671554683542
4034.0,17.681489187481027,34.16238107795086,46.29936819360977,58.74847946825436
4035.0,17.661670015827884,33.831606538542104,46.52559752720736,58.75985042516825
4036.0,17.529638199758963,33.43760739499004,46.95475316152772,58.831810666044575
4037.0,17.404076477284853,33.11240133669866,47.489345995087454,59.05830432191455
4038.0,17.251107816741733,32.64944920705884,47.80081299259054,59.2478402200974
4039.0,17.198963670711308,31.79388674333195,48.17336948982272,59.39037872608708
4040.0,17.226250183604932,31.409699937914276,48.55045231047012,59.545623541220806
4041.0,17.53867403955252,30.92962565201527,48.88387794025936,59.7801598988636
4042.0,17.92836262847422,30.659180393104712,49.09080743834205,59.886427525850465
4043.0,18.254968022415355,30.488258472027535,49.30925964994427,60.014360331505685
4044.0,18.628445595742342,30.61525645051137,49.31308400041047,60.12506317061107
4045.0,18.75816982701005,30.92453460398409,48.99932766725616,60.235820988298016
4046.0,18.814517248609945,31.261964370953905,48.43973991594986,60.19178104558706
4047.0,18.852293343127887,31.756038925213662,48.00395127752724,60.14915375912095
4048.0,18.980613481551437,32.92555148136142,47.478999858943254,60.06584632459941
4049.0,18.793632685396947,33.54944971288741,46.89869735464756,60.07618003621717
4050.0,18.241606176569736,34.31777851940359,46.36591802680463,60.02443290655692
4051.0,17.72539502707609,34.98328865807821,45.79924948642857,59.934696018238924
4052.0,17.11361803900146,35.68170072794412,45.36046822663322,59.814049688718875
4053.0,16.259986571381635,36.153615005995356,44.91939920706394,59.65786474001921
4054.0,15.591267359466588,36.64065247806763,44.902205695425614,59.502080155568166
4055.0,14.959134079127843,36.94831039080481,44.89264011424279,59.448237816432076
4056.0,14.398838115660915,37.269994404869294,45.028505470626,59.49129715020165
4057.0,13.859610234672786,37.34912579228178,45.31367516837542,59.611913409895244
4058.0,13.763653208325742,37.46913154607343,45.53396988578569,59.77503617878448
4059.0,13.959844451537373,37.535803830550364,45.71488271512664,59.876947047228704
4060.0,14.166063044198971,37.34901339345236,45.82395566155986,60.03189595225516
4061.0,14.61529618725232,37.194243300142965,45.72270982959826,60.20637503200482
4062.0,15.222272035257426,36.804545122398736,45.82059261412018,60.37324556196893
4063.0,15.846250168818761,36.261769980170605,45.7007946255513,60.486728605202416
4064.0,16.613526538885708,35.78455209815961,45.308107590274815,60.61952395610342
4065.0,17.241123867460495,35.53337804155706,44.814782031513325,60.662567667479834
4066.0,17.785104759616473,35.49489689656405,44.22829938665746,60.67242422530874
4067.0,17.974579260827678,35.27107160316921,43.833816264722294,60.656231421711645
4068.0,17.610556946745895,35.14380135439415,43.52810001922902,60.721474996850475
4069.0,17.113171491108186,35.21099856066233,43.32577116905569,60.792048475623616
4070.0,16.39138036595556,35.23554077957398,43.301431848487944,60.81114529560645
4071.0,15.58819826772938,35.34474919955522,43.020650128889486,60.83082520323572
4072.0,14.779070627871523,35.41635219991091,42.67854945112973,60.83700330438295
4073.0,14.160656069506116,35.592255354643896,42.674817775617285,60.763868855254785
4074.0,13.656275392507006,35.479869500314564,42.77559602134299,60.6256937330859
4075.0,13.13769283530911,35.465139962535375,42.8825078134552,60.48643324039061
4076.0,12.842122733864834,35.32354733381148,42.78433412530438,60.17685362358402
4077.0,12.856451915533913,35.01149661487656,42.56685569428352,59.897283091508775
4078.0,12.95263837554494,34.783688478997114,42.45449786050856,59.64610086967326
4079.0,13.110392792056892,34.606962983653546,42.48419980289798,59.437596077222835
4080.0,13.249627380718316,34.733962097235896,42.54567832701731,59.34662621001215
4081.0,13.172196635922367,34.702542424200786,42.68316287127906,59.2964306717738
4082.0,12.926502170702065,34.394445734264345,42.685574028437586,59.32668410898525
4083.0,12.700654745313416,34.004238552989854,42.3954223159322,59.44152368646335
4084.0,12.512875169285001,33.38322344840127,42.16540411886795,59.44121129333476
4085.0,12.189917218807052,33.07816528424164,41.92030391540279,59.590661456783614
4086.0,11.932887701910255,32.79099839681915,41.80486130301166,59.75729686359252
4087.0,11.75095161414939,32.48076903550758,41.604726190752324,59.90488021811721
4088.0,11.613157129822163,32.57829790269285,41.4240470140115,59.94073598495706
4089.0,11.668318077181894,32.38433748578904,41.30955620546907,59.88105505057868
4090.0,11.940875973467563,32.45829288270692,41.32406067343436,59.88389982436865
4091.0,12.362897189944574,32.64824068607758,41.586755542908136,59.86312910656996
4092.0,12.691955900513642,32.73371018329065,42.088331150042514,59.833691793549775
4093.0,12.92301514957286,32.94016106814586,42.648829252250025,59.909663966926765
4094.0,13.176282629001923,33.161770674608846,43.2497956855567,59.976922643419485
4095.0,13.676490805967749,33.52913917278666,44.03151232060296,60.01988380957306
4096.0,14.19333960172714,33.79684727062154,44.70003713965889,60.014749064935465
4097.0,14.508342034671422,33.766232819074006,45.26359021577854,60.11710594257786
4098.0,14.841803470499247,33.790779830109734,45.76699384517064,60.24962119435268
4099.0,15.163044224994799,33.68522565900184,45.96381943033066,60.23032911441622
4100.0,15.333942502375693,33.36871708810354,46.08477372419741,60.22964873564377
4101.0,15.629254170370205,33.33471298059988,46.25881624467413,60.25213739673671
4102.0,16.01620508020425,33.20145935529492,46.31467715112228,60.24657634000327
4103.0,16.45876979602193,32.819408122168085,46.285859704757186,60.15105040419256
4104.0,16.717554935592922,32.566822272969844,46.24403270868274,59.99099472148792
4105.0,16.80212046509767,32.293259667132446,46.338087505333746,59.9622730515522
4106.0,16.95930599753023,32.15999331540319,46.27920176289361,59.91049236820044
4107.0,17.060848464431714,32.15316117786877,46.33402741669637,59.850390651827766
4108.0,17.19861199253002,32.18572313558622,46.589589808463735,59.8523736668474
4109.0,17.258973146856363,32.2808984834851,46.96327678233807,59.8146855897356
4110.0,17.18254745874945,32.13824572415847,47.21700953586039,59.85010648321395
4111.0,17.25471842506138,31.822559147960185,47.39704333288736,59.92147162937616
4112.0,17.28570758782555,31.612700142812493,47.751571242067335,60.057596323282716
4113.0,17.34012615799532,31.24802955109913,48.04684680288031,60.12120414925215
4114.0,17.60618626464453,30.931332324312372,48.34826884893227,60.17610095786648
4115.0,17.715765644461808,30.5003446782008,48.69180426288292,60.241561928776264
4116.0,17.532228946111882,29.89166619685175,48.886108506991484,60.2321608760174
4117.0,17.311852253262863,29.38915319993511,49.026407066156985,60.18229139656357
4118.0,17.232477625542135,29.061474124289045,49.27285465081288,60.1236791080594
4119.0,17.37112049048417,28.93741649624557,49.526083244822715,60.02809828727257
4120.0,17.43219475879482,29.07908227580058,49.80576775846022,59.88434002294258
4121.0,17.55452933544722,29.246198756256913,49.89694529427237,59.84504753307886
4122.0,17.370529933472664,29.205652675508063,49.99411195259094,59.95152047736042
4123.0,17.204009562461565,29.12381110676779,50.12346294061844,59.89925365000023
4124.0,17.281515566979238,29.02938273319743,50.27665592551945,59.85809832300322
4125.0,17.659893425556184,28.95537404260239,50.39282663016544,59.80438484157937
4126.0,18.00110660041662,28.937392954881677,50.49748046181467,59.840334913044714
4127.0,18.110636348975184,29.005266512149714,50.21142590370449,59.93783386539413
4128.0,17.960488815676456,29.088176079736975,49.90221898782486,59.96118069923028
4129.0,17.521335126795236,29.07322896710287,49.598044046046525,60.03484381052316
4130.0,17.051370901640645,29.07907639273477,49.23073429579718,60.00280505415302
4131.0,16.880284102571512,29.21107133392126,48.72440582806758,59.87933171135239
4132.0,16.56479709295558,29.351958230040683,48.02712106543557,59.771978770842
4133.0,16.10791925716548,29.299094471998018,47.23464500379361,59.60421396161824
4134.0,15.594879183578415,29.249713561341927,46.52428952755646,59.46733798302092
4135.0,15.09946866512489,29.188914020611346,46.055976549320135,59.319982157778746
4136.0,14.682357321647462,29.132583351674448,45.94108980361585,59.192266040939344
4137.0,14.53195755689739,29.0982293071352,45.579774515483926,59.09390510225305
4138.0,14.609103807393385,29.05556152340652,45.21146759901233,59.04518772684611
4139.0,14.99851544821274,28.992337033675437,45.15244288189133,59.06573511154038
4140.0,15.265690863909013,28.930726977520195,45.22878859085095,59.16892435370867
4141.0,15.555898849444791,28.92250026252524,45.32686179787255,59.312403203732146
4142.0,16.027263162633368,29.103490039019984,45.329721711022046,59.53825369067407
4143.0,16.36857971665412,29.35014609231888,45.49598903316147,59.76407406969342
4144.0,16.72142515087053,29.503950408329587,45.537973951355944,59.939374865336916
4145.0,17.195147673878093,29.61610293452581,45.24441031735358,60.0259344859775
4146.0,17.454001265693453,29.862903693863736,45.15370090876952,60.11554374705156
4147.0,17.56048467394569,29.992539784547706,45.094353244934396,60.17272503106454
4148.0,17.60380896376725,30.249166783102684,44.92021075483829,60.201658685916755
4149.0,17.6833630561286,30.646764313958702,44.76036132061508,60.18026439576308
4150.0,17.820030719468296,31.159892505549827,44.69018751996657,60.175411915268555
4151.0,17.886915858862682,31.65213967553096,44.546601356597904,60.063243743836985
4152.0,17.864911151498188,32.236491834236546,44.26419315921661,60.03592662039078
4153.0,17.94132698334321,33.03595706494176,43.934612391434854,60.03224576066854
4154.0,17.98947557145491,33.76283860148041,43.75218333730254,60.01299260965457
4155.0,18.131684077927986,34.194318963417324,43.5081390188362,59.99217929622263
4156.0,18.40126828861923,34.8390671985254,43.50881945780842,59.92252687004902
4157.0,18.3517016897665,35.18314817074841,43.5608355141546,59.8411600037176
4158.0,18.467620574192853,35.28692515511123,43.43015369241394,59.84305177874931
4159.0,18.546419368542644,35.2571420019738,43.33750779787978,59.84979736180869
4160.0,18.616583984987937,35.30381506264247,43.62415954441278,59.934887439732414
4161.0,18.938463482487283,35.283632560356445,44.2335793752339,59.91237915263089
4162.0,19.030507086163716,35.144339850991976,44.9377081546939,59.949163285727394
4163.0,19.096966372820845,35.101881612610995,45.53951066558961,59.972965264098974
4164.0,19.185724316694902,35.03054972477646,46.18422808252155,59.99164652752817
4165.0,19.14571021065749,34.7350151703688,46.578696095446965,60.08795139311111
4166.0,19.048314304800158,34.48275262041312,47.062357400660034,60.16527302921495
4167.0,18.711058314215816,34.41568412247901,47.528207807871595,60.19695679148076
4168.0,18.535539246309995,34.3246542949859,48.150872488643316,60.20518360590975
4169.0,18.33702221753737,34.214580825217126,48.59393744546323,60.12353195949532
4170.0,18.17488196667495,34.03893997406295,48.693970036444036,60.00773871273767
4171.0,18.265003249778687,33.829837437484336,48.668775727693955,59.82998061637076
4172.0,18.358796175356073,33.505863576220065,48.587177284913835,59.72497365387112
4173.0,18.32703683100192,33.359848348760124,48.43126795559043,59.714858128430805
4174.0,18.340595217325554,33.19442714395879,48.3964848747054,59.571391161925625
4175.0,18.38034936575823,33.02854434679013,48.056223285324485,59.42746071236621
4176.0,18.595384060663832,32.79098475275021,47.63756226668829,59.27760021093347
4177.0,18.68077037251102,32.499571018645,46.97886830390383,59.06596654265015
4178.0,18.784188093889124,32.251101960237015,46.499019918429966,58.897467657697504
4179.0,18.81140483096914,31.937587297310973,46.158882674421676,58.787368011887885
4180.0,18.47109926054693,31.700228505130056,45.897696796390804,58.715192426839025
4181.0,18.150694724203674,31.600679001212818,45.88659720628921,58.6462378636783
4182.0,17.967450159111934,31.437809041023353,46.08615233230635,58.49517333337865
4183.0,17.722089105139425,31.295021182697912,46.152996891795006,58.45026295912435
4184.0,17.547102842496926,31.382838921431812,46.39710306825453,58.37831073548515
4185.0,17.226358290432565,31.516047822081443,46.80117975424159,58.21313079101974
4186.0,17.013179605842318,31.74228729810538,47.146324658118864,58.13610015064895
4187.0,16.827265109938303,31.953621612188716,47.55081758875539,58.12293936862524
4188.0,16.654291646478097,32.336145573591395,47.580522732895226,58.08745141688255
4189.0,16.625928332137168,32.58670552689731,47.41519694092006,58.080757775108886
4190.0,16.76018412997808,32.71671493054437,47.15229570905057,58.05000548598602
4191.0,17.02963697755721,32.734449415856105,46.89499936949101,58.0882192112523
4192.0,17.563862847868783,33.154167306797,46.611985547414164,58.07786076805433
4193.0,18.005688455072853,33.489384362488686,46.34200292367751,58.08524727254165
4194.0,18.612054117282355,33.8155166890996,46.01746144533763,58.19655622219007
4195.0,19.13017594404578,33.94431997673377,45.73324196304102,58.32224723110806
4196.0,19.68925520327124,34.10289439630196,45.325198461542406,58.4366361282511
4197.0,20.138320943732985,34.20893781366651,45.30724955191275,58.5790352212229
4198.0,20.60439922755099,34.30097797567673,45.46807200125288,58.71845475130821
4199.0,20.78529439019781,34.554062755254805,45.44978551415421,58.90552416144798
4200.0,20.669404792199696,34.83438961892866,45.293123144243,58.992065640072646
4201.0,20.25182530445041,34.75937148049222,45.188543551372895,59.16215488109107
4202.0,20.02320817511101,34.66604869048258,45.130646182043876,59.37788190728138
4203.0,19.83935624127162,34.45576543688999,45.10697311246104,59.535947240039704
4204.0,19.401349315089583,34.40536859119226,45.34908538042075,59.719086320808564
4205.0,18.827033874702646,34.29765412503814,45.48002590600987,59.92290715661357
4206.0,18.26035276831304,34.08125761625916,45.59457115524899,60.18302324783386
4207.0,17.61649477676561,33.89695459544863,45.610112488769715,60.40094295044375
4208.0,17.00851144864891,33.38381041137844,45.68820439730263,60.591415254102934
4209.0,16.72903513654329,33.135136500162965,45.871233519696354,60.75475557413998
4210.0,16.418613404268367,33.0515393505225,46.002860030484655,60.79324450110267
4211.0,16.06023917829175,32.89318248736826,46.115335598403234,60.820103780471484
4212.0,15.499063029010847,32.83109565725854,46.132326675464746,60.877501450587815
4213.0,15.248509477614421,32.76924089379421,46.05126956151916,60.940406869393236
4214.0,15.068406747432421,32.54004088351499,46.076733945425985,60.978301703044345
4215.0,14.88618667336001,32.353377731766905,45.99611251272924,61.01989608763684
4216.0,14.764081696904572,32.16254288066444,46.07512942387852,61.061888302416435
4217.0,14.668712110210311,32.65894800868951,46.17040804060972,61.05872582820217
4218.0,14.367479585839348,32.43091009946277,46.354798442781956,61.05122089128014
4219.0,14.237060561344132,32.31847692163733,46.61069768232795,61.0659755044616
4220.0,13.887983456206955,32.03733180546251,46.907522075014015,61.047604118451694
4221.0,13.789302324011702,31.90645401231033,47.324486549767684,61.04964075359294
4222.0,13.681112962016229,31.737622562846926,47.53469739319481,61.073643052198356
4223.0,13.717689778605592,31.844520563317523,47.70100753819695,61.03363478283121
4224.0,13.69659406087942,31.946911082588908,47.903979791819296,60.91827026309981
4225.0,13.712590436051507,32.3076875242246,47.96921811088315,60.80881172368757
4226.0,13.857587266163437,32.268847862689995,48.049311287303965,60.716949575923785
4227.0,13.729508555601104,32.76426155157141,47.68914952779593,60.683511941243005
4228.0,13.639539945716695,33.266610975566984,47.471560379290615,60.54998676977828
4229.0,13.766958258076395,34.11529979233195,47.1893020177746,60.403235483615475
4230.0,13.686757661909878,34.856869510422996,46.78116068664138,60.23094353545705
4231.0,13.60909993586576,35.374148886287585,46.543731109562586,60.021135904890485
4232.0,13.308199183082083,35.68697456898117,46.16226473728202,59.90510690728166
4233.0,13.153401133598274,36.110980325637584,45.83682468828522,59.87896661075354
4234.0,12.97869483600203,36.297737460885195,45.34354534794075,59.903211711721056
4235.0,12.678810706822548,36.455736475336,45.09076513888176,59.92664699905218
4236.0,12.801995388441428,36.51485193122641,45.350817129792844,60.000781732839165
4237.0,12.92445096550529,36.490083215993025,45.603979846887356,60.14368414974215
4238.0,13.084967873251225,36.396095559690494,45.88716113360174,60.40379405200316
4239.0,13.43023294276237,36.26940760567435,46.200909722086074,60.63878584456059
4240.0,13.656754363752343,36.703592832980924,46.575762169401386,60.88882434752204
4241.0,13.890925156054852,37.048802444468976,47.079115793658815,61.04225293079888
4242.0,13.985209727866676,37.18924292648613,47.675853275021524,61.115428753462375
4243.0,14.23859362955164,37.117504273848425,48.333711072663625,61.1925914363169
4244.0,14.41963153041,36.966051510550265,48.78587791910601,61.23068277870506
4245.0,14.521160541623779,36.832836255403514,48.9878674415341,61.25364637967603
4246.0,14.443239445348086,36.85520507118008,48.855254027220404,61.33530519638749
4247.0,14.369189320291285,36.82208456679485,48.733256675145206,61.379194119168005
4248.0,14.227115828634615,36.66687832808813,48.47504057045555,61.416586647655485
4249.0,14.120589146747422,36.240035227239105,48.27619013677917,61.45037409919787
4250.0,14.000005890672613,36.21308725353883,48.020718369759805,61.48701608379179
4251.0,14.015705729937103,36.24301297916605,47.531412668103556,61.497865383250684
4252.0,14.122716893646366,36.30285681398478,46.895833182368364,61.494771933257184
4253.0,14.33382965596195,36.46249863666961,46.34363711308646,61.52441501217327
4254.0,14.391441348840093,36.748655383220985,45.87570761050435,61.54112937886481
4255.0,14.634809349655074,36.810289069203954,45.647851248137,61.537634970003346
4256.0,14.83352584668158,36.861537966551865,45.42994421213227,61.45191961175649
4257.0,14.893031802257736,36.863572498653646,45.37542091101244,61.35475156387573
4258.0,15.0200242588387,37.01667485610272,45.13536040863873,61.22107510415816
4259.0,15.188491335279329,36.60761653700743,44.94752181117413,61.071998581784044
4260.0,15.290212322057537,36.16798106361616,44.85170278864667,60.98546178393195
4261.0,15.30292556395038,35.97112979959303,45.15078611990249,60.814391007414386
4262.0,15.173520120052604,35.62251893064486,45.46678934329863,60.60235318092541
4263.0,15.07243888302783,35.42716105124496,45.75679104229683,60.44609303978786
4264.0,14.971434350867987,35.315814942564415,45.93740632053048,60.31215444527198
4265.0,15.028611249725705,35.329667906052954,45.86322822445835,60.230266337182805
4266.0,15.123891278756089,35.52424229687233,45.900591583727994,60.205549942351126
4267.0,15.021583834705481,35.41183000627286,45.88163672151936,60.17264895512929
4268.0,14.81721684403471,35.80273389715654,46.186853811906616,60.12475425925032
4269.0,14.57871567243039,36.28656839165956,46.4777559475024,60.05124262945927
4270.0,14.365253591524032,36.72161389155034,46.69184725600877,60.030441935103894
4271.0,14.553749036042026,37.242336327588035,46.969303389896844,60.05347887191484
4272.0,14.855403386706096,37.48644816807414,47.229330802341465,59.96591059910835
4273.0,15.165790109497436,37.64561083625896,47.55181563506599,59.87736061183131
4274.0,15.056339136298552,37.799156720565236,47.97654143690822,59.78499077971835
4275.0,15.30501826840147,38.16058424200335,48.33807751709685,59.65527720119477
4276.0,15.76057160196849,38.56790292074929,48.42678384217256,59.60518338356859
4277.0,16.226035637701344,38.76699236431065,48.36150180304256,59.6453762983876
4278.0,16.839147623451296,38.850118063944706,48.24961234615725,59.70127464103132
4279.0,17.288436311625606,38.832723428097594,48.08829245124054,59.72126860263653
4280.0,17.554277469451463,39.009749966283536,47.73900827532302,59.72304163808268
4281.0,17.766997080500204,38.937517479959645,47.37624627813882,59.77650750806489
4282.0,17.844242831231107,38.83878288895886,47.157293753220394,59.87039481363628
4283.0,18.13214578389582,38.533097024046036,46.994903196574285,59.970608603936185
4284.0,18.25071519649623,37.72763041549799,46.84332894082331,60.184974311998296
4285.0,18.18461928395396,36.976053548514216,46.92465169068091,60.28658177287112
4286.0,18.26512046205126,36.05891507327455,46.853649261465954,60.329665632212524
4287.0,18.275235797853398,35.2511553688626,46.97618025176235,60.33548952675716
4288.0,18.32727558042236,34.564159462440216,47.13745297270449,60.29717630070209
4289.0,18.386331395332913,33.87205294832199,47.338420632599686,60.31591934687561
4290.0,18.51599791887214,33.37485938079697,47.55656935606079,60.34508149510039
4291.0,18.617432971316074,33.08367394360121,47.67639483336004,60.40070308625722
4292.0,18.60006437329106,32.92347687459372,47.852411782296,60.37233604718195
4293.0,18.41147898024077,32.93458916986255,47.86840940518726,60.23457418861365
4294.0,18.432121476907977,32.87000377460165,48.072620133021466,60.124738264675756
4295.0,18.448028103197764,33.08478887111448,48.107750380025145,60.01022784966979
4296.0,18.34563850488992,33.46815011174392,47.91109723342306,59.875009466500764
4297.0,18.09676003092119,33.993881222768124,47.781853938340305,59.73738726645182
4298.0,17.65363276924124,34.475548140282,47.79728133069614,59.57852923193249
4299.0,17.05146708710338,35.05446326564351,47.7889017454903,59.46574555553643
4300.0,16.799643442449966,35.39264823531045,47.936951955833905,59.27639064798612
4301.0,16.645468150247005,35.75160115832873,47.932554825693025,59.202972277825424
4302.0,16.48768492944751,36.244293951415415,47.94147100674708,59.13802885958328
4303.0,16.142500576550106,36.91789552923317,47.87093922610919,59.0431705965478
4304.0,15.839089399432229,37.46588411082977,47.73406336636055,59.04772441532855
4305.0,15.54631496947375,37.769317327866034,47.8182480453688,59.139300910610096
4306.0,15.296798260112995,37.83765401162094,47.86133098501094,59.29215350156554
4307.0,15.04262504232301,37.76832402161481,47.804498710331856,59.42589522654073
4308.0,14.974266551088464,37.81752025066488,47.76298658372004,59.46453699750827
4309.0,14.581201401150429,37.73191676226462,47.56198940645804,59.533569061074495
4310.0,14.172803151969713,37.660132145076126,47.551317707307206,59.516374189783036
4311.0,13.70274495485333,37.53928600864902,47.53231631295179,59.544354211890735
4312.0,13.24029434865976,37.343383570221334,47.42692238586042,59.59213090307784
4313.0,12.82734886811917,37.06751311665284,47.588823502841336,59.64214822076984
4314.0,12.67215141144742,36.84365298075807,47.40960696761519,59.620840857708906
4315.0,12.839677440866126,36.617681111788436,47.18854522417767,59.60351514470813
4316.0,12.923798037366158,36.32804061971428,46.938995589847174,59.66245755399204
4317.0,13.139487555827412,35.92568605393036,46.817175691056185,59.731703130985956
4318.0,13.490713145202616,35.85251014862881,46.51135764149833,59.81236251761833
4319.0,13.647352709025697,35.73223782730393,46.06885754706848,59.90139375500656
4320.0,13.51536240716137,35.39660936088822,45.84128469156854,59.89017158115944
4321.0,13.632792196189072,34.978343490832145,45.57340603818862,59.86739005551776
4322.0,13.754484527351693,34.8338325910529,45.39867141315763,59.73111699530594
4323.0,13.796837896670192,34.761759737059435,45.34625529270899,59.63398921908224
4324.0,13.768785825232802,34.663618050620215,45.35412845270054,59.55329472685513
4325.0,13.838247265642474,34.73993159879414,45.50632767888156,59.33131070388705
4326.0,13.818771539655632,34.88839709494264,45.54643743683962,59.04308093689643
4327.0,13.713551358847386,34.925169817472224,45.68641631892405,58.74097764125843
4328.0,14.008016639381621,34.97306519347853,45.800320054255536,58.44625723429435
4329.0,14.577680149998516,35.304827150344195,46.053211613719164,58.22544614239623
4330.0,14.99713993245281,35.71131931632069,46.3547448753747,58.087238994008736
4331.0,15.26413160780331,35.958516808702996,46.46220790603472,58.00940562541147
4332.0,15.349629344938801,36.07296368867628,46.676561771851574,57.94116783764202
4333.0,15.132223959518186,36.12566078940538,46.63894487324165,57.90400487362445
4334.0,15.142641012809197,35.96920251081589,46.568641351940684,57.91663976547444
4335.0,14.99857972329051,35.55108680414691,46.388226971195024,58.03489739791168
4336.0,15.14499432124134,35.21509441386367,46.319662697352065,58.02207176749887
4337.0,15.114019197538875,34.8302200050972,46.15245806197076,58.05872132888609
4338.0,15.167407667790924,34.345556394918525,45.845065038248485,58.14917143340625
4339.0,14.899134574759625,34.0404435111307,45.519534016291026,58.21667211381191
4340.0,14.670101411508181,33.756021023146204,45.316686689966886,58.222745450311734
4341.0,14.64500929902251,33.741929007369734,45.092416572990196,58.19386685626062
4342.0,14.765064939014,33.64785760880144,44.915509855024496,58.093996256712295
4343.0,14.805735339118769,33.73677358632744,44.62035481096596,58.08431774040074
4344.0,14.872013105609573,34.02461807921567,44.59389686774504,58.02886989442191
4345.0,14.752476245038277,34.29698105881783,44.713542213578826,58.06113143605239
4346.0,14.53143491392591,34.501299493821314,45.143552597151114,58.05250078397321
4347.0,14.403219441661895,34.66811990053345,45.525550100979515,57.998822573610994
4348.0,14.694830895176654,34.80096469513016,45.954367850880736,57.93982368971021
4349.0,14.974429411990076,35.06419793652296,46.324640438222815,57.982620866958236
4350.0,15.294902555321313,35.07660793309311,46.819306661951806,58.07486705439818
4351.0,15.46979830043506,35.104043904551624,47.32594508671651,58.20040113345453
4352.0,15.770872306317493,34.907880047152624,47.862935577825596,58.17909706655543
4353.0,16.24383021801308,34.60501256384121,48.11769330472448,58.12622756121371
4354.0,16.672263980615096,34.22008901053148,48.210047593728724,58.05586805492557
4355.0,17.196147047620894,33.89799702847958,48.26096824755446,58.073876050434194
4356.0,17.593151545898923,33.701043131872765,48.18826550214343,58.04727022815215
4357.0,17.73106484313066,33.40060505165142,48.05188502412172,58.09989959182715
4358.0,17.922658835812012,32.92455302298101,47.89486114977646,58.17396387444579
4359.0,17.91786111557235,32.43640773195427,47.624873446841804,58.217068270501876
4360.0,18.100706843430522,32.13948744456364,47.531456458974034,58.27493021766506
4361.0,18.097715750346044,31.951222956534536,47.43729882116135,58.439179953647084
4362.0,18.063564852231533,31.96209907494328,47.611908039148254,58.689357761384656
4363.0,18.034627861917006,31.919873918989914,47.67004154483713,58.990291047256726
4364.0,17.981559118503423,32.128075954128576,47.72514409313712,59.202962202012394
4365.0,17.95466905687815,32.15003112731768,47.874697254705595,59.46460172736858
4366.0,18.062813726633436,32.05264879225656,48.16142440897723,59.70720230085068
4367.0,18.167710013085202,32.06962139070494,48.42039557670806,59.81305117576254
4368.0,18.365725863610507,32.44565452669191,48.623973185423175,59.95946431505682
4369.0,18.509295899055203,32.71263398556102,48.80865668044333,60.115266395412355
4370.0,18.748465103351684,33.018134950349136,49.01846112388521,60.234493266280616
4371.0,18.634974123628265,33.26870116484563,49.236965865221954,60.33483254716087
4372.0,18.24044087072983,33.56888570226994,49.287548679753016,60.48020683994166
4373.0,17.805963291392487,33.826328753699734,49.334222020045075,60.65731151312791
4374.0,17.291257336985282,34.16051824664127,49.19311889875718,60.76741248239113
4375.0,16.762951866616742,34.49360485081673,49.20796777374282,60.79549316506201
4376.0,16.33751557894892,34.70735441576881,49.34588255193448,60.94124027719005
4377.0,16.043582038560942,34.516395781810225,49.470046297216385,60.932992531586436
4378.0,15.74001406397819,34.5113291425797,49.33887039200988,60.80151824918794
4379.0,15.342517343312599,34.523923705288325,49.15644365789577,60.71905277476802
4380.0,15.099840251716662,34.42098355723799,48.819924141176166,60.61985028823028
4381.0,15.119371185641588,34.19914855745914,48.55649140543446,60.41031613204163
4382.0,15.571253301639455,34.037087680303145,48.34057948374939,60.12821500975999
4383.0,15.878231409470352,34.09438713887309,48.106123606432355,59.869576748187136
4384.0,16.390957990688708,34.389809512409016,47.560344578848344,59.585619295310536
4385.0,16.79989236782743,34.73083112908185,46.88120263890501,59.23009440442845
4386.0,16.958715640340024,35.15172256502386,46.275541975945124,58.93465510045076
4387.0,17.139131231304503,35.50816340628945,45.851132754404645,58.71193441903315
4388.0,17.18493653055373,35.65549827450961,45.38065875403696,58.52984412341939
4389.0,17.203658702957156,35.982118236888574,44.820744066736395,58.31339224258802
4390.0,17.399804622647906,36.61667031404528,44.440604323036474,58.14478505634278
4391.0,16.982443074338388,36.98397351480043,43.863527432617936,58.00368119328401
4392.0,16.790880627536815,37.2055992303554,43.49729033061507,57.94568853168306
4393.0,16.524551593806798,37.196675990179585,43.38772051066403,57.850462335713146
4394.0,16.116042753394723,37.166232309192985,43.36189093380003,57.83719097450976
4395.0,15.882487682071348,37.16563011865159,43.45169842954165,57.94733053567554
4396.0,15.489377098611945,37.0985118743639,43.5908504358779,58.08497350109867
4397.0,15.166080106631608,37.00878144583336,43.82047087600029,58.13827140534719
4398.0,14.751910133046682,36.86577856099245,44.156364784485845,58.13386540672864
4399.0,14.218743545607245,36.35923283359706,44.503226628859316,58.135745970690735
4400.0,14.022076716278265,36.10987952307283,45.08800268299914,58.161141050831695
4401.0,13.740711516425389,35.740608757207596,45.57569004692943,58.093308740362055
4402.0,13.336066470655538,35.2734566381165,45.911723290143904,58.122680556778455
4403.0,13.18873449371933,34.778961556876816,46.341937689955856,58.11526085657898
4404.0,13.094206746766869,34.185109318248735,46.709822567955605,58.02015182040016
4405.0,13.257195650011916,33.67855300894322,47.09552814842891,57.896079921109354
4406.0,13.533284458323852,33.40263750287117,47.54457308002991,57.82706002917951
4407.0,14.067896920203054,33.120835085680945,47.79904591152701,57.799955439072576
4408.0,14.441552919076498,32.8378874389955,48.08755249593362,57.762540921146076
4409.0,14.824832313976081,32.391325135510954,48.21111193496952,57.69966614903959
4410.0,15.357678445710164,32.283550491928125,48.38702219276766,57.68420149327805
4411.0,15.963869314984649,32.29798041175829,48.69738165599276,57.6423416995311
4412.0,16.39541104521776,32.324402660785545,48.76657357162443,57.65807856831716
4413.0,16.55456572745942,32.53082394664909,48.76067009835021,57.686592875070865
4414.0,16.567324485656865,32.41329179491318,48.69486000738431,57.694086621850076
4415.0,16.568990322081806,32.06385688195885,48.45123157523421,57.63192562724498
4416.0,16.530194277599634,31.761200536565564,48.3994353613397,57.73164780561499
4417.0,16.319714030825864,31.701006833597198,48.32638432202879,57.80518770082876
4418.0,15.91608832762962,31.666171969071915,48.12799015005689,57.94530016842172
4419.0,15.656321739577884,31.432797252345498,47.86453418558038,58.118272160309246
4420.0,15.259599066687716,31.29827896026896,47.52083542999136,58.30032833698811
4421.0,15.12157699964131,31.22260769216351,47.377995464799135,58.38682556733295
4422.0,15.231646731789008,31.134191350095975,47.35698331843957,58.51335336730512
4423.0,15.45352231446789,31.495287480954808,47.229489044345186,58.73713578891707
4424.0,15.625131096498873,32.044122199968456,47.093168441602366,58.96615864178396
4425.0,15.93719543734284,32.63396998610406,47.0174955949906,59.05858930297775
4426.0,16.587412009989112,33.20548882707585,46.77700373704499,59.16353812848375
4427.0,17.517315544804795,33.7409822400531,46.69546000782171,59.235881278627616
4428.0,18.1746660143153,34.39353856265934,46.7783418537035,59.242221136382604
4429.0,18.84704490136853,34.92563179008784,46.83859332902479,59.21529856597714
4430.0,19.28920221709812,35.19794363920537,46.920997068352136,59.12639792374782
4431.0,19.474288108152052,35.466826109592176,46.88497631528196,59.051872467884785
4432.0,19.813502126584766,35.734128857226494,46.97449738855953,58.87310196682849
4433.0,20.219737010643076,36.098849815811434,47.28032806743389,58.73892256145353
4434.0,20.29817936489117,36.198489432100324,47.49069310424627,58.67767138761092
4435.0,20.169392618289102,36.34916396148009,47.76028360537923,58.632814817141536
4436.0,19.70657963572435,36.515854785342,48.13734028716932,58.59372127626163
4437.0,19.355936571611444,36.452790974689364,48.31111256473194,58.52797447266225
4438.0,18.96324236925518,36.564348558774505,48.6110869903733,58.5365006578654
4439.0,18.661714476062542,36.6633571616458,48.8411374024473,58.630510932049646
4440.0,18.560047725682274,36.882142559030946,49.05579311520297,58.70649964466247
4441.0,18.263497515919074,36.844585208039305,49.25505023260689,58.86148283389381
4442.0,18.050415197059824,36.69008833529177,49.38951492761957,59.04942884553835
4443.0,17.749925582822947,36.60076374210372,49.570952473954726,59.143170015693045
4444.0,17.52510547253929,36.263756892331195,49.55968355146368,59.24769306715501
4445.0,17.663331617416546,35.95146776510036,49.47276870096322,59.262829615124446
4446.0,17.619404314530797,35.71570897861139,49.462204976319754,59.289883471406
4447.0,17.44129145793001,35.45807650033577,49.42322806570192,59.21397376640211
4448.0,17.330975225342378,35.39515498409779,49.38660436796719,59.14141644577296
4449.0,17.31783299733886,35.335878222967665,49.30311903323423,59.09722985338175
4450.0,17.22021960974484,35.47436380403304,49.26309600890524,59.03932425148335
4451.0,16.853792128942786,35.78211327067066,48.93233951986101,58.930887649353586
4452.0,16.78688298119117,36.204858705360614,48.66058045539797,58.88091552898415
4453.0,16.756215014990737,36.739093424858105,48.63060011864449,58.80311919760288
4454.0,16.399076021995448,37.27601613930361,48.42613831948229,58.87544839196683
4455.0,16.1461102469249,37.640132724703214,48.371175310197074,59.00235842240954
4456.0,16.052255705452765,37.679101855528856,48.26532581448312,59.161202295358386
4457.0,15.846888899191827,37.74032877263008,48.03526103349114,59.310093434598045
4458.0,15.595167153419553,37.59954472585876,47.88443779521187,59.4404113200702
4459.0,15.474297957968583,37.31603205568817,47.744058653392116,59.5925533207444
4460.0,15.589814729786719,36.81981308792763,47.79746206766555,59.75078168849518
4461.0,15.606172002747131,36.19250275324356,47.912567906941185,59.94859123102617
4462.0,15.464321969884338,35.71483955321444,48.05514687811801,60.11969212035805
4463.0,15.436744638721926,35.1533967463307,48.30714254370679,60.15175229432505
4464.0,15.578372179883022,34.66215336765803,48.58930059207666,60.1243313678266
4465.0,15.914459211702264,34.30959650507623,48.77709219907277,60.042999218065276
4466.0,16.327145619279545,33.931816034479745,49.10079136744508,59.97751272157765
4467.0,16.360678156794172,33.60639061062902,49.12922330013442,59.863593963579795
4468.0,16.194537722951942,33.19732999582303,49.164991528912125,59.75851770777124
4469.0,16.065820542999187,32.77509973034109,49.08456619142881,59.647641313206094
4470.0,16.050839768470556,32.51283908427979,48.91369994180393,59.51489798955273
4471.0,16.18830444084614,31.996982153619843,48.61763548735722,59.4175586918806
4472.0,16.476574116260792,31.65640844008526,48.07745864830048,59.33661725790663
4473.0,16.614665137677274,31.430878897059742,47.380183603977436,59.30632724688144
4474.0,16.494885061505496,31.290618532719684,46.81493243233075,59.345941874179786
4475.0,16.150765611476523,31.317519258827662,46.20687924037003,59.33932694170768
4476.0,16.093047609258722,31.435449557249385,45.959385219637525,59.36602066583614
4477.0,16.241588912813793,31.849094604709318,45.80450147261654,59.40803946339107
4478.0,16.24498375422553,32.441277299744876,45.85771743588556,59.47454895833591
4479.0,16.133573689241224,33.057571094617785,45.857776684148696,59.496781441792464
4480.0,16.036193154159648,34.02482452795617,45.890420445057636,59.525032606258236
4481.0,15.855920127600415,34.67823189495559,46.22302707390401,59.6199328782464
4482.0,15.467871954650072,35.2151518219391,46.668443842750726,59.644415162513745
4483.0,15.053437664839798,35.891406829775704,47.0206888148422,59.686238455129704
4484.0,14.827754319361718,36.46558536760304,47.305958633474866,59.85292472528414
4485.0,14.627734290902826,36.91710967915067,47.63301057705864,59.95946192394949
4486.0,14.59138488416967,37.13776506588063,47.86894612100375,59.98187656876493
4487.0,14.568444840010743,37.113527701725836,48.03036716672398,59.959503464326154
4488.0,14.559879676929155,37.155705698895176,48.114451086490504,59.96500994675118
4489.0,14.456562087316332,36.922791340502705,48.283468688723,59.91577245799485
4490.0,14.338103668382555,36.8258308136372,48.40075478739954,59.80078301348183
4491.0,14.571345269757936,36.72162275803635,48.37504582263347,59.77973866292423
4492.0,15.107408236756907,36.50937220628313,48.29689448896457,59.70339407403922
4493.0,15.823653733643232,36.421702693314714,48.30255832454466,59.53159978062904
4494.0,16.345518767385517,36.30113116197287,48.08424459544289,59.35635953079959
4495.0,16.60922541466195,36.25543079470539,47.78380405844409,59.22199446339666
4496.0,16.876736691988665,36.39500661407122,47.44180339128718,59.05625229043752
4497.0,17.10896120267031,36.377213630726004,47.25848489162857,58.93289594828498
4498.0,17.200502401384497,36.3838178036066,46.95309055655298,58.842599826923326
4499.0,17.205207227441026,36.499737937341564,46.64494782141503,58.796799333742214
4500.0,17.048105076374107,36.596997468873155,46.344932887267234,58.73790606167411
4501.0,16.760680969347703,36.57347907731416,45.97658262058927,58.70658367985034
4502.0,16.302285971733603,36.455283818754566,45.60881913977488,58.73756299451744
4503.0,15.94953460052235,36.081932567364255,45.29024971754289,58.832701347809305
4504.0,15.682588567061837,35.620083906615235,45.02074695274294,58.93907224906488
4505.0,15.470535535619742,35.23211543446169,44.81620881224621,59.06201293285195
4506.0,15.192686519260075,35.13008398284814,44.517738047758826,59.173720778029015
4507.0,15.108404604402327,35.12598805358182,44.31023357215836,59.31427859574234
4508.0,15.11885548933652,35.04185286550274,43.974169399283916,59.45977683366661
4509.0,15.114985109227632,35.09319763310225,43.801855862375945,59.585896418392494
4510.0,15.164610284090292,35.2439269249523,43.70968508676734,59.714043232340074
4511.0,15.200673510148144,35.299323094188516,43.63771243128626,59.85927534411328
4512.0,15.229833801454502,35.603984251273324,43.496494656490846,59.958753040886585
4513.0,15.203424394916738,36.07308967227969,43.4280694114202,59.99896316857828
4514.0,15.15083715971108,36.39885933694654,43.28114548562744,60.03873834727328
4515.0,15.253638755110343,36.45470866865794,43.251380427262966,60.04219869525178
4516.0,15.561213641307313,36.55110996117958,43.13461943914796,60.10333336259172
4517.0,15.839684638964725,36.71355662530205,43.049757071415755,60.15798776769623
4518.0,16.009071942089662,36.74419104915526,42.84595670217155,60.21958594402612
4519.0,16.064105727316527,36.65465329578568,42.577681001826704,60.19917463953364
4520.0,16.12000894224458,36.709131978180636,42.430000212233416,60.07709757894962
4521.0,16.20216577173334,36.779693084521426,42.39348450013039,59.99060682219208
4522.0,16.307715911967495,36.6900450336168,42.18615116559531,59.99601928203523
4523.0,16.49493745615591,36.69528773316973,42.094443396406405,60.015274382202826
4524.0,16.617804101666238,36.575433159799395,41.96158758617899,60.01068597934357
4525.0,16.605166610589027,36.39981727062667,41.89698511506859,59.90048390895667
4526.0,16.486144363257136,36.18674065132747,41.93099458767615,59.72747637412689
4527.0,16.48942849261483,36.207775105285535,42.062058984491465,59.59328378750293
4528.0,16.508653485372335,36.13148610637192,42.406446016819054,59.61086174348183
4529.0,16.38767673572761,36.02709410550892,42.66536791827751,59.68582485378555
4530.0,16.47247558062383,35.9919801761143,42.91835082394685,59.70984169886403
4531.0,16.659181622580885,35.97047982357263,43.223028215251986,59.616765676833865
4532.0,16.74601275855724,35.897624700057435,43.43719174855058,59.58442176907063
4533.0,16.801990899078284,35.90716910360996,43.622948925103074,59.53443645705202
4534.0,17.00896302738679,35.849500762560794,43.729389291516995,59.5327379285376
4535.0,17.47460105090937,35.782818155215146,43.983300492010216,59.66182461175753
4536.0,17.789672326542316,35.61540963023897,44.09607852574511,59.76397640486904
4537.0,18.052248830030337,35.755737702266245,44.08983445846012,59.77476144370086
4538.0,18.261638066465693,35.740117016096306,44.04074106408949,59.76265524330752
4539.0,18.387322658008646,35.686983818059915,44.16395522806728,59.81290685085408
4540.0,18.351088405715345,35.72890252936636,44.19503022576502,59.85841086469232
4541.0,18.285642324756427,35.73841043908485,44.208819270291535,59.866242516299344
4542.0,18.256755254193322,35.62783778353156,44.26895320378769,59.93273773068829
4543.0,17.890437002599796,35.46931793042562,44.43548363572937,59.96720084650032
4544.0,17.529229238048483,35.10851460012725,44.638219775176125,59.93496788167297
4545.0,17.253722155820796,34.69049836557083,44.88912077709382,59.892030209144835
4546.0,16.92569843452109,34.23445130645567,45.20423636368639,59.86519176943737
4547.0,16.82328592323542,33.85212356376383,45.45845511185647,59.85725554353152
4548.0,16.746693569888574,33.47949300923918,45.67791703322821,59.84601228145775
4549.0,17.032013436347594,33.2335249065122,46.02736010553839,59.89497030931218
4550.0,17.210055700924823,33.03171754672386,46.4673065605376,59.922477671145906
4551.0,17.265684296861846,33.00682589175591,46.68985013283077,59.989895463416055
4552.0,17.288486281389833,32.95904203277001,46.93046699877666,60.10910622136393
4553.0,16.995354790017036,33.077205745210854,47.024139572306815,60.226317799701626
4554.0,16.944137358138292,33.09810308988857,47.16878556869795,60.37228962177723
4555.0,17.030861433952698,32.95395364035767,47.36328177609191,60.55552360286907
4556.0,17.144793473412157,32.97227298082102,47.56091760245688,60.80287858884195
4557.0,17.03531283680845,33.05151914681724,47.568555769204195,60.980984579012095
4558.0,16.5086413612568,33.01902554396261,47.59676856122673,61.19326096141546
4559.0,16.314758390539673,33.050560514743644,47.694502278312235,61.47528336305564
4560.0,16.074864247601532,32.841907408011764,47.98730846018294,61.661061574719184
4561.0,15.933476925502765,32.83091366309891,48.199218248903186,61.82743407435513
4562.0,16.070228300537195,32.84403196330638,48.307013728187975,62.047549140314494
4563.0,16.041500280767096,32.885097035312626,48.40326364896498,62.22371641461018
4564.0,15.99476494529878,32.868036245303955,48.42728457950545,62.218667256869196
4565.0,15.733583952438403,32.90434938999404,48.57764561804409,62.13713914755445
4566.0,15.63307117909252,32.92074928307137,48.80270707220134,62.14640398191635
4567.0,15.677088263390058,32.86405636489614,48.95049405226903,62.175482934678385
4568.0,15.505074894666246,32.638264912343544,48.98422113308554,62.06682207826035
4569.0,15.460757573722724,32.539737465691026,48.87125950684957,62.01144234489016
4570.0,15.233968116701282,32.57104851714279,48.593535921651,61.95365139623742
4571.0,15.117723936672824,32.68695440355705,48.39806734893623,61.79177511284081
4572.0,15.041692095541245,32.88628868920583,48.11539295588132,61.54209522561901
4573.0,14.91318380631716,33.22728403270584,47.58200812363506,61.44321098479571
4574.0,14.817480713072994,33.0095067468432,46.95702257297379,61.34584366504407
4575.0,14.543395803409425,32.8198206425159,46.50823317914823,61.19101069908406
4576.0,14.270347857530892,32.66286833454606,46.0589490289618,61.029272428616466
4577.0,14.116304609111237,32.65375386037772,45.448940941312884,60.96531824083418
4578.0,14.03168106162858,32.72696517649911,44.87670903962672,60.927918541760604
4579.0,14.116879699698012,32.41025064803618,44.55374079362394,60.85146797847504
4580.0,14.103896812697267,32.02573638458345,44.2660982979042,60.82114766499998
4581.0,14.021038140446052,31.69001626705548,43.98010278677475,60.91556010198428
4582.0,13.963147693286007,31.496546373183936,43.891508533035704,60.95375331409015
4583.0,13.88131216310584,31.80296872690304,43.829089217149615,61.04819241945886
4584.0,13.992404111268433,32.059632384673115,43.84474448972769,61.26377207972398
4585.0,14.31211781840988,32.280833122817796,43.7397613178763,61.335126509245036
4586.0,14.33565034649005,32.26084480774982,43.848498794000484,61.40379047956948
4587.0,14.370706938897865,32.09167851139895,43.80591349140822,61.48991247374326
4588.0,14.623501378552078,32.11571781308249,43.74631376342735,61.660757659785794
4589.0,14.596642443105118,32.062944385447004,43.731436870301415,61.786604307188284
4590.0,14.578546291602064,32.24325565523046,44.1044136338712,61.87497591728009
4591.0,14.577785262409794,32.09673247129673,44.52045403583341,61.97605815180829
4592.0,14.768775606113937,31.6007660230186,44.92152977558522,61.968878850850636
4593.0,14.85254581304246,30.82112074525999,44.978889682602585,61.78108659563532
4594.0,14.597000880268446,30.08561785579133,45.1105733424995,61.71373734220969
4595.0,14.44334293571277,29.715295335974645,45.0049633787367,61.65678626369604
4596.0,14.314459404400914,29.583754001161715,45.24556071662068,61.44071165497448
4597.0,14.003825393805933,29.412104491504486,45.36214546891188,61.17595750868418
4598.0,14.019718155406508,29.42055581143074,45.50378282467421,60.93203741516091
4599.0,14.006527846615203,29.168471148443366,45.23678301570811,60.69665746171125
4600.0,14.076478813905519,29.259647153322472,44.94844294103597,60.46588927656147
4601.0,14.052267950550648,29.61094098327991,44.67942112591982,60.317494175947026
4602.0,14.09493215549895,30.328381477008364,44.47513093278902,60.22773366906094
4603.0,14.164885014254258,31.12441321040901,44.283793253625426,60.17984915732966
4604.0,14.22467027198855,31.820640002572645,44.26456924003739,60.111586527531784
4605.0,14.331133845570054,32.619753177727866,44.13096454754455,60.12025779961529
4606.0,14.486456636328315,33.29416761642721,44.290190264682025,60.09655562054811
4607.0,14.416771670602696,33.616203526404284,44.218331198191684,60.11805558066741
4608.0,14.269620747941117,34.179076762833276,44.08657172347747,60.16059438105837
4609.0,14.07968457134922,34.58832441132534,43.97849371799193,60.23580781814094
4610.0,13.928313490125344,35.07987465046806,43.893423449426265,60.22562869583664
4611.0,13.728573373227011,35.418869780086936,43.79825452072828,60.22955738142169
4612.0,13.701349506741794,35.613039663077394,43.6812253385336,60.14087781997828
4613.0,13.826140776849165,35.810770198226564,43.69399906511215,60.02445204932499
4614.0,13.990136366173456,35.74852341666075,43.67454895907211,59.91229027365071
4615.0,14.261072700197627,35.80306079686751,43.43219774403252,59.84663542249652
4616.0,14.571392707852054,36.10340470316611,43.09864248858899,59.742545660546526
4617.0,14.963678642208405,36.08516878537625,42.834920513237016,59.64261513358512
4618.0,15.384000275273255,36.095369072599276,42.629242925036905,59.572075168620835
4619.0,15.748727734905364,35.942670663638594,42.44303408677431,59.47800455504221
4620.0,16.08196681328707,35.83018116557915,42.19943279721714,59.352437598821474
4621.0,16.081142649439236,35.61862816797324,42.12789250878563,59.27592850772059
4622.0,16.06425670136964,35.282064697130025,41.98353783714287,59.22504174543381
4623.0,16.038484663409708,34.93100506500298,41.87374194704522,59.27287866262924
4624.0,16.11024587452497,34.543097982359676,41.83474543549117,59.32861197734668
4625.0,16.372980146786432,34.14979376573251,42.063839627176115,59.36728464610128
4626.0,16.74123059125091,33.975053172182285,42.45437253476054,59.37167957242781
4627.0,16.888494092149692,33.84066923865542,42.7199650415457,59.281956354921554
4628.0,17.00163054137733,33.631641762488805,43.0081664806414,59.30959878952026
4629.0,17.105850023260547,33.31252582092466,43.43981390511694,59.38711908276599
4630.0,17.500627172668594,33.0750339570304,43.77893663043167,59.44344530463282
4631.0,17.871078918232502,32.945432475514146,44.2425446745621,59.495747810537054
4632.0,18.10002949382931,33.16699257659011,44.760150822893344,59.49713765050055
4633.0,18.214578796808777,33.44104571779603,45.17120016415717,59.44389278704967
4634.0,18.081570871442736,33.70967782034398,45.53207864334519,59.47425917287557
4635.0,17.79468601964802,33.797137789624216,45.81060389590153,59.45847184520857
4636.0,17.533099305720988,33.86305233636595,46.0308806148925,59.535672819436
4637.0,17.428551515125392,33.99225408971299,46.10633188004665,59.56893987642351
4638.0,17.3713885291954,34.28702417286994,46.19208609757017,59.58733208501982
4639.0,17.1501436660545,34.660069084031285,46.23669283211903,59.65238995229198
4640.0,16.805437458283695,34.94786638331922,46.13212092425797,59.641783562209994
4641.0,16.348322840842812,35.08455246977892,46.13830404078924,59.674190540006
4642.0,15.666668350477359,35.12000959013873,46.31114201450248,59.77670797235911
4643.0,15.281659911445605,35.07632901583157,46.57248238891314,59.828675477081326
4644.0,15.039255123751115,34.99621754575782,46.64858637850595,59.941867962344176
4645.0,14.81668232206816,34.95085449788563,46.724813210763465,60.03181424687574
4646.0,14.456150799731143,34.859886337361296,46.72057768963656,60.11753030599513
4647.0,14.119004275509035,34.771356703343784,46.466470277252206,60.158333054087684
4648.0,13.761727339480109,34.685124541357766,46.34498943742783,60.18657886409448
4649.0,13.612607557761796,34.69224420632286,46.30789397126593,60.18279305987713
4650.0,13.627383579674179,34.80162483361686,46.34380893593911,60.014571462147465
4651.0,13.794193214402608,34.91376132048794,46.227522565355365,59.77395880509951
4652.0,13.85027440527698,34.94562207686716,46.14548784997944,59.5671219441164
4653.0,13.684180525575423,34.87077294014083,46.1018467718703,59.33224356485373
4654.0,13.64576991301738,34.844216345143806,46.14418193179222,59.128083098276925
4655.0,13.714112251656598,34.836050741879866,46.36391266844547,58.883272823073085
4656.0,13.861880946870954,34.69383438601944,46.790184110312474,58.673974638141395
4657.0,14.139878985181689,34.69982687487407,47.06411823284939,58.380414115451146
4658.0,14.25655608257842,34.93066108202695,47.24750782163659,58.17370827085324
4659.0,14.243015910890694,35.11278060126809,47.18400739682458,58.032055621868835
4660.0,14.606313851631349,35.283087129814376,47.297601768026276,57.947794603931584
4661.0,14.756944550244723,35.57170782558887,47.2520290659192,57.851165256523174
4662.0,15.00296198953626,36.08873243516812,47.36015002581872,57.80682659555926
4663.0,15.18278673113064,36.46529337248604,47.39454352018485,57.79693296773374
4664.0,15.521748438435377,36.95543839710732,47.43275596342991,57.84091467699492
4665.0,15.811398621860443,37.43865518819493,47.420906225813134,57.99477480604262
4666.0,16.120517320225414,37.49317988551471,47.40616464143879,58.253227409521614
4667.0,16.40459841089983,37.132949560354874,47.36875368542378,58.501125768300945
4668.0,16.73297582523735,36.645264470870345,47.3267243127185,58.80319516364862
4669.0,16.77851716033196,36.00627442937189,47.251616251279714,59.11199526019128
4670.0,17.12422716360795,35.32786278171646,47.28553375325888,59.45343182737211
4671.0,17.545680303385588,34.675818284152925,47.18299828323153,59.772540753567604
4672.0,18.039722133834996,34.13573851010046,47.06199636611496,60.069508743755115
4673.0,18.32390829872408,33.529248356521634,46.877875631072826,60.33762660147455
4674.0,18.602582294116445,33.01975240819165,46.85214999087069,60.48930608146423
4675.0,18.637227696263103,33.015123993035544,46.78943739891995,60.574402444279926
4676.0,18.76189007221781,33.292928633849954,46.668998868832894,60.639489677796035
4677.0,18.829867086208445,33.4239864608682,46.39215517025795,60.69622311571542
4678.0,18.757992034561763,33.86823400609422,46.08290983676096,60.73672713798349
4679.0,18.394207866670435,34.1665118232575,45.63675933368288,60.72433265488426
4680.0,17.962194384045006,34.540785787325,45.10886574120663,60.68576507622064
4681.0,17.658849533898188,34.9693082323741,44.73984468514622,60.562708020865685
4682.0,17.510356415395957,35.43241006336581,44.71898605095248,60.432015723507966
4683.0,17.27901504782346,35.782182869555974,44.36704881302756,60.32329674667805
4684.0,17.138947420323905,35.72512241306056,44.139601178622286,60.24731205844682
4685.0,16.91324690233498,35.49094624923954,43.81866286431293,60.234706303250654
4686.0,16.675113518209685,35.464130853457476,43.65450123928258,60.150027973478714
4687.0,16.566495864053334,35.25283989807916,43.583682808215194,60.002723968738174
4688.0,16.494826516362117,35.25250751310084,43.64556913002645,59.86421259878286
4689.0,16.46883719204514,35.16903106050155,43.8578692177171,59.81028154094369
4690.0,16.276039979620712,35.08756518453442,44.14354557871611,59.82052194479995
4691.0,15.896856405981758,34.86707694194983,44.27801140499291,59.86612468669984
4692.0,15.73211979138886,34.61949137216905,44.6304750490567,59.95384811363969
4693.0,15.808294282778341,34.60723930917166,44.93086126694759,60.05395744556442
4694.0,15.96185320839527,34.514093518678095,45.40053491325334,60.14669074236187
4695.0,16.234219220044842,34.49292398474398,45.879787435999816,60.25623388788889
4696.0,16.388939791648333,34.50959098145475,46.22551277251346,60.50959109926414
4697.0,16.581291659520105,34.469295071870384,46.52812315073437,60.74918303462191
4698.0,16.791026081277487,34.27854522875783,46.84739631364032,60.91867021445199
4699.0,16.897547055967507,33.9712411519768,47.05693171480155,61.04520544776631
4700.0,16.90533079274205,33.82442244058428,47.277199972674474,61.25529666005521
4701.0,16.710939324628484,33.934400775808875,47.488340593050964,61.36594293628158
4702.0,16.41465951592526,34.018963385252356,47.69674818337502,61.42780812770591
4703.0,16.123866422607886,34.15235181893067,47.92155890370936,61.42622262503902
4704.0,15.965820635778348,34.03257423593036,47.98290292272721,61.438655350827766
4705.0,15.897206743491386,33.992313999966825,47.960039299188274,61.34766720928136
4706.0,15.737975106732417,33.889641578026215,47.91965521237637,61.282790449028376
4707.0,15.612172976552289,34.035725117221524,47.85295734406587,61.15455824909839
4708.0,15.53359822001775,34.05927757674934,47.84098115735629,61.04819215941403
4709.0,15.614037027221668,33.77972506254922,47.5941231077924,60.75955054091085
4710.0,15.518567426972037,33.27507894733971,47.24951191869124,60.56080283083007
4711.0,15.463929087237792,32.81336982396985,47.0053494212902,60.37534442832051
4712.0,15.387556162633075,32.33173357470532,46.726942214485476,60.331458415703366
4713.0,15.154685543057386,31.973389841062577,46.4085256532171,60.34888433933589
4714.0,14.983104361671323,31.67891426375712,46.32039817313505,60.32999283105063
4715.0,15.090874592046953,31.484598734828076,46.345263682291254,60.278514232123925
4716.0,15.234482469190407,31.14557145325483,46.49287710886554,60.28181702491381
4717.0,15.272440575300807,30.903113831091616,46.482303665823906,60.36417335973579
4718.0,15.114835355005518,31.2832999643691,46.348332793277855,60.53862776212882
4719.0,15.300496396437504,31.575189540651756,46.26166538218381,60.56239772219206
4720.0,15.281982484615,32.00049336238598,46.28446726543553,60.678925619634285
4721.0,15.305354580334983,32.54872921681542,46.22765454679498,60.69510447370817
4722.0,15.259529079188637,32.96213746767093,46.14579574646568,60.672825505099226
4723.0,15.168595922985432,33.35400843739533,45.889237320571745,60.672693927865446
4724.0,14.988338973828004,33.72684827784564,45.652853051991286,60.73443051925057
4725.0,14.800534918970419,34.038861286255106,45.26373253522115,60.76229533655848
4726.0,14.72451752817091,34.41381020006425,44.97640642753018,60.69348451064798
4727.0,14.84122479728217,34.39872433073593,44.75062360183278,60.62877429656135
4728.0,14.656220025492328,34.49904091611532,44.76456574507085,60.59259437373743
4729.0,14.721547284463211,34.455230793606965,44.61122814145903,60.50216428411883
4730.0,14.725767908869651,34.10977157207608,44.511246782477016,60.387646807104424
4731.0,14.975438890154178,33.842629982545304,44.52272108227131,60.25805910494603
4732.0,15.280448826375025,33.40385908120576,44.48870855729478,60.100770092829556
4733.0,15.477610263168597,32.97826720336757,44.317473855208135,59.964617002398434
4734.0,15.497950167666874,32.584460342772395,44.035163380419824,59.87418055054883
4735.0,15.621228093992473,32.29084803543514,43.714473612099525,59.79975460795978
4736.0,15.703604878772845,31.905579082195338,43.44782411379758,59.74354106620325
4737.0,16.026917609984814,31.482888774018754,42.923911743239756,59.749736111144365
4738.0,16.359950895427012,31.036417158579233,42.507060641780754,59.760230776624475
4739.0,16.77550077566321,30.991461734694177,42.12453186569668,59.79329886755549
4740.0,16.81228551501745,31.062454624335274,41.86477877511213,59.887756264625594
4741.0,16.70052988960549,31.198781713670215,41.87894564828159,60.05491786412652
4742.0,16.53507781081502,31.389935082453082,41.70513010721761,60.122550043937956
4743.0,16.634162972234577,31.576967484269655,41.71351180293144,60.24531376221368
4744.0,16.842965195630587,31.471080159485275,41.78102823927476,60.33193182879128
4745.0,17.07164976474346,31.406681685033345,41.909244991402964,60.47955393965459
4746.0,17.302261468860465,31.521085077054085,42.298008477685535,60.658627641144136
4747.0,17.348173501762037,31.757408291382642,42.710590498508786,60.77717148035503
4748.0,17.294694466628105,31.832897862167766,43.165393350420885,60.877847365723674
4749.0,17.55625579880396,31.80034827255004,43.60064231667067,61.05129397311249
4750.0,17.739223506152175,31.609807926329427,43.84119224165401,61.15316449193184
4751.0,17.930435162062913,31.205712418999386,44.28281226273773,61.26051477975675
4752.0,17.79495733992227,30.834481688776574,44.824860402493215,61.215712648323105
4753.0,17.50873352405752,30.516054608552835,45.31226500300897,61.18007921365201
4754.0,17.182256832404523,30.25993597643911,45.89990946756682,61.00070021473742
4755.0,16.723125270161397,30.00416011283601,46.349679349558194,60.8570975555645
4756.0,16.115454641512713,29.61299694223369,46.78405315435935,60.871294200573736
4757.0,15.653211429547735,29.247728734254245,46.9696296237871,60.86572806986473
4758.0,15.088050818963698,28.813947881760654,47.133139303111705,60.75974989951084
4759.0,14.66244107470895,28.570166021119128,47.235773419409306,60.70036368681782
4760.0,14.523314255950327,28.617250016747885,47.38967187562273,60.72157177895282
4761.0,14.629479714262816,28.580618588248665,47.45568781466158,60.83389385508119
4762.0,15.046111029652558,28.804618106023067,47.511984955293656,60.94630551231559
4763.0,15.4693361260933,29.12571612536594,47.70877632767706,61.1276596883073
4764.0,16.052853349414907,29.28995127366785,47.692818785920636,61.303668722884474
4765.0,16.80852494357005,29.30242508348193,47.59018921385663,61.35206100871643
4766.0,17.395718802947705,29.394161171261793,47.59995896535374,61.48865911531532
4767.0,17.985368584434738,29.78834026037485,47.57418573445824,61.62509772152501
4768.0,18.45067541301683,30.2652381246565,47.7048529954771,61.7839583308873
4769.0,18.863618838536627,30.782755501453078,47.83548862668924,61.92961154561494
4770.0,19.255398958174595,31.273137478139603,48.19788454858911,62.09599869022572
4771.0,19.403055901626246,31.550996820115735,48.66314354623357,62.28019345834408
4772.0,19.638952274309375,31.869930090989598,48.81013700768531,62.43033302892774
4773.0,19.76163899862315,32.35919505561411,49.1207339963598,62.48219912171128
4774.0,19.800059288469075,32.98224517161935,49.278685369503606,62.47351854620693
4775.0,19.874016188897187,33.318422829273096,49.29851356206988,62.43283688460608
4776.0,19.891630690366597,33.49271600564859,49.27353517477173,62.30203700496795
4777.0,20.00392689091459,33.728706618889625,49.05265616724177,62.139274876246446
4778.0,19.94293408294626,33.72472582917785,48.68344870800335,61.960802746156276
4779.0,19.75891606579451,33.72728140639701,48.12541893241004,61.8039879415775
4780.0,19.49757085996246,33.705911438061506,47.348005227677,61.633932635008065
4781.0,19.103223699800065,33.571610076975816,46.64388238271801,61.42067646909776
4782.0,18.72242531699807,33.43939937118963,46.004998551262545,61.262549959817385
4783.0,18.493433853698463,33.1451277898316,45.34782504253897,61.16525792952977
4784.0,18.066388026733154,33.044244028295125,44.87230841005724,61.08453969122622
4785.0,17.614998084791907,32.86584588134527,44.64602051630968,61.04604038766947
4786.0,17.18083097278245,32.44710189942869,44.39749140230518,61.02237213148453
4787.0,16.767014812588723,32.04660834126701,44.291973989103305,61.02137261229818
4788.0,16.486854243480064,31.611210055464422,44.09103461231328,61.02636431959286
4789.0,16.16324360043497,31.391119356258763,44.00726289056435,61.05744218845802
4790.0,15.849541902675304,31.205500331775006,43.812915036473086,61.117988843068645
4791.0,15.576525674032277,30.726300736109376,43.59999328649675,61.1642045434659
4792.0,15.327866809682822,30.61230504052309,43.43319864607083,61.20337129450521
4793.0,15.427756890420651,30.396951059844078,43.38045471582459,61.206421683830634
4794.0,15.638507012254973,30.202777052155504,43.105420713321756,61.25085632263771
4795.0,15.917211765740667,30.240034753076678,42.981519428418224,61.28620486092727
4796.0,16.003525972401132,30.34663692594547,42.98314722854093,61.303668562845715
4797.0,16.023750499898156,30.592382194186047,43.034391691495486,61.350181656108646
4798.0,16.21576504885615,30.963114917129424,43.247513399856615,61.3355053263704
4799.0,16.508522149090314,31.113660261056378,43.36449144811719,61.27189039728752
4800.0,16.8514976396585,31.460758953761268,43.311886015621255,61.251835973451136
4801.0,17.03521323858882,31.537657486868174,43.41340064608225,61.25829574063606
4802.0,17.043291561845535,31.79838507398883,43.50085243179704,61.27052012487195
4803.0,16.999589423960355,32.131383652695575,43.834834072796305,61.32810526734124
4804.0,16.963058398845867,32.18819274055571,44.00706724926762,61.39026238564567
4805.0,17.244018470922374,32.24267573408242,43.84819649007393,61.49522158831284
4806.0,17.398785468894786,32.38542348094734,43.684765705733845,61.46395144085416
4807.0,17.438230887127368,32.36487231079142,43.484953521670235,61.399694272394484
4808.0,17.305332383238508,32.52090532917486,43.39166396867387,61.38464649401229
4809.0,16.97454819295037,32.50970235710799,43.338866698244644,61.35935613401865
4810.0,16.83785855608178,32.63480394818032,43.379906379566364,61.24748096404664
4811.0,16.736597141113048,32.62343804290777,43.35886446297907,61.10974961195112
4812.0,16.618612042670556,32.604236426820506,42.974818262141575,60.94061516873235
4813.0,16.46084901283077,32.862125464699936,42.787161253477194,60.823505891659124
4814.0,16.24588382466588,33.149421260138844,42.687009950998316,60.66052908385342
4815.0,16.112333405610773,33.332796288229716,42.64166578629622,60.50245196504949
4816.0,15.854920119339754,33.33457893058157,42.52697438073264,60.40260509813069
4817.0,15.925354471915464,33.32660941343006,42.51156356304297,60.27647010423135
4818.0,16.21539412058201,33.30041243402076,42.45608524251878,60.138352420732886
4819.0,16.329199929999877,33.200237054776075,42.17049739934226,60.078369551152946
4820.0,16.46597935873795,33.158524153162105,41.81265851154574,60.08889064364531
4821.0,16.633320983772258,33.10763597570571,41.550800357549534,60.11194767786863
4822.0,16.777387777130937,33.100796407431936,41.216426177920525,60.064095643507706
4823.0,16.785764060406276,33.076004052550516,40.94260290163754,59.965792794791994
4824.0,16.79971629666042,33.04440036196266,40.68171355832637,59.940472229897146
4825.0,16.919013329425816,33.064092962300684,40.48566253463998,60.00598284499446
4826.0,16.915157505690672,33.00877492528839,40.31604277568332,60.165539194495565
4827.0,16.8663710711097,33.17550009395919,40.45226638886915,60.30233441914997
4828.0,16.842090874543942,33.376924581699136,40.80309291847919,60.47202091097363
4829.0,16.759673792196242,33.54209710210006,41.29805323829414,60.63771608127964
4830.0,16.556614674382182,33.6307716693713,41.965153377120416,60.72218977844524
4831.0,16.345354931547625,33.64147054608468,42.59626271065537,60.82572290649433
4832.0,16.120904383960962,33.62189141434022,43.09520278997061,60.99354445565212
4833.0,15.834191023225259,33.455995829330654,43.4519644850131,61.12231905113256
4834.0,15.458009993642655,33.2315929403364,43.831597395843914,61.162806344559016
4835.0,14.962439362907006,33.200453655776876,44.282760574035265,61.202106066062484
4836.0,14.434232593323383,33.176522931443145,44.54394506837935,61.175964946495945
4837.0,14.014548556670336,33.17541271290551,44.67180518244702,61.08656413174445
4838.0,13.677369865485868,33.24293389962502,44.58724552494565,60.98940187303133
4839.0,13.480862040502823,33.36054081974778,44.478101215208085,60.83196452230741
4840.0,13.212875192317657,33.3416767679497,44.45441795341264,60.64945089832611
4841.0,13.092600217134832,33.364001156582844,44.57069656907306,60.4144614492641
4842.0,13.161824552930533,33.59806782517372,44.75599017452553,60.12051211205278
4843.0,13.410574105093813,33.67770524945824,44.92306135120423,59.83725010458772
4844.0,13.776530322330165,33.768610170903315,44.95773828973421,59.47119572039774
4845.0,14.031598906294002,33.932551121520035,44.98391917343179,59.251545074406884
4846.0,14.226518782783991,34.16099852061023,45.02113739288872,59.04249017352274
4847.0,14.524489974522778,34.39711592664614,45.24723914211109,58.825635714173174
4848.0,14.833244127747568,34.62674321723718,45.29618376577829,58.71733237981026
4849.0,15.168746973503756,34.835528633241665,45.16631536282662,58.643580817324015
4850.0,15.311239634728915,34.93853864120607,44.916628205232776,58.678787337181205
4851.0,15.3927122729675,34.863397059396036,44.63579885556606,58.871076127602535
4852.0,15.169757499231121,34.84068758670755,44.14084297708318,59.07451924519955
4853.0,14.733587043289889,34.62055898951616,43.607699083666304,59.26054571532774
4854.0,14.440890659179503,34.25611034315704,43.342792334156066,59.37917081306762
4855.0,14.184886133945513,33.83956198128134,43.0567795158169,59.44183729115302
4856.0,13.780289997322603,33.2750770541938,42.78244561974597,59.49349490775998
4857.0,13.247425400338807,32.65019645579384,42.8022481592969,59.59232522482223
4858.0,12.710432416722911,32.127651815030056,43.034670580780556,59.70975624700918
4859.0,12.408042403594749,31.929140068390183,43.35011736961822,59.78410147793083
4860.0,12.039840543947856,31.744037839750852,43.767216039195986,59.73197155822323
4861.0,11.91481306493272,31.842059505600492,44.277308772513734,59.694231759532386
4862.0,11.888502982954193,32.053853113840354,44.72982663271109,59.7772454847705
4863.0,11.94312714944959,32.30917151734377,44.97053698535315,59.875544052834705
4864.0,12.032467192053442,32.47280936510981,45.37545492625289,59.996170975480865
4865.0,12.217935065253913,32.80352598160332,45.76829913803359,60.073059013776174
4866.0,12.481066946515696,33.19371595630326,45.85152803090591,60.15762529149385
4867.0,12.71317130157398,33.35017130342971,45.9281211826005,60.278044867027404
4868.0,13.089011522318232,33.3297980912229,46.03291343399308,60.28472792967756
4869.0,13.420058168039017,33.49727151830557,45.89563916793187,60.33394619987706
4870.0,13.696307967483706,33.46630716486707,45.92259602647549,60.30486461834201
4871.0,14.00004800682796,33.32897816520224,45.95460457365595,60.207968488838986
4872.0,14.2958444111484,33.148862156712795,46.00678964372909,60.059835819247894
4873.0,14.692569670679772,33.099240074436416,46.00364335037777,59.97173873592487
4874.0,14.95358151392537,32.928131010399255,45.87558224267977,59.90561845637733
4875.0,15.350801478139308,32.73816888122853,45.94734451859583,59.77326615847988
4876.0,15.942430479454185,32.54141680322438,45.91123497126513,59.608074343215705
4877.0,16.405438198474474,32.378330818949884,45.93770977313632,59.537048489544986
4878.0,16.988728204132272,32.02241715448865,46.11663255397841,59.554974393364766
4879.0,17.438416581260793,31.928341491512935,46.2657851522192,59.69406137046596
4880.0,17.845565852020346,31.879433061376748,46.34909985140979,59.867093611751464
4881.0,18.23819275300695,31.865483338805696,46.41731661646778,60.11273191639718
4882.0,18.412860738418882,31.788269007705797,46.490926167430175,60.30344012262769
4883.0,18.696741259969635,31.869951958963526,46.629245545807905,60.50948175099484
4884.0,18.971997677043294,32.01055310539224,46.6417005541301,60.654785038987676
4885.0,19.114269692956416,32.31422022412363,46.69891266319072,60.79202458713958
4886.0,19.117807022519898,32.56538741209194,46.59212743265663,60.929361664215264
4887.0,18.96881642268566,33.03033892679063,46.478397180316726,60.97719177335041
4888.0,18.951760371060775,33.173976160695474,46.34290744182133,60.94218501908442
4889.0,18.86093193184364,33.408346249104575,46.247591343342094,60.853525955417496
4890.0,18.70332112890515,33.62406065066186,46.293446654029374,60.74470608030484
4891.0,18.56877284435653,33.7120520768713,46.251707738441915,60.62798340283298
4892.0,18.3915527847793,33.76047085399535,46.28769015092064,60.52937863225978
4893.0,18.09145955128168,33.80763179531027,46.23621533880821,60.570183753694245
4894.0,17.890634486945302,33.921960877831914,46.15326692853148,60.5432917895125
4895.0,17.830886147712686,33.95765058068534,46.204597942743085,60.46484756700187
4896.0,17.895190682785262,34.016877469966374,46.29788588888371,60.33426043790055
4897.0,18.019173236864567,34.10137631786047,46.29086689727355,60.201930676293244
4898.0,18.10320080546247,33.994844362809644,46.33857017402123,60.08396426808765
4899.0,17.79180447623303,33.92160888290788,46.154868395665815,59.90710254193076
4900.0,17.674932724987844,33.87167595493056,45.9769524261864,59.7010493432523
4901.0,17.56731670701493,33.823733249107576,45.80253080889878,59.56340139973699
4902.0,17.496047678226038,33.751717637855826,45.78427135826041,59.24318503312035
4903.0,17.380688519143355,33.59344562636522,45.782871457232375,58.987599985486426
4904.0,17.05374423630328,33.4607842920431,45.589061829641594,58.82528906591914
4905.0,16.601291050530214,33.367234161534654,45.390650058025344,58.73998205857827
4906.0,16.144190405037623,33.35872221461685,45.2674795082505,58.667679816514756
4907.0,15.834821474562673,33.37298212543605,45.10343332000068,58.63277833504356
4908.0,15.81441208374331,33.4332211745485,44.97731290327989,58.634512135671145
4909.0,15.497579076197194,33.53176313383432,44.92486483001797,58.80716876749537
4910.0,15.138298408782958,33.48788032380841,44.6966947079048,58.90372702400641
4911.0,14.671668360737897,33.4394057307588,44.40336153156772,59.097046927116985
4912.0,14.094588469608219,33.424382333896084,44.1730782869637,59.25892614580735
4913.0,13.571957958056935,33.366329572736,44.1589304406316,59.37835388604397
4914.0,13.249329967693233,33.05535491077131,44.26449073896535,59.415726022889295
4915.0,13.024194659449716,32.83962424716913,44.33052538092635,59.410061995206604
4916.0,12.672991440407008,32.78148772609811,44.480019622956796,59.41228806195572
4917.0,12.438240009609705,32.640670635264584,44.64096036834804,59.421835114663935
4918.0,12.322086734528682,32.58148525397664,44.767076922455765,59.299306597461076
4919.0,12.149890760739767,32.301187007737184,45.06553816215663,59.17778097854546
4920.0,12.165633526032682,32.14617740391731,45.394108241403174,59.06909794494901
4921.0,12.158759208099006,32.080657545056354,45.600324047691984,59.061311431024635
4922.0,12.186616786227312,32.088270129001934,45.820312834216466,58.99572353269871
4923.0,12.220333956766014,32.14908889086435,46.02952729516889,58.98509642381391
4924.0,12.178014289277193,32.160934507053895,46.205388786602775,59.06994416181152
4925.0,12.208099510790271,31.98851324689112,46.49942428139961,59.15184562629391
4926.0,12.428342819773073,31.863119615659908,46.82076140681547,59.239043430225486
4927.0,12.600374308468126,31.968294846541593,47.13061936471971,59.32904020855653
4928.0,12.834976063992043,32.31840177778041,47.49255237298423,59.38603396331028
4929.0,12.968614272753916,32.32683872374361,47.84350575507974,59.47965037946368
4930.0,13.413869364146025,32.37345199918617,48.48943202051969,59.39668022561934
4931.0,13.851857226404542,32.30552185382884,49.0385600447528,59.43487775199377
4932.0,14.16741963599992,32.376749511466464,49.56054590536757,59.56808929940015
4933.0,14.6479459146218,32.37650563279408,49.97293996452802,59.63637817660483
4934.0,15.355021547116765,32.518383112005054,50.259983521434215,59.62726817419869
4935.0,15.826082106167089,32.61786151785813,50.49658449403849,59.55252523846306
4936.0,16.30883977738596,32.261289109110415,50.64243364068568,59.50766071701621
4937.0,16.778335697223152,31.854062472303756,50.57843369935962,59.4796476217998
4938.0,17.258096615762035,31.6636933461346,50.56852259501964,59.47826278176714
4939.0,17.609883142035063,31.311930716161342,50.2853156701416,59.572049785243934
4940.0,17.882182545804007,30.930292418356434,49.78462251170983,59.610837825946874
4941.0,18.28106425165138,30.415842491772644,49.002985418171846,59.56660208917542
4942.0,18.363724393155678,30.081211883390427,48.282673571182,59.534954089769414
4943.0,18.29214387271267,29.610674132068414,47.57099739907807,59.62724928340228
4944.0,18.233175610920885,29.30824703823418,46.86774428857135,59.839207339855705
4945.0,18.12367503533704,29.021115095539017,46.22158770874067,60.023287121055475
4946.0,18.11284472960621,28.91046194609201,45.57244079078764,60.17730705382635
4947.0,18.20215069693598,28.742541946484188,44.78560738041853,60.35033797050039
4948.0,18.205164636847606,28.60700639511529,44.10104912024869,60.603387543404445
4949.0,18.323523497516472,28.50675163111912,43.71118207296668,60.8164732202366
4950.0,18.328794941839643,28.506114824093498,43.72875029259434,60.952615048317355
4951.0,18.49481632221013,28.51427232824121,43.82483599327551,61.05679119985469
4952.0,18.609356672207735,28.63644895078552,43.79062830028618,61.07992094950065
4953.0,18.706574890124617,28.705468952827765,43.84277261723277,61.02813521169023
4954.0,19.019329712545893,28.96078096210988,43.84001759027689,61.038043260244045
4955.0,19.162933085191966,29.138043117350627,43.90578851631404,61.12573607203791
4956.0,19.138151484887825,29.375040576084963,43.99542946056021,61.176155127661964
4957.0,19.102428075174537,29.591791094877998,44.077474313821085,61.132613019619164
4958.0,19.08860868128131,30.045447304332942,44.19463875955098,61.03735926616703
4959.0,18.856434834820014,30.54905893927919,44.07221078245714,61.04371577324379
4960.0,18.79767535743162,30.93316116416202,43.90864618006307,61.07707961595953
4961.0,18.7206906276733,31.252081882488433,43.86032825806773,61.14540953673468
4962.0,18.682424260197305,31.514177624475554,43.71855949944329,61.230774378906744
4963.0,18.463993968493597,31.774054489052695,43.772597397134064,61.18551486171871
4964.0,18.175279557096456,32.13762410970276,43.859558405916026,61.232453263711975
4965.0,17.752558476015572,32.365003829221955,44.05843025158675,61.22270938647398
4966.0,17.43479325609252,32.85870492069142,44.23918462817378,61.171704354835065
4967.0,17.20617620475195,33.181349580596354,44.48177925657106,61.1492224945925
4968.0,17.176259199142805,33.278735184032925,44.76904167367458,61.10512615773412
4969.0,17.01098225874817,33.48358842266501,45.02689052893688,61.01617241720168
4970.0,16.91712249599008,33.710580770414886,45.38245529321888,60.91338151119293
4971.0,16.926732907346906,33.835071539174734,45.7131681719587,60.7886739969325
4972.0,17.004883660522513,33.80287574692122,45.90987884847487,60.75355805442252
4973.0,17.12376989112008,33.71259793407001,46.06584079845772,60.516731509852406
4974.0,17.46031364969739,33.838305232790105,46.12840035541129,60.38774001322221
4975.0,17.584195322611308,33.78978598025324,46.300033756193585,60.32382881419672
4976.0,17.379845434036454,33.765650664116556,46.206389362165886,60.187994912208005
4977.0,17.133516817227395,33.977638541134674,45.80116244576814,60.026975361452614
4978.0,16.8176647895912,34.08661952151296,45.488614459125245,59.928183665925054
4979.0,16.476279139923882,34.06715953409351,45.12127891780945,59.84236117166056
4980.0,15.887461184026083,34.19771805010029,44.707169715052665,59.831269644055574
4981.0,15.213226784168869,34.63014627593137,44.413581047658354,59.76874278146669
4982.0,14.745780334016379,34.98160260181776,44.217181805183195,59.73831368243111
4983.0,14.222708657937153,35.029212403694174,43.98676928079334,59.61631709662341
4984.0,13.746716819266931,35.023725131169826,43.62754066455127,59.50199040339227
4985.0,13.427064072672565,34.90274847739552,43.556524162471476,59.554949470722434
4986.0,13.409586184614492,34.75880922657056,43.55526104300378,59.56891280225736
4987.0,13.582490124396667,34.62002279260787,43.781217088349656,59.586451630298406
4988.0,13.726493886329024,34.52006714946263,43.91592824665289,59.640842264508244
4989.0,13.718850560269816,34.49581465162487,44.017814259021186,59.59101565166395
4990.0,13.854589915895858,34.34013811030441,43.862208596668175,59.65540209137637
4991.0,13.90340291636515,34.10483319038979,43.49022274734745,59.70440211085973
4992.0,14.006665860780618,34.1308560401728,43.22444277753288,59.775912580763524
4993.0,14.167869142124683,34.157933860441524,43.067247738408895,59.84918942253858
4994.0,14.319330608617442,34.3473017272822,42.74804285605901,59.872734428142415
4995.0,14.246210678672202,34.32415230054683,42.76314637883701,60.00936553374037
4996.0,13.98957915565525,34.31794286150219,42.671384983826385,60.13667808404955
4997.0,13.7503437400249,34.431456143536565,42.67844044363298,60.20673374185108
4998.0,13.766988976348513,34.39883806747627,42.78745361535972,60.3275877422437
4999.0,13.737270165566803,34.32748691649592,43.01695721425801,60.38961080050725
5000.0,13.721030843302657,34.37190620589738,43.42674033894639,60.49956757566938
