episode,MU2MV,AoP-aware,DGTT,Greedy
0.0,0.0,0.0,0.189436541351491,9.472719916777539
1.0,0.0,0.0,0.0,9.231000774759709
2.0,0.0,0.0,0.0,9.03246140254681
3.0,0.0,0.0,0.0,8.882354594434535
4.0,0.0,0.0,0.0,8.885667345266379
5.0,0.0,0.0,0.0,8.538617253385949
6.0,0.0,0.0,0.0,8.253866102475387
7.0,0.0,0.0,0.0,7.785746005054076
8.0,0.0,0.0,0.0,7.066782415449431
9.0,0.3007504869000841,0.0,0.0,6.455708265085192
10.0,0.7367881685759332,0.0,0.0,5.967035824547667
11.0,0.24034231825784702,0.1352135610004665,0.0,5.3343489338924215
12.0,0.12198029016070067,0.0,0.0,4.79695408631304
13.0,0.0,0.0,0.0,3.9668936776993062
14.0,0.0,0.0,0.0,3.409942416105861
15.0,0.0,0.0,0.0,2.8454111830504583
16.0,0.0,0.0,0.0,2.5795175579053926
17.0,0.0,0.0,0.0,2.729105026444596
18.0,0.0,0.0,0.0,2.9007111718110288
19.0,0.0,0.0,0.0,3.1093298811371204
20.0,0.0,0.0,0.0,3.4001134514500775
21.0,0.0,0.0,0.0,3.4897757871822637
22.0,0.0,0.0,0.0,3.8633265888299757
23.0,0.0,0.0,0.0,4.26767867409638
24.0,0.0,0.0,0.0,4.679718137686816
25.0,0.0,0.0,0.0,4.955115241986049
26.0,0.0,0.0,0.6929998677854634,5.185093037617386
27.0,0.06193375581688757,0.0,3.0369352410965726,5.211629307056149
28.0,0.23032662707968884,0.0,5.095773159530745,5.14623211736
29.0,0.0,0.0,6.354917371200699,5.108410113794687
30.0,0.0,0.0,7.66388140724021,5.144061862225925
31.0,0.0,0.0,9.482156707937811,4.875412782959899
32.0,0.0,0.0,10.944155480611538,4.73713920597972
33.0,0.0,1.07446184497433,12.674584758530939,4.766739420937631
34.0,0.0,3.0811188622377594,13.075947402641221,5.1090529644436256
35.0,0.0,4.5600877942349225,12.70541661935937,5.306314634410824
36.0,0.0,4.793492817009758,11.330958195669867,5.734708732164306
37.0,0.0,5.153721309227652,9.343355163916394,6.396115641200542
38.0,0.0,5.3488716380155905,7.804002164035898,6.962876181279732
39.0,0.0,4.734729628506301,6.0471888856828615,7.565665163756025
40.0,0.0,3.6355401052930305,4.257545586108246,8.287690986156056
41.0,0.0,2.124985206929487,2.858529379621538,8.967648137441554
42.0,0.0,0.5553838900267261,1.2420686557536018,9.35207547626892
43.0,0.0,0.0,0.0,9.47215116760845
44.0,0.0,0.0,0.0,9.587683283726241
45.0,0.0,0.0,0.0,9.539268221594577
46.0,0.0,0.0,0.0,9.476912589048457
47.0,0.0,0.0,0.0,9.631714198760255
48.0,0.0,0.0,0.0,9.496050757726874
49.0,0.0,0.0,0.0,9.367955695581093
50.0,0.0,0.0,0.0,9.23370947586608
51.0,0.0,0.0,0.0,9.232168255052274
52.0,0.0,0.0,0.0,9.41643724761166
53.0,0.0,0.0,0.0,9.712195391149226
54.0,0.13325565794143357,0.0,0.0,10.097020623802422
55.0,0.8607661212083305,0.0,0.0,10.189887378572834
56.0,1.6096686725771865,0.0,0.0,10.081687852698549
57.0,1.61367789319325,0.0,0.0,10.072879521079743
58.0,2.0900242020997366,0.0,0.0,10.113735731942505
59.0,2.804539876735538,0.0,0.0,10.241523742935845
60.0,2.5849260629286275,0.0,0.0,10.292640023724957
61.0,2.0340839717455044,0.0,0.0,9.957603071613331
62.0,1.8866096181480196,0.0,0.0,9.77850316989471
63.0,1.8095877975756263,0.0,0.0,9.646045998266382
64.0,2.009655678395551,0.0,0.0,9.569908710401227
65.0,2.987569275665188,0.0,0.0,9.565366663346493
66.0,5.096922841575284,0.0,0.0,9.628442064040406
67.0,6.624994176579946,0.0,0.0,9.621010324832211
68.0,6.986054103180688,0.0,0.0,9.804494527469632
69.0,7.208345302993814,0.0,0.0,10.19827327539392
70.0,7.673209532946838,0.0,0.0,10.64961102904593
71.0,7.293959988572974,0.0,0.0,10.996391617499249
72.0,6.671500089040744,0.0,0.0,11.377742765638489
73.0,7.131444598188807,0.0,0.0,11.749653979295086
74.0,6.8994261726635635,0.0,0.0,11.868036328643315
75.0,5.992246158637359,0.0,0.0,12.136553985209337
76.0,4.731520846996401,0.0,0.0,12.578884481679669
77.0,4.565463005202718,0.0,0.0,12.716237733862004
78.0,3.504764194707739,0.0,0.0,12.83653749097422
79.0,1.9833892391675594,0.7121362535658657,0.0,13.047088505309691
80.0,0.6658124260006124,1.2524257933887917,0.0,13.154407250558119
81.0,0.027233543910176516,2.5907727558492346,0.0,13.006851581165824
82.0,0.0,3.8939041296600774,0.0,12.821196848534168
83.0,0.0,5.098057039181056,0.0,12.790950977051738
84.0,0.0,6.825319698302577,0.0,12.69472829751611
85.0,0.0,7.940302068207697,0.0,12.381519107466946
86.0,0.0,9.0001278230231,0.0,12.173885394152304
87.0,0.0,10.044154545904467,0.239076882021932,11.666978992167193
88.0,0.7637644702014217,10.352708460470373,2.3074740919566947,11.155806200607588
89.0,3.7666296218708033,10.099497783494387,4.674884880826896,10.735870882476183
90.0,6.525672603067429,9.526257172395193,5.938915983100864,10.397962112802325
91.0,9.233618250727575,8.963915384348663,7.052281243493301,9.96262034593099
92.0,11.663076004086035,8.67843409593444,7.66349754451474,9.465323569610394
93.0,13.890393704620147,7.7593450765198195,8.27632083951225,8.802439995895474
94.0,16.199464400462485,6.617332213848737,9.032973740780744,8.23751042888269
95.0,18.31245253759809,5.307717811902883,9.31465658631,7.484785899860513
96.0,19.268075533386494,3.886386696724077,9.647591735808621,6.9188638317675455
97.0,19.320119578062673,2.7208631204930134,9.910736002166836,6.675337069896506
98.0,18.656803228380877,2.227474793844677,9.712402593007196,6.4819027100851665
99.0,18.00964078512298,1.357388906171806,9.590330172307482,6.391858526065899
100.0,17.590286746131625,0.0,9.063358387039916,6.524794242125445
101.0,16.62539193650564,0.0,8.314304161014027,6.884269629099933
102.0,15.133276678692312,0.0,7.915964390476936,7.180552593551582
103.0,14.159440498295027,0.0,6.894067742738432,7.6609605445682964
104.0,13.132005002585736,0.0,6.22786591664911,8.164570127947119
105.0,12.14836576318996,0.0,5.354660695782307,8.683705578913365
106.0,11.056391226198121,0.0,4.386890950630854,9.064153898895979
107.0,10.438502394482635,0.0,3.7457973366084354,9.223339021383222
108.0,9.895077846292569,0.0,3.397002350612338,9.493650298440755
109.0,9.208779167702714,0.0,3.6274452928035776,9.656266120735497
110.0,9.79535482458747,0.0,3.3696272921400623,9.920344795546677
111.0,10.733715875186208,0.0,2.8351243997231697,10.20443604803888
112.0,10.085257326556794,0.0,2.8982751291107096,10.39677467444185
113.0,10.532774479668838,0.0,3.1342127210604773,10.7368991234088
114.0,11.207680919479422,0.0,3.250244019623132,10.855564285862224
115.0,12.30591817915081,0.0,3.1870219513406766,10.866446986983103
116.0,13.406078631556209,0.0,2.6677228643980264,10.983877406077513
117.0,14.322341588619977,0.0,1.762963948149632,11.023523478319333
118.0,14.714660058152898,0.0,0.5472817515024256,11.235449632523084
119.0,14.536197292969687,0.0,0.0,11.162069897728697
120.0,14.257665114464181,0.0,0.0,11.44884410774858
121.0,15.21839380272151,0.0,0.0,11.776062216749889
122.0,15.659984552773029,0.0,0.0,11.859235247348732
123.0,16.645578002896016,0.0,0.0,12.057289129345374
124.0,18.011851564117343,0.0,0.0,12.169302966584535
125.0,19.357266189798057,0.2725514825464569,0.0,12.143048627226692
126.0,21.448886341863698,0.9692586894521158,0.0,12.114854958333757
127.0,23.803720697812413,1.4781192043808042,0.0,12.05140239562338
128.0,25.253372826133837,2.4792546791062082,0.0,12.131221230706132
129.0,25.72675431099049,3.701958400496283,0.0,12.009268009314136
130.0,25.51508555279273,4.808980282446978,0.0,11.85218863868657
131.0,24.780441125495162,5.231538981660913,0.0,11.73560703363987
132.0,22.829721892531605,6.347562876819916,0.0,11.721123041803434
133.0,20.65064580562785,6.835056531878653,0.0,11.782965440617804
134.0,18.817458487650736,6.542476021217755,1.4668049282033628,12.03475936637606
135.0,15.979804515470004,6.225828237574093,2.6100214174495444,12.384853919298633
136.0,12.636750463017952,5.888780497502751,3.2653884834187847,12.578454511562382
137.0,10.319150701462256,4.522063296772294,3.788905950486126,12.614818043898664
138.0,9.973322889406845,4.478540821391783,4.072493274068491,12.829874750434207
139.0,9.980842102077254,4.284769241325684,4.392585519164018,13.123893609780396
140.0,10.554959469997723,4.143703375234263,4.287947794772671,13.28192157336435
141.0,11.505443648044146,3.1897230670187673,4.1007614062731506,13.428495124325542
142.0,12.232152224348853,2.260690524655773,3.3387271092925332,13.69707518438656
143.0,13.15861676034156,2.0137509703841188,2.0663731919403294,13.941149902750489
144.0,14.754702599331925,1.6786521998817678,1.7346103027115547,14.022607340343097
145.0,17.51065507696479,1.7896554112266683,1.1778656753477825,13.898011687176625
146.0,20.35776138974917,2.963454538181134,0.4227353616830481,13.846520744881794
147.0,21.33526186323874,2.1447998756355178,0.0,13.737441283152467
148.0,22.133609031214633,1.7428714854524139,0.0,13.397868984452604
149.0,23.0518634107845,1.9303071203682023,0.0,13.27418174832671
150.0,24.10171858556815,2.1242494907259513,0.0,13.09560168688813
151.0,24.461231536679975,2.7605125721635058,0.0,12.947358104173208
152.0,24.496644463815237,3.3337595904993442,0.0,12.767278247851873
153.0,24.115737969524098,4.192518300880614,0.0,12.644493598881601
154.0,23.66163225988319,4.712070761768205,0.0,12.684992891204507
155.0,22.64398742969388,5.092301769345182,0.6532869322241833,12.631502914874863
156.0,22.101835225013964,5.593109464254683,1.5660585645913159,12.605506296837559
157.0,20.98701019750425,5.648274764846677,2.3708502867104775,12.579111670044604
158.0,19.747238528226653,5.540732427721257,2.7477052736990406,12.53617850725269
159.0,19.40287731091356,5.391825714577787,2.309301477659582,12.547558399060994
160.0,20.015912458553206,5.054730010657873,1.869527029673546,12.341151606449806
161.0,20.607359176767307,4.893730903120345,1.7943755398472128,12.120418875292675
162.0,20.85554005230174,4.677785336791545,1.11899550845719,12.067827332352794
163.0,21.041231559501515,4.1347765965865095,0.3398555883537512,12.207174473794469
164.0,22.13605050587365,4.251354978087792,0.2408133593252446,12.556647197947566
165.0,22.937294727304415,5.081597019649603,0.5113167152238349,12.618650630967108
166.0,24.356195652326985,5.931269066893256,1.4082074327887657,12.867562579714372
167.0,25.49347069374525,6.266944466403073,2.5847752269185214,12.968793769613685
168.0,26.539372967087026,7.316737598615332,3.5572984398514977,12.835964444759457
169.0,27.204699805246907,8.295361326415994,4.658022285173262,12.648479066723294
170.0,27.024514102198488,8.422420389620415,5.221191338391674,12.528535888778398
171.0,27.88846332843305,8.630596259235432,5.3623313987045185,12.210884641397305
172.0,28.171220039869475,8.748172623109541,5.5574005035210305,11.64188029952621
173.0,28.611883049088448,8.380020776508,5.420323785079965,11.213513856876592
174.0,29.869621673397376,7.59022543739795,5.1583972317125495,10.848943628106435
175.0,30.82396299346776,7.128083475257972,4.519819126590097,10.342833486297712
176.0,31.39335423506003,6.770549114468277,4.092501712224273,9.877159182374907
177.0,30.40543085125039,6.6271248399244085,4.281317672737251,9.516807176324905
178.0,29.482566177474773,6.718675656202741,4.528483715493542,9.459289035951933
179.0,29.988435461219645,6.930131952380826,4.555767987157729,9.41367549471148
180.0,29.41651633216219,6.956750651265341,4.6517530936470814,9.355912914952446
181.0,29.16790522297026,6.994065533625057,4.265531930331868,9.637663346317785
182.0,28.51948031651788,7.4955553664983565,3.7388543584669933,9.645851051346678
183.0,27.42011700560773,8.050134697708767,2.908553294900954,9.825367666105297
184.0,26.097400317073532,8.773868974688614,2.03594569423376,10.030090013175837
185.0,25.068326049912365,9.917138755769734,1.120059125398561,10.551018539553596
186.0,24.88159424321629,10.495623152707966,0.0,11.114881011427407
187.0,25.147774614308076,10.934173628311258,0.0,11.608186996964582
188.0,24.410700081495968,11.520391053181966,0.0,12.1676492282602
189.0,24.778282815584827,12.037929005956451,0.0,12.683533758823824
190.0,24.64531279176629,13.401738313363444,0.0,13.028858159670797
191.0,23.70206394299421,14.411791257569845,0.0,13.406111355576842
192.0,23.618074639679094,15.171767768163324,0.0,13.554101218575923
193.0,24.59207940681157,15.305428711057749,0.0,13.698399447711033
194.0,25.173994845509505,14.951889470786462,0.0,13.831112137570397
195.0,26.273615045296893,14.211062327440565,0.0,13.884630487295828
196.0,26.6310162345777,13.450360082128766,0.0,13.888024085614024
197.0,27.86776601011242,13.019586682026317,0.7019607909221358,13.794014420535854
198.0,28.594463497901607,12.514618203689313,1.1498374454272868,13.789733702009434
199.0,29.660777152492223,11.35070867061339,1.2194729077906425,13.521372084880321
200.0,30.89792209012983,10.317705665658556,1.194344944230381,13.3797858975754
201.0,31.696281493073197,9.621265362300297,1.0128459794119355,13.283052311405967
202.0,32.15444516732522,9.040302902649149,1.204823519221482,13.118228231182837
203.0,32.46515041733234,9.050933097946626,0.6995085164977584,12.658298079005382
204.0,32.56285039458049,9.386142986375901,0.45012978787529945,12.423614117074855
205.0,33.42963266885057,9.92323114345475,1.0462056674161047,12.203814853649881
206.0,32.97114805506794,9.880726374917202,1.8452261539429076,11.847212490857483
207.0,32.06522088323965,9.935451125198826,2.5193823038726437,11.391433971286375
208.0,31.55067887590002,10.067496538781514,3.545546075250465,11.129812032329387
209.0,30.83987212051495,10.209413902429393,4.044404899580751,10.752498892493781
210.0,29.502577059046608,10.986533071587377,5.05755150631399,10.26908756635543
211.0,27.8291971031724,11.813550653148742,5.9792125335407835,10.025618687131791
212.0,26.237414703554805,12.960508579104937,7.242145826952715,9.909971091678496
213.0,24.898852566438137,13.8859878910033,7.7109064976423864,9.820255883065062
214.0,22.945588819069314,13.82899301266384,7.817512714182576,9.742693259670496
215.0,21.825477871012527,13.81305050860235,7.489355887426197,9.778754042444326
216.0,20.564337338090198,14.045078567574452,6.609678783760864,9.879388560612922
217.0,19.26512114054282,14.079952215802123,5.845437157997619,10.027734029148593
218.0,18.60728290330513,14.045596349924377,4.901073666235658,10.264441670168734
219.0,18.34174714647847,13.60619340790067,4.134684939216035,10.734048310778201
220.0,18.889895770487733,12.92302878940511,3.2807033526573646,10.854313444855944
221.0,19.232037292349517,12.144214402616175,2.10770452595593,10.70515339348058
222.0,19.142184917448326,11.238110995906396,1.46960058083054,10.379129090100012
223.0,19.178005783481318,11.671559307954757,0.6911439070245426,10.195791749870452
224.0,19.921043125333934,12.335162859377403,0.4534782841352024,10.003701744505362
225.0,20.320019374101577,12.616509395415628,0.1362452872684967,9.85777479782108
226.0,19.556060328409682,13.219344208432467,0.0,9.822890503896732
227.0,18.870935558686128,13.333328782951163,0.0,9.565003308880815
228.0,17.925406745877826,13.34509671936549,0.0,9.224584809356388
229.0,16.402400836602045,13.310121008934146,0.0,8.956153841082285
230.0,15.808981884749661,12.825756838865082,0.0,9.158282172152145
231.0,15.341252732734919,12.8981515702875,0.0,9.275714966218635
232.0,15.005698042474812,12.267800366984591,0.17093199540335147,9.28486000379959
233.0,14.66927818566602,11.510471773927318,0.7639951938536826,9.178908514378518
234.0,15.087688314512716,10.779624841371772,1.924078352949382,9.28429505705234
235.0,16.355048700079468,10.075571976171673,2.9132830909403187,9.327407377961457
236.0,17.518456460861568,9.61576423947177,4.132492370645308,9.306025077659342
237.0,19.151842648023447,8.948721740392955,4.908882982857726,9.382389463758493
238.0,20.501092542449793,9.462194041408198,5.571018569340689,9.47752091783939
239.0,21.364355511440007,9.795904698082749,5.82998677355978,9.307570545571718
240.0,21.352984704534737,9.855786022551188,5.720032532109046,9.146832992305614
241.0,21.132928098378844,10.292115975666928,5.255070696090774,8.85633814408338
242.0,20.1572994736369,10.745492047064397,4.459461494774318,8.571105368391532
243.0,19.060702195643728,11.595598540787995,3.537589163815741,8.122110810881104
244.0,17.968010467233583,12.450307734956601,3.550554845613678,7.7350142982331285
245.0,17.828242262535337,13.144053369017552,2.743446307946827,7.485531999401
246.0,18.081819197880172,13.961360134125876,2.8982773619125375,7.20558684597982
247.0,18.345266946941884,13.749721525175874,3.4749333104462465,6.97778470878619
248.0,19.260939836002105,13.236107618127367,3.7643669516988205,6.811416494504664
249.0,20.856901505820023,11.953193755234127,3.59472467082548,6.845698703716298
250.0,22.51880315141778,10.736316608333816,3.581169879645276,7.040304379462389
251.0,23.914598594385097,9.68757107386661,3.89924676124538,7.151050493699479
252.0,26.11703948511768,8.146522615769742,4.201997505251377,7.356825028571097
253.0,27.82154795112428,6.666391887270173,4.156836348685369,7.559366492200754
254.0,28.79137749633994,5.975368901900261,4.59379129170374,7.894259969137641
255.0,29.490029597917886,4.588261005696199,4.587048920072355,8.257686204042944
256.0,30.660407070752882,3.1965158157591462,4.630673625174795,8.780694856441423
257.0,31.515130626410464,2.8921993962518777,4.936471189662401,9.241814724819516
258.0,32.47707639052933,3.260300107053082,5.654479258017319,9.639558495558235
259.0,33.72582688656778,4.560459141543645,6.632758693246933,9.842565871931203
260.0,35.653579283139564,6.184142294357894,7.634105428913562,10.41060445266805
261.0,36.09863178883949,7.514283252112897,8.542154917481172,10.710508450457862
262.0,36.952089631840295,9.063099132312093,9.458231207906438,11.09616081914119
263.0,38.10550037947675,10.025861812961258,10.438226004649039,11.43109234817797
264.0,39.380538049598485,11.970193600014547,11.632689686038958,11.67389478428303
265.0,40.05697463159919,13.751268397093439,12.381481368736342,11.697134462892535
266.0,40.93110136182692,15.05065898401053,12.870086354088748,11.611354388685351
267.0,41.6198491562569,16.7591421541859,12.930597635472141,11.40249362408704
268.0,42.031435339129494,17.27260482770852,12.66697851265851,11.169088401410866
269.0,41.88332367434614,17.621593858957077,12.315728213599584,10.732427072836346
270.0,42.80515986426661,18.918109996835614,11.844511617380709,10.343538970829869
271.0,43.36351587358334,19.988778789510235,11.095100292807222,9.76811465439817
272.0,42.969890325222345,21.196615525461436,11.053232407620543,9.332484904485662
273.0,41.91487699063919,21.932439616572093,10.299677236944316,8.938222405948467
274.0,40.93766128701661,22.901950396784155,9.551656064811933,8.733116131891203
275.0,39.001187677099566,23.75674751025423,8.761901560552552,8.724418539548097
276.0,37.679448251367035,23.9434238814619,8.205733671767673,8.72162695646319
277.0,36.04817789307974,23.61346851065104,7.892934832779794,8.996720429945885
278.0,34.74137140666917,23.18963603086842,7.910621365864364,9.323416957827316
279.0,33.33859053541908,22.12573827089254,8.433713851830758,9.705162411574198
280.0,33.017663956249216,20.838121072511907,8.665114685638509,10.104151621238195
281.0,33.006078217148136,18.85947699522905,8.486023027985254,10.21918829161566
282.0,33.537156272210794,17.50599740390428,9.142205510585379,10.490559357216135
283.0,34.34466021553253,16.888690038417238,9.894754845039701,10.657449586337624
284.0,35.72982942079087,16.110908647163612,10.645792176385253,10.879612969880887
285.0,36.576486133982954,15.705981740014321,11.202354037996582,11.195901215173706
286.0,38.15650914704132,15.898854407431038,11.383653603864921,11.271104764731296
287.0,40.502563475571414,16.018115271925378,10.79527853928977,11.353945348882629
288.0,41.97011423904719,17.07269186015305,10.036709231512377,11.187872861670417
289.0,42.26714359464809,18.006244970370904,9.464284686631073,10.934334033904845
290.0,42.79217946996157,20.289465695163443,8.573435950263105,10.575139509379506
291.0,43.50120911947491,22.07018623046898,7.318038826215493,9.979243522400846
292.0,44.03522578198486,23.01689827273121,6.605588894778473,9.546113070717988
293.0,44.854055425920464,24.34949974031634,5.918682773739262,8.987693912966622
294.0,45.16032531999929,25.575012372403407,5.381281290842317,8.435672471885985
295.0,45.043018336691695,26.610378138263943,5.078521019742497,8.010359224742032
296.0,44.41618885109249,27.64256107431369,4.694511551131118,7.493096354712418
297.0,44.193653041275404,28.062627451964115,4.312366929111088,7.186846270416339
298.0,44.30643241989001,28.519588154556203,4.009347360713337,7.116240540791286
299.0,44.226289709091574,28.39050858584703,3.47165698273867,7.207287240154854
300.0,43.9038697869136,27.981350629879714,2.596633921410631,7.5600323555371975
301.0,43.94740923023147,27.644321847236878,1.5500105528909016,7.78759730504847
302.0,43.87872810444074,27.41509192750072,0.9915185516817854,8.06599663550681
303.0,44.03809499283195,27.380855528166364,0.0,8.250798800012301
304.0,44.112533773216576,26.900524450610355,0.0,8.354611370041418
305.0,43.01324248535011,26.55734309746742,0.0,8.31975486491332
306.0,41.71273467805987,25.80335779155779,0.0,8.412877990552456
307.0,40.93099085123577,25.33745686053127,0.0,8.332115615689036
308.0,39.93861259915457,25.19433921437883,0.0,8.282271203623129
309.0,38.94797002368533,24.97991013044726,0.0,8.124391282732105
310.0,36.96579292974877,25.3792748817564,0.0,7.729784374889141
311.0,35.44730140948237,25.616585813860603,0.0,7.389766862949576
312.0,34.36112490817631,25.030511654510516,0.0,7.174194765932478
313.0,34.18689932030713,24.81761205407239,0.0,7.146018768333944
314.0,34.92664992358253,24.300677157292483,0.0,7.263499688152965
315.0,35.4803085707551,24.533999200695813,0.0,7.5307688646877775
316.0,35.46044285564612,23.91961338237651,0.0,7.847380549088575
317.0,35.64285088176471,22.817290499929108,0.0,8.187113266252624
318.0,35.31072588661895,22.093975157120877,0.0,8.341395938815173
319.0,34.98975251212523,20.805455367347694,0.0,8.69432900510615
320.0,34.439248269483954,19.932255251044133,0.0791875848852629,8.868301025255107
321.0,33.92883306192457,18.854434201109108,1.0656720955359618,8.911845654019412
322.0,32.763423670616206,17.818739781091615,2.5583657462935285,8.92848096506067
323.0,31.971364115625224,17.019930660831587,4.245334692334264,8.966431760635064
324.0,32.196001750852794,16.12116307472277,5.883425878229524,8.773126146464277
325.0,32.609271623096134,15.734630723815982,7.017102828075412,8.561476469295325
326.0,33.46652512946974,15.63062218650181,8.182894062606435,8.33685813544195
327.0,34.82542148429126,15.528649237696788,8.603166102266472,8.375769857372651
328.0,36.46191247094393,15.830997366524844,8.46578058377439,8.446491369296941
329.0,38.12054008989315,15.193250467738432,9.181316615035858,8.57914027207471
330.0,39.64412493401547,15.398982610940838,10.212167419818321,8.757368985765506
331.0,41.10086414236634,15.318002552930414,11.227931901391996,8.863826520930477
332.0,42.58867406199901,15.889561461163865,12.127088174037254,9.156592224889783
333.0,43.40924523584316,16.291466841451687,12.9294672735243,9.446928928696511
334.0,44.31976375066126,17.15641224221225,13.691885339909572,9.648066323346738
335.0,45.395040003900164,17.86575026026413,14.197608798429176,9.955376019577205
336.0,46.53792760788534,18.05947644171869,15.057588920356844,10.126604061803938
337.0,47.75868502195254,17.80579274729706,15.9066494291737,10.362459710615154
338.0,48.32589346783946,17.796766878603066,16.062181375107222,10.783775555785276
339.0,49.2162076100635,18.255753288850887,15.942446702640897,11.108367156530976
340.0,49.87292760722994,18.936646384428464,15.413929443159168,11.369924973127691
341.0,50.565927877603386,19.046016987594772,14.434766554426677,11.255472167548875
342.0,51.642640758067635,19.273684144882637,14.098292297908053,11.226396520544325
343.0,53.29237756094991,19.49998144064414,14.035839263627675,11.167544306141068
344.0,54.20343532533705,19.24367310282882,13.985533623663557,10.975037756142976
345.0,54.78850960995265,19.841269626342427,14.093409130142485,10.662143705891486
346.0,56.11843469144696,20.812666883588008,14.5096449671324,10.245533614537045
347.0,57.04567627671186,21.68576826613932,15.401404066175143,9.821243250219277
348.0,57.35314234831645,22.26801917211341,16.45987371557933,9.442811530867926
349.0,57.393349733089515,22.796964667139918,17.142215382154347,9.21516593299927
350.0,57.23306364580035,23.261128698306994,18.02804167632224,9.206492047864177
351.0,56.749877080991745,23.483815423691826,18.4231497410581,9.276186671581256
352.0,55.837057813521575,23.697021285297463,18.699716916500083,9.301330842233783
353.0,55.16377872423721,24.314886475777286,19.096742638824047,9.372924248962839
354.0,54.281423479308806,24.255367196183197,19.648630359220178,9.577829182724011
355.0,52.04888546240467,24.058297900785686,20.150009865847533,9.73952835867783
356.0,50.973114314420016,24.004118858253822,20.35590985772589,9.787903076580466
357.0,50.51030458770717,23.919975524524666,19.81662734365387,9.829757137026814
358.0,50.382810207217965,24.47741329627697,19.594993276207063,9.591148290852805
359.0,49.765143283964505,24.780878779221403,19.664619408606328,9.34160324094017
360.0,50.345313848941224,25.21795877431717,19.76731443154479,8.809774760959526
361.0,51.16795888777807,25.30509890701077,19.812315510120058,8.64583919417008
362.0,52.20172329877435,25.299613843110524,19.68925420479634,8.36882416569405
363.0,53.22842569103809,25.546190417460224,19.1176054086166,8.154662104995268
364.0,54.91622579435127,25.75678764098207,18.753650693620845,7.889239767463362
365.0,55.82514166941253,26.09219733934997,18.408257025186117,7.676615028861256
366.0,56.82641706897816,26.072879776147246,18.41142750898701,7.583444170308888
367.0,58.242458207003494,25.950388061673813,19.12243773927331,7.68260324669397
368.0,59.80692731083328,26.265401483485707,19.531875086716067,7.91180989682969
369.0,60.59769412609535,26.115836351077327,19.227862277331656,8.24249405840192
370.0,60.734512790294616,26.057457321087412,18.743581806527047,8.32541951765695
371.0,60.70124476974772,26.257910820790414,17.778985627227637,8.55199803357592
372.0,61.168226521784305,27.13754824760834,17.176905078388163,8.831478782391057
373.0,61.525610246693056,27.735014485356352,16.25171977198705,9.100434040636063
374.0,61.85091677255407,27.869224752834405,15.272232071688165,9.413093982682296
375.0,62.00349779916942,28.295095161393306,14.165892766345985,9.659024221626229
376.0,61.259533349395426,27.847487754934026,12.285243759102935,9.786977861688598
377.0,60.2918161051971,26.91866522146701,11.068990542817982,9.725205240206146
378.0,59.053221353262074,26.45430962485188,10.635470970396383,9.430992701518479
379.0,57.99223687739068,25.624854730476294,9.839808456808797,9.10146885517177
380.0,56.83054308762203,25.038689369183526,9.578551401485422,8.939631509707155
381.0,55.23581228311815,24.01551706620923,8.848915291501852,8.542024446730117
382.0,53.66071335217688,23.380912760956342,8.277179109060432,8.438596162066913
383.0,52.16568349016733,22.681868141121775,7.773846220137411,8.221460684224471
384.0,50.72609631179039,22.299938343904408,7.365794639388168,8.091137145860987
385.0,49.60832311565395,22.39142530585431,6.867211298117144,8.186877829888914
386.0,48.85803361048197,22.573427625528943,6.809240408227311,8.577472263127301
387.0,48.15771487952181,22.310007503567252,7.195170911957462,9.045044292828658
388.0,47.80368363081797,21.93093009890554,7.936268786061897,9.674412830274202
389.0,47.39892050118394,21.302082727733172,8.73150420005807,10.189055718622047
390.0,47.12468606064494,20.384846393982492,9.783861498159386,10.876863626276016
391.0,47.346196196505105,19.214590594553165,10.189949227474997,11.260380524286782
392.0,48.389475704903056,18.759964601814794,10.295459503038204,11.588167828568835
393.0,49.095849720546056,17.48121502482142,10.549879829707237,11.824849359605823
394.0,50.20793751776194,16.251804139641433,11.227154246754056,11.917738900851523
395.0,51.286786242382604,15.422389202791424,10.609870436423321,11.68223829041078
396.0,52.39345977378926,15.125420457100303,9.556896576599373,11.842585956842743
397.0,52.41876501361287,15.629899926212078,8.877672215376979,11.772425920086235
398.0,51.81546142242554,16.32126148771202,8.193881585649608,11.579069885627943
399.0,51.980879203467495,16.95726393905861,7.6245001703782895,11.023776500843226
400.0,51.705789608543625,18.21835144887074,7.19624296092815,10.53730018233062
401.0,51.11923655335313,19.042902383643966,6.862622999774137,10.16364661012167
402.0,51.365930643828804,20.435939151187057,6.687586247194258,9.716657617700339
403.0,51.30916618715699,21.854830821168633,5.882220002031857,9.217624131259294
404.0,50.84031662732854,22.690487369858758,5.439513691525833,8.779260676740597
405.0,50.399211755552415,23.482326904786913,4.960719909111746,8.052929255747241
406.0,50.88051103497039,24.159988809574507,4.038841548823926,7.3860059686548425
407.0,52.06606392642033,24.505055897990605,2.919972975028311,6.924179171842282
408.0,52.78119977272812,25.310940495347264,1.9498548203379373,6.757706375621834
409.0,53.29659587986561,25.28977293279747,1.143943735395663,6.65076027289291
410.0,53.46454180223146,25.61860692198313,0.047075481619762494,6.575239854973211
411.0,52.60567590586799,25.82976174578169,0.0,6.607022508843129
412.0,51.852377368688686,25.802935020155342,0.0,6.834786607332445
413.0,51.44484760385038,26.237411326736325,0.0,7.157822870649308
414.0,51.19550278642976,26.475521365526006,0.0,7.605668618443981
415.0,50.39905484284673,26.92917048033391,0.0,8.26178734865349
416.0,49.93907226522304,26.865307364370466,0.0,8.814446794832213
417.0,49.50761336773255,26.050877924884226,0.0,9.321382604631253
418.0,48.93899235519174,25.54524921107847,0.0,9.92990525165494
419.0,47.95437508569755,25.3037061588967,0.0,10.474737455398666
420.0,47.211320054519945,24.582460172176734,0.0,10.93278648616413
421.0,46.473420880731176,23.55677987692855,0.0,11.302170934749096
422.0,45.857477127810924,22.69279943691704,0.0,11.565008290922098
423.0,44.983859777374235,21.61711120809249,0.3511078761374109,11.783071963020362
424.0,44.62362855130091,20.007881771372745,1.1967961872415418,11.952415882389664
425.0,43.93407446975408,19.33456376823546,1.9794516507233095,12.000685223960398
426.0,43.03613376180163,19.4556682489526,3.0653379476707583,12.080305105316251
427.0,42.513868255049275,19.578521040857083,3.839720551006253,12.003829056717843
428.0,41.88907920162958,19.239848458787012,4.42651118225415,12.043430302124982
429.0,41.838962252611736,19.621666904180756,5.156059376459974,11.891159380887887
430.0,41.45895509332609,19.97698873953881,5.5945401599586555,11.59399911586432
431.0,40.632385482568665,19.746647686172423,6.564342650358382,11.04843873840518
432.0,40.33955870773393,19.876904550667614,7.3867480347009105,10.652086014702554
433.0,40.072561310564176,20.26808036009939,7.9096259520013374,10.189328687683389
434.0,39.83858171209464,20.75098107479632,7.39970625671405,9.655292733660184
435.0,39.68130105532768,20.695589008155736,6.49079150706157,9.21051447256797
436.0,39.3340590714046,20.681411734397575,6.035485436746977,8.700388150798064
437.0,39.32599258361069,20.96613459632841,5.770341604590145,7.9740925349049245
438.0,38.75472392866503,21.32401832808562,5.690244915805483,7.476069064058795
439.0,38.45132676670356,22.024341692841478,6.076299973174483,7.073966477414703
440.0,38.66485042634933,22.881337243269744,6.20200976012428,6.988778548885616
441.0,38.70973443777633,23.60687696268358,6.042838700210757,6.721763312732875
442.0,38.94265785477068,24.529275988267024,6.172362102054034,6.295821232082255
443.0,38.56801620198331,25.21063149800456,6.830870728052194,6.1864023682188
444.0,38.498305828699195,25.839269594064568,7.309343268308328,6.087781663940989
445.0,39.32686782998612,26.38074954625395,7.5065236374132605,6.138481969701002
446.0,40.016125287333246,26.52419073888464,7.6052892766369204,6.198460284036422
447.0,40.25699095335444,26.271241073753902,7.449500659037998,6.310424810245791
448.0,40.78941843611545,25.71616322592364,7.268928610288977,6.433586738276973
449.0,40.62240478638331,25.401478185003878,7.116110786829851,6.653541106723684
450.0,39.84932492634668,25.16517527866253,7.029032509221143,6.922543031950693
451.0,38.783647164676424,24.944369519057968,6.892433633584932,7.101708159908785
452.0,38.80484892264918,24.163126545157677,7.463473759038175,7.024213495606116
453.0,38.529192399120646,22.99903329234923,8.31871907246654,6.8205138629500865
454.0,37.83928033872125,22.01896120865521,9.289106023350993,6.684416592728702
455.0,37.80155896013188,21.536137769205684,10.134016787845361,6.641121234746686
456.0,38.650439604855805,21.208296811942155,10.755137128533566,6.742007154298065
457.0,38.92565313792048,20.978632199115737,11.252150374816246,6.789672103571162
458.0,39.51492769185727,20.454998693687465,11.871501534051365,6.7739986410730175
459.0,40.47501230622204,19.623328254235922,12.529386578266298,6.739138812917486
460.0,41.301447080334135,17.808871039482348,13.480313395429855,7.097645463934811
461.0,41.520486817057,16.607263032954297,14.279893799755857,7.544148072005868
462.0,41.20684141240381,15.926400603197813,15.067368262399016,8.005386396265285
463.0,40.6747410551485,14.869895901795502,15.600128558400085,8.425560569904746
464.0,40.21814635693295,13.529191638397059,15.894408687376737,8.780688252690634
465.0,40.09219143135782,12.952744809195073,16.046149732042622,8.929404561147985
466.0,40.22599571353273,12.66249893745195,16.038480138409206,9.194533532185588
467.0,40.81787714976449,12.044022638901058,15.943438344609909,9.32687826718971
468.0,41.654255624810624,11.739027114396178,16.201592406445386,9.443641010194087
469.0,42.71784282730406,12.15263379700681,15.792488882922818,9.248625779683648
470.0,44.37249651135924,12.438045636728807,15.086557667095429,9.164600350365355
471.0,46.91861744783642,12.588212035183597,14.18018891124624,9.117885647903021
472.0,49.51531463191931,13.110180878319692,14.1260382148067,9.10005259530691
473.0,51.62154285072348,13.44634086263625,14.254466581556217,9.242789918751331
474.0,52.9858063472931,13.44529097824552,14.69194344548534,9.24617195008596
475.0,54.30824958237555,13.369063220312404,15.318945561442375,9.088580830996287
476.0,55.442355246204514,13.449929124629003,15.707571940661675,8.964202952029725
477.0,56.067410043448284,13.637444533606427,15.102898075945124,8.59013837444713
478.0,56.59259236226416,13.942571980835059,14.716779237533176,8.26584728331477
479.0,56.57448511813726,14.156743622790056,14.377467300871949,8.145345489260997
480.0,55.897608843597375,14.218755999970742,14.57334026732055,8.15540729011731
481.0,55.082739270071215,13.807254350118665,14.224046774716802,8.207085394423675
482.0,54.756452004622766,13.444993885723154,13.93207480158301,8.258340762024048
483.0,54.143115687490344,13.204114770384798,13.70438968646141,8.366392686877967
484.0,53.42445739140588,12.597594496752068,13.25063849439174,8.449451715753439
485.0,53.130038737796305,11.82716636076325,12.967540506455345,8.596154858973822
486.0,52.688070872123305,11.123352133490473,13.627736996755369,9.191424602839101
487.0,52.248743916791014,10.917771392295066,14.323060441110183,10.003631561160281
488.0,51.42486594043534,10.783647395186659,14.684888498953406,10.364638030552136
489.0,50.89341228822557,11.13539206939319,14.456544854748268,10.604940131242046
490.0,50.74424976283214,11.989498811651206,13.895088119132922,10.76756053930648
491.0,49.78663665235578,12.981748164751625,13.410029410609674,10.84958688429585
492.0,48.426533632674385,13.413112466985492,12.735290004853585,11.063702264385066
493.0,47.471562859470104,13.891915361693759,12.249977733428508,11.302293836428104
494.0,46.11596022143022,14.86527249252043,11.94105342119129,11.416999439512894
495.0,45.32089785742115,16.25947037799265,11.841800957633497,11.27590381604099
496.0,44.67977483416567,17.057473784685655,11.951523819286438,11.014127690340061
497.0,44.125130880734865,17.857522336965424,12.297888951727698,10.986148581318574
498.0,43.02173962597195,18.57664512362154,13.291686307048042,11.016411298079138
499.0,42.35865549035778,19.30998616982153,13.875690252312017,10.869786643854958
500.0,41.92482606742648,19.58518234670866,14.501383122476941,10.655832847789338
501.0,42.0256807626336,19.921115566291984,15.119478408201742,10.460386826934151
502.0,42.233852687467774,21.15681809189382,15.644526170468655,10.444076841963971
503.0,42.06943485480746,22.371160059358424,16.015957243909792,10.561034643835889
504.0,41.78291331135677,23.286461989427902,15.91463187518013,10.774932060295878
505.0,41.21826610512345,24.203756085005605,15.623277500288788,10.986944289267864
506.0,40.5842246711769,24.76860414640557,15.394000865787525,11.304107499156695
507.0,41.055957519499195,24.680848389289803,14.794917328452236,11.600653567797568
508.0,40.73681581056246,24.331992151533097,14.692407891620665,11.974102067459098
509.0,40.9455955224108,24.307513351699434,14.910924765415736,12.428790318208659
510.0,41.59608339788716,24.451480425958245,14.78516424494044,12.87966705958633
511.0,42.12352115168039,24.378572230024393,13.91719932547448,13.210504039379533
512.0,42.78244636632272,24.54117343293729,13.384172942740632,13.315529457906425
513.0,43.60096528672719,24.420350786273726,12.625064756799638,13.398763712624246
514.0,44.42672413503644,23.933670274015732,11.8225399285236,13.451929890905886
515.0,46.14922843966482,23.488542253023684,10.769348666614974,13.327193125368074
516.0,46.70070074490389,23.1311004812818,9.305411158389552,12.977456927326852
517.0,47.461698610292316,22.853945606068955,8.121828398447384,12.629149053877583
518.0,48.11344087395449,22.797674004046023,5.912495130319914,12.3848191591172
519.0,47.969685346732,22.64140963656785,4.525358955047813,11.96136481770985
520.0,48.00233619877032,22.153042008564796,3.740794871388776,11.557338503469353
521.0,48.26330322669501,21.49152856550948,2.8795135419932563,11.181681343434045
522.0,48.48939975682915,21.114155381458275,2.766399043748578,10.848168372131708
523.0,48.79454996007159,21.23145315767301,2.7185832907570027,10.509756278958992
524.0,48.68555597118744,21.52152314319183,3.0637527213076257,10.18600159794646
525.0,48.844436571884835,22.346763350464485,4.001715970570002,10.045119331190438
526.0,48.486739809418616,23.198051394089553,4.922327863911306,9.831960261670414
527.0,48.340368983675525,24.223479828414398,6.742907328003746,9.514959845503878
528.0,48.27132624731881,25.925921251154993,8.185774292208002,9.432791632780287
529.0,48.148769392784146,27.830600706957938,9.392769000978014,9.404249893317917
530.0,47.596179196982824,29.747168919472674,10.499767726165894,9.439323219925866
531.0,47.205534313514725,31.18487733415388,11.363997832816576,9.259959531809002
532.0,46.459862098049484,32.47781358772636,12.450826784110074,9.122696725254883
533.0,46.0544556224755,33.47434929414106,13.345175320844191,8.840500102822588
534.0,46.299987449369866,34.10394223569374,13.512498368938225,8.619564759963698
535.0,46.683074551044264,35.002957318006786,13.639019570978563,8.478141564621215
536.0,47.3606645755583,35.69139323966386,13.325729003405211,8.297344086910563
537.0,48.294787345203225,35.494182002327825,12.94461100041964,8.158924711127332
538.0,48.98929512170434,35.3271018279569,13.136184944275643,8.085212502341152
539.0,50.18147599803556,35.165432977812756,13.124748574276031,8.196270906026946
540.0,50.944741526260685,35.0057090228636,13.02131501364721,8.33860462283493
541.0,51.70637907998053,34.86999705284756,12.720161901260912,8.45431415672893
542.0,51.781149609437804,35.56841760542193,12.281116311797355,8.642790605032806
543.0,51.438592574414045,36.691760505928045,12.211191670390622,8.699795978784966
544.0,51.54015281026122,37.56242007086063,12.439659474035867,8.745327118309564
545.0,51.045151350858255,38.002445141337645,12.843266312995889,8.783701856444608
546.0,49.970066806414934,37.94089818883761,13.3834129384259,8.784638828409802
547.0,49.35685287590884,37.66965349486327,13.89498349909596,8.690928262840936
548.0,48.27617322609396,37.497687384607644,14.491229694905126,8.565756022309438
549.0,47.0198429962623,37.514913251162604,14.69899427481727,8.606636589880225
550.0,46.55010911734882,37.16632986712173,14.831826153252809,8.653901774261655
551.0,46.56489827341757,35.65087208159434,15.091455602444642,8.796136957599304
552.0,47.255868647279556,34.312318433468256,15.470720050270145,8.987064221972151
553.0,47.49124631551214,33.14073746013624,15.700477696255032,9.323474772691661
554.0,47.27792991793058,32.34144561707237,15.53527780930348,9.763078122385984
555.0,47.61305633766646,32.37443560268924,15.102128999830299,10.158329742786291
556.0,47.7929195947655,32.63206637040772,14.455097495933565,10.395203531299982
557.0,48.349257506147005,32.40743134333692,13.595779965597039,10.432870832130186
558.0,49.0053042675846,32.59663958816015,12.9994496714665,10.481298438404451
559.0,49.173767196080966,33.12489984325893,12.334572342727128,10.532436801090991
560.0,49.249126345181054,34.146076243094136,11.719523983716524,10.452589586356053
561.0,49.07093559342486,34.83586127960507,10.817772218318296,10.649911245238638
562.0,49.1629491422184,35.09972574839923,9.687441832563005,10.84028647640707
563.0,49.298358427927546,34.66082494282583,8.687501337488948,11.076146273363943
564.0,49.508401750933686,33.754856787578596,7.422601266199624,11.2036942664937
565.0,49.87402822050383,32.79673513181084,6.205849664927014,11.434070408665363
566.0,49.42713740432368,32.67761466602678,5.443775925854026,11.732451513969082
567.0,48.57189167278674,32.57266565533014,4.378629558001752,11.719659801992641
568.0,47.61223376677147,32.50844551327805,3.5377060239281803,11.734863000886408
569.0,46.733053704384105,32.38017669095022,2.3382924932274403,11.7763065949297
570.0,45.34055896173871,32.2805965078753,1.5237215425249144,11.550806830419203
571.0,44.34595132406383,32.49367442430791,0.548307129894748,11.344019881756378
572.0,44.04050310155147,33.986201641996146,0.0,11.111439079466766
573.0,44.394938389639165,35.50952381740935,0.0,10.856585974685142
574.0,44.07416677663447,36.66814062246022,0.0,10.735603381495757
575.0,44.39768896881385,37.20574631662663,0.0,10.609766514822672
576.0,45.43566788168913,37.50381688555833,0.0,10.810636274815288
577.0,46.94483398345546,37.18029488748637,0.0,10.734719216819393
578.0,48.49989863270047,36.90978550544006,0.0,10.716377597021653
579.0,50.01133765595457,36.099952260539254,0.0,10.702083579016595
580.0,51.21542623803687,35.56673823852393,0.0,10.570447670115417
581.0,52.32021721786636,34.42818843714445,0.0,10.151044951475857
582.0,52.79995076705284,33.049915184337,0.0,9.913438881618822
583.0,53.88552647885805,31.365577106143885,0.0,9.521340163123204
584.0,54.978676856368956,29.817123531332946,0.33887180932921823,9.177960634892642
585.0,56.28494730018197,28.10321983127075,1.0520756568259637,8.827419095814575
586.0,57.14523235486327,27.183314933287825,2.660358666928171,8.79257920567922
587.0,57.87650997624215,26.016521375002096,3.853544846167556,8.884904762808075
588.0,59.19470618503806,25.24208069721059,4.784363238772379,9.039493684333582
589.0,60.23471918741266,24.445490855383472,5.953643945992271,9.052674899026744
590.0,61.64506269843356,23.659063860068425,6.570275880059314,9.246704190123435
591.0,62.855692261498945,22.895841715147405,7.210751759868536,9.323799199683004
592.0,63.77322193528065,22.587276015147907,7.5561725648563,9.365749302811919
593.0,64.79777750201572,22.384734038666082,7.87179696938373,9.42963146252767
594.0,65.0792182531094,21.869651298457892,7.9702385267067335,9.373640088391205
595.0,65.24207743353259,20.702645122184464,7.389992830109585,9.31314066920769
596.0,65.39258829907774,20.051168753186264,6.791294667166615,9.073271602169001
597.0,65.17061651407644,19.63496694605272,6.618349898692562,8.553895978431587
598.0,65.03700467288937,19.279880152719265,6.4395563106726925,8.24738636048212
599.0,63.740364678572114,18.301087006222687,6.543097835306833,7.976041149908198
600.0,62.827929135847285,17.99507632021974,6.31308557190348,7.708574888669786
601.0,61.65284113951987,17.90820207064951,6.770055618083978,7.650870214243879
602.0,60.403649545957215,18.12100729971766,6.954656708502583,7.749087332035357
603.0,59.711505820588826,18.716861734210507,7.1459424421000755,7.888500100791339
604.0,59.15978471702818,20.264422272049806,7.484820594226511,8.041368753798034
605.0,58.70703501766239,21.919692744041956,7.955695616157212,8.24572653651253
606.0,58.40232645480841,23.25986132300323,8.342408607422996,8.655301919995576
607.0,58.370822167539366,24.062545765452505,9.004094270106993,9.137393022957237
608.0,59.03376453717881,25.543758987441752,9.979321000534586,9.415565680721297
609.0,59.5336728524774,27.24631181684657,11.274797969066132,9.789373387981403
610.0,60.416528144173235,29.185172610985525,12.10097601178503,9.953230499823755
611.0,61.32792709213689,30.392163528743545,12.945909309187288,9.790102005096356
612.0,61.85080569158544,31.571625510794963,12.99502881293431,9.591722613113356
613.0,62.69430432688935,31.828266717141673,13.029456611013288,9.39769479475373
614.0,63.4843258251571,32.01058752257853,12.317177006353024,9.345387533273282
615.0,64.23811439858135,32.425114538058,11.679810026391063,9.289669363076548
616.0,64.57110726849152,33.35556687835573,10.895748706008835,9.037973258624817
617.0,64.29241861722974,34.08434172404673,9.853158208446132,8.89106169076274
618.0,64.29003297448938,34.13518416064757,8.763746584894893,8.608861054185358
619.0,64.21441018563537,33.97364512678767,7.973474710346085,8.522161330304636
620.0,64.34866817225445,34.12581618513998,7.471098097270506,8.47139305402941
621.0,64.80625596171886,34.4057081430051,7.641473549525942,8.408794183867798
622.0,65.14876383587182,35.123906017351935,8.010376895385807,8.256744380122283
623.0,65.66933348382922,35.695989321476766,9.205078309874143,7.851478291973115
624.0,66.3652899681984,35.82785354172633,10.433919487252645,7.665211936098217
625.0,66.58110490010223,35.50959447601325,11.189265817478883,7.45449876497864
626.0,67.03146404679913,35.017512362467876,11.995531674091747,7.402127978199224
627.0,66.93731074126835,34.68621685954475,13.389827903048232,7.484539301317601
628.0,66.63689138914098,33.62434934570709,14.624468673382244,7.410996644968725
629.0,66.12734498118218,32.63601802659366,15.589924893911602,7.454168007104413
630.0,65.74605666306864,31.751035845211547,16.17674046403944,7.563861144031652
631.0,65.30696550978415,30.665519347425985,16.599373278935143,7.663768356066269
632.0,64.5663242774912,29.81114687885608,16.477382550637095,7.757331457498546
633.0,63.96658839202625,29.679190323972144,16.332075301238937,7.588879948187954
634.0,64.23248229499438,29.59428443260306,17.022386303348085,7.597541472783059
635.0,64.63056451927612,29.64935345322448,17.49111193248583,7.559149119538274
636.0,65.21413253914949,29.804265230922187,17.337128858678568,7.419094864130345
637.0,65.99444531615214,30.908678749352312,16.95172466374815,7.351152909476738
638.0,66.56433922682906,31.878629953051096,16.16638945011205,7.470546795498715
639.0,66.91620311225306,32.54021861433574,15.501963605860052,7.5501680022521995
640.0,67.19820780900231,33.17656329586684,14.854460132799671,7.710300575239737
641.0,67.75531116119315,33.30188778894258,14.899216194806773,8.181891055181069
642.0,67.58681545475561,33.471070682835055,14.273068470345248,8.609996147380539
643.0,67.75567389140699,34.09639981163705,13.14040868834648,8.869178499869736
644.0,67.92680518660552,34.66736286324643,12.124576776028102,8.99497232238187
645.0,68.3010607707595,35.224902453796275,10.782568046819847,9.146351229380665
646.0,68.35953477362341,35.752632047296444,9.501345087975695,9.31115480573018
647.0,68.91564743563632,36.32024730533756,8.320984982996439,9.539167634117817
648.0,69.44301660657018,36.8699062507996,7.676747162172787,9.725939627611575
649.0,69.2516383679113,37.786361810597455,7.1531513989147735,9.764662811070984
650.0,68.57541598739397,38.72197371748093,6.1876061563281475,9.670309631156334
651.0,68.23877174914517,39.604593778705635,5.626974465972415,9.728322924291241
652.0,67.54929390095117,40.098925830915604,5.215577908621184,9.775680807683289
653.0,67.23640841341248,40.42911125881509,4.766489828992455,9.99579633942116
654.0,66.81071969008177,40.43315165827727,4.78327066422581,10.30239782725207
655.0,66.32305556345754,39.85802515633505,5.007015737757323,10.501702742537246
656.0,65.23713719276917,39.01664372613471,5.347701483304285,10.474172311027242
657.0,63.85068145052728,38.34539670229325,6.054168647781351,10.436661584566519
658.0,63.25614370449383,37.16959233012912,6.625991690800648,10.49728818301825
659.0,62.782010888975464,36.278977704940694,7.115247073476299,10.484486557540064
660.0,62.15571208020115,35.099701931660405,8.02497658359167,10.361366452526996
661.0,61.597384702520024,33.74075351227591,8.984594447889073,10.182825226143597
662.0,60.83066076952214,32.59164857257985,9.957765312092866,9.81980582350526
663.0,60.44948538283261,31.719152865102732,10.820319989570654,9.37133819154068
664.0,60.258720792486585,31.22222152190386,11.486624699634561,8.88249569245198
665.0,60.3176624108445,30.61731904906048,11.910252212595939,8.478875258171998
666.0,60.95763267989101,29.84394326182794,11.57344547776613,8.063292776841042
667.0,61.50504830065616,29.18865718743856,11.301637398908957,7.477390156230252
668.0,62.31090454176202,28.299420198367937,11.20884331302872,6.8984457164564645
669.0,62.82624528483417,27.33087752166491,10.957022736584243,6.402631864294927
670.0,63.06878141923677,26.878902979795924,10.582862112726492,6.220567010983336
671.0,62.79771276529996,27.0088427642407,10.179629650976855,6.132282405828944
672.0,61.65969485903439,27.04276394270061,9.810752188986527,6.087882764298489
673.0,60.588693152958555,27.20840438740918,9.454084652492226,6.270189473475762
674.0,59.45704400213912,27.933532751673543,9.342526824592126,6.387878686418
675.0,58.19215176300766,28.621517392252542,10.142077208355627,6.5794765859308715
676.0,56.76513711889654,29.379197937549655,10.822221836972687,7.005764117654124
677.0,55.26823278157116,30.29921076583191,11.451348173551018,7.355117222512967
678.0,54.26079770389089,31.306814012564743,12.143061270811396,7.679324135621744
679.0,53.50208884096185,31.593233326624564,12.225478893611609,7.680419918575623
680.0,53.320997227131016,31.632504866313678,12.989844927137145,7.812080603189861
681.0,53.84303625922515,31.444823179631793,13.662355954237148,7.930113666670329
682.0,54.216286478609405,31.088456981134303,14.145784424834723,7.879366124384961
683.0,54.83333564579992,30.52655512873428,14.766030274487669,7.647979458289599
684.0,54.90415059730416,29.905101144294438,14.939727475873578,7.582756730711493
685.0,55.275716777143025,29.470094480791637,15.02795571398094,7.502233796424654
686.0,55.24697952907447,28.85937018269203,14.76393833265139,7.507942841739082
687.0,55.60160925022663,28.372274792699454,14.571723856070768,7.630122037832919
688.0,55.85368655096411,28.236907207333896,15.069867842840546,7.798612576365342
689.0,56.156878421085715,27.528202426870017,14.82504487701574,7.89176788922015
690.0,55.783663256731764,26.810208409440683,14.659498394570942,8.002567573900276
691.0,55.64044813200993,26.189937683637314,14.553272590127802,8.314531372565616
692.0,55.4118963295681,25.660028767360235,14.26473554927786,8.685235083836838
693.0,55.840299387928226,25.167923167130343,13.788366407369645,8.796325702166254
694.0,56.389386725639234,24.36613266344087,13.534803907949295,8.894571265502949
695.0,57.40101524039188,23.739099987947398,13.43559996489383,9.063867236274069
696.0,57.710488748350535,23.28056082356531,12.411853235934535,9.1642680561396
697.0,58.18877483481694,23.00012234424845,11.334699795342983,9.330229803402535
698.0,58.99535470931252,23.563699140470206,10.706209608091582,9.510902022749578
699.0,60.36154717983628,24.645982238434627,10.114160214150942,9.58317840440484
700.0,61.601858382456655,25.630391810913668,9.884982211453433,9.47029075072919
701.0,62.03804894374371,26.077247707812337,10.093198570706253,9.436922624114713
702.0,62.76831202384289,26.647946019293105,10.54374279136326,9.452948104129478
703.0,63.3797721485007,27.745633763403443,10.786145979655291,9.418298017188429
704.0,63.486674748202844,29.15903405558752,11.09660809032723,9.251174649018111
705.0,63.2040389254829,30.24911505386039,12.29352684371613,9.23172638060262
706.0,62.83738023210678,31.045111053538346,13.560237775013857,9.363713945209415
707.0,62.10281232975734,31.792826118661676,14.56017433513004,9.264962532584562
708.0,61.15345731960167,32.32013360762636,15.671452350754489,9.199640621473701
709.0,59.956868298666905,32.82468129052055,16.614779393299326,9.22006184274123
710.0,59.93356110926763,33.676462347145765,17.637907225276773,9.372687024869125
711.0,59.24391793447279,34.50549353428763,18.605865445179912,9.483723620886256
712.0,58.67249201419897,34.96715641447618,19.53966861389801,9.633833562236557
713.0,58.78450234537814,35.29391515144857,20.93612560291775,9.645255821234386
714.0,58.74130844417539,35.44114158259128,21.634524370071514,9.674754211143041
715.0,58.47156305753509,36.081512332218885,22.347668504868246,9.649750501087023
716.0,58.398696887045496,36.398796780867535,23.34003251469777,9.776517705115246
717.0,58.28256849539181,36.57525099859016,24.31517800405974,10.118127531357146
718.0,58.31967457832071,36.605340759822624,25.076615921082343,10.273767921382806
719.0,58.37375829168244,36.753643592147235,25.656713738709634,10.358796005146326
720.0,58.41772616412257,37.08051339588616,26.304995381932297,10.47569269841155
721.0,58.47214186371759,37.154269842093626,27.216297115998806,10.55546858179078
722.0,58.230396746916824,37.13564911524881,27.319037511952924,10.829657013680144
723.0,58.552603379596945,37.08314502421573,27.651718112754835,10.777455233030103
724.0,59.110585354636356,36.34619798053432,27.86592121526595,10.693020119928946
725.0,59.50848254092347,35.127029189428654,27.76535921400663,10.656333016229082
726.0,60.13894592459636,33.67740836032552,27.4067945890714,10.365483141433584
727.0,60.50679351725874,32.56656363470316,26.991413815631635,10.292232462602573
728.0,60.71993086626624,31.47687453103791,26.197628259806194,10.20048909362429
729.0,60.71846602355742,30.55607164370752,25.19776532652929,10.250520089238993
730.0,60.56228842563398,29.96324946433209,24.416782924312788,10.263293854790026
731.0,61.05934711993052,29.539186523473266,23.668750723751,10.192224477194943
732.0,61.51065492705916,29.18080449742076,23.188434405777954,10.388939906008913
733.0,61.76541118485938,29.14610884813682,22.79791425791118,10.434656729528403
734.0,61.84723991846124,29.291610148908532,22.32617090425979,10.371965592320542
735.0,62.035751105628165,29.787099766477642,22.351291102276363,10.558077901629037
736.0,62.25012550401164,30.0254455707969,22.70481304167585,10.725538583035553
737.0,62.12923978265414,30.082432480672118,22.998278788429378,10.753713461826633
738.0,62.17922120041485,29.886002156342876,23.415603432181257,10.640097867789487
739.0,62.85785012182639,29.819873218190864,22.970232263836046,10.57766041423135
740.0,62.81451061357395,29.341347354774882,22.867101940184856,10.571337570551618
741.0,63.063055930594984,29.54906739977993,22.41670753059752,10.468838241329289
742.0,63.11733227345275,29.846111115452324,21.931959095431274,10.460426674684706
743.0,62.8567754252849,30.304383273480287,21.706186562494004,10.567492174616381
744.0,62.02995835613797,30.73569307452297,21.042190832721555,10.547097065343412
745.0,61.71208172344649,31.26412308392263,20.313376296142508,10.32113400873364
746.0,61.358664097172,32.13145691972263,19.776746620725863,10.042160823327752
747.0,61.03933010205605,32.799419764516415,19.29972301226618,9.976834472145754
748.0,60.0528728347241,33.41641932114949,19.31575577133932,9.968654534764234
749.0,59.636013420710206,34.483147905204596,19.649063691796165,9.951516857869631
750.0,59.73450567940006,35.37854823639303,20.1221767538489,9.834342473215308
751.0,59.99496051571397,36.435488464431515,20.509861081368417,9.786285559594301
752.0,60.44053015724173,37.40332189610077,20.657943645423014,9.681947654935856
753.0,61.24549657754051,38.38979427239153,20.87191284495887,9.520557966284771
754.0,61.68886737997707,39.487194193277496,20.884961362803345,9.45389282439592
755.0,62.439110185608754,40.404131094246324,21.165839800181423,9.592814992320143
756.0,62.96772644964718,41.12074380444994,21.453265221125402,9.599549269681736
757.0,63.214591714671606,41.630847729845414,21.35304629251427,9.511916896530048
758.0,62.74518055641339,41.46751413163925,21.17611802624238,9.425114925496846
759.0,61.96999009429789,41.0350416681552,20.909688885166638,9.418401666497845
760.0,61.258444362267596,40.24454361888962,20.440596781697007,9.441797881413402
761.0,60.271357146553925,39.539058973422115,19.957509471883203,9.48304738640305
762.0,58.98109719052646,38.90836093946731,19.1652120175761,9.53341143198446
763.0,58.38582360419268,38.10240921363054,18.43990178209524,9.667055587561272
764.0,57.787802638183976,37.417017813084925,17.59538938723457,9.688314957782389
765.0,57.03452972745285,37.1901129956798,16.521626027417742,9.604893771864884
766.0,56.73452689314535,37.16130862327699,15.575868191720224,9.620405698332153
767.0,56.598305736478906,37.264702223772765,14.787785286908555,9.545102082697314
768.0,56.60323764261467,37.66013497613593,14.576353968393787,9.473163340204326
769.0,56.796467667602236,38.06326365728955,14.377842111127809,9.253286655559487
770.0,57.12017881049271,39.12979458253641,14.488920225923604,9.086460918841667
771.0,57.889731148950084,39.90553526831262,15.135848837834079,8.937795094755565
772.0,58.15792329340947,40.84352102561882,15.922223862722031,8.615365998498675
773.0,58.06464174878516,41.71957682572767,16.65592834661606,8.479368468428593
774.0,58.36534260919759,42.56342500916403,16.741184893447617,8.36822130033469
775.0,59.13569187734852,43.17315567923342,16.65941113435254,8.230448946134803
776.0,60.086639752956906,43.766440226861235,16.303063598852138,8.247681299470713
777.0,60.77504381981302,43.93454629123633,15.600361042546476,8.337277759041564
778.0,61.26053869441506,43.62091564346651,14.62323117425935,8.57879511304617
779.0,62.40120519151813,42.79827400570522,13.240953699205598,8.661438608198205
780.0,63.668950480938825,42.11683479092342,11.754876527392257,8.568470769963982
781.0,65.10658942453342,41.26357044095727,10.56495650268353,8.700769970783075
782.0,66.89503407673882,40.729704373679404,9.605968633336827,8.688771379725573
783.0,68.34644803274253,40.34883879108949,9.12046224365227,8.911122984155625
784.0,69.06061928331879,40.18548924715115,8.854278682547314,9.040278301566062
785.0,69.55573952088251,39.91819184133226,8.860836189748516,9.176951923516032
786.0,69.90362268909361,39.30307168127782,8.785592246899965,9.328061693278633
787.0,70.14940291461967,39.61869729365159,9.3348059201891,9.434212104468712
788.0,69.97878949149576,40.00912291154993,9.879558624979095,9.69363255386097
789.0,69.37847472963395,40.18804133939145,10.36929605258965,10.167590302931185
790.0,68.847668808801,40.58648005322337,10.816177132737591,10.497121642664872
791.0,67.95749588556441,40.36171042055063,11.342917709986365,10.857283131863129
792.0,67.0635541844554,39.83805448620866,11.831890512412022,10.896072673082504
793.0,66.37041355338486,39.376727642831575,12.396977031544775,11.049642374125288
794.0,65.97851788467754,39.348512442163965,12.813903869059953,11.20412679705171
795.0,65.36173304938646,39.50547480941788,13.412479402927584,11.252034934540623
796.0,65.01285004683612,38.878348187079574,13.983236133007352,11.246125321263673
797.0,64.6377235599843,38.28314135709803,14.802350911592232,11.216403390552065
798.0,64.65060983353378,37.691353448790004,15.312056038394886,11.178616413047042
799.0,64.56210210643482,36.69963014226517,15.118336949388876,11.092909560887824
800.0,64.21535335452934,35.03816079671654,14.548676453569271,10.95273417639871
801.0,64.15809866962567,34.60674624475148,14.123008116899928,10.938942014068935
802.0,64.16522331298265,34.45798459232753,13.905834361594975,10.760341520483385
803.0,64.26662751315925,34.212087139886194,13.327141488971737,10.408518693292676
804.0,64.67086023191438,33.93915896498767,12.541255038855672,10.013440963687245
805.0,65.36335539887443,34.35253130864352,11.182152134685426,9.734025525537097
806.0,66.15806817344728,34.76215693314401,9.895148150243251,9.56077389982084
807.0,66.95605107112667,35.50664383800539,8.572185029492362,9.297334041746991
808.0,67.80793371216168,36.54859453708698,7.795967828694679,9.051813101738292
809.0,68.78077027137886,38.35863764248964,7.092683987332182,8.95136395746107
810.0,69.85053321085675,39.68584370777839,6.2583543535731705,8.83170431892533
811.0,70.58017394438419,40.80788679625985,5.622637445972515,8.804545110526677
812.0,71.02706507485972,41.528565856650495,5.148601920149065,9.029708637421493
813.0,71.11776294142189,42.2103833348598,4.994641607549881,9.280115890840683
814.0,70.90081488024705,42.50152194078149,5.289544844861687,9.350431859359777
815.0,70.73022643794464,42.51311956075336,5.606695730652032,9.187317533867585
816.0,70.26354563238463,42.25296563152502,6.635412096500287,9.078135146626588
817.0,69.54304092684119,41.70468837682516,7.740099619553003,8.961983766824876
818.0,68.88268643156304,41.56148558353741,8.781177021977884,8.81327212789799
819.0,68.5781712450311,40.37107256144289,9.89545685465907,8.745904400492597
820.0,68.142100728299,39.03219003344684,10.635798974414797,8.712290515491677
821.0,67.48721301846292,38.12624558865275,11.432588180596255,8.492747572111758
822.0,66.98301346020975,37.45233202501602,12.034001002377341,8.27388782398145
823.0,65.73350955840253,37.074491169848,12.562968712334765,8.108560107657931
824.0,64.31460811685292,36.79440674358299,13.165217785755756,8.132619613320955
825.0,62.93493849682368,36.79418577276537,13.088856528037319,8.228482460493883
826.0,61.910279044787316,36.964208623001,12.955685760430507,8.341057960849117
827.0,60.98923631140539,37.09875509844477,13.215696135216412,8.489461646974442
828.0,59.686361466743435,37.34253967165343,13.33898303313887,8.656884959848343
829.0,58.79384635746285,37.628848820869514,13.52492731473942,8.760226991608324
830.0,58.5000517275017,37.8032795978528,13.582939633501063,8.928301189014164
831.0,58.48709994399068,38.18485763875149,13.468293971834127,8.973326341147116
832.0,59.01398802515892,38.4836832473316,13.210970792881215,8.97977730045384
833.0,59.67489010813791,38.78115635523622,12.48616468113747,8.983661187712595
834.0,60.24326804564674,38.99153487765144,12.072312863062473,8.900823960335497
835.0,60.89639923407469,38.5650518064222,11.427113024401562,8.916001266566907
836.0,62.024507289144715,37.98300615790305,10.769888746767704,8.941142109750345
837.0,62.72141916388901,37.57516753714554,9.925430255824015,8.877430191109712
838.0,63.44924267658474,37.51827673221182,8.986366079406132,8.633962906053727
839.0,64.04227036816289,37.03102937160735,8.375751203114614,8.642280433307
840.0,63.80259885662095,36.423964005571605,7.668494356583904,8.87220254198363
841.0,63.91579172018789,35.656689393859274,7.1604282909831785,9.254598285202059
842.0,64.11236046193285,34.99016603542738,6.6663522377324425,9.55511160965669
843.0,63.847965389062125,34.258443585174504,6.10901273082086,9.962264935074192
844.0,63.04734704151058,34.43424229001907,5.440667416042614,10.179864838040029
845.0,62.442162123848085,34.61191956811174,4.424092184126837,10.234054700541915
846.0,62.05927094953957,34.97430990947753,4.1202132928111705,10.361520705874053
847.0,61.940702488838724,34.967738660550424,4.31477156441124,10.680479296369233
848.0,61.578724289997865,35.56344366953725,4.212331229462052,10.827893650197883
849.0,61.622492745328415,35.72604562870005,4.1375788144930645,10.919296013330898
850.0,61.627474909415234,36.051689281354804,4.126619978079342,10.958649194523751
851.0,61.95224578931434,36.10025275610941,4.766628248115296,10.95273849492498
852.0,62.689342209053684,36.33081627072408,5.61620897578896,10.919289096330838
853.0,63.483970006985636,36.385742402897996,6.8973025864112,10.945717944925715
854.0,64.09919944093804,36.58268048359375,8.132302396551907,11.058906149103791
855.0,65.39410485144047,36.5818388520971,9.289503221051183,11.109100412657108
856.0,66.3478263835373,36.46151021169718,9.921117262622566,11.05933173608398
857.0,67.44011879061567,35.87187688729653,10.618835685841411,10.975745709098897
858.0,68.82822956902606,35.78068686809025,11.642651611925636,10.996561582913548
859.0,69.76187906778179,35.871194019312405,12.551831735251673,11.007609107036759
860.0,70.54611223163921,36.01434876163924,12.936106360481862,11.072830547148145
861.0,71.0993224516274,36.491314255306904,12.766059386417709,11.073271882398855
862.0,71.57935500108199,36.90531058167625,12.841207952756099,11.179000818994924
863.0,71.58281168054127,37.234267687189046,13.280142196994126,11.19851036191685
864.0,70.90900134690709,37.39256566444715,13.56039857951863,11.385772044684748
865.0,70.37322266248769,37.85195581207,13.833963810357105,11.636863688661048
866.0,69.29257999227659,39.08789742427924,13.926041544446441,11.856263044979418
867.0,67.77411664967153,40.213350866016626,13.753847015365661,11.908947750694699
868.0,67.03497618538867,40.386622448327216,13.606020722110564,11.976222731069686
869.0,65.96486012264683,40.82107050011396,13.72321774303186,11.9610845404009
870.0,65.58930317144217,40.8264377372341,13.847404630460995,11.989058722583833
871.0,65.23222467417118,40.65210637429471,13.447691925230057,11.90200777021472
872.0,65.13303598869274,40.638706456296624,12.801631573517053,11.84914860529474
873.0,65.38300378608382,40.64027928583717,12.270524160968398,11.69193791106729
874.0,65.37211369456976,40.50920233080607,11.917069174627468,11.630165560641368
875.0,65.85578842303224,40.339735308215595,11.691882454924096,11.546453798339003
876.0,67.04180138406193,40.336612756006325,11.810895545870324,11.30471422793328
877.0,67.66756159051802,41.096480334751355,12.329153217953882,11.035657398905249
878.0,68.06100982410716,41.7890974739684,12.80511353097747,10.94755961766827
879.0,68.12273793113728,42.224202110242715,13.65848003416422,10.79195859534846
880.0,67.98540371949036,42.83649898095485,14.609527564023693,10.745720593608258
881.0,68.19939272773985,43.09669642495397,15.359943610080439,10.756595872960704
882.0,68.35157192804294,43.30401197441051,15.875278650950278,10.798455751883894
883.0,68.67536688277794,43.13097130286078,16.391183224863795,10.90787887124796
884.0,68.80545381891773,42.87051335946675,17.472958071338763,11.078089758745469
885.0,68.27234524367695,42.31296891083539,18.15768794990031,11.381491758109254
886.0,67.57211795735728,41.90914123703606,18.36297233794182,11.84040595773086
887.0,67.15902640789616,41.60775806130625,18.007132813229614,12.161284088014197
888.0,66.36952627231177,41.45348685674994,17.387618781367916,12.539101450832241
889.0,65.97295986778384,40.7231772430554,16.681133569759787,12.929220810164395
890.0,64.77314430183189,40.24582640966124,15.86891401741039,13.321016343191376
891.0,63.57199581753237,40.08960031631605,15.009022436457284,13.60108941084929
892.0,62.73294166266759,39.88696970924499,14.450641888732315,13.818156475293764
893.0,62.20734400426565,39.56893748498236,13.609685166641407,13.959842434047394
894.0,61.90549591625433,39.53385654567212,13.307124399423834,14.07658346407583
895.0,61.53931977100762,39.11765487906276,13.01184029246448,13.89164252781114
896.0,61.53077454391268,38.51233881116134,13.288888310218882,13.899215400091167
897.0,61.566493983017686,37.797909875488514,14.125784674250323,13.777031743097806
898.0,61.73258656788056,37.766323317113994,15.635793067868837,13.484728141674942
899.0,62.7267534533184,37.52862969350033,16.870888854853465,13.17107294931595
900.0,63.597104127259975,37.48949801980812,18.493494357148627,12.689003337907147
901.0,64.15168915078245,37.47286600723055,19.792536726661062,12.16902289919399
902.0,64.3097166984011,37.3568406236708,20.71696621858542,11.828723554230168
903.0,65.14141183826452,37.12741023617856,21.33043876693326,11.557440547008532
904.0,66.18091390312563,36.903806544832065,21.924939199713656,11.455886569826346
905.0,66.7113076223232,36.79415685747403,22.723282393518588,11.253010842162807
906.0,68.05813498475915,37.202811023938445,23.067054383370102,11.039200312084537
907.0,69.18268336386083,37.54858600965485,22.59525903561529,10.937822804120433
908.0,69.60476763864875,37.93282402487259,22.659471488294056,10.913032200110067
909.0,70.40891296136715,38.229673242840356,22.618401481206828,11.046918156964239
910.0,71.27797211270375,38.66134571455828,22.77604828851346,11.154347443678693
911.0,72.17010961775384,39.198872711797776,23.24099413776184,11.100129272927363
912.0,72.60732175492988,39.81762275459453,23.704625303140713,10.952596550947705
913.0,72.4157523849601,40.68077526943482,23.899479732906382,10.691923710108819
914.0,72.021110964272,41.58068807212694,23.227483057802377,10.432122702527934
915.0,71.01036984118456,42.18557541226747,22.81408352235553,10.329771976993388
916.0,69.967413977949,42.64777582340277,22.919790164225336,10.146543099421528
917.0,68.74318779623688,43.167861363871495,22.97354200022435,9.96243910749871
918.0,67.53004845751374,43.511081202729464,22.634632685841787,9.802533042882082
919.0,66.4914457178347,44.03702255286114,22.238753488082708,9.880459950123091
920.0,65.45666035823676,44.07958317934413,21.537606820523475,9.910907033350355
921.0,64.4826592734196,43.568137279673635,20.96007017736123,10.07354442414327
922.0,64.1559191969349,42.94568366478007,20.400284508254785,10.192018462747463
923.0,64.03995037674,42.01416911705383,20.549045511463508,10.097453679686812
924.0,63.981617395646246,41.55151774077474,20.69261822444068,9.96606248404734
925.0,64.02193913116494,41.012931085690525,20.388344654902003,10.063726381387683
926.0,64.31651946516855,40.48790734218008,20.072400257888212,10.119520827670716
927.0,63.99774487159438,39.822631743248124,19.88806551671571,10.01554313651321
928.0,63.90987355380294,38.859949631192755,19.24425076769734,9.670420326261219
929.0,63.83856489131752,38.052660738501594,19.128709239359036,9.290556087597073
930.0,64.0025713953075,37.49898740121678,18.800780732600856,8.90880630407377
931.0,64.01953110248485,37.44291161815527,18.977502202041524,8.646674983450554
932.0,64.05560673698574,37.87634472069709,18.668337729101623,8.539830057766117
933.0,63.930990875042234,38.06088770729608,18.122047962457867,8.522280787301186
934.0,63.59375483131957,37.80117099167184,18.029788294803332,8.37946930278839
935.0,63.821523767976515,37.214120116860855,18.364316802865762,8.30309582070953
936.0,64.85066572221135,36.60411287021401,18.95862794101316,8.444993471640627
937.0,64.86646461414465,36.337239114443754,19.68833385939703,8.6964639358408
938.0,64.74052592783517,36.54323779369772,19.786041198287574,8.875321945955626
939.0,63.737694379301004,37.05626967731816,20.0657377010783,9.108588681076295
940.0,63.27789724576465,37.06679559389828,20.296138724729072,9.349893496491275
941.0,63.49531121546659,36.68590907764085,20.62362459389137,9.395698663949567
942.0,63.6106262306134,36.06672499861043,20.598955805516283,9.438909467834124
943.0,63.541696003753664,36.16798877336888,20.33837821468693,9.477606196164178
944.0,63.1086460601159,36.560184647986205,20.04052490069013,9.577377416417457
945.0,62.09581701855196,37.19666802455194,19.771607158934803,9.64805605878123
946.0,61.774005503196825,37.829946982661774,19.610126092316488,9.678994654712453
947.0,61.969406667980216,38.3650376156525,19.915282019342072,9.934377752617966
948.0,62.533248415348744,39.06215295802892,19.951684838890515,10.165836830148551
949.0,63.14596079755621,39.963700421136885,19.799632329619733,10.402872705183926
950.0,63.174855039586575,40.6669448389767,19.70470616813107,10.797408277192586
951.0,63.4377864532636,41.344371528750784,20.036566080155232,11.15868919455706
952.0,64.17686190860921,41.77427177039339,20.68190486199356,11.555014102228782
953.0,65.24986112077366,42.31548071445737,21.0801287524545,11.84036495320084
954.0,66.64232739638892,42.78239705968087,21.156174272528816,12.008863473877415
955.0,67.85213312630495,43.231666454190076,21.006719347132083,12.20926127798364
956.0,69.02511912101552,43.24039149007833,20.904955962335173,12.210612707602781
957.0,70.43600502786371,42.75417059325176,20.78357704466018,12.019618241256449
958.0,71.64460945606884,42.06762999174023,20.749558612812756,11.827731892008297
959.0,72.36451452681156,41.233434222470244,20.39756637027754,11.81353748758905
960.0,73.37210877643062,40.19937837839933,19.500036877490256,11.679439862948708
961.0,74.35236874144759,39.5408708933643,18.728942978561886,11.50808533712992
962.0,75.03525634184223,38.53536462881127,17.88139149939564,11.292559079310973
963.0,75.6096221021164,37.32383198419883,16.862779139055704,11.113830228080765
964.0,76.28444879548007,35.89861698843324,16.120995886977095,10.888903490791074
965.0,76.08734011417401,34.923635373220975,14.803084766585311,10.700033324492274
966.0,75.3575668297535,34.22265679332144,13.65928952058716,10.620972797905718
967.0,74.58331238493211,33.346030853871895,12.631340227818853,10.530497794611545
968.0,74.2612464456501,32.830087675216625,11.918961666354573,10.334968582772367
969.0,73.38179044960299,32.5893464432239,11.84704668503669,10.380907912738493
970.0,72.74514986124976,31.968201209411838,11.128307358725264,10.451256333903192
971.0,72.36226504690354,31.67625605983847,10.848980010534795,10.397345210948801
972.0,71.72051087589273,31.41308392063077,10.734709333868194,10.415587229996428
973.0,71.14480944387356,31.607650767022307,10.594883923035585,10.406734235547031
974.0,70.94156119888382,31.889662206420727,10.68932368424983,10.574887714107218
975.0,71.26296737669213,32.169559218096076,10.635472486330578,10.791195637989718
976.0,71.28878154898166,33.12359963993396,10.450520732875013,11.050870850849062
977.0,71.26198851417968,34.17327265318591,10.427362856882214,11.2463425189836
978.0,71.77960080887041,35.30404835380848,10.299376002238777,11.136769770468524
979.0,72.12155657518757,36.6484453466566,10.09522959877572,11.034197819517342
980.0,71.6973678592561,37.98392779122444,9.10396724029739,10.91564473191296
981.0,71.60083936056225,39.03060942922675,8.1605329264919,10.776575248307292
982.0,71.26561786424148,39.763512444282746,7.389118549012236,10.66374909112347
983.0,70.76779333674052,39.92725959287283,6.63295845731923,10.483519191402916
984.0,69.98087654068216,39.958503814585065,6.1056813213658785,10.313849960716603
985.0,69.0282202525908,39.85306493565074,5.703081385154324,9.984632934026124
986.0,68.07768349362249,39.66762775889261,5.6876968688716065,9.698026418960444
987.0,67.45301047393139,39.283410653866945,5.966872536686307,9.480989479984148
988.0,66.68270927870499,38.77555071056192,6.457425905718051,9.345112657223737
989.0,66.03100895513371,37.98669667352458,7.547131246903532,9.357019928501
990.0,65.5070971955729,37.57891884968797,8.657988153600186,9.307347139678614
991.0,65.13725998279206,37.15619833650925,9.444687355831086,9.180240443330353
992.0,65.20243742187441,36.76088957999264,10.774479859289471,9.132352856856219
993.0,65.56438863432156,36.65060092866951,11.895403606012536,8.967192760666272
994.0,66.3091977108555,35.865047682916234,12.627939303924258,8.821426442661794
995.0,66.82530691779095,35.49425283412978,12.644125074173003,8.646585943412871
996.0,66.912227813334,35.28250430835913,11.898837458573283,8.58098861846173
997.0,66.8266314036606,35.250591102219786,11.386455132099659,8.497199077570592
998.0,67.12446033259236,35.33775445551332,10.68969220623124,8.516710799515733
999.0,67.09980079544259,35.23195337995187,9.919418956342357,8.679632287945156
1000.0,66.81492108974902,35.21885179396666,9.1841430478952,8.872989537225921
1001.0,67.23905770011555,35.730065256875605,8.063352013487128,9.025724809139962
1002.0,67.73330666269018,35.82546882032079,7.444848578457752,9.243884070884882
1003.0,67.9189885840282,36.43544354055789,7.597983761486847,9.461702174069337
1004.0,68.62171188386635,36.99951040920219,8.131420427667972,9.665342858698013
1005.0,69.55440148569139,37.763250146384344,9.363575311274232,9.746188996638015
1006.0,70.49112128210218,38.26162841792325,10.18363209127416,9.830578769981928
1007.0,71.28047160825845,38.69859238218815,11.083280156737949,9.81484180693075
1008.0,72.10793304185492,39.802787572521574,12.123290835167365,9.684714984124424
1009.0,72.77601353408491,41.03524663400909,12.982842590473485,9.654783700955832
1010.0,72.72825027963586,41.938085060744925,13.78931407771551,9.630274364240332
1011.0,72.22622679925975,42.61257567002322,14.312158068706994,9.729481663637081
1012.0,71.82080470242595,43.20908720327312,14.64812785314453,10.008825732884576
1013.0,71.06422248904833,43.265816945377324,14.704234929095334,10.207685686993916
1014.0,70.17605223872634,43.070558782729165,14.410119063554793,10.395804626896055
1015.0,69.60986255400245,42.88094491501896,14.399917639357291,10.493884314942097
1016.0,69.24799290459698,42.57455001031397,14.528311866454366,10.647304746855982
1017.0,69.06495959458341,41.58540680214833,14.796302480852052,10.708724111233787
1018.0,69.14757692680469,40.640252351339655,15.423659280263802,10.691190272905994
1019.0,69.53915674173454,39.48268971280038,16.18693693642765,10.638558596052537
1020.0,70.018572867209,38.73548459755324,16.77935042427199,10.4832201586955
1021.0,70.45266497948347,38.118007296042144,16.850661978491527,10.386507688659925
1022.0,70.8807260355836,37.718243549063196,17.08050855971635,10.309841076174218
1023.0,71.30719648251353,37.46139405582649,17.403009939277457,10.30149638528389
1024.0,71.56584143568095,37.61872877857606,17.594300689759613,10.202436499862836
1025.0,71.55912502922638,38.17269129326568,17.728671997684994,10.142216140721342
1026.0,71.73488642637413,39.06440974904111,17.36263178947033,10.185425517104319
1027.0,71.930438340102,39.88725497252242,17.134938323061007,10.183177379759162
1028.0,71.83314752446816,41.2513234713879,16.94854149724975,10.123110941936977
1029.0,72.21785610775,42.63243338513348,16.84935129163817,10.137340940472704
1030.0,72.36051355771482,43.65576803444275,16.96087440666468,9.975201116192434
1031.0,72.51154618043708,44.530144192349766,17.514356919929536,9.896140426286834
1032.0,72.47451120982272,45.16289953786328,17.904769547157713,9.831480031841865
1033.0,72.43994244210617,45.47931759589503,18.445584547498296,9.867047196295298
1034.0,72.92506139497159,45.57920555721073,18.729276341467276,9.617050670253324
1035.0,72.83814416486726,45.553559063389514,19.183112624347263,9.384118670734036
1036.0,72.84129311704643,45.292258204887325,19.351895268808562,9.110704426477836
1037.0,72.59850071040002,44.59312532236223,19.768039804621132,8.94764999465639
1038.0,72.34054766752001,44.24748283142255,20.039829691133853,8.565611866781593
1039.0,72.3680803250937,43.982939220400134,19.871330619640926,8.165763247501
1040.0,72.09985178767515,43.66828151087027,19.551455141419645,8.017837149739758
1041.0,71.85264211706377,43.29988544256546,19.30340653101458,7.848699188773935
1042.0,71.5402113604525,42.83500554821052,18.883165093988453,7.6706764742025735
1043.0,70.51838962521002,42.76074863481506,18.461783852120895,7.529987891395983
1044.0,69.5406272483277,42.77715980568926,18.259562968461385,7.423954115419453
1045.0,68.52785545477403,42.593108254093124,18.145092318137905,7.4276765679115435
1046.0,67.68027066244741,42.42404952000237,17.121027138980853,7.404802140758081
1047.0,66.51709024807568,41.9458905290114,16.170501972725173,7.515442642821904
1048.0,65.5981957744992,41.6172953764548,15.50604480371698,7.720252273199493
1049.0,64.78525627188499,41.68741398361341,14.67428372741445,7.703434808295019
1050.0,64.48283210169576,41.941789853419145,13.924351557517173,7.699900778706994
1051.0,64.01909867553726,42.275637671719686,12.745072733225669,7.89342805226711
1052.0,63.872906816294424,42.2774055638286,11.777574413416598,8.195552915309909
1053.0,63.78974342369695,42.042425063064044,10.978809942357483,8.37065676765587
1054.0,63.774244551980736,42.134140172790616,10.050768824527404,8.564338614495902
1055.0,63.78323666979571,42.24333643030868,9.598770517949653,8.765836665586363
1056.0,64.11520114047757,42.10537940479941,9.635172537858653,9.046313205325578
1057.0,64.33424375160536,41.99980840564197,9.782444828513553,9.266174908681522
1058.0,64.54421492239868,41.60672230086421,9.998859731866178,9.409372509382232
1059.0,64.39614649589306,41.672894785349015,10.45369944101822,9.587005661037294
1060.0,64.60111577103768,41.579735882633116,11.23183235507377,9.619666111642067
1061.0,65.29662028226329,41.62452880151734,11.917913620705788,9.752035029418298
1062.0,65.4643486298789,41.41644839394353,12.30029853888025,10.07608435843126
1063.0,65.31916427048834,41.16524274430751,12.995805638691571,10.376346006014215
1064.0,64.65390048408197,40.963416002744324,13.732090050469838,10.570402847900935
1065.0,63.531028293364024,41.11830227139336,14.479331270719948,10.689290603477053
1066.0,62.25429063436464,41.04458096149726,14.849950014720093,10.839227133274083
1067.0,61.97510256235577,41.19654855893135,15.087117291810426,11.051699052787136
1068.0,61.10408919471914,40.712298846767425,15.052756272911502,11.305529533653278
1069.0,60.227136528078134,40.0061793998056,15.23625961220196,11.655223205711215
1070.0,59.345436696892705,38.988054202760274,15.491385402047486,11.975511128224019
1071.0,59.041299445224304,38.32284277197513,15.821188886913593,12.31882626394099
1072.0,58.89113530740955,37.70664558159322,15.722902149211258,12.657551139385294
1073.0,59.83224840380813,37.157553363209,15.524932065718117,12.974762928607703
1074.0,61.092088826964826,36.515661502481024,14.526358217923727,13.213078061139033
1075.0,62.84780323023031,36.08596656847311,14.007843078715975,13.520200259202126
1076.0,63.72608369558751,35.657880301053154,13.387321142332652,13.904288783677938
1077.0,64.961489572309,35.51203908023981,13.066610082663516,14.181730890675675
1078.0,66.57567010608189,35.85077352273005,12.850922355116687,14.265090458473612
1079.0,67.81712348443641,36.37161245156776,12.521940453224179,14.199738330536784
1080.0,69.44116301297844,37.32681750190619,12.167233733572123,13.898051486245173
1081.0,70.96523369670042,38.28230670279081,12.140571897388497,13.57180281594039
1082.0,71.96512598352597,39.30751346092012,11.91318705209186,13.369494278188649
1083.0,72.88329733108002,39.974628896722756,12.22077620588833,13.273137137464424
1084.0,73.18568741680396,41.15404793286749,12.044770834680916,13.037938951990743
1085.0,73.58973755346864,41.920718943605024,12.30987383034066,12.627834274943874
1086.0,74.26987348282049,42.3305978541867,12.643636508162144,12.315332696309554
1087.0,74.42451654701917,42.798927167102974,12.711383084957685,12.083047826443263
1088.0,74.33308914457318,43.24507610685921,12.59099512076844,11.90416542988379
1089.0,73.76819359330887,43.43140710442711,12.363247976424839,11.732980285669393
1090.0,73.5925811129945,43.419653158338434,12.194668988633124,11.690775153666115
1091.0,73.28317045817059,43.79329846372244,12.138631958799827,11.62282210241738
1092.0,73.0058908764566,44.4072829633021,12.032903960558924,11.477029619533889
1093.0,72.99051545354163,44.08322192800581,12.54808744112357,11.442964647499593
1094.0,72.90446037635459,44.257689308347956,12.487804884995699,11.472951193732884
1095.0,72.60017449711405,44.60067112668049,12.13000753247232,11.48809192054268
1096.0,72.57008328596464,44.51370278586841,12.004761496711202,11.474640837401441
1097.0,72.97975290003468,44.187599043868026,12.502397716446207,11.469250211901848
1098.0,73.6287964229849,44.02651080840551,12.741736201476849,11.5548936894114
1099.0,74.08969805927964,43.85863526135364,12.953632179626819,11.54393171491449
1100.0,74.72168016352191,43.44343822465463,13.473777255420359,11.48490413427854
1101.0,75.56707830343798,43.36540880308293,13.883859877118523,11.392568348474509
1102.0,76.4173603323212,43.39872457316817,14.26510929299544,11.189020996139224
1103.0,77.32684470227323,43.27999852366907,14.540222599982128,10.975914529198228
1104.0,78.15869068431014,43.132261106706736,14.71053708052318,10.523977007509027
1105.0,78.83447728337904,43.2992427797645,14.752684301809495,10.030942641202918
1106.0,78.8461571679218,43.62107642548399,14.908256988257722,9.51285241833906
1107.0,78.85544473254512,43.71955917116743,15.241476144943737,9.087034732763668
1108.0,78.20962827557692,43.765450528652984,15.409833406888215,8.767543823144067
1109.0,77.46735726021222,43.80544376319019,15.32246178420644,8.503067262634172
1110.0,76.48008121829551,43.560469489583944,14.964806666277395,8.357311776823606
1111.0,75.87599826973528,43.58566566445865,14.73487769108684,8.215350967823536
1112.0,75.22414059125411,43.371319704437255,14.65287476386528,8.1453297026451
1113.0,74.59389648605853,43.42137916756177,14.715092091516919,8.338793911977394
1114.0,73.80304374064116,43.41079950821645,15.686967647371391,8.550990209926075
1115.0,73.21160256423902,43.52875327092995,15.625465606789637,8.714959616435289
1116.0,72.76785061393439,43.41191507470788,15.45476949302939,8.809327304909996
1117.0,73.06898182210347,43.323121508065206,15.619498098785996,8.8978396533976
1118.0,73.00251827585623,42.67041767224583,15.860052679384925,8.945608011229995
1119.0,72.86933708250284,41.714148471263144,16.610421346922134,9.041354116858388
1120.0,72.61470458502767,40.297534935900444,16.66950696583569,9.237463486726682
1121.0,72.98321790618354,39.29274042598864,17.11397212184872,9.45689159428104
1122.0,73.66134574506,38.382818049019306,17.29585731418414,9.535471621843724
1123.0,74.34027164477732,37.41981956748413,16.214442229926707,9.68947632340814
1124.0,75.03846345915963,36.59402456214792,15.64919582656848,9.801254423175854
1125.0,75.53931395355687,35.895747257984624,15.263134020125658,10.036606807476419
1126.0,76.01600197505746,35.47544986391378,14.723960720708037,10.120054191063343
1127.0,76.60091845724493,35.62345162820652,14.265403801234038,10.25294505872743
1128.0,77.22733441173895,36.25146428144795,13.524309248275125,10.266225810825432
1129.0,77.3640298353113,37.03525136369861,13.131447992982237,10.21594695191435
1130.0,76.4377433807407,37.518932733846434,12.631428764627259,10.110637895582535
1131.0,75.69646815429843,37.81792251313662,12.313428822405413,10.193397733824108
1132.0,75.05296445900527,38.316582630478074,12.615486976578637,10.27563919969502
1133.0,74.83685207971797,38.70176647065999,12.883236026260178,10.499208983480173
1134.0,74.92709631726538,39.182797949153525,13.20620941078617,10.550659138072236
1135.0,74.9542090957892,39.61277538874865,13.291043451474785,10.53986095806911
1136.0,75.78034204499227,39.8800397428003,13.466613616049042,10.551698164943426
1137.0,76.48981362105732,39.97636303633577,13.763960600076894,10.543477545415353
1138.0,76.91146405039457,40.43481981430218,14.497034232215066,10.494555423492193
1139.0,77.36330421529644,40.79538752836858,15.140682225853503,10.411046426401054
1140.0,77.07904816539974,41.20542016464981,15.950526781025248,10.341268166245131
1141.0,76.7215405592067,41.77709426863866,16.48567898796942,10.166902702588096
1142.0,76.26835022058864,42.274644728675405,16.771241976986055,10.1151468305952
1143.0,75.57546752150348,43.046844390688626,16.79204246404981,10.091023536272191
1144.0,74.58138204751283,43.26367900802285,17.180958629383994,10.09673039677392
1145.0,73.0920133124861,42.93359630321993,17.43771727636076,9.895337414444324
1146.0,71.8998963449958,42.43851315818455,17.78476221150168,9.764302654956593
1147.0,71.17968804308279,41.42399815075508,18.01842488864557,9.880340748865255
1148.0,71.04030109427511,40.71668255587206,17.9102618728704,9.894324387322593
1149.0,71.3483890567187,40.51495365721833,17.652890407745275,9.858743925924061
1150.0,71.81605143895159,40.09399887531757,17.49308918606786,9.803631431452112
1151.0,72.19534020959081,39.6522519640967,17.67321818019069,9.654538435269965
1152.0,71.70631429720287,38.8467014035385,18.506489289334684,9.517760209232785
1153.0,71.37723129173592,38.829102871326704,19.116163375232176,9.48531535942541
1154.0,71.2467153158762,39.33332006821393,19.62365393900243,9.54857303525964
1155.0,71.47006766940414,40.25675870472411,20.194528189132008,9.602613570433565
1156.0,71.67220110766158,41.993543756963625,20.805198530989166,9.598193011437465
1157.0,71.55317213704593,43.64616104874517,21.514294746774617,9.662671637515118
1158.0,70.78871030029146,45.067622851598195,22.26280663610426,9.587191955090635
1159.0,70.07833337582548,46.343267698867855,22.944486297772478,9.624403464389358
1160.0,69.38246748233642,47.65750097494768,23.783728696023083,9.543424837851047
1161.0,69.1078717420434,49.047964415205456,24.400063287947436,9.553137382791924
1162.0,68.70055820753073,50.161139491484334,24.95026485125156,9.488533301879349
1163.0,67.66498960566044,51.183565904031425,25.55755711236566,9.349009755997617
1164.0,66.34741967825076,51.8913167374899,25.339919113756654,9.140989616970874
1165.0,64.75199175592078,51.96734188687711,25.224809059627816,8.813405946036879
1166.0,63.6021721845744,51.72384916921734,25.29222681701513,8.622542971226155
1167.0,63.15160306006676,51.06427944621339,25.00516800390333,8.483748708336792
1168.0,62.000390063203355,50.25105305632977,24.564118493897332,8.366904634299889
1169.0,61.230108700742576,49.694706221489554,24.029581919027244,8.501081616054808
1170.0,61.13047343685926,49.18750766366479,23.183550054511187,8.582959216937919
1171.0,61.34913411982336,48.825725007811805,22.5409207439761,8.669745543550569
1172.0,62.221230908306794,48.80716870106305,21.607920949519666,8.996440359597896
1173.0,62.77917671662503,48.98385407655264,21.38496135704773,9.432635497119293
1174.0,64.34209486855227,49.106604189392364,20.650057894491656,9.889333458645153
1175.0,65.22307134410264,49.38210787521577,19.59398247039125,10.33601893212105
1176.0,66.24070763645148,49.23609632653515,18.593352666318204,10.77649115201074
1177.0,67.94002410744073,49.34467481399276,17.634549431565006,11.187603960447474
1178.0,69.07818779590475,49.26935888972146,16.694155458874736,11.413857402859174
1179.0,69.78962265825903,49.434173082193816,15.80596540846712,11.531319461732114
1180.0,70.49676092850537,49.455672008083184,14.657265458716118,11.687008153546778
1181.0,71.10522178757552,49.299807761441734,14.426951974021048,11.749501128349593
1182.0,71.6267763876035,49.0363585636655,13.997183020361886,11.805836759395374
1183.0,71.65722070268896,49.15632935197241,13.44780109025624,11.831927645761859
1184.0,72.28016847364339,49.29755940731414,13.386327676802088,11.704249059176599
1185.0,72.46652234142539,49.9036584310103,13.781039499940707,11.551685582732965
1186.0,72.47010672595069,50.77480730517692,14.29220807601126,11.433813398966716
1187.0,72.90006619900299,51.90985518785996,14.689400265135133,11.407489294913034
1188.0,73.32021014612347,52.55544541845441,15.200019507001878,11.392023109287736
1189.0,73.54191970787087,52.88257865504004,15.81040986122432,11.321558802536627
1190.0,73.6793845970064,52.89772790958908,15.966444616128317,11.178599639101826
1191.0,74.05142495436411,53.02993095274163,16.23307248921206,11.05895038804762
1192.0,74.0757621073609,52.8807126055583,16.490924406574628,10.980118919394094
1193.0,74.02531778256838,53.23966685260969,16.15082948783779,11.04581901910831
1194.0,74.52909591896479,53.43869781366998,15.544797470788133,11.01568280263232
1195.0,75.27281977752328,53.75476382324994,14.63321595256292,10.94904657104919
1196.0,75.86247759903705,53.78959084367086,13.512725472433626,10.80125351263592
1197.0,76.77044746423373,53.84102871195694,12.639757029804702,10.679935274398604
1198.0,77.63133236256485,54.404195446104744,11.971173140101953,10.559013275931274
1199.0,78.06003831434784,55.04523479777686,10.912696913560747,10.480397028463631
1200.0,78.17706546151105,55.35219953536842,10.228214930553417,10.403564305924444
1201.0,78.64286535167952,55.69196355820044,9.81790670100015,10.421477079585431
1202.0,78.91910466267458,55.64126556641959,10.060010480327415,10.254618035873161
1203.0,78.888979701836,55.63498510870528,10.698887923977127,10.231309001214294
1204.0,78.76386066040473,55.20259641104957,11.77033089441218,10.18122976330876
1205.0,78.71986565516993,54.48340587255202,13.316998377904762,10.27681542338796
1206.0,77.71506834108152,54.17643831871161,14.778423876968084,10.352558478636563
1207.0,76.74945271984618,53.53594881478762,15.874573979871968,10.529949944233467
1208.0,76.39472057799956,52.95436502576431,17.579070507828362,10.742789350740638
1209.0,76.21963875707044,52.4368954332335,19.03084615678642,10.719837301296868
1210.0,75.62209705036568,51.95861504697339,20.128023833366466,10.61512102469847
1211.0,75.22302071972668,51.173088136429925,21.22105809547379,10.5919160102109
1212.0,74.94846382801612,50.32099592564832,21.923658269358413,10.610470892724543
1213.0,74.36620787332039,49.5852059296799,22.61870038096817,10.47252209097624
1214.0,73.47748644063826,48.97499311389469,22.971224212748943,10.184141831407494
1215.0,73.44136191103568,48.15073866739772,22.97991080090208,9.769001577912789
1216.0,73.47250961822624,47.630864133505774,23.540029989783346,9.323008580336355
1217.0,73.09740135451968,47.305640060608816,23.54503488582636,8.95727583142652
1218.0,73.18707748763129,47.02796618550443,23.373220234843807,8.796877815179117
1219.0,73.37081151686027,46.77921384544234,23.534149981010568,8.677524139741054
1220.0,73.7102158071035,46.806107318206706,23.77018743740134,8.580864786216043
1221.0,73.76522501459549,47.027654124379744,24.08097278426216,8.454571835458935
1222.0,74.04509371146996,46.7874175252978,24.05801778698968,8.512867090059562
1223.0,74.33141461746953,46.58444978236173,23.835423808039813,8.610585154451531
1224.0,74.88276191749439,46.356406904585874,23.82857653675159,8.986108216601988
1225.0,75.77855526848657,46.08466870088439,23.364369501523633,9.36159122909384
1226.0,76.70123627080926,45.65225544806556,23.041646454762276,9.479361629791898
1227.0,77.21612543348235,45.60820980945522,22.474437562867134,9.495148671462907
1228.0,78.2095455780344,45.505791801921546,21.754842972666218,9.579646032105817
1229.0,79.22967575316831,45.53816741833758,20.71993446149329,9.682578438675728
1230.0,80.29818602218944,45.340888902023096,19.514332543264462,9.713084061380272
1231.0,81.4843381949389,45.58693077170731,18.282398602119812,9.687853753024338
1232.0,82.60786497505421,45.87769125054171,17.58928131097662,9.656345126819106
1233.0,83.1474945201953,46.16280134977264,16.987895110820432,9.526053517379506
1234.0,83.2378628462475,45.887751157166846,16.702384778978516,9.474674472800976
1235.0,83.29619661030645,45.76449498415017,16.49201612418484,9.583223486242446
1236.0,83.51929117763453,45.319381777005646,16.870256901793923,9.697879176768295
1237.0,83.21429401084012,45.068497855650364,17.166128587906353,9.658740013380523
1238.0,82.67211676881239,44.80398603354997,17.42991767681287,9.60743304911488
1239.0,82.2990988838933,44.91441660009708,17.785171373882573,9.65498372239354
1240.0,81.38297506810736,44.98460497077518,18.238863087350733,9.71425232779282
1241.0,80.28087745926537,44.56632037625526,18.27315864020664,9.917422970159741
1242.0,79.28983300476878,44.197493980743666,18.67477849899318,10.204592891577958
1243.0,78.22391959148061,44.200582593137334,18.595920860836777,10.432229141718382
1244.0,77.1764618055363,44.27814287266083,18.649793338736476,10.622095919155468
1245.0,75.80427779174791,44.39881134803298,18.350290426714515,10.746852656354832
1246.0,74.85092309552837,44.366513575472325,17.98551472394401,10.81131971092355
1247.0,74.39314646119851,44.02156039184834,17.803095876033616,10.880697477971644
1248.0,74.03890221571899,43.44863975328331,18.130145827049045,10.974550904808458
1249.0,74.30097370869922,42.764686492261724,18.42583917943995,11.04796970533101
1250.0,74.85421628335875,42.435657216603914,18.66061678499798,10.931006315606604
1251.0,75.22851927949397,42.4418509143007,18.362765514174484,10.811442188177642
1252.0,75.81940417583913,42.438286658282074,18.19774727227966,10.555692433083982
1253.0,76.40148424434611,42.90309416468513,17.93344274010868,10.29369054162792
1254.0,77.33018142663082,43.06144080042026,17.85633019729741,10.099060434460574
1255.0,77.93788803099173,43.26844254331283,18.04408789544946,10.081861632832748
1256.0,78.14984941317958,43.81588640699237,17.944583461444115,10.099591512250019
1257.0,77.9872420981662,44.352134516193104,17.256624049872446,10.124190885932352
1258.0,77.903512956995,44.76757820020947,16.71707248062957,10.222627745483544
1259.0,77.92812484480059,45.24986936279786,16.376424142149432,10.371076677645286
1260.0,77.85447608593255,45.15743218002672,15.969758743931147,10.439821166329537
1261.0,78.2805158468578,44.95271517045054,15.929756000594654,10.67586918429883
1262.0,78.7519949804875,44.56861957567928,15.868407010027937,11.002211790847527
1263.0,78.74590405734763,44.5810379476245,15.763924030216627,11.334427257611798
1264.0,78.2086288559951,44.58118928704866,15.637956834298915,11.542667132398648
1265.0,77.40016602515914,44.33989344527547,15.562583461452629,11.638605482136448
1266.0,76.47980452196322,43.85079424113027,16.027350997946506,11.67334237392218
1267.0,75.11776090093356,43.37187399587845,16.71308563616047,11.599659554874298
1268.0,73.80560171936382,43.249940164027564,17.291701646842895,11.591967273998346
1269.0,73.0902555552967,43.027539305025236,18.323295617531965,11.59292879967999
1270.0,71.96146690699774,42.928215059234304,18.944924153741493,11.637348809822683
1271.0,70.88740311761998,42.443729675279776,19.767489454245638,11.572424548545182
1272.0,70.00450792658688,42.08335467067518,20.617944786223806,11.629166418089726
1273.0,69.80172771436034,41.234589012807575,21.44357307624754,11.680734787535863
1274.0,70.30234980082136,40.308622574848904,22.307503143627372,11.728690358424961
1275.0,70.99639790813285,39.8756108834962,22.756468672819306,11.656942330825558
1276.0,72.02535774208498,39.774945258473515,23.20683077475395,11.633292935349257
1277.0,72.71677561039658,39.58886523593168,23.893762456168524,11.441286754765288
1278.0,73.42041875783907,39.70802737512386,24.187939094343,11.229410859195289
1279.0,73.56495677367697,39.74114562253102,24.502096095424665,10.82789392556141
1280.0,73.41663423302897,39.728321981163944,24.4388228831808,10.626567573327815
1281.0,73.63069840887438,39.6691938254362,24.112466756898442,10.26896239283793
1282.0,74.13877692464747,40.03672596554676,23.63403891895324,10.016093919045014
1283.0,73.84842552400758,40.55551904600681,23.329474556467343,9.770227312466842
1284.0,73.40952672042661,40.72616962942983,23.433436295065945,9.628774360380648
1285.0,73.08940346322046,40.39540339287101,23.114233358016264,9.48632038552397
1286.0,73.27498198895819,40.33131219188683,22.831606415130427,9.495822235336671
1287.0,73.10683652622967,39.87202289249724,22.62095681343593,9.667756988875675
1288.0,72.88004091234497,39.23193786170072,22.660367402369687,9.797935004253315
1289.0,72.9985436666896,38.563142268863736,22.3498708472255,9.810883684555787
1290.0,72.82605759266178,38.00581276963312,22.2897209843489,9.876406824017785
1291.0,72.01656514445024,37.711915101584154,22.461237686175238,9.93324134399989
1292.0,71.52647703607059,37.76588787533826,22.59066251466855,10.187764211983751
1293.0,71.1947099047088,38.15457801697842,22.237408171553387,10.324059732568813
1294.0,70.85045703072915,38.78344669934309,22.490580033807092,10.462138631635522
1295.0,70.4304896085795,39.284695602649236,22.50707230665111,10.429919131223626
1296.0,70.50074649936357,40.02683798822243,22.916697522673502,10.275982310616136
1297.0,70.9644676770247,41.06734231778603,23.331713553575185,10.209484589806543
1298.0,71.4944113531853,42.06835177245611,24.106828345163187,10.237275677121556
1299.0,72.1497655867047,42.545910281864074,24.481847601952726,10.324758905338115
1300.0,73.00638050875334,42.86596626086567,24.136949481722734,10.32462755452169
1301.0,74.01737054395807,43.06445505536318,24.169573207744453,10.124977612849422
1302.0,75.16330188350058,43.01092993558389,24.361414842527278,9.997841138020789
1303.0,76.03509391399943,43.47417188362242,23.839331750584037,9.840222050159568
1304.0,76.98823813205613,43.40182553024925,23.605717970282154,9.741454866407908
1305.0,77.73953353896478,43.332306973447906,22.84401399641177,9.790723886898704
1306.0,78.64723483069557,43.31072933517631,21.86849427784509,9.817693919058119
1307.0,79.15885192970059,43.66196233785043,21.244771847052707,9.724907707739607
1308.0,78.68432981020467,44.14094180917577,20.92355023744096,9.658019618676798
1309.0,78.52671841430656,44.38259231264323,21.322956585664016,9.573253424705843
1310.0,78.41200155993359,44.19622259539631,21.270316149933723,9.50425131797167
1311.0,78.31184739969223,44.44429265782782,21.323141942332228,9.460555370980996
1312.0,77.9624539016228,44.03130489017651,21.44422775203359,9.460039012418875
1313.0,77.23222587520068,43.71816255326767,21.176370738314006,9.61507871034486
1314.0,76.29231993606342,43.49570019097375,20.554823076142206,9.538375534072985
1315.0,75.25788145481863,43.46801579132464,20.076833740252653,9.327487340770187
1316.0,74.48379776057476,42.72842756986656,19.52219714499011,9.135323051851007
1317.0,74.56702315485609,41.950499215145825,18.901500908756258,8.992910665639585
1318.0,74.55686684195014,41.61932286010373,18.006839139122228,8.965152468846147
1319.0,74.55263649250384,41.70261654425116,17.132672448125707,8.92489880517825
1320.0,74.18165733315736,41.48607558664342,16.125223442645762,9.081172837773478
1321.0,74.2737647420166,41.75885954736014,15.315779188809032,9.287776582269732
1322.0,74.15517724875963,42.05975039625076,14.734567930828613,9.345098837400347
1323.0,73.95653099275296,42.55549043010202,14.69590030541098,9.412674545947501
1324.0,73.75671256829659,42.36601461220137,14.451847639456698,9.612151700508822
1325.0,73.83599308517503,42.33465245303777,14.102411204624211,9.77623709219481
1326.0,73.93541341521193,42.471566848466374,13.875648089555867,9.907321161351152
1327.0,73.63990671585647,42.08897677183606,13.91614858223664,9.89254795509957
1328.0,72.85384863319777,41.54056071911397,14.044545210951386,10.015181137695754
1329.0,72.31431155387895,41.05837442957935,14.26405921450262,9.995849635000802
1330.0,71.73484812528476,40.568956480123155,14.83668085586028,10.016531150902217
1331.0,71.27312161242723,40.036181779569816,15.121422394401744,10.086442005447196
1332.0,70.83971813074334,39.38531400237586,15.618815730107908,10.196244980693725
1333.0,70.23160487406125,39.13579386970086,16.07332724635022,10.22733501620449
1334.0,69.49283271292836,38.95741174106344,16.71773459328395,10.54012032493653
1335.0,68.45137783475316,38.81189161391206,17.283244367325064,10.641431559303296
1336.0,67.56798836804623,38.85817715241182,17.809023286096043,10.873653906852049
1337.0,67.16598343806265,38.84209429642757,18.142802083522906,11.070790271174841
1338.0,66.99495053704669,38.89267984857693,18.15396426171127,11.167822985727481
1339.0,66.64358886047907,38.76986043606075,17.906799558177582,11.199034320533823
1340.0,67.17386357404685,38.9690820676912,17.858798724214815,11.150438141882837
1341.0,67.51350515999243,39.47326290297614,17.329946936786598,11.081611645387435
1342.0,68.23603440072917,39.94160083739159,17.139548726279408,11.094342484439107
1343.0,68.77363953605999,40.56189320457179,16.573457045762925,10.976512442047175
1344.0,70.0751819330249,41.14050470024319,16.316656795815447,11.046968454872685
1345.0,71.08507805185667,41.90927097899917,15.93350910570327,10.965193649960383
1346.0,72.26300785572695,42.75548671547552,15.672285222812526,10.955293697088155
1347.0,73.43619659811219,43.322438808178084,15.530674165687367,10.913930408564847
1348.0,74.32567261565055,43.97059013115479,15.167415940042877,10.812543230611018
1349.0,74.16845213002873,44.21327060581617,14.935935902718851,10.750394667218869
1350.0,74.16981457773801,44.19362798959928,14.936652141364384,10.768626105129993
1351.0,74.22903186150498,43.942872778814525,14.69533102406083,10.79230637031668
1352.0,74.4316143836659,43.723776706064925,14.698734556775097,10.642377899868755
1353.0,74.25933278895411,43.659196871876574,14.6513675748158,10.376133791558257
1354.0,74.60358424356934,43.62751477680838,15.04352511201279,10.18551587212212
1355.0,74.54026275571024,43.73259607826162,15.083697208340967,9.99068630729234
1356.0,74.38262719522442,43.91736241569569,15.071817437132442,9.840936239209839
1357.0,74.47188625127562,43.91730461195859,15.245425965656855,9.777697109518243
1358.0,74.70372933765783,44.08709321536124,15.254015853284372,9.727295871704387
1359.0,74.93976852212083,43.958443699790244,15.26554597678587,9.635821377232817
1360.0,74.70099202799744,43.952776700004996,15.465541379092418,9.609050049293923
1361.0,74.19224236470318,43.68642339955885,15.920818105408966,9.565610683746888
1362.0,73.55000025963191,43.23801673356627,15.391867780958693,9.730554598906323
1363.0,72.49188069632412,42.75812487739161,15.568392094536264,9.918026803944697
1364.0,71.90724695183933,42.294628881523735,16.223050575354577,10.102544188459051
1365.0,71.4602076674168,41.9356661673137,17.187938465594634,10.26867464856107
1366.0,71.16084733772072,41.58886922285352,18.22413471226866,10.340594739313985
1367.0,71.02425327867523,41.43638433416621,19.499909453665932,10.420791227218487
1368.0,70.81003328554262,41.66695347788877,20.89941567387249,10.46994316713671
1369.0,71.0283274896583,42.401057106835495,22.01340874347919,10.556500656424955
1370.0,71.53697444345352,43.53083283945689,22.946489632868207,10.741304543199213
1371.0,72.12812891867766,44.459417980741726,24.662405900251137,10.802813622944123
1372.0,72.75215899764028,45.25501861162667,25.01499232296494,10.893009404207167
1373.0,73.1138045259002,45.58751307885846,25.157245524243287,10.800840640290561
1374.0,73.2482450580385,45.730136642874655,25.306042275994464,10.84593065884341
1375.0,73.15344913261721,45.81268022732123,25.47307124984737,10.965924520384043
1376.0,73.15195751656452,45.631540724229005,25.241333638651017,11.010973320038744
1377.0,73.44233850243677,44.817131631710595,24.899858551283405,10.950850623186435
1378.0,73.51723085567201,43.57814653686142,24.605221665744907,10.68854230569124
1379.0,73.03475613494257,42.37982510115027,24.0827959420588,10.435972933899823
1380.0,72.53099451388223,41.462630714756635,23.20840154034788,10.195204888246433
1381.0,72.20342355353542,40.66608163891169,22.80526809109392,9.927850225646749
1382.0,71.72932686351582,40.3092475440552,22.343114605979466,9.719695360848439
1383.0,71.36599140160004,40.09053074901014,21.789247450468505,9.498665780156156
1384.0,71.23802688842726,40.03111517250425,21.00981698541523,9.291759067226284
1385.0,70.79544454428348,40.24489032296678,20.31229876887612,9.176185064924137
1386.0,69.93940616143244,41.03284362733475,19.77364185454935,9.106474338918572
1387.0,69.28607198794336,42.01330569716202,19.52312115909335,9.136992493282706
1388.0,69.23442951476176,42.44817571503355,18.940190275179035,9.093484417911085
1389.0,69.29246407514712,42.58459059600317,18.764103089454938,9.106992648145647
1390.0,69.73328014784097,42.96839473292813,18.6566788733829,9.081555997337587
1391.0,70.1570811259752,43.147854904646465,18.661069255968627,9.09582554143934
1392.0,70.30834930758985,43.20542742917422,18.99597649933743,9.201241221596774
1393.0,70.42099585705316,43.27495167715745,19.178156899926083,9.401311007215845
1394.0,70.94152170587557,43.375944541194464,19.05830367195299,9.64008549487614
1395.0,71.79523963684011,43.431792742311025,18.73617205389415,9.954295959456173
1396.0,72.54776791485622,43.44181680572318,18.407244686613527,10.321964435509443
1397.0,73.56502937396372,43.74763001385035,18.714240309047085,10.711802762741858
1398.0,74.04128589394534,44.23792624747496,19.044025533698257,11.03391933057977
1399.0,74.10031799069272,44.36119079786711,19.090893109838333,11.345379570879476
1400.0,74.06051602434032,44.54996048097146,19.393492930411174,11.519736563650048
1401.0,73.84673911870935,44.88320475835841,19.327578412568375,11.659598688250115
1402.0,73.66373553083139,45.44204970035748,19.60530889817671,11.682394401595305
1403.0,73.01648594566696,45.75194551074406,19.757731156735712,11.756303387017786
1404.0,72.28099599877187,45.7346503504795,19.708319100065196,11.784050425470612
1405.0,71.46013636955016,45.57584803024781,19.515459119935276,11.669031088608435
1406.0,70.45062454458443,45.52594409383976,19.059222120783833,11.536997571350664
1407.0,70.10468391477379,45.579156548621846,18.184780433989996,11.432015261789891
1408.0,69.81957758920781,45.84526169054313,17.457325007902618,11.3387756561918
1409.0,69.66454279545604,46.13521392683764,16.68802921591005,11.321975682133024
1410.0,70.05587601983049,46.47652651501285,16.044401064020796,11.150603326739862
1411.0,70.22774219581127,46.77911331780561,15.269486250574271,10.956654127730545
1412.0,70.43338592205211,47.11366987842028,15.191945300926934,10.676838806662463
1413.0,70.7097776858831,47.479673660302424,15.404660601283307,10.369639456396223
1414.0,70.90756734287633,47.94981112933441,15.510698095603129,10.152047462466005
1415.0,70.65706221852699,48.39335803752238,15.591600081939124,9.992389740514318
1416.0,70.21779753013851,48.706821601826064,15.89616320435615,9.79790001898903
1417.0,69.86613032174401,48.91053418639952,16.178546130135473,9.736494363930348
1418.0,69.39259682621655,48.89970149570831,16.482236844957985,9.704022770826322
1419.0,68.52110677480795,48.628273606299956,16.84967218986514,9.757321297245385
1420.0,67.67597479283103,48.31743126149273,17.182609364058187,9.759764689106175
1421.0,67.14080298326554,48.25191370968085,17.43466937218819,9.62422863947428
1422.0,66.6442122596254,48.42891511527763,17.411544553811904,9.427364533031582
1423.0,66.50275453367531,48.44927182251478,17.89303394777023,9.266785945482212
1424.0,66.52848585827091,48.28707525687202,18.31181340696527,9.12654007324859
1425.0,66.1157875287497,47.88784862376254,18.697180591582267,8.929488113159364
1426.0,65.57429446844085,47.40050445564346,19.207425660438076,8.660021523174636
1427.0,65.22797328016674,46.79625752606293,19.545741229868728,8.401936600273629
1428.0,64.97844447404725,46.22682552178885,19.856316915998875,8.110574784945712
1429.0,64.73792159230742,45.54368454684847,20.148984693643463,7.901936170198334
1430.0,64.47704727930875,44.44769531865687,20.3021368067868,7.92727421169856
1431.0,64.40708079105971,43.35659889419854,20.49197958749216,8.109289813254033
1432.0,64.17448970790925,41.919215162556874,20.440170129179105,8.354170648504168
1433.0,63.867852316126914,40.76321929285071,20.406976542385173,8.598177542739927
1434.0,63.85673160143486,40.056689230268255,20.54338478376587,8.90394440465737
1435.0,63.61356462784147,39.33919038473503,20.242673583020363,9.098352023378744
1436.0,63.55709706413966,38.51598173080296,20.10987132491426,9.264700341572805
1437.0,63.62916032598014,37.98316096627157,20.07160634363518,9.32955777738448
1438.0,63.80492993927627,37.16357389076934,20.143159600720402,9.522188238904095
1439.0,63.882502181093884,36.544516511990025,19.753073196642806,9.682023830140464
1440.0,63.70753742792137,35.81105852756792,19.474221818140705,9.850517698645287
1441.0,63.74278401202308,35.868345179870374,19.004642700866505,9.955666326732374
1442.0,64.19393485470897,36.03301348950418,18.225702887878803,10.066861931660009
1443.0,64.7605835855337,35.863975677636375,17.317901133857962,10.093971246361567
1444.0,65.57884670520716,35.89691527068594,16.695414101047795,10.213486614317686
1445.0,66.1891211498162,36.47611935800077,16.38010820366021,10.493320475868613
1446.0,66.90935718416439,36.726324200502404,15.797987450214116,10.899081382439734
1447.0,67.43970402701802,37.00485598323029,14.926607780563538,11.185188525536551
1448.0,68.11918548755501,37.488331987410064,14.304202329227879,11.35919799286987
1449.0,69.07282454134915,38.09753339525359,13.84369508669092,11.539297156011935
1450.0,69.54709142993687,38.3910744313669,13.492931173985491,11.699296750603354
1451.0,69.68416308573913,38.2874781764799,13.780631839255594,11.769701602374317
1452.0,70.08874813301634,38.47171199873516,14.135342509582731,11.84652013515204
1453.0,70.67217907001542,38.440982238731586,14.782694292760445,11.817258223621224
1454.0,71.27405250066823,38.331393525991615,15.110495769269807,11.63223770122861
1455.0,71.65869266601858,38.39410733573812,15.549157475690098,11.399260997329593
1456.0,72.2651403554692,38.91114786700617,16.272924118957388,11.106993678975472
1457.0,72.54893754706254,39.00508997246749,17.176323028729982,11.030614441657772
1458.0,72.76767101027532,39.13931517324846,18.11295984208278,10.860425751780419
1459.0,73.45695592664924,39.27180118345164,18.947674015323884,10.77028963075759
1460.0,74.07800318909467,39.72881035008923,19.425187291244722,10.807916105017629
1461.0,74.14493151132527,40.02884475261934,20.03143662775488,10.914258067660985
1462.0,74.18463342874654,40.57133296095402,20.324133453090532,11.060160234773159
1463.0,74.1291654366522,40.899434233810766,20.585955738748655,11.308214584286212
1464.0,74.02974053693016,41.479045774373084,20.792047885476936,11.595329410179229
1465.0,74.01711625800188,41.87798865089162,20.926062022049276,11.809923679811625
1466.0,74.22685752062485,42.52423498654825,21.129967294265626,11.86296333793407
1467.0,74.11410553768104,43.27563927339262,21.130141019778865,11.83262427073837
1468.0,73.666527490758,44.297085452964545,20.977992272373754,11.749975275560947
1469.0,73.4301967327585,45.17228150545275,20.81032535657385,11.615777914662907
1470.0,73.27292027818147,46.13579618694015,20.5585361468694,11.35890549888763
1471.0,73.22015056575225,47.2148639226221,20.157070299188337,11.100008665871055
1472.0,73.57057591488983,48.19472168933176,19.211415771605857,10.774158521137617
1473.0,73.86126313842317,48.99257009232408,18.538536300407294,10.383818276334189
1474.0,74.3597790276635,49.719054430042014,17.981785167425805,10.117581280397417
1475.0,74.55040553875754,50.44251456653568,17.516203349573594,9.72966549427979
1476.0,74.81808016904711,50.84655498312501,16.8898174878573,9.452385827479839
1477.0,74.7350215352312,51.292214876771226,16.414793667744263,9.19919792043245
1478.0,74.4883702624188,51.377950004446284,16.250987108740738,8.900859342922358
1479.0,74.74019391778498,51.13464279961774,15.903489492549689,8.819830184230359
1480.0,74.70934763765183,50.373778189552276,15.760353760169627,8.82618971130475
1481.0,74.36605820944672,49.954501941180595,16.155757986853626,8.920585516158468
1482.0,74.28201600450919,49.821238191486366,15.895099402113049,8.939761393712832
1483.0,74.11034969183154,49.5652477991688,16.19056938452581,8.9079642906364
1484.0,74.54509204062116,49.01918319609723,16.203628871787814,8.930374738657028
1485.0,74.71582280761591,48.73949430356096,16.552296947136604,8.950965982655541
1486.0,74.84216217454205,48.04289672057563,16.871896980378075,8.890617688125346
1487.0,75.01620642572745,47.80807066426473,16.89739866729559,8.846831109369695
1488.0,74.81291248244834,47.86953849784839,17.059781481647853,8.7655761072126
1489.0,75.04780384819115,48.37032454502196,17.25484343508834,8.576055836397911
1490.0,75.47101091845178,48.59141590002209,17.194282393201576,8.334799316565366
1491.0,75.58438135112479,48.24747226731638,17.499276460636313,8.233658455471488
1492.0,75.74008139236969,47.81504967170629,17.186430760850815,8.12528717334329
1493.0,75.56100768163033,47.50708345559302,17.071950702559157,8.03453860531459
1494.0,75.41844506851635,47.36217113383027,16.660502313978927,7.965078331949544
1495.0,75.67586297166469,47.36085736044588,16.412077881661496,7.990125665434089
1496.0,76.22379748927771,47.30378202897484,16.260096166041514,8.051312567725413
1497.0,76.78165584318526,47.300973249523246,16.106472523155364,8.073194785313039
1498.0,76.79633081610405,46.999461308938976,15.909046246639106,8.182944379440427
1499.0,76.46610950241245,46.968104062294046,15.936435591949872,8.420872933090314
1500.0,76.17612074173081,46.9114582349659,15.941875136595545,8.59566833226694
1501.0,75.70979712438434,47.321712582661874,16.07940349024292,8.826416987699046
1502.0,74.89899050080321,47.630648194253,15.98393966127346,9.056180584244972
1503.0,74.54609531583901,47.727436858579196,16.06397421756772,9.34815948564234
1504.0,74.22515605577051,48.00142037493087,16.000266419257578,9.640088811695936
1505.0,73.7093458705972,48.25572548703007,16.112681936829482,9.845575510892347
1506.0,73.4274315087008,48.60536255422707,16.312347712158516,10.051775111838113
1507.0,73.09759913454826,49.16306775934498,16.360939388689047,10.206025256679899
1508.0,72.76312760379194,49.5973501919301,16.446514649101115,10.180234091289293
1509.0,72.67514462896818,50.032934181517014,16.707088298584456,10.262876383998254
1510.0,72.73639449264242,50.36368547998302,16.848770973393528,10.342308286525567
1511.0,73.06119605100378,51.01884156618473,17.19609596300578,10.338950793801933
1512.0,72.84209778003937,51.67322568141427,17.706048457433862,10.209693552863254
1513.0,72.68622084138246,52.06903338882546,18.236137880260262,10.07961026786921
1514.0,72.46718588314867,52.07736888274806,18.927549398199364,10.02187096686932
1515.0,72.1584191390049,51.922718327060224,19.666674658312946,9.942335883790774
1516.0,71.6506074679717,51.73092671131578,20.493998881054917,9.845484914700904
1517.0,71.4874852161155,51.4905766559247,21.072140724917162,9.866673976405435
1518.0,71.62728066394422,51.07427970529887,21.240443367689558,9.856940522825706
1519.0,71.63026881005997,50.47111068742172,21.43508228628001,9.613427062297541
1520.0,71.6638390994303,49.931741512886624,21.976742638268274,9.485366422654698
1521.0,71.7577759452389,49.313346971501495,22.560049268657888,9.482477889354174
1522.0,71.50641566811606,48.75481506588497,23.163214433230884,9.420808189149351
1523.0,71.829222357921,48.57859008285812,23.367503829278395,9.294110044796529
1524.0,72.0071765956239,48.13610206553419,23.271481310126234,9.197065698300047
1525.0,72.27478430446214,47.68353204938069,23.06385741050795,9.139606864224486
1526.0,72.29228814892767,47.164669002566214,22.897921537841427,8.99325404875343
1527.0,71.77356606407707,46.95582441354003,22.612787972635434,8.794495330411346
1528.0,71.3607091689903,47.02551241783372,22.188497554884265,8.791534343849257
1529.0,71.25008719235149,47.220022601199844,21.43976524788033,8.766278636366218
1530.0,71.28365348173173,47.32987324501143,20.564506746331848,8.648546193974527
1531.0,71.29442512445897,47.20458792891506,19.66470674028124,8.717986504404447
1532.0,70.93982525190088,47.116446278770454,18.839533242090674,8.805124915118144
1533.0,70.50255805521012,47.438144163197435,18.04887844345934,8.94468037964355
1534.0,70.83038435977706,47.68808015064657,17.1548625661991,9.11183187276233
1535.0,71.08249375389728,47.90333187103665,16.343280548856654,9.248353056236297
1536.0,71.95854599870042,48.39102237291322,15.82211552322072,9.347961566897741
1537.0,72.6952528984356,48.366606788315096,15.46862320867461,9.427302958040897
1538.0,73.37656229992578,48.07411200854851,15.112049301780495,9.706682044735478
1539.0,74.45729564824221,47.8714565749878,14.66002196348812,10.107005443747433
1540.0,75.79935713784684,47.77782976195361,14.50078090322989,10.276142830542899
1541.0,77.20085763702836,47.501062897956004,14.260085717928249,10.366508291513549
1542.0,78.62691470224922,46.95455339126545,14.06755061601773,10.315654554372674
1543.0,79.55771960950014,46.292301230047265,14.27368624855748,10.319903739657871
1544.0,80.24853320708841,45.679788956896424,14.782693841266052,10.385286000590835
1545.0,80.4496556675091,44.82766200308707,15.157745700673368,10.609389494521595
1546.0,80.5402964516504,44.28766723344952,15.482710322480385,10.92062573645805
1547.0,80.59416944164526,43.60805151243463,15.98675721655174,11.005751019106636
1548.0,80.50124897956898,43.202462661519874,16.950549092171638,10.963407744274159
1549.0,80.58906715350058,42.82220582159601,17.31341361624549,10.971224430956786
1550.0,80.5397678407283,42.71247704700801,17.96540836789955,11.05410333818028
1551.0,80.45664994711254,42.79686816391698,18.78625825279991,11.145860785930159
1552.0,80.38680462179398,42.87798014929186,19.22909145670009,11.130905390967007
1553.0,80.77064540202116,42.97205669099794,19.51788811096718,11.026255673146565
1554.0,80.81224565896196,43.074461420930206,20.1121768239654,10.781103023722867
1555.0,80.87297007824193,42.984691841176314,20.697114431825153,10.530948742364766
1556.0,80.78117863573323,42.887979652401455,21.360468518185495,10.350756260707913
1557.0,80.45545178152531,42.59465953922383,21.484057100560264,10.306515789505774
1558.0,79.89070524352016,42.5740317946092,22.21526768672469,10.257906586239008
1559.0,79.14881754835201,42.090922557527016,22.618951944308467,10.154408439959049
1560.0,78.40447429354552,41.71127623487415,22.819096902070747,10.11335410036878
1561.0,77.79364657837793,41.48270162074223,23.022621591004377,10.123446149751608
1562.0,76.95994347073776,41.23552869263595,23.141828403797554,10.212930748067143
1563.0,76.60470082859203,40.773176447276214,23.138542090749844,10.365858355102004
1564.0,76.43105615409065,40.46875208748297,23.29448826024164,10.483213804008578
1565.0,76.26938739791075,40.33322032644928,23.04240598460122,10.568001553552516
1566.0,76.30149227861175,40.25676040298261,23.07133642666543,10.568827464996502
1567.0,76.30206608921297,39.94295714746714,23.026718684560002,10.528901408049144
1568.0,76.4515818465301,40.026891539628664,23.012788155638376,10.540374819760991
1569.0,76.44271862172067,40.00316164178635,23.07441291764336,10.37918242473207
1570.0,76.281359710747,40.01970983533796,23.277180400630836,10.278369163756429
1571.0,76.53951878766166,40.2455314430816,23.24030228071219,10.147925464530706
1572.0,76.78683662981756,40.96761815918071,23.0792258494639,9.9766375095643
1573.0,77.06004416288548,41.75802083860422,22.703527428137996,9.724705048815938
1574.0,77.17130178986517,42.21071115705672,22.745093218903385,9.512578252225202
1575.0,77.41614239436022,42.60900908577719,22.788416106668624,9.297313459507324
1576.0,77.78047994239512,43.162841188549876,22.806820171961817,9.100165213666955
1577.0,78.43474459638861,43.545640673479454,22.972299231546902,8.955898369337369
1578.0,79.4125017424494,44.019032467003775,22.9169219878492,9.125246221872544
1579.0,80.6693815781952,44.456889554984954,22.9539351216078,9.247211479744431
1580.0,81.43538745009961,44.56017520933232,22.85645031583827,9.347270292875828
1581.0,81.7719830950176,44.362257168345195,22.795970974475193,9.398582079737345
1582.0,81.85147976184501,43.9408337541685,22.759788839607108,9.513107465127487
1583.0,81.9851797561189,44.02910203403176,22.427508392666788,9.61400466387289
1584.0,82.10754978235232,44.07877908962723,21.918455165813327,9.65718496412324
1585.0,82.4818971308152,43.941974257741336,21.402775415187772,9.690179368329568
1586.0,82.55658357354952,43.8698312407764,20.938454008993787,9.684063158004436
1587.0,83.01767289298182,43.75892609714116,20.878857910647447,9.526738771745423
1588.0,83.01124326490508,43.84869285091588,20.581016927036252,9.31738915420516
1589.0,83.01675501201828,43.98808692453471,20.574214992799337,9.270721979101847
1590.0,83.28447233962589,44.5336738706131,20.36330740118801,9.286551620693135
1591.0,83.83742710536134,45.06385163829823,20.13296134102335,9.370785003058202
1592.0,84.2182158994482,45.42316564949373,19.808743788894716,9.435106947539628
1593.0,84.64983133561921,45.69116298851394,19.74689891890791,9.53747115545075
1594.0,85.02360073828545,45.97743800141022,19.421238379072125,9.68016430267274
1595.0,85.2458197336138,46.37663228357937,19.043642304104516,9.944550469323671
1596.0,84.93598550277355,46.50947313484095,18.784445949040098,10.358593631783071
1597.0,84.46345022209145,46.51197493228192,18.759494017643302,10.770280900440666
1598.0,84.2447214477539,46.59546892439061,18.61924371425204,10.966836739751987
1599.0,84.06565345459292,46.35286297857119,18.87952478288521,11.053036701943855
1600.0,83.63355112016414,46.478195200004734,19.282434379538778,11.165344638758581
1601.0,83.41705780936041,46.71825948567587,19.63364858541261,11.240406959171434
1602.0,83.07290119631102,47.115018513316045,19.630487678006574,11.18951928905932
1603.0,82.29446670628738,47.565333880999646,20.099817232511437,11.023834019288584
1604.0,81.58298847499982,48.14525644458125,20.51908025003992,10.641987524116814
1605.0,80.90068833271283,48.687524990594326,20.566996630210575,10.103911625217943
1606.0,80.63644772736748,49.052093348515434,20.571297685378006,9.673694647880946
1607.0,80.16631577536323,49.47524170910529,20.811997101969656,9.186322361469687
1608.0,79.6759159725857,49.75438490333776,20.854523451663127,8.871358742165055
1609.0,79.02180539449417,49.651496537654,20.82802748989009,8.505530240704491
1610.0,78.44926879992946,49.38542667323371,20.805043465630177,8.158266079311751
1611.0,77.61133830620813,49.055566982281235,20.846012831164952,7.996658192339652
1612.0,77.2118226296362,48.91242210687512,20.579243875237363,8.026724264474684
1613.0,76.76452898709731,48.68759516879168,20.58767183406436,8.24992001103696
1614.0,76.89054833455134,48.80080568442121,20.62798201614755,8.432524991180815
1615.0,76.9346532006034,48.85836012009749,20.83996158311495,8.510140949319503
1616.0,76.94649552481806,48.802845849827385,20.939773277073588,8.64330145931582
1617.0,76.5466104359145,48.70266211265648,20.905948319143352,8.701127154371376
1618.0,76.15547612478596,48.61244776108869,20.7431453644783,8.663284168367953
1619.0,75.48103265259843,48.73640497395717,20.677336692250872,8.836738869034685
1620.0,74.66701877853923,48.659388507064165,21.071111691168692,8.999751218824409
1621.0,73.76971392885969,48.39535262142468,21.447594851637298,9.075727507759124
1622.0,73.06332499050207,47.818930003830204,21.450745157215934,9.17452416293345
1623.0,72.00520955927627,47.081768504497774,21.424074535100768,9.361149636152795
1624.0,70.92553352940233,46.474282779966614,21.089288186079006,9.541392011415041
1625.0,69.88256450316058,46.111850681550294,20.485174859491735,9.870252343992712
1626.0,69.52662176626137,45.912042540106,20.021028958766728,10.267161852095573
1627.0,69.18707135737809,45.85324558541509,19.79168797831976,10.741272088887037
1628.0,69.2404161813397,45.521638675146114,19.270932573329382,11.034312582589209
1629.0,69.54187901928897,45.17715551536707,18.174601016889845,11.314408554665228
1630.0,69.91243430370352,45.097886489959116,16.73620388134693,11.610845527834444
1631.0,70.06828843482326,45.16359381482004,15.398934864517157,11.770349535972061
1632.0,70.1623429348666,45.33374222052085,14.000974383754523,11.853862643451706
1633.0,70.29510097926367,45.777196213486874,12.895673692721385,11.913940942380263
1634.0,70.36553808891568,45.902613252242034,12.193011299860139,11.880620311411338
1635.0,70.2439950933042,45.9793839299725,11.645422387584821,11.781315902879689
1636.0,70.3977593710395,45.981939693602584,11.093480919462992,11.611380254713042
1637.0,70.49131238704932,45.74603553117104,10.959369814365552,11.47460098381898
1638.0,70.503884703976,45.494127443480124,10.973747822070859,11.264771569447758
1639.0,70.13565199179678,45.31322781768954,11.261660615542088,11.119104695433977
1640.0,70.25760316195426,45.21277296345681,11.656499508275104,10.93277424643165
1641.0,70.44160092232111,44.931760882192464,12.034553009890868,10.828092020466674
1642.0,70.56929705657906,44.466631915543914,12.410517887026037,10.84849374408255
1643.0,70.78962976060299,44.15325915632567,12.754534813542556,10.74089880863679
1644.0,70.88088904929037,43.78610839884859,13.075818062499362,10.626011824585754
1645.0,70.78130987168164,43.64375453420266,13.004694753885374,10.618351657852019
1646.0,70.75085180207985,43.832637672962214,12.987745927909645,10.548071694355743
1647.0,70.44876104434054,44.210118145431075,13.140712246751836,10.505412294639388
1648.0,70.75724438930266,44.3626304438653,13.329398778106658,10.364794633622845
1649.0,70.94050678678477,44.41311949944914,13.309970342635895,10.26680406506313
1650.0,71.13849130267194,44.48174444833009,13.338003326958622,10.081515993508669
1651.0,71.36223472202263,44.62209498449729,13.249225900580148,9.8393094400125
1652.0,71.71837270873652,45.139320808881,12.511840549492323,9.744800440043608
1653.0,72.1077175418066,45.66208059565254,12.500216620453592,9.579165853493773
1654.0,72.40293471528177,46.08036075087363,12.808613035773659,9.29556977546009
1655.0,72.76599248748174,46.49830937547208,12.901906075908315,9.001384377809194
1656.0,73.56464609405411,47.374794025924565,13.186451861555154,8.69418110180386
1657.0,73.5821705323995,48.06413323781241,13.099738533858222,8.478765584180135
1658.0,73.21890926176034,48.825644884944055,13.277951303645997,8.30955693583369
1659.0,73.1062394389536,49.48965840248826,13.55206091676614,8.279140175253795
1660.0,73.33006289806713,49.87275412188678,14.056652874615272,8.224143906292015
1661.0,73.5769499014671,49.95233345640905,15.370496581365707,8.230873413066666
1662.0,74.10829139635797,50.13513165350744,16.282520241890634,8.375310761789919
1663.0,75.0069803488839,50.18883649275615,17.557939845644878,8.554572245830286
1664.0,75.64836983246309,50.06992843535868,18.83830429521216,8.71355512190171
1665.0,76.19203582172818,49.55863880140961,19.78504613361844,8.886849696663479
1666.0,77.08830617888518,48.84006905018911,21.015215841177426,9.116218898750478
1667.0,78.42615056848581,48.34296246432684,22.083182633108027,9.343941469525918
1668.0,79.24315492419608,48.16063435985578,22.97871087967921,9.461766530115712
1669.0,79.69341779260236,48.312606305130835,23.59871587960067,9.499387054949956
1670.0,79.96842296434595,48.35587179728366,24.0345402783308,9.432984586746073
1671.0,80.02237312742675,48.31107599034373,23.960131280610753,9.285462670395567
1672.0,79.75712092486458,48.27234966436335,23.391211292780483,9.236909374614527
1673.0,79.81858803391097,48.165605965628856,22.979632311266574,9.33135308328808
1674.0,80.04339243324662,47.94231848794402,22.451836482403188,9.438358683234625
1675.0,80.03213473311064,48.21209714672156,21.908757421868522,9.518580946191156
1676.0,79.8550908602513,47.854747821269065,21.179572266785744,9.636446520876246
1677.0,80.0170063893622,47.18918074479791,20.3767456166481,9.818993012350967
1678.0,80.03890805527085,46.18514270525757,19.609706541118413,10.069885344155612
1679.0,80.07261521399799,45.23130827326162,18.898721288588092,10.360151095794876
1680.0,79.9283753218676,44.32297947699995,18.4243507706807,10.550001156326726
1681.0,79.87932783435389,43.63444674904593,18.26680368952097,10.70474827960494
1682.0,79.4340837617452,43.39240919368421,18.181286537523878,10.814226599505453
1683.0,79.29684063178483,42.81620690832012,18.142009982292578,10.930817750355363
1684.0,79.41452857461412,42.15473742896404,18.07575075693512,11.075592521040392
1685.0,79.32394513249179,41.91043462392125,18.49259930621302,11.143044612662742
1686.0,78.52017872744392,42.0307269561512,19.240846534450004,11.153632065607502
1687.0,78.0445226693667,42.072658862340106,19.770376596660963,11.195520361176115
1688.0,77.48130605731292,42.1793987392308,20.596427204243867,11.31370335861948
1689.0,77.18010190565442,42.3333184122992,21.38816508751755,11.550930396755758
1690.0,76.88233279319216,42.42260327018683,21.725438138984416,11.702991726584353
1691.0,76.6815083173487,42.242360695222175,21.87844056859118,11.88647977058801
1692.0,76.06515332836307,42.74858562671241,22.220366933186835,12.144284813289493
1693.0,75.42272689957242,43.33546801094504,22.482565647050272,12.376897420949573
1694.0,74.94655934337811,43.61970249868909,22.406057296609404,12.619771392770346
1695.0,74.911627357537,43.56789172268491,22.246594687565057,12.943848634274106
1696.0,74.76884881881584,43.942663682907195,22.509796773578934,13.2093204913595
1697.0,74.81834360005466,44.08459048486743,22.26639449217976,13.385999565789735
1698.0,75.00215715390755,44.272633872551154,22.035648913912386,13.501992428389912
1699.0,75.16800575617263,44.6548259969731,22.149668432354158,13.606511311371893
1700.0,75.53302893164968,45.118191045134644,22.274753231610145,13.663159245344886
1701.0,75.67781868515002,45.52900851516134,22.373488378939612,13.617863085970546
1702.0,75.66584570111593,45.71449356444149,22.571704007663868,13.45516429608448
1703.0,75.56430185972631,46.06548941336673,22.683797209335637,13.187756969494343
1704.0,75.3986880775982,46.38980606642859,22.469240334492905,12.723045792136032
1705.0,75.21903459212898,46.60368472006787,21.872551369262546,12.25189746869299
1706.0,74.81656813948433,46.75352342310006,21.42272239199808,11.713853385627642
1707.0,74.13600964288295,46.94513134163233,20.79611164939631,11.273376382907967
1708.0,73.58877178085316,46.78444592198109,20.19171205744902,10.922096215634715
1709.0,72.93729832045325,46.76953263686014,19.582877238674378,10.686135159822282
1710.0,72.78671890618148,46.65178541374753,18.850361979539148,10.572258229425248
1711.0,72.62026854108736,46.85323572167551,18.253463848491933,10.443550604659574
1712.0,72.50092557755639,47.321831669499346,17.864749328385926,10.48398874513175
1713.0,72.82639546870165,48.02972391491677,17.982266975321313,10.617647006994474
1714.0,73.27702570702431,48.3970693984388,18.132631420047925,10.896361317309864
1715.0,73.95963812686956,48.921593602691594,18.423569843275487,11.14348043848869
1716.0,74.60097521553621,48.99610104097288,18.786108300338302,11.297626851890167
1717.0,75.62819863442091,49.29532589749972,19.12708315894239,11.314723685626483
1718.0,76.48029867566889,49.16274431833213,19.556254684735485,11.073985438346048
1719.0,76.93023032109805,48.89015700072715,19.921628722670366,10.857250758814988
1720.0,77.60383928907635,48.53853604847785,20.38469302114987,10.632698740124937
1721.0,78.21216448357686,48.08230690485979,20.76887853486646,10.354930022679358
1722.0,78.6378395440691,47.464499857716916,20.874122629216536,10.120425989319338
1723.0,79.02005771671945,47.32165877374635,21.214109855550934,9.748772050639248
1724.0,79.20892124954266,47.29468395573345,21.40377154653975,9.517176055391674
1725.0,79.63398035885226,47.41840392734612,21.663597469393363,9.332130036653906
1726.0,79.39780214342113,47.404551632272984,21.9527048734056,9.256225602615377
1727.0,78.83010895873605,47.75650070226225,22.35110938318396,9.24774307574548
1728.0,78.49253235206544,48.26199050627489,22.777240447611366,9.227168785773223
1729.0,78.35654368895754,48.49823236797388,23.01447388232084,9.355005604676329
1730.0,78.60732259888141,48.80547314536985,23.132045422998385,9.472895520515424
1731.0,78.70292682512975,49.16871694378426,23.383998269877633,9.627721646069697
1732.0,78.70345937721022,49.188217530645446,23.803052907158346,9.817451804057074
1733.0,78.89410734895955,49.19429337948589,24.15187683708332,9.975750541238096
1734.0,78.9805186505929,49.26259674237606,24.446727722516307,10.191183589352782
1735.0,79.3774441722609,49.217027781508556,24.4744785548747,10.39096058568624
1736.0,80.42850017544777,48.97211334990192,24.240569115608924,10.625393043632876
1737.0,81.37497108020105,48.50968665906257,23.67949108469941,10.889006773881546
1738.0,82.5029630706962,48.206146100256255,23.31854198879752,10.951757053695168
1739.0,83.08836590381203,47.92169414833467,23.003784553964984,10.950429056262896
1740.0,83.12499443252406,47.29591350818023,22.66652701920502,10.875718531490849
1741.0,83.33046834080363,47.012064387769065,22.307682946404892,10.814227366619095
1742.0,83.40024781662466,46.74615530958536,21.786645164088384,10.702383824808592
1743.0,83.5374426531512,46.440760381123695,21.377767345177098,10.69710157992121
1744.0,83.41956527857485,46.35632893191468,21.270681764884912,10.627933906431036
1745.0,83.1269960051535,46.36647920220273,21.146413859602877,10.64324789207795
1746.0,82.92970154221135,46.431121267104,21.312295988376974,10.421976393275347
1747.0,82.15171988469511,46.5280754297328,21.136743260758976,10.286884440586208
1748.0,81.44601226529574,46.562632214970016,21.03963521549272,10.27363545558074
1749.0,80.82047666074774,47.07560328026413,20.83835149741327,10.103624881290507
1750.0,80.18871207438683,47.46318100978571,20.6281249936688,9.890150503789021
1751.0,79.96163869640574,47.49080418039104,20.603636333031858,9.785323911290408
1752.0,79.6257678729541,48.15127298075267,20.361799218151056,9.545903702268077
1753.0,79.27369839440176,48.16909568661261,19.72960710321143,9.481917990675884
1754.0,79.03222903782327,48.336325330751194,19.238650960771988,9.267538616654141
1755.0,78.83724504882942,48.26626987250791,19.170681572797108,9.196645446982313
1756.0,78.8962073214627,48.12015990780514,19.099159567411863,9.168013621510891
1757.0,79.03955157828628,47.81966363159793,18.88267262920266,9.035105642827181
1758.0,79.8817803231146,47.397157714700384,18.913008574728515,9.063962455887173
1759.0,80.5618307029106,46.89189964228576,18.621995761255395,9.09566982535969
1760.0,81.12164539157173,46.89900814374834,18.57182926873314,9.09598006582113
1761.0,81.5764109457327,46.28889625583194,18.620026458298437,8.995238060283812
1762.0,82.17345750570799,46.18238980815498,18.88939151607318,8.775364172493454
1763.0,82.50175492938968,45.96287120491176,19.482823108460305,8.703802172060216
1764.0,82.50593490954013,46.11886041002262,20.0875525879874,8.632993152086534
1765.0,82.5671840202894,46.21253727296519,20.660754678637982,8.441013431704041
1766.0,82.4574014172715,46.261075583674625,21.369132189222817,8.213122924371959
1767.0,82.30089989168825,46.49120279816378,22.056102017204665,8.050013979058646
1768.0,82.05718289874676,46.78314891797909,22.72223168459903,8.00854121548361
1769.0,81.42330508042404,46.82468439363518,23.315116915622408,7.880276904050157
1770.0,81.43339495878216,46.94259042932343,23.857214756326595,7.796519181142428
1771.0,80.5490830958073,46.82276399925963,24.320733149500338,7.8781465692982335
1772.0,79.84934743985959,46.88231451986644,24.08618289342494,7.956536613144286
1773.0,79.33722908231572,46.90445377097468,23.439388613280595,8.031705375676879
1774.0,78.8139792085502,47.163107691282825,23.128998282937,8.223385988837858
1775.0,78.65893240870368,47.18836575417431,22.72131498151085,8.500928482456343
1776.0,78.56914409878131,47.098757121551344,22.06346099715602,8.681671637846991
1777.0,78.51095595640662,46.57807426032299,21.225378986440035,8.799402049178097
1778.0,78.88614580774919,46.07000104283603,20.06802717738929,8.980818482445775
1779.0,78.77018886692429,45.728658519245016,18.99292146665154,9.136886638647093
1780.0,79.62383348787989,45.75677882706744,18.147218665859473,9.15674898862377
1781.0,80.54026645823255,45.667222380177236,17.571280779403214,9.100957853738555
1782.0,81.29017108474649,45.479448180837,17.28597255175095,9.064441730470689
1783.0,81.8166892659848,45.0420935736898,16.599658600250446,8.988486413874805
1784.0,82.25095450449457,44.699617623818575,15.979636321346442,8.923998275478855
1785.0,82.31731352201655,44.2309546564741,15.625320745117694,8.928521818351083
1786.0,82.56948902803163,43.90770032560554,15.469455182210915,8.910598672136814
1787.0,82.68279232598994,43.77887099759158,15.018810956096674,8.877723729574443
1788.0,82.56063009005835,43.73804024976244,14.500676522833094,8.949513776627958
1789.0,82.0903622207778,43.61319470497107,14.052777664089955,8.964834782273682
1790.0,81.37203962350353,43.24639461413712,13.824277832675419,9.039884067719505
1791.0,80.77881632774388,43.046663431473114,13.386786495082081,9.042351750500613
1792.0,80.01993540804368,43.06470275294442,13.185712708106688,9.08295384934484
1793.0,79.26033307356408,43.34362321750602,13.376736962588025,9.12264528080938
1794.0,78.76869307014508,43.65950792880411,13.613085687048219,9.167391931626646
1795.0,78.32987932645365,44.19188336249435,14.046929888208206,9.120880172996914
1796.0,77.44110853960996,45.115588366868835,15.00166196717295,9.104610965629444
1797.0,76.88326682647728,45.77985504017007,15.910410484425707,9.043785626903183
1798.0,76.78568519860357,46.22358838597929,16.69554568843024,8.983517208597677
1799.0,76.73893843240997,46.9288609497419,17.17065121542865,9.012706508341278
1800.0,76.84958114608551,47.52170079997116,17.435416329663212,9.066476133474602
1801.0,77.31255177338515,47.9487513313815,17.974210945735756,9.144622286243285
1802.0,77.82102372678659,48.55593075185588,18.071879964927003,9.24289328406726
1803.0,78.2789160926836,49.30471063890033,17.977700338090578,9.362751502358579
1804.0,78.63976181334216,49.86486524532045,17.853866085107192,9.505845915136746
1805.0,79.18610886357902,49.63437357243956,17.66549768490492,9.691009313488115
1806.0,79.45737500022479,49.47607593478336,17.587346518215295,9.819973930933289
1807.0,79.74342987328565,49.512876906058146,17.26453749091047,9.948328191463002
1808.0,80.06988317052726,49.33942504628524,16.95209174544057,9.921851088019716
1809.0,80.17200310225515,49.07536877058141,17.07512725917043,9.821040620207635
1810.0,80.04506870392086,48.45999377229131,16.783348661082698,9.771769787730857
1811.0,79.63353131323427,47.43710104970557,16.476368735440616,9.74107735859871
1812.0,79.0056141094092,46.512068452376646,16.420772119020405,9.681912761104916
1813.0,78.45321390465777,45.70168354780695,16.59947319581604,9.643362246740331
1814.0,78.07940469744122,45.441514988512964,17.008679277032385,9.622662487071455
1815.0,77.73382032402907,45.313909296225575,17.531983723017966,9.606970575864096
1816.0,77.43359098087205,45.038588619474936,18.202029133514152,9.617140644525888
1817.0,77.24139130654879,44.80366288443749,19.22621127009015,9.659775722981934
1818.0,77.26814017083792,44.640481436233785,20.219956452359156,9.776040843093341
1819.0,77.17631635580408,44.81945228888851,21.248803242417434,9.798120287736602
1820.0,77.24050539715388,45.17275929699461,22.40079911653965,9.856911444726109
1821.0,77.07210734858342,44.99813610807866,23.195396143539057,9.932362664238765
1822.0,76.76633918677351,44.86570736178504,23.416532030222058,10.151119075178649
1823.0,76.63959081080898,44.33961083817876,23.321285385001683,10.224131565287648
1824.0,77.10596973738447,43.78783707190816,22.869148581943232,10.366249873268737
1825.0,77.46124955982184,43.40370810069119,22.40296477598827,10.635748979563669
1826.0,77.5614147143734,43.154450964438595,22.11372963259374,10.92636986184322
1827.0,77.40300542561097,42.951615601838036,21.64609408143675,11.100103548355806
1828.0,77.68289172722055,42.94859159364171,21.319477099661746,11.215553823838457
1829.0,78.0239411230147,43.06885718784307,21.11782114192686,11.223838309589057
1830.0,78.70633579067166,43.30124337411283,20.942685340799887,11.171293571209553
1831.0,79.46407266781198,43.46783469942939,21.070209520420686,11.019402626591555
1832.0,79.69255746504568,43.63202116724028,21.03955525430381,10.93918450034688
1833.0,79.31036480581338,43.928065624576746,21.26110312518597,10.78805043342302
1834.0,78.63139762281953,44.18536235933948,21.508773077672124,10.575573025810142
1835.0,78.45068295160542,44.32911116916613,21.35954986897808,10.29697082111321
1836.0,78.14041211568727,44.539168103435706,21.122195533900477,10.160800280632394
1837.0,77.6392700681983,44.60855602307518,20.78084204542174,10.088747897845879
1838.0,76.92146266497855,44.71856422539058,20.061726001517908,10.039883436417739
1839.0,76.33316624564642,45.204158343783675,19.722351687094445,10.006741114424258
1840.0,76.45032245571697,45.66330836974987,19.3349811473237,9.919675162553634
1841.0,76.34917754636811,46.40312337468843,19.205520368055193,9.906246700816787
1842.0,76.15233590983011,46.79888272683531,19.296488225594995,9.961360933120131
1843.0,75.75088768867839,47.41615930432451,19.565800347807595,9.950497568582577
1844.0,75.47371344744919,48.17138003743188,19.72928139222005,10.03456927408498
1845.0,75.43939255164194,48.83503845637574,19.910600900962606,10.086745725477412
1846.0,75.29582136617172,49.25093711910697,20.11582611489152,10.181379929631282
1847.0,75.80375510831219,49.70583740168003,20.5569755591397,10.369513053042624
1848.0,76.05515103943921,49.955976769685364,20.704486394668216,10.676530604125379
1849.0,75.50758786821407,50.389716300313985,21.043462298706604,11.084952799836506
1850.0,75.81680755377408,50.69463393998054,21.391301960595822,11.354082047520594
1851.0,76.61305596454353,51.23447516312656,21.394441057159348,11.611142057556977
1852.0,77.83976818124013,51.41795926415935,21.160324609992188,11.793935249928296
1853.0,78.4357788700041,51.465109067089976,21.22174243375926,11.94199899331517
1854.0,79.0343610131329,51.1928240094523,21.52971509023117,12.134023002317505
1855.0,79.68459750711484,51.11705602980134,21.948944669395082,12.28813252357835
1856.0,80.06582919769453,50.95697956655121,22.318318010016263,12.44475252377402
1857.0,80.44109388674495,51.052475212925444,22.660540660637107,12.526455553759957
1858.0,80.73073751716302,51.054002845967595,22.925746383864073,12.500377853768837
1859.0,81.04771244861071,50.931220504687175,23.100041186386107,12.467611599467597
1860.0,81.18771420470598,50.52356792893409,23.28265175926263,12.303187244363858
1861.0,81.37390698970444,50.25841387268172,23.617910122299133,12.187209514734981
1862.0,81.87321267856443,49.913197219347246,23.66770055919091,12.024254760236111
1863.0,82.48366259162444,49.801297309358546,23.3022253104179,11.892079596701127
1864.0,82.96446196379799,49.70679738446915,22.67386805995767,11.770063559951351
1865.0,83.29029683184386,49.53444817590432,22.181455161100594,11.515554631871654
1866.0,83.68094540483132,48.94018577257392,21.57994645804728,11.23102656971625
1867.0,84.36603148657632,48.47099276517731,20.90595429610612,11.005978732289655
1868.0,84.77842271637576,47.94029655342031,20.224612929218136,10.950558169796047
1869.0,84.92407035290657,47.588538588953014,19.66630717758535,11.011961417164256
1870.0,85.14198075833339,47.31897543079802,18.871331331304276,11.229487871865171
1871.0,85.00371520986519,47.17639595686752,18.343917792480177,11.389711731528491
1872.0,84.77923519321915,47.26642465840485,18.049627801329944,11.500085204283558
1873.0,84.90679172277619,47.04539294692852,18.177663706151446,11.656507790542179
1874.0,84.91670536136962,46.775644311238715,17.957127913003493,11.896735359838331
1875.0,84.7932725291933,47.026055028835216,17.78054327326418,12.207231115270957
1876.0,84.62599322444318,47.24936682009269,17.557646901741457,12.363858928442651
1877.0,84.64629244735022,47.67207206834883,17.30660607807242,12.418924345851469
1878.0,84.72030110918168,47.913987200865186,17.216747448782492,12.566956880332164
1879.0,84.44637791485837,48.38389934890092,17.142673289885078,12.620966610290445
1880.0,84.0544475734404,48.77617058446157,17.152979717522417,12.688978583742289
1881.0,83.68419053869725,48.86039608815294,17.42481813895637,12.63485582918688
1882.0,83.0406116933999,49.06909111843202,17.548788937138347,12.447421290807508
1883.0,82.46961430570285,49.309517123092846,17.912564887274055,12.253034536154718
1884.0,82.19134834921294,49.021710055580705,18.37932987580126,11.901700521306056
1885.0,81.86483806486466,48.812060720999376,18.985624034773252,11.683497403967472
1886.0,81.00855933388621,48.85735588046121,19.683083737655522,11.474440410346908
1887.0,80.05590209715568,49.020031726586595,20.300344242593273,11.225054259018677
1888.0,79.45046109649805,48.79072700150282,20.89644411120403,10.935758120943758
1889.0,79.11104938947362,48.498840097820064,21.486111826344064,10.664951036297458
1890.0,78.9481963798807,48.393223112145506,21.46698745611037,10.539140798397757
1891.0,78.56357183800122,48.31720014110346,21.34585037667057,10.583356007275995
1892.0,78.01074398322064,48.382817323945595,21.029111914671713,10.640030924726148
1893.0,77.19926324282575,48.72253928351754,20.946811945265612,10.77027816462143
1894.0,76.36355185224015,48.740642471762115,20.793158689094877,10.885823357741682
1895.0,75.6840025915332,48.24900380118008,20.56806564254611,10.879536970720974
1896.0,75.00224216198451,47.663669973792196,20.337216348843775,10.798261156728149
1897.0,74.20722599097269,46.99481198749225,20.139975534265815,10.65114661859581
1898.0,73.43998991667371,46.82721946724011,19.82418830404954,10.589178681809553
1899.0,72.51534552819078,46.70512096599336,19.84972320474245,10.53475473102626
1900.0,71.96298548419888,46.55429965110241,19.946145352516133,10.332197452147591
1901.0,71.58548790543178,46.60847128052393,20.158187663595328,10.10792065769876
1902.0,71.44514049621377,46.55364933548674,20.267434960806433,9.898331084992911
1903.0,71.18928888248315,46.59056225152474,20.605644327901384,9.775931930777201
1904.0,71.18439124207643,46.789928650153115,21.322335680430005,9.837204088440291
1905.0,71.45012787861606,47.32628469140047,22.15585056360625,9.868184492804012
1906.0,71.56400083445372,48.129492903011766,23.274847255616162,9.927059918395516
1907.0,71.62594438558452,48.386718894962215,24.190014570958837,9.956266970354612
1908.0,71.54657544201828,48.65892331493298,25.070306323951435,9.929112717351655
1909.0,71.47065138203175,48.94389351793097,26.103193578780377,9.928110912375553
1910.0,71.46547301551728,49.18861550464617,27.136686167360573,10.003035330991391
1911.0,71.54860201100375,49.35212786939065,27.94320980023013,10.016085787896621
1912.0,71.82969603212953,49.11793907153703,28.367768775828758,10.05443593406152
1913.0,72.26735692993526,49.16555707420562,28.242162387340446,10.129774935758373
1914.0,72.69648664823674,49.12904882108183,27.52919454123904,10.32989347248856
1915.0,73.21907860992236,49.176002516463285,26.97377418269357,10.632634979346868
1916.0,74.11514746476108,49.317774808621,26.371433632615936,10.913746562133028
1917.0,75.19893424469166,49.25447793175154,25.735869511802335,11.161466638937481
1918.0,76.55130321866714,49.34236905279866,24.744328438585068,11.366752639910334
1919.0,77.84038907536869,49.51761871055552,23.892453773637563,11.430396807237498
1920.0,79.11936079519504,49.9413786122776,23.213604134424028,11.596788362927384
1921.0,80.25103760526049,50.70352722067383,22.883069390011315,11.613766720342912
1922.0,81.10892295835907,51.607365407166434,22.816357634005342,11.574478004041579
1923.0,81.68221995594278,52.311789433509574,23.006464318230094,11.452549310152722
1924.0,82.17437522082761,52.82679837996501,22.893871315657044,11.271373420570947
1925.0,82.3502991907398,53.09339312853016,22.854248524739916,11.0878165739087
1926.0,82.31086434730268,53.48599367868558,22.83535825339312,10.950422684607801
1927.0,82.3816936867506,53.95686560631908,23.06257199916656,10.906563377014185
1928.0,82.39776183779428,54.239588166621765,23.121247309910753,10.881941978082507
1929.0,82.23620775989205,54.30275328733146,23.135775219993427,10.838767202067517
1930.0,82.07288827779048,54.189099956938314,22.951722472151562,10.838605159934923
1931.0,82.27486536504765,53.61878400273079,22.68814276380704,10.717477706795282
1932.0,82.58041573116705,53.17418190704562,22.682857012619692,10.606833245376103
1933.0,82.82819106615537,52.81600638876367,22.593102113674746,10.499859280049641
1934.0,83.1137999624073,52.5255173812845,22.61637461179027,10.432295822139189
1935.0,83.45168018662031,52.37299223057883,22.567621922529813,10.298083077606243
1936.0,83.68965009210845,52.404764319743954,22.444433070726408,10.170475882139055
1937.0,83.42305040627132,52.267936167686564,22.164990671437035,10.018387695184398
1938.0,83.30647529709859,52.02211709220852,22.27935762556154,9.923000965672394
1939.0,83.2820033502059,52.080116840829376,22.299863865279278,9.814838380374674
1940.0,82.83239559239952,52.29218263919776,22.158641025971733,9.787984168148979
1941.0,82.4877851095839,52.34716574580755,22.02423570483998,9.799983425824506
1942.0,82.38061966810623,52.002654086179724,21.954691606340557,9.90646422557922
1943.0,82.40675604619364,52.02885997297978,21.897973749174458,10.003817845673455
1944.0,82.72912880210883,51.82967289565964,22.097838039251155,10.131180864986048
1945.0,82.67052417330233,51.481997345819394,22.199031882940158,10.261443623902702
1946.0,83.31036347838644,51.02138810694717,22.465118731926545,10.414269008499408
1947.0,83.77786241865617,50.80648891407546,22.206857706377058,10.442556692564311
1948.0,84.1687971657738,50.414547215277665,22.131107352960985,10.480556302194152
1949.0,84.46501695533676,49.94911157772409,22.238633245435018,10.476251431087924
1950.0,84.34438847449913,49.7991254386787,22.10681136753277,10.395953205832248
1951.0,84.10053329235846,50.1331134606295,22.08735519707503,10.215426969598255
1952.0,83.81351117483995,50.06974326588314,22.232874645235064,10.099802121826068
1953.0,83.27011885208432,49.93081355132858,22.206341334527128,10.030030458473288
1954.0,82.76791748618571,49.60811300693862,22.236450059368675,9.85884241639248
1955.0,82.15049748321215,49.29305651401855,22.341809032510746,9.904417737682456
1956.0,81.44830956232292,48.68081037417341,22.49079184810384,9.995837567529943
1957.0,80.91911347370953,48.03839278664225,22.55471033636994,10.108498196157598
1958.0,80.57747771321063,47.327068124316774,22.556320875293462,10.164239830582963
1959.0,80.6190411749226,46.28017064813716,22.75143432339491,10.172968652303211
1960.0,80.5081541153197,44.965973500489476,22.836198985511704,10.254393601396133
1961.0,80.09384269692059,44.0375408568857,22.71807345142086,10.31070336932913
1962.0,79.77344959010163,43.11990530918115,22.94336406420352,10.281589777249527
1963.0,79.39586229691415,42.188908341348835,23.130477490284985,10.30470619639419
1964.0,78.83503744568873,41.36320857183258,23.2569012698794,10.155818984363988
1965.0,78.42415315729265,40.525292636103494,23.558986543101202,10.027706986830077
1966.0,77.76034466758651,40.02929489645407,23.618176217423997,9.933431374938808
1967.0,76.96569886063789,39.514936296780256,23.806031540499244,9.962551836346748
1968.0,76.37975199139885,39.322523976077676,23.75025438170422,10.071976740920586
1969.0,75.79019780657399,39.643365685379024,23.598303567229678,10.196474034617005
1970.0,75.56390918376333,39.84724196869926,23.44762157647793,10.301161283305815
1971.0,75.18431053483985,40.138967749058104,22.9880740867454,10.353000375291108
1972.0,74.95751903184559,40.61147880764644,22.896590902379003,10.378479983345468
1973.0,75.01627373980497,41.18756950584775,22.88896452062694,10.33986499789307
1974.0,75.28937913179901,41.94882954509862,22.708314809704014,10.210662328639092
1975.0,75.64014479789091,42.4365494238485,22.603148788097446,10.130995503250462
1976.0,76.18027283194175,42.922790172155906,22.476113797453973,9.942391991457042
1977.0,76.56804153560103,43.27376310150353,22.528219701359667,9.816128546551342
1978.0,77.13869948032705,43.305253515183594,22.42546723191349,9.607359161476976
1979.0,77.6060472893414,43.41778056827658,22.366494893609165,9.39641264417974
1980.0,78.26177732315715,43.437978039570474,21.94233497370366,9.34978803064046
1981.0,78.9667137694423,43.367272275513656,21.472629312831387,9.317544607655124
1982.0,79.71800585163074,43.33105871946196,20.915805851054987,9.250178508689416
1983.0,80.18990170053581,43.52171161639199,20.602482506826977,9.240274533174157
1984.0,80.94758669153384,43.86384287439958,20.42098118736235,9.239900131602598
1985.0,81.38918955633109,44.29624136541796,20.179298075321473,9.42365866833147
1986.0,81.58075786074708,44.6571118818952,20.089595089400603,9.608846298391535
1987.0,81.72698038604481,45.05278526278935,20.30790335355729,9.912189176277488
1988.0,81.6859460491268,45.168410031194306,20.502436014015103,10.217865514798088
1989.0,81.85220263018884,45.257585364026184,20.957750020302278,10.520597732905657
1990.0,81.82766840768609,45.303989248035776,21.069424480121903,10.742300464183705
1991.0,81.69837781514612,45.31763399277441,21.209549729655585,11.030728625687768
1992.0,82.04139775369524,45.29282075640652,21.30417390870131,11.348488763793593
1993.0,81.92542558404294,45.03429229269001,21.332696660169077,11.552550499102438
1994.0,82.13119078958141,44.51870810049667,21.42496145134811,11.633823729564659
1995.0,82.4690045823065,43.96577461671456,21.45814551490672,11.782433248855916
1996.0,82.83970064813472,43.61991184921632,21.420968983086677,11.759594121771471
1997.0,83.16679881411181,43.60872719665707,21.25124635719605,11.682950820947731
1998.0,83.47519156303541,43.806543220402745,21.107407190584613,11.633030973323217
1999.0,83.7199621528509,43.71231444292158,21.29125274528039,11.699510964084732
2000.0,83.76346980292516,43.49101944065864,21.71535143140496,11.68544823572384
2001.0,83.48908267947965,43.16339330325307,21.9527707306963,11.61049661288859
2002.0,83.40159277273453,42.890768982262436,22.03770622706712,11.61556429159689
2003.0,83.03119011568299,42.76962788736226,21.91611993550339,11.564402604580952
2004.0,82.87350337769246,42.75541292804035,21.80172894104789,11.449286390018802
2005.0,82.60261676547574,42.50327751114076,21.666947682825537,11.448114459289268
2006.0,82.65334808149788,42.167083331167085,21.66271792204728,11.525358892560616
2007.0,82.19100337344624,41.77809629152501,21.936340675330214,11.511744718896757
2008.0,81.63927375439482,41.70404858431755,22.090197713733158,11.50032620087933
2009.0,81.03895130438026,41.66926879309839,22.088530126971488,11.59337900917907
2010.0,80.58569532530349,41.68344012712991,22.193582372983023,11.625995425719362
2011.0,80.36731634603271,41.76662797595288,22.575080654549108,11.498606427987301
2012.0,80.37751270582352,41.97056147702314,23.30884133343757,11.37059845145264
2013.0,80.2589061754044,42.00610113792111,23.836455110163545,11.166198472642705
2014.0,80.09184659521962,42.29080120268666,24.353330265199403,10.943825184882852
2015.0,80.17089589105652,42.42385460825932,24.983071587740053,10.68136689265745
2016.0,80.43814736064498,42.203085059355985,25.11348738019437,10.438615815845719
2017.0,81.08170411488524,42.06480468701109,25.323367400889623,10.142020307490734
2018.0,81.90556999549767,42.00405358504683,25.689555125777908,9.763220474700153
2019.0,82.64872955976469,41.880233693336834,25.853114752801083,9.447105215014373
2020.0,82.82876101899947,41.633947270555865,25.917627416742388,9.27577646869028
2021.0,83.16724286059558,41.572410443639235,25.650842125755094,9.192712814895783
2022.0,83.40021266419379,41.795509728309256,25.343233748723033,9.060570552392969
2023.0,83.7499658172387,41.65036998099119,25.19115990942187,9.013164102228448
2024.0,83.8774663783332,41.78816097184293,24.930352108131316,8.956068647162091
2025.0,84.0155346395698,42.24784497915547,24.91021884243015,8.891009644548102
2026.0,83.86808873071753,42.60221241547556,24.96674922228725,8.842904268813351
2027.0,83.48054691976324,42.94359433625806,24.8495881795475,8.75567271814824
2028.0,82.86600527894105,43.37328741179724,24.804243100235023,8.733678170426181
2029.0,82.6572134379687,44.055974647326394,24.659867588245337,8.710872512797796
2030.0,82.07840185474353,44.3356655994753,24.568050590413897,8.635513706262328
2031.0,81.60141841963959,44.51435554433904,24.47489717004639,8.630422193644259
2032.0,81.30815776365745,44.81404694192823,24.322455150942314,8.497102659656939
2033.0,80.5162063717342,44.80874557760474,23.990861702844477,8.432430297112905
2034.0,79.95766615935247,44.83264528277567,23.9288135419818,8.336096673076499
2035.0,79.56125877991548,44.963715690114235,23.66822807185376,8.239089760135474
2036.0,79.23158201092139,44.98635371422798,23.376630592752146,8.30136578522323
2037.0,79.11979955591703,44.87776456937122,23.454837282111768,8.322865954366879
2038.0,78.83977856730927,44.622068274514234,23.686178373972332,8.276997720032407
2039.0,78.49335727549213,44.54671599099364,24.03645476150883,8.303224478936599
2040.0,78.20257919419271,44.55176298917335,24.226344321402117,8.297830860992029
2041.0,77.75888739490517,44.6508078769881,24.333392150490802,8.369560448706174
2042.0,77.63483489785536,44.841074821725535,24.521884309828557,8.356120512825372
2043.0,77.40348500291567,45.18011034401032,24.64088194643318,8.406916786343864
2044.0,77.30754110524333,45.63338080076775,24.59634631502407,8.421035429932118
2045.0,77.3627788718486,46.16310313786431,24.439182825166085,8.412609906447065
2046.0,77.31594671217066,46.57638579376674,23.85249901741616,8.459059538749198
2047.0,77.71845364446533,47.18177087660098,23.165808374423534,8.51154710270608
2048.0,78.21220118160022,47.57160689107549,22.52826439064677,8.499457566601631
2049.0,78.53804352788484,47.966703499182,22.406998437695723,8.54060998793799
2050.0,78.89371802538598,48.303914443091784,22.164948763903922,8.481390967752176
2051.0,79.14320771236862,48.79552718165806,22.208098549015443,8.48637290250813
2052.0,79.15303093547465,49.149083730161365,22.127758787618287,8.384531121102443
2053.0,79.13057022687812,49.104346573318416,22.33826740619411,8.441235480647531
2054.0,79.1748916764644,49.04766016378585,22.777667821847096,8.49025592011424
2055.0,78.95410820779003,49.317919292085996,23.534434391341176,8.609214348657808
2056.0,78.49656846566623,49.487308653499426,24.20873271926204,8.824836741585264
2057.0,77.91150955769668,49.94706623703504,24.778396700578803,9.073752760795568
2058.0,77.59586751101891,50.05877971392873,24.87631043067572,9.316717798543465
2059.0,77.59181756313521,50.19368388352578,25.44259129266564,9.54974248442145
2060.0,77.76897857828514,50.22534359366944,25.572764662578322,9.693004967992454
2061.0,77.89898690157146,50.2453532985321,25.74874876144893,9.962286381607251
2062.0,77.94844810961445,50.35131213682122,25.915766169135157,10.144664493678926
2063.0,77.87103297046396,50.21521442061039,25.9367956006576,10.360922589060664
2064.0,77.82261037652103,50.010991878060565,25.758488048937828,10.42706654337601
2065.0,77.53626775423494,49.817540654621396,25.623993937876833,10.472803895400732
2066.0,77.57674675524942,49.65882951936223,25.686262502527242,10.440841949704275
2067.0,77.14282175669615,49.8179675256445,25.98522631404709,10.504755631602976
2068.0,76.11360590380235,49.81047531908642,25.990509157334014,10.516720482343137
2069.0,75.1348061112865,49.56208203408858,26.158485707551485,10.564763667557138
2070.0,74.39381968484422,49.08020218704371,26.418179403629,10.519341904145655
2071.0,74.00177586296806,48.46261422315784,26.48648623795986,10.488811513486958
2072.0,73.62540977507813,47.92452848877458,26.489587166414235,10.479658753793933
2073.0,73.91704730731115,47.48514377365523,26.57242107190125,10.544646375142719
2074.0,74.16004268642486,46.74957466433318,26.971600153607106,10.570112669886894
2075.0,74.4945566657269,45.84533244826283,27.1317888905579,10.635078609598015
2076.0,75.05745092668873,44.80273397520926,27.433587596112304,10.665101614513421
2077.0,75.83749103126682,43.88857592294961,27.58852614203492,10.761688850128385
2078.0,76.59772361732365,43.19863814669225,27.830325930095068,10.827174908107283
2079.0,77.69713416186804,42.85765975347849,27.85331344944081,10.962532954212223
2080.0,78.60483666516842,42.840792617335964,27.839782544453733,11.094858758716134
2081.0,79.68500705494723,42.57898962179729,27.92623467604882,11.15997818626096
2082.0,80.36150956917533,42.29758474971401,27.98817431025404,11.318254001499284
2083.0,81.1161421412729,42.42729333161746,27.82319768684509,11.366860046143364
2084.0,81.78147154714487,42.702283654115256,27.48091071851068,11.494311703975166
2085.0,82.67385753310454,42.97390225241842,26.753434102507715,11.472750876202419
2086.0,83.67327446448373,43.50971690022507,26.073736564701438,11.37403839761379
2087.0,84.43044556919207,43.84453864701968,25.487746406029636,11.24916294472224
2088.0,84.71501074419353,44.16784123204809,24.952934759227283,11.034419356762328
2089.0,84.601668065248,44.41540979158203,24.61555474807494,10.83108337466069
2090.0,84.29722694773486,45.01807460445151,24.076844140467422,10.589998689460701
2091.0,84.0413754980854,45.41580160477762,23.489465378243956,10.183560550042875
2092.0,84.05748861630043,45.941860332216834,22.84635912962816,9.892137974549923
2093.0,83.79818721295776,46.42188304985886,22.455834843064853,9.54491087582797
2094.0,83.40873689582281,46.8165897833237,22.340825883329455,9.316358304440943
2095.0,82.67470796137196,47.17818784993031,21.963219047722095,9.114339010371339
2096.0,82.21562368044766,47.64441535080942,21.470533281312804,8.935627859483317
2097.0,81.80966966443324,47.89834557611085,21.148809993893842,8.928516370399457
2098.0,81.3156396720875,48.169416195999105,20.7385530375198,8.794422450949442
2099.0,80.60793202860917,48.61521386316153,20.756200150401373,8.766390495438042
2100.0,79.77650198094139,48.91994695982785,20.618260281272004,8.736758233421586
2101.0,78.98572124613003,49.026116017956426,20.637380818997883,8.710575019749776
2102.0,78.26730149949255,48.981850578828485,20.714124441949625,8.694912239347591
2103.0,77.3617075321502,49.04986005461887,20.55967374317687,8.709247709513134
2104.0,76.854799548949,48.772836907054334,20.61349762760517,8.761284528541951
2105.0,76.28553227176748,48.66148147656215,20.502049181259974,8.878305893454066
2106.0,75.42538339640959,48.425890901606465,20.326260287418908,8.935899508609552
2107.0,74.95958919571319,48.217491670828124,20.364913054228317,9.103554216931466
2108.0,74.61757172978959,47.72313374561111,20.023980662131077,9.182487175801118
2109.0,74.38194798224552,47.273067941513695,19.837073557589978,9.336673414616252
2110.0,73.96808750851777,46.903802924830124,19.422908948549075,9.524421523558235
2111.0,73.59400663751526,46.7476940577879,18.82484531703002,9.669873729713778
2112.0,73.69386806285956,46.68549134611747,18.26227134942763,9.676511050685532
2113.0,73.91147889049181,46.63703352900062,17.923977363341077,9.718913731510108
2114.0,74.23207367801837,46.44966533616318,17.876383918150648,9.74383246815765
2115.0,75.12355559271867,46.403773448513,17.705527993950263,9.716311453748633
2116.0,76.00739835049427,46.197400098232386,17.37869129787339,9.712860260596493
2117.0,77.20285139819532,46.42835613200175,17.344841341744434,9.695474072122417
2118.0,78.23733895752909,46.80568494715271,17.311022738653758,9.68020579065707
2119.0,79.32689542906434,46.84501106860285,17.318696187949445,9.683673690715283
2120.0,80.21662559420166,46.80836865473182,17.560570378006037,9.726557499294334
2121.0,80.5212200172289,46.705348964363104,18.163400897176775,9.74936625858183
2122.0,80.77559761799483,46.485161997053915,18.773203180599953,9.888043089278174
2123.0,80.75575407870564,46.185237631782115,19.24793039580119,9.914412419898277
2124.0,80.47736328633032,46.022944897924624,19.770237783549106,9.95737586836318
2125.0,80.33049433834728,46.109417731650645,20.19193548041825,9.963969404444935
2126.0,80.0343654821212,45.73723583809181,20.51591429241552,9.92051736070068
2127.0,79.5969459422643,45.181283874815556,20.85915660242849,9.815355279101468
2128.0,79.12214128642051,44.94552110914847,21.254929188625514,9.65566571765939
2129.0,79.05117547127013,44.546283067029,21.478196585379905,9.490009665867548
2130.0,79.3864330473926,44.195649435709065,21.56817821024184,9.463256968561247
2131.0,79.5666308473031,44.00397928932714,21.38763783499272,9.360462161430913
2132.0,80.10003158914463,43.95913353892285,21.307414351695215,9.400237751595089
2133.0,80.54808814462936,44.21745323485966,21.135256119765693,9.49597472831921
2134.0,80.6884945572301,44.22346783391009,20.93737712896534,9.587671573525368
2135.0,80.63743179118012,44.45632037061224,20.82690842919201,9.720388462311753
2136.0,81.07234520951783,44.95549346041104,20.76378521011683,9.94515854094095
2137.0,81.32039565834098,45.36177700464546,20.569198146566006,10.169919745154665
2138.0,81.02149761825436,46.119156705011086,20.624351689732308,10.377240940588573
2139.0,80.61945257621394,46.66848738844602,20.54921860177873,10.548436413838946
2140.0,80.241556311394,47.05322941530081,20.388753988167082,10.738292069856211
2141.0,79.71694265306587,47.39143899101928,19.980716974263657,10.886952346963424
2142.0,79.19635994733703,47.17498302802096,19.49441096712338,10.901111376951576
2143.0,79.02105162375844,47.036426807084524,19.09721884365888,10.89306040029
2144.0,79.1421594275999,46.72116643796946,18.326662480439282,10.88711457462015
2145.0,78.97973090471436,46.33046817176331,17.43391752337738,10.89420996640742
2146.0,78.77078707231294,45.809567808016865,16.7611674242884,10.99308115512963
2147.0,78.77867512582489,45.26283094552343,16.136777211477547,11.116114291912659
2148.0,78.80381603167483,45.04422587953282,15.779699072761652,11.31854494363947
2149.0,78.81753210784814,45.278173732854434,15.536926010847015,11.446711722982112
2150.0,78.57020023389472,45.55494957453468,15.407590627427059,11.561564732909865
2151.0,78.48599170897921,45.957180300619,15.513805325057232,11.887622940799133
2152.0,78.18798352898153,46.64104794518988,15.69878235688087,12.300952592823378
2153.0,77.7779278498514,47.400730285242375,16.307948836904963,12.651180521522768
2154.0,77.37900561008611,47.88106424569885,16.956465224027767,12.908150264535116
2155.0,77.15742325810176,48.49892158568788,17.568140979140427,13.038674287205964
2156.0,77.02519469909457,49.08811284664134,18.061131173800955,13.115497145155738
2157.0,76.90601028144583,49.63143799696251,18.526229175457132,13.07452033315043
2158.0,77.03130205248014,49.73385938381506,19.04133532277369,13.052452510424386
2159.0,77.41076315162557,49.93464248080064,19.4773769838811,12.927192408938328
2160.0,77.69527599469882,50.046273400957375,19.644943377300816,12.655598137282308
2161.0,77.98744800072815,49.97740707577361,19.786116732359297,12.323885540030385
2162.0,78.20512658132706,49.9133097778434,19.844231371910112,12.001824583119575
2163.0,78.26006865988434,50.12718903053201,20.04953359275672,11.73345310715116
2164.0,78.57649656305568,50.49464734152146,20.290211210778214,11.674592779641634
2165.0,78.69656571931417,50.59015149321595,20.340745167206553,11.752760846207824
2166.0,78.58831129365967,50.6219973587539,20.078891375055157,11.762935202296958
2167.0,78.3159531321534,50.94720228708433,20.11394603384015,11.648255809648585
2168.0,77.51879825993618,51.448362425724525,20.356082668413393,11.613530748037256
2169.0,76.85567602598489,52.06516899425888,20.8127368108638,11.656548060838286
2170.0,76.27454322401627,52.802796447697375,21.235674953181874,11.655251441888645
2171.0,75.7056321994963,53.40157894607135,21.558696309880773,11.664525797201033
2172.0,75.64867463583903,53.728916615855795,21.843214269937953,11.595598561493597
2173.0,75.57035750261436,54.07434982291042,22.09050203798718,11.262156383784777
2174.0,75.97731489470605,54.47312855441199,22.351075905846905,10.74401902243167
2175.0,76.68132528950362,54.75178755534456,22.6607733752802,10.38444641203965
2176.0,77.07381099453407,54.893870326926525,22.61918909637692,10.187213839119332
2177.0,77.93466514240247,54.756234630140824,22.564825777537912,10.100383109817901
2178.0,78.73816815827216,54.647861460174475,22.708515433717604,9.92440240977451
2179.0,79.37962211022233,54.157151684557604,22.602088550174326,9.809436641730196
2180.0,79.8809466497909,53.996844158522144,22.696031552047224,9.740633202476076
2181.0,80.29791088893413,53.95966694902248,22.766709973946657,9.711811332317579
2182.0,80.21445604681638,53.93710038623263,22.73779566391093,9.705003140004543
2183.0,79.9121283868375,54.132778276494385,22.90470249063154,9.782585131563422
2184.0,79.51360535003033,54.388259179023684,23.042467997636354,9.849319783075472
2185.0,79.29213111484111,54.471150757080245,23.631388074117815,9.938501441233523
2186.0,78.91616419296548,54.26487937134242,23.957461360744013,9.929602233708438
2187.0,78.38934747663329,54.00372928170177,23.962118039607876,9.919519262848405
2188.0,77.95377978424283,54.0429727297469,24.009977569649692,9.924904515788603
2189.0,77.39553816668261,53.86240229576911,24.13322628648304,9.875062829696821
2190.0,76.8439500941747,53.521826459792386,24.330748512104808,9.818477926311056
2191.0,76.34312290085393,52.98183560781769,24.358268100359556,9.810871319442157
2192.0,75.72772024753004,52.054931879800144,24.407250537533947,9.816714323462946
2193.0,74.9577578800768,51.03914045246809,24.759271488707554,9.769796881628606
2194.0,74.13396930143459,50.14393924460698,24.885890997627495,9.653493110539468
2195.0,73.40289333195074,49.54047879686344,25.457060108025054,9.639589096550086
2196.0,73.11399692983957,49.1663374433807,26.08431503799001,9.656627924566164
2197.0,72.61201850347572,48.834092758407856,26.737056514995693,9.609194445752827
2198.0,72.68621270934882,48.341566335435985,27.145974991676724,9.598202570349597
2199.0,72.63646619233862,48.00437621724737,27.350316484013355,9.556550451458572
2200.0,73.10024489932795,47.612047465511466,27.84525262471553,9.549075090249206
2201.0,73.96988739149086,47.4031562020628,28.18549878817232,9.49399724824752
2202.0,74.86133881096397,47.05426555268894,28.356927096698968,9.455640793823418
2203.0,75.79120022784885,46.630698950400124,28.29479897458783,9.409358652784675
2204.0,76.87129328324401,46.028754138951285,28.045260521055,9.23327119264955
2205.0,77.24402523208455,45.305712772887055,27.94053693496071,9.099201942724648
2206.0,77.65808507863173,44.70056746126934,27.95810106264484,9.023035201959612
2207.0,77.86265802293616,44.41947948785806,28.052094524812045,9.052243469956725
2208.0,77.74956483580331,44.48454251718851,28.124946578363076,9.096649943466483
2209.0,77.46834762199721,44.520811653679104,28.23769853149301,9.115328398983149
2210.0,76.85523872470998,44.636215472508276,28.39036127994493,9.179398922329856
2211.0,76.4494746812397,44.77021209378374,28.323242285779564,9.161547687045605
2212.0,76.2330401110564,44.855850420478234,28.387217056476295,9.201822831224653
2213.0,75.8627650178772,45.130671412266594,28.48434949372502,9.304205747460786
2214.0,75.72974101381008,45.35364678463987,28.56083873729547,9.46329057832413
2215.0,75.69932860068509,45.30617765781681,28.663526140745184,9.603010779839892
2216.0,75.58387788465348,45.19585010534416,28.88475499264,9.712990044512141
2217.0,75.6493486027824,45.15697049056324,29.118794760216012,9.806155994834661
2218.0,75.61558831775757,45.32373913284479,29.0340745985774,9.918401815808847
2219.0,75.82663118857818,45.492771770839155,29.081046210968836,9.999313734706153
2220.0,75.75698450429438,45.55095163585367,29.465015380237155,10.218363625307873
2221.0,75.60695657752551,46.044437776251065,29.609306656876107,10.430075141963197
2222.0,75.42292728827516,46.619446711983784,29.519510910439276,10.611659325030152
2223.0,75.26628955080676,47.20068203311515,29.513564778813205,10.747843780319046
2224.0,75.2956012882394,47.424607349231245,29.212843703379054,10.897365471620855
2225.0,75.50299381362743,47.83442871366784,28.708023002330727,11.077861616109603
2226.0,74.7243980896203,47.850526150774954,28.243828353360044,11.210626194445187
2227.0,74.67990771093041,47.77148184718256,28.159254470896894,11.318673416264083
2228.0,74.44299630661422,47.84781060568021,27.81583950623225,11.439547908329043
2229.0,74.57611352051106,48.137123215753554,27.252321633981836,11.367534956712356
2230.0,74.64738923403578,48.25557801939301,27.09839743186212,11.360751320876817
2231.0,74.78485895046695,48.29166842923227,26.924596723779082,11.410281942585605
2232.0,75.04193562850767,48.309330111149066,26.664899777927456,11.408241425231784
2233.0,75.3627106931802,48.499908206472675,26.55941601051795,11.410539600976048
2234.0,75.40409117358304,48.46209126287197,26.439192541052073,11.314019676750913
2235.0,76.5552690938704,48.33460631129539,26.667216375888124,11.266844432509503
2236.0,76.82597418666731,48.05625734614868,26.34936003354143,11.237231435992898
2237.0,77.19289886490887,47.810793605172634,26.15942834752072,11.200726308577767
2238.0,77.53058288029443,47.55626337482317,26.092666548182553,11.262330326690908
2239.0,77.86207572354016,47.281149152955585,25.956691143484804,11.212898768700262
2240.0,78.13966718224293,47.08132048708467,26.048084617761052,11.12715029234637
2241.0,78.1881800068963,46.66928054334675,25.963596740414467,10.999807056433355
2242.0,78.19119487928229,46.51122115829467,25.890413701489038,10.808280823201814
2243.0,78.30504462083398,46.446229605584634,26.143858094438002,10.635627707698491
2244.0,78.40299194331249,46.60496655322156,26.030806137006728,10.558969176075328
2245.0,78.88689007689655,46.86095298735074,26.303857591980712,10.451335109090483
2246.0,79.2927513839893,47.017862158992344,26.421829814668214,10.445040483442732
2247.0,79.28009086932869,47.451630171538966,26.35132759767179,10.464359796073786
2248.0,79.46463831198768,47.69894883389946,25.993461089746436,10.504434410452268
2249.0,79.77419093448808,47.85848809992282,25.58900883498158,10.54906730778438
2250.0,80.41059438208534,48.11925467196232,25.19549404603034,10.631610669462129
2251.0,80.868938869591,48.30666635733549,24.754579932439935,10.654641521129236
2252.0,81.2526918651016,48.42870303560664,24.052153090206065,10.622839036592401
2253.0,81.60962938594744,48.53414231983395,23.216500928680876,10.498453238918486
2254.0,81.64139644528369,48.413649132508525,22.32640638477675,10.373634160329336
2255.0,81.82544100498662,48.21684653215562,21.40610559297289,10.228903890295692
2256.0,82.16740006100707,47.52079330447797,20.784000335490756,10.075533851567396
2257.0,82.30772450245473,46.932346697717044,20.145630454495354,9.996171169241832
2258.0,82.40573097310651,46.15016772533341,19.727855731864132,9.920027162223889
2259.0,82.43700553285154,45.54172628947086,19.549107277920122,9.811058360193854
2260.0,82.46285637084651,45.14603671122725,19.33481693296683,9.851638921385618
2261.0,82.64401925708258,44.53590802933829,19.292164576963913,9.950714433071376
2262.0,82.2248034201107,43.85655487142867,19.588556915349486,10.041234069161415
2263.0,82.03471505191193,43.58587480832038,19.94729323078748,10.205750298683611
2264.0,81.59258147819929,43.09904360784352,20.25076226315247,10.2997929262905
2265.0,81.34133356379232,42.94637433281596,20.370003184087736,10.385076020174965
2266.0,80.9930174002891,42.679000684664096,20.72624866471708,10.403475282196213
2267.0,80.54973759632554,42.68361074754126,20.595785970053925,10.372477310247678
2268.0,80.12311464276922,42.75191401597087,20.56955744177945,10.341547605472156
2269.0,79.7035467419003,42.70746252026866,20.91646214540574,10.281813432145148
2270.0,79.29813560677997,42.89248564616378,21.21803727137805,10.25935421371373
2271.0,79.44458573866667,43.239021043043444,21.38066713359971,10.251503098533021
2272.0,79.28769047942596,43.57784876847707,21.62712983974364,10.196139127994167
2273.0,79.35943808987359,44.06391005086511,22.213415820488713,10.141279811413067
2274.0,79.39435824307795,44.609312345407204,22.98715902062046,10.030534578409023
2275.0,79.65565888296115,45.14473109815151,23.661825146269276,9.938329451342552
2276.0,80.19226859880459,45.542561950218214,24.7321490006087,9.884493401883114
2277.0,80.53626930308725,45.92871255445009,25.52370490705576,9.809378936537541
2278.0,81.02713950949025,46.31788553911958,26.18691555391817,9.687129342435542
2279.0,81.48880098184827,46.87219445256682,26.52173304142322,9.643442325587491
2280.0,81.96635776712588,47.41635144044261,26.54509820720024,9.630810001132373
2281.0,82.72871663580733,47.76247106964215,26.693111458757848,9.53150889026228
2282.0,83.18880749731441,48.181436288992984,26.652937916121452,9.430661566190839
2283.0,83.31900232525545,48.42821592641796,26.50831625078838,9.383040296891895
2284.0,83.25752580291801,48.80650156013436,26.426184822248302,9.32778735562479
2285.0,82.9002100022525,49.295216250427956,26.424311539377175,9.299591902323634
2286.0,82.55643503926208,49.740998719229516,26.274352568073258,9.412457230266948
2287.0,82.01637140244732,50.10262404155626,25.931370586088796,9.451507593030739
2288.0,81.64472189408556,50.206296376702085,25.849042385433073,9.39334373812485
2289.0,81.21277281260055,50.12832514150425,26.120222370034675,9.318365460945609
2290.0,80.54434252345486,50.207786376520545,26.188226192124894,9.36889811774324
2291.0,80.18146121868014,50.38341826435145,26.286512705832777,9.481321587658611
2292.0,79.95063403487808,50.6738468899453,26.39770026121234,9.588205902495853
2293.0,79.81775124578289,51.17136663904166,26.394553022454886,9.71330874749509
2294.0,79.400395673709,51.75715562675603,26.158852181688843,9.829220026485128
2295.0,79.06552092895024,52.093308663093055,26.18023376874335,9.900808642840897
2296.0,78.8411802510312,52.31746762690435,26.290020655352897,10.039850270058931
2297.0,78.55009967899721,52.586208407577985,26.25832299238587,10.091042648437444
2298.0,78.39407153729361,52.86914586687255,25.856759953739406,10.088392298544829
2299.0,78.5131979145512,52.9830250687546,25.50538623965071,10.034618513835463
2300.0,78.46254286928655,52.890325945509645,25.06138924087248,10.026885968307084
2301.0,78.89455986071906,52.94816614812227,24.658675677287746,10.100015275208847
2302.0,79.39296395835518,52.752681614799215,24.321164202785184,10.090139326080651
2303.0,80.18685387978296,52.38260746102575,24.287771520173774,10.137936776180823
2304.0,81.17710986486298,52.11732811312572,24.303189771469427,10.205914104367436
2305.0,82.0687680484918,52.08946184696728,24.515403520167755,10.386393538901478
2306.0,82.65291002499384,52.31836928689205,24.91141322844087,10.621504238837638
2307.0,83.07974990512717,52.53865263337459,25.64631803698461,10.810928928478761
2308.0,83.41864951993904,52.775211890022156,26.082389572504074,10.909850079176381
2309.0,83.8595792739229,53.12440772778798,26.50813152637588,10.895053217327035
2310.0,83.93304712039733,53.2877083238206,26.982825844244083,10.806786130234665
2311.0,83.97123890236098,53.20729402311666,27.36124632669967,10.663536807741584
2312.0,84.01233379016341,53.061448560430414,27.49202733257149,10.534407465076209
2313.0,83.87885221584207,53.15005879008072,27.29378335119773,10.311520384782318
2314.0,83.31422383510623,53.29599465500878,26.69348360246925,9.983516499749774
2315.0,82.8634991425792,53.119537894707435,25.566401546863908,9.707086564441592
2316.0,82.67547204654566,53.02209097169623,24.43759073118214,9.610602792297179
2317.0,82.13254190224384,52.92932444579694,23.78144571036612,9.566017885861715
2318.0,81.37809085851535,52.656473755165834,23.33626925662545,9.54083448907476
2319.0,80.58440858806263,52.30866425629531,22.89082640179881,9.586622057516514
2320.0,79.86365779699887,52.1608619594927,22.47748189959811,9.66349390524502
2321.0,79.51864901526862,52.12125507963888,22.163944598699914,9.617887913225756
2322.0,79.203284096628,51.75362650265045,21.984851122981485,9.657738767769777
2323.0,79.39884213629769,51.33762639785449,21.85796543086856,9.717738966680292
2324.0,79.55658919448115,50.85029693346397,21.957726566908057,9.730012436715283
2325.0,79.46425823627452,50.39799603839352,22.11591651812894,9.720099958255382
2326.0,79.41783885263705,49.890417691344666,22.138567524221404,9.75091535757503
2327.0,79.50969156837785,49.754070028086375,22.147784459480736,9.777807955488212
2328.0,79.58993388931306,49.78221933309751,22.134870756338245,9.742180912574057
2329.0,79.6687502962474,49.8696650632823,22.130018690285688,9.794217956097656
2330.0,79.45471306329914,49.89993370245573,22.180179451142806,9.824553888902917
2331.0,79.25097940475776,50.242471679511425,22.3167798438588,9.794017863594062
2332.0,79.10675141906327,50.628488857239695,22.658204096045452,9.726307307279878
2333.0,78.9308373733004,50.98652409679517,23.127415539136205,9.718427875767834
2334.0,78.7876931375963,51.3544140897809,23.65084613005388,9.637786581485633
2335.0,78.98218766426476,51.95054580626658,24.20154089276746,9.533696282039456
2336.0,79.14385347360286,52.25506399823075,24.71603782977376,9.450810374894688
2337.0,79.29541263759054,52.48710297603289,25.09728542378948,9.35012123936262
2338.0,79.19781080960595,52.71643509974692,25.652279778815277,9.249511470273335
2339.0,78.88938312946613,52.89193333167151,26.160268978600907,9.164006636752942
2340.0,78.7000945173747,53.19956333354238,26.514611363556973,9.106717376043218
2341.0,78.364890497643,53.365798027855185,26.963286464815557,9.126093641447067
2342.0,78.08228355749965,53.72824588624276,27.264903615062877,9.043804710984618
2343.0,77.68252037546914,54.04325910437297,27.472337348845087,9.065492941461077
2344.0,77.11535755658441,54.30742668646648,27.50910132504311,9.14034302150041
2345.0,76.70059007524105,54.60984376849815,27.23517588042954,9.282988156116431
2346.0,76.4503300453701,54.61200562546774,27.026483664689295,9.461904859460054
2347.0,76.20025808834718,54.396966434989714,26.904134902990826,9.617734967366932
2348.0,76.0595390314317,54.27828960648834,26.79274509189755,9.845511512515829
2349.0,76.15502895042229,53.90328356302872,26.86223538296184,10.044166684759148
2350.0,76.41676557433806,53.081898903736175,26.66650514654028,10.134471129943629
2351.0,76.57408060751321,52.067931984392644,26.60324339058497,10.215437312174945
2352.0,76.8921852921732,50.99414470401395,26.403821762662275,10.264055625016782
2353.0,77.15426646775195,49.856317697286805,25.975577016747984,10.26055487140803
2354.0,77.23004479569894,48.7657559466327,25.9155827387921,10.180681559787013
2355.0,77.17618314302273,48.08516270811713,25.801738764365286,9.98952402227202
2356.0,77.38114863990138,47.7813668530384,25.611875298602303,9.832959557617738
2357.0,77.87453349141742,47.53663949262404,25.36435095145228,9.672846486406339
2358.0,78.19421616806133,47.50408189839235,25.284518076221815,9.59986619763237
2359.0,78.45803732648409,47.81313533798103,25.19242093902856,9.65194239492922
2360.0,78.75212270681067,48.02634418386151,25.157857930037004,9.683682343652066
2361.0,79.01478141630385,48.24213740181093,25.477142112066137,9.712487808759473
2362.0,79.18866748328323,48.30136528013607,26.057062572291404,9.662243711985322
2363.0,79.70430665782102,48.23570658893463,26.331665306102703,9.578934042843386
2364.0,80.23629120992744,47.987476114626,26.60229143289994,9.652159119556451
2365.0,80.89505494769898,47.456147005531655,26.677408787878512,9.718862521315195
2366.0,81.1902816674326,46.97299140424095,27.008546187773483,9.809589729131245
2367.0,81.36896774281882,46.2608123188609,26.876286544102896,9.885665134548962
2368.0,81.42079853598834,45.561296332745684,26.94442092982583,9.902261502377572
2369.0,81.65790454811373,45.124449457809604,27.00884125733557,10.033292756833605
2370.0,81.2718316719101,44.65552165106183,26.499221785674408,10.177189951620049
2371.0,81.84679860152471,44.453618729746374,25.864185707686616,10.455287060693234
2372.0,82.25175128129247,44.173367749874956,25.48242981505116,10.704391325825894
2373.0,82.75500829354043,44.0271288249787,25.040840552017045,10.903079713842477
2374.0,82.77084115861211,43.99556103752199,24.926057174601805,11.052196081781805
2375.0,83.09859825383806,43.98893637895888,24.32205708793447,11.153689044069672
2376.0,83.35121105026454,44.214872575824174,24.02532969848641,11.259557580526277
2377.0,83.87493268807502,44.531575990131394,23.61867637677451,11.321858000523976
2378.0,84.61756144836443,44.43628322660052,23.29760908002906,11.290187003310175
2379.0,85.99268029250142,44.46725205585778,23.229869117881726,11.17035462658175
2380.0,86.56300030110567,44.60334776667682,23.248805408448654,11.003111746621766
2381.0,86.883483269802,44.79697058177119,23.15499187480485,10.888110431310565
2382.0,87.16466183575525,45.2840289418336,23.10234356571596,10.666967164148003
2383.0,87.5014550105059,45.62618246759842,22.899742747827716,10.503917463033268
2384.0,87.43849518675495,45.79448951848545,23.058290448526392,10.414869665221541
2385.0,87.28342815309541,45.555235031201114,23.228386367178995,10.255724737696099
2386.0,86.95399884336447,45.210334279282385,23.651854491036012,10.13042710892049
2387.0,86.27872009634368,45.32076109950446,24.02810793566164,10.034610874584583
2388.0,85.21704353234423,45.64291697729387,24.45790729321862,10.015313337962533
2389.0,84.31955709239607,45.701878798628265,24.846560959362872,10.077903287219238
2390.0,83.5887667104057,45.85987897662921,25.30297626499818,10.094359725339544
2391.0,82.8379960508619,46.339296147390954,25.936603340298838,10.173756072465151
2392.0,82.31774287510734,46.4579065674368,26.637368342432254,10.269294584830558
2393.0,82.22908124073064,46.70373298485221,27.190262693987812,10.239818469386298
2394.0,82.17631303345394,47.12069499622194,27.441082621981472,10.255162295981522
2395.0,82.108099338512,47.71028201923846,27.53361544085053,10.282588804690468
2396.0,82.19435239360007,48.25146620018281,27.230509265228584,10.325796394261454
2397.0,82.35379192773017,48.54200703267677,27.051446818881566,10.3673584840121
2398.0,82.2338985366414,48.73187628322453,27.33240623666909,10.36813036072347
2399.0,82.04757887669524,49.0157463442241,27.65752238634712,10.464683774886304
2400.0,81.88652681663773,48.50101571390178,27.77828175864075,10.550787442744888
2401.0,81.61834194077615,48.36545833189093,27.8357312836952,10.576921872709487
2402.0,81.30784327645154,48.19091188637596,27.873630669375927,10.661867791157789
2403.0,81.14861287559307,48.067987941382356,28.199400647008012,10.646630682777614
2404.0,81.15726612211392,47.73970606364631,28.45854189293621,10.494783168934946
2405.0,81.11749832303576,47.43036393556362,28.974168943454316,10.41612385060606
2406.0,81.38046668286137,47.216608568548835,29.25354583574424,10.350741552211502
2407.0,81.96408534293124,46.95741272084985,29.023122949620188,10.289802450851521
2408.0,82.41478281965706,46.945409063662176,28.657340552000683,10.187302044038947
2409.0,82.96947915757363,47.16545965837553,28.157815556819706,10.124203070283297
2410.0,83.17879475241133,47.53375364008612,27.609779593134064,10.045936874815935
2411.0,83.57069020909171,47.94639079013753,26.907450724639634,9.912100405277071
2412.0,83.74997268189824,48.13047346726469,26.14226411908409,9.794512973144595
2413.0,83.65373235480762,48.228974449539415,25.487554625103567,9.818851391560294
2414.0,83.41738407624001,48.23534825375109,24.998241201029085,9.810963342237894
2415.0,82.92368137570995,48.28037821647073,24.60455187823068,9.691701324626333
2416.0,82.10624483549692,48.64316436578941,24.251010948593652,9.579561660064694
2417.0,81.61272117283214,48.611043857256725,24.00463461968299,9.551021494275417
2418.0,81.12861624376144,48.71437203731318,23.862232279662283,9.555498724973868
2419.0,80.8565651237322,48.80473518089854,23.767920601989722,9.612438127457207
2420.0,80.26341431179422,48.887187327888135,23.84528215621425,9.693458362969174
2421.0,79.9149545003317,49.088860434910664,24.065630576725574,9.709183855657717
2422.0,79.48752872448843,49.4062515158772,24.04063846538508,9.658693611855885
2423.0,79.26370652243978,49.675607304151924,24.109394370633066,9.617843987020523
2424.0,79.15952297164641,49.693406850353405,24.170824759727594,9.684660741440624
2425.0,79.18819351064762,49.63532672147966,24.08875775764022,9.75708009439437
2426.0,79.08102480877768,49.692931555185034,23.795439093559818,9.771792595368995
2427.0,79.0453256124464,49.64041675784256,23.39066555707012,9.665099309274979
2428.0,79.32641833712924,49.45323175947225,23.117968234176395,9.530115683218641
2429.0,79.6703946348589,49.14710030604439,22.928799665014203,9.47315541213087
2430.0,79.84920897281668,49.02420538597113,22.78344485364245,9.589622645478086
2431.0,80.01500818053826,48.87824988465654,23.010218427708118,9.813269209211816
2432.0,80.42188091936605,49.006673947034436,23.067116675094603,10.07785412024474
2433.0,81.08255770635728,49.34709519351189,23.095285851798707,10.24739484536136
2434.0,81.70534693054293,49.55455924512052,23.45616414982547,10.466443785184758
2435.0,82.22309573593053,49.69827047214183,24.033483440655534,10.646623522375467
2436.0,82.65525470525752,49.73234418404123,24.744008793026943,10.851531260755669
2437.0,82.98129000141107,49.91335622716733,25.246565332183525,11.039765180003021
2438.0,83.05894192483919,50.05887311006085,24.956261340358335,11.14726976626947
2439.0,83.05220562649471,50.179140439671684,25.002309824405067,11.19931384052793
2440.0,83.02942780172539,50.42555951104802,24.880049281457342,11.190234345717323
2441.0,82.82027315877984,50.63620297542088,24.839726661966736,11.105741275239282
2442.0,82.46404079714206,50.619033502002694,24.603562277290752,11.013914794077964
2443.0,82.3822027943389,50.70546409865365,24.2814439511915,10.821302476137095
2444.0,82.38940562878503,50.82048081182165,23.82596038201206,10.652482213374803
2445.0,82.12896685915885,50.82435579947631,23.370586331117064,10.591346145755804
2446.0,81.76934733541671,50.75846347166211,22.975999644615865,10.503994480893708
2447.0,81.89638918551199,50.72683519512944,23.267478525210418,10.453091928563738
2448.0,82.272685001509,50.50317701447257,23.026119379696937,10.346195879746123
2449.0,82.82073691925603,49.995977339776616,22.913220604573297,10.321064540388738
2450.0,83.10652918867596,49.367522149540335,22.718334564562937,10.220861411820039
2451.0,83.24018385777528,49.09764313243167,22.89665429765975,10.226464544047037
2452.0,83.09957884026775,48.72965689870669,23.194629627535072,10.193554039067518
2453.0,83.13360906028905,48.33051430945244,23.6700773545643,10.188954831668458
2454.0,83.42309463000485,48.01192972293657,24.120816701462516,10.204444581294574
2455.0,83.94719931796105,47.83794671533365,24.464778748734577,10.25284829040714
2456.0,84.48951446051316,47.6151394095889,24.733068089838127,10.214824761150636
2457.0,85.14867851789941,47.4469108926663,25.030719780449303,10.185522682466743
2458.0,86.00861654742005,47.6643139526238,25.299774155710782,10.09016479723838
2459.0,86.96961936174178,48.023753327589745,25.458951425413236,10.01869380969851
2460.0,87.82392527266053,47.97432843489675,25.502289187987206,9.813398166879061
2461.0,88.6424649885731,48.00903638557162,25.41492823465134,9.596125336723162
2462.0,89.38188120435228,48.15812640364362,25.32186923027464,9.396853559520721
2463.0,89.89338475417827,48.4283788707135,25.121706104927636,9.194182098799923
2464.0,90.19456114269586,48.64795103459783,25.073122756416208,8.923432813836378
2465.0,90.12498077237024,48.93702328000768,25.058115670573052,8.766315129169486
2466.0,89.59544478614136,49.31786235696919,25.0785390483182,8.647767821305884
2467.0,88.7719675426477,49.61799464254053,25.263309198346732,8.542944915774772
2468.0,87.89712491652406,49.695366073797175,25.679322036684017,8.495904300561614
2469.0,87.18759894870101,49.82306928354472,26.195513251911514,8.548082359954156
2470.0,86.5842331109864,49.77306532131956,26.778225176792613,8.605874003167909
2471.0,85.98993892173759,49.57996989703098,27.254067361055778,8.57532103812748
2472.0,85.82418731546421,49.253020972484975,27.910083382153143,8.52042404068458
2473.0,85.67964799140825,48.98199767391618,28.44764929456675,8.567189159554797
2474.0,85.71675146510263,48.8294175186249,28.750624771217172,8.60363579332494
2475.0,85.99856751037116,48.61601985481348,29.050820785168373,8.706942494051916
2476.0,86.48185301080123,48.228693863947065,29.09592060966683,8.664685543638809
2477.0,87.0522525196603,48.17263564914697,29.02291383191892,8.638893680570712
2478.0,87.42247513797605,48.33300716588531,28.756854576482713,8.622931363323122
2479.0,87.65613318714867,48.767722604668734,28.506595670224627,8.685523157225486
2480.0,87.74242914090534,49.12146312477447,28.187292601464726,8.72080560388255
2481.0,87.19634717297066,49.36820063482443,27.914065371817223,8.816763386219458
2482.0,86.53861085529793,49.71374796001086,27.709866891135682,8.894654834231254
2483.0,85.8933321065443,49.94096793799038,27.614883630691978,8.968011885118115
2484.0,85.2570362126899,50.19128017211741,27.591438496104,9.091104405155454
2485.0,84.59338537171983,50.40383664620074,27.618341202566114,9.325578370906392
2486.0,83.64136634512931,50.50289437954407,27.62166407169853,9.578800150635924
2487.0,82.86951722376615,50.41136767466523,27.65419180669858,9.742410670830017
2488.0,82.18952128737578,50.19145834741646,27.476985954564633,9.91846746534592
2489.0,81.52796059992225,50.31953389614714,27.344328838313057,10.206695454889005
2490.0,81.32590330823514,50.443822428901974,27.11488830064574,10.29888186830069
2491.0,81.28543034505657,50.32808028918071,26.83256539465086,10.409366100153095
2492.0,81.28284324357342,50.13532038817821,26.876087501161035,10.56824377439074
2493.0,81.31317681135008,49.997913708912535,26.98757069295655,10.617512242586423
2494.0,81.48907587411702,49.90650988504396,27.09663918547419,10.693907291219817
2495.0,81.81434738058806,49.8723159270856,27.101602911119336,10.748961418034094
2496.0,82.41009041702831,49.88074268516858,27.085653618676474,10.838192902497601
2497.0,82.77337965253203,49.805666029494105,27.116086455234168,10.910428629185779
2498.0,83.09293701781971,49.50078818600514,27.178323766033117,10.865300492711194
2499.0,83.14685067569576,49.3798507587983,27.43907278129141,10.983031178177486
2500.0,83.1682984503718,49.448420228967706,27.710043623047216,11.107636598890153
2501.0,82.63698908352568,49.33403149252988,27.631830135475234,11.093559724176702
2502.0,81.81203909233906,48.91427597280321,27.385216046168374,11.062943362969474
2503.0,80.83337512721458,48.65890085114463,27.058440755812462,10.98833442252512
2504.0,80.07282270294012,48.18565949704987,26.763255881650828,10.904528328994338
2505.0,79.07588156331099,47.65005837381508,26.612590832856338,10.84686129871021
2506.0,78.12280838496429,47.211376663258534,26.663858031359855,10.753080632445432
2507.0,77.60987776686592,46.72160950191784,26.57926598333527,10.692622089866285
2508.0,77.38803504595678,46.298686782474455,26.527552982078596,10.563875863500211
2509.0,77.14710820086898,45.707284856544035,26.541992986554472,10.390323908241374
2510.0,77.60171494606851,45.469656510687,26.78982236251221,10.321907680234052
2511.0,78.05666880239318,45.450689183445,26.993652580057407,10.225488991756563
2512.0,78.26884062370726,45.26418404551023,27.232236011546014,10.132261714378432
2513.0,78.37096225424084,45.14607280762236,27.711912396495233,10.063344145952549
2514.0,78.55809324549396,45.05162032542977,27.88365992530424,10.00256160027945
2515.0,79.09211179860557,44.93089595454081,27.813696015907446,10.025491260895745
2516.0,79.44600774281831,44.8848658962007,27.982173876291203,10.027197359370545
2517.0,79.68848080420865,44.63303531243859,27.936019837028088,10.029462675479893
2518.0,80.31016244125667,44.39015286101632,27.723587551681145,10.046853027391847
2519.0,80.42369664638511,44.083204171823624,27.327662229827634,10.043744588138445
2520.0,80.70831297734935,43.835160187020726,27.146032038955493,10.015609850168262
2521.0,80.59594937928252,43.73998268653422,26.97343275142231,10.09222854255646
2522.0,81.06900026046394,43.664081015073485,26.54571198196902,10.122016670462553
2523.0,81.46538830078777,43.66333107541831,26.30141640594287,10.129540860491675
2524.0,81.77932718612355,43.644251693225655,26.231306087503285,10.051331803440169
2525.0,81.92945742911871,43.7266685672236,26.080444100719692,10.095008704650466
2526.0,82.29271498689629,43.67704342185777,26.112812955107835,10.153144164239432
2527.0,82.34847238739995,43.70920138123526,26.227851517948515,10.298570541386564
2528.0,82.65689225058165,43.63363344195678,26.413572765075937,10.494498953721337
2529.0,83.05604022610571,43.61667327048124,26.415099961773482,10.677942314043275
2530.0,83.91222696970081,43.40757500539077,26.43167596532401,10.762775734186112
2531.0,84.1302675680255,43.17678500508408,26.766598808341552,10.833911002746627
2532.0,84.57614693846594,43.13980088277298,27.044374582047695,10.826875981344667
2533.0,84.75002117615381,43.189951916866235,27.295222166855282,10.885137445173928
2534.0,84.94312581399272,43.16685297711347,27.543405702776596,10.868870721984534
2535.0,84.88754250013814,43.36237772354682,27.665893789041455,10.887180699231124
2536.0,85.14204617102854,43.68673977860162,27.696086854651636,10.803289161139013
2537.0,85.39141457364182,44.01963451860381,27.644957810787858,10.688442617298227
2538.0,85.5716467143054,44.42433213189052,27.76975328987175,10.754611295205583
2539.0,86.05703769616979,44.93608744516307,27.841989433941635,10.901646172293189
2540.0,86.19937641081805,45.34408961278799,27.43395934753289,11.164698991887676
2541.0,86.02326633961582,45.47183081285708,27.12564456730083,11.485495461166625
2542.0,85.91215666847812,45.80407182627873,26.713681118108116,11.69578568419705
2543.0,85.72117599446584,46.3580744652702,26.42372754622901,11.91724446926518
2544.0,85.26594386121192,46.98644359236245,26.02712827610641,12.054951370771157
2545.0,84.51601109172402,47.27528823961501,26.221077575885992,12.17202407476026
2546.0,84.01232713461718,47.83370348716622,25.993694412945278,12.25824639159368
2547.0,83.56674458921529,48.339727573556836,25.58449582146386,12.250276309703814
2548.0,83.03828636935131,48.70519765388546,25.222484047698597,12.13561708095362
2549.0,82.94911057565879,49.20268175990193,25.045425522381034,11.905205373444053
2550.0,83.28029077778461,49.89008005498459,24.89355136973722,11.663754881842866
2551.0,83.73116951705168,50.02541110287645,24.698334373378458,11.393443739240892
2552.0,84.03323740269234,49.82741670272517,24.143522520243337,11.091790358748629
2553.0,84.62103029855557,49.66045023605351,23.57812971066823,10.864969679920947
2554.0,84.90042603274331,49.75880947728175,22.804603590348382,10.642869361867373
2555.0,84.52813900066214,49.368003193175646,22.479752259184316,10.40599816503159
2556.0,84.1177912978606,49.053671774204254,22.146427816045314,10.112631697862735
2557.0,83.7732674738021,48.83308767757585,21.634028780300866,9.861483162007996
2558.0,83.3373966296766,48.52295438970235,21.217956635059114,9.695591842824433
2559.0,82.71176560855642,48.04283105935101,20.64056810393583,9.57207155453936
2560.0,82.057872997282,48.01951378982347,20.261215568332325,9.554275218567756
2561.0,81.6331887458247,48.270769809633634,20.218985483670917,9.563805716645877
2562.0,80.89821998002706,48.44510297446979,20.200198273425453,9.573993928949935
2563.0,80.4677426488111,48.450050222256216,19.875153496001303,9.65370198748815
2564.0,80.325772823521,48.88425267156974,19.57113145276238,9.726682515040563
2565.0,79.96538444256002,49.32095552083443,19.255435807279863,9.883075034843932
2566.0,79.63670790816168,49.93833420785105,19.088555713637607,10.033760806208843
2567.0,79.44399332584388,50.280860378580044,18.87061138580652,10.118105977572277
2568.0,79.34517169160279,50.84562271870312,19.01258063271317,10.132052382956243
2569.0,78.97074331850587,51.137290577580664,19.177221147534063,10.159351259747345
2570.0,78.67602006850835,51.388603139236196,19.193370266291417,10.18030919238788
2571.0,78.97870128937515,51.725958639673884,19.15727079191991,10.22720181572184
2572.0,79.30910248836977,52.07292890245263,19.16217987480627,10.227076514296858
2573.0,79.4794727689866,52.23341076302269,19.301803403159926,10.272621416695957
2574.0,79.90797770792926,52.38407713096277,19.509834513437983,10.201567411105058
2575.0,80.31295138895383,52.31611034346092,19.810929891327422,10.228059976176723
2576.0,80.70151992520478,52.41649657619788,20.039180777136764,10.247124551059475
2577.0,80.87741940737074,52.206296493009496,20.015691659726777,10.314394277888013
2578.0,81.50232978416969,52.229706981248285,20.185038010582605,10.359381058480267
2579.0,82.09720860816262,51.91732842892229,20.462703282802636,10.391699683476453
2580.0,82.2835576155539,51.60470603678343,21.037607303886432,10.382210018855064
2581.0,82.56542924736178,51.167459532993796,21.91613088197209,10.300025905058469
2582.0,83.01268472345151,50.85291390957303,22.18650269842837,10.298641704695351
2583.0,83.387062016751,50.33328100604491,22.295112170932345,10.388395069521174
2584.0,83.42908684468465,49.90441740685108,22.23262114214751,10.413657898649792
2585.0,83.40422114739133,49.294457210942994,22.36417310006649,10.451841320296882
2586.0,83.5462492014759,49.0196955824815,22.4586557633325,10.524572431792045
2587.0,83.62556066935808,48.67866216817908,22.1714759716371,10.581605809604683
2588.0,83.81456968697016,48.80974854458552,21.73848205413273,10.608398949590867
2589.0,84.23430421134316,49.00803225258026,21.286767883541234,10.597484805776546
2590.0,84.60179987524516,49.19198102443035,20.58636169641027,10.651054358713939
2591.0,84.87910872628953,49.18988067918788,20.376499287338,10.659144553104845
2592.0,85.14043199618325,49.21016948984568,20.44429526117929,10.673625060683488
2593.0,85.37702680608817,49.254721337893265,20.549100661964566,10.600254269042917
2594.0,85.62553801562161,49.35092180235984,20.5294121201562,10.531479722897588
2595.0,85.77804237590298,49.26068726619671,20.63104482498158,10.477354217149053
2596.0,86.05958646890825,49.33805711065028,21.10345297303728,10.43344412222965
2597.0,86.14710958639385,49.06997927884693,21.57715080004652,10.398955940205163
2598.0,86.16336200594932,48.725377133575776,21.877472507852666,10.376953237433769
2599.0,85.92369585454384,48.5639924798864,22.07016285842595,10.479361014097876
2600.0,85.51677339425099,48.40180669567324,22.336428078292254,10.605808922657049
2601.0,84.91444739645767,48.26134748074702,22.36024718591745,10.610804502369747
2602.0,84.486318561813,48.051505789922786,22.336872168660435,10.597914381001063
2603.0,83.88096086450557,48.257464466516964,22.48512888915838,10.476795146267532
2604.0,83.1782967244078,48.62698698457008,22.57106054940957,10.389885594360571
2605.0,82.4267752892907,48.97300272579722,22.47665990209967,10.26523188444374
2606.0,81.7605070254443,49.40980479456116,22.418187930741812,10.128088529753219
2607.0,81.20007491237445,49.55943739896937,22.515488550307428,9.952232867853729
2608.0,80.81302885494941,49.60559084597447,22.724760181163116,9.760524280860114
2609.0,80.69664396457983,49.84300686114055,23.26792289717517,9.46117376605131
2610.0,80.75468131214359,50.1429188706532,23.53370230526481,9.300807137582705
2611.0,80.98046652349127,50.37550000006168,24.103745762969936,9.295731070075856
2612.0,81.3622395997263,50.41476065262785,24.29781770894478,9.37089877816144
2613.0,81.7548489878064,50.35697738472972,24.368307008007307,9.34096842330347
2614.0,82.11471281237073,50.03132154773975,24.426807264151936,9.299296315469485
2615.0,82.38712798108682,49.67546006188261,24.511831621246305,9.267395837842722
2616.0,82.34566009138622,49.470627870171626,24.567109060329898,9.329220341194612
2617.0,82.43051959317216,49.41657287875996,24.77347066569306,9.341137447611983
2618.0,82.50406951648621,49.26943352088372,24.6464695822706,9.368549046714067
2619.0,82.36344387941047,48.996428364212,24.89600780284883,9.342764357873246
2620.0,82.3083045251279,48.79344509854849,24.87951117687234,9.246419236154706
2621.0,82.33517461164985,48.55212453140072,25.12358441311362,9.218952405795045
2622.0,82.58513807463544,48.31517539286524,25.483355596361413,9.146473133759505
2623.0,82.81309329428359,48.328322943402895,25.790224177165715,9.074887799887641
2624.0,83.13745038754162,48.21898699180693,26.052637447006887,9.06180711822453
2625.0,83.60019081216485,48.1516646142382,26.315338841309455,9.0361331334
2626.0,84.0523306213184,48.18698282865405,26.472881369771457,8.99686842650505
2627.0,84.59776601029785,47.982169766869355,26.32622485353692,8.874040514976505
2628.0,85.45054529218682,47.98670450796729,26.246172966660023,8.702234677147736
2629.0,86.11097283256888,48.0695561436957,26.104636742332893,8.606682307608306
2630.0,86.65300436479653,48.22415193659745,25.890637645056103,8.466561956748706
2631.0,86.91898629253946,48.2980421988751,25.679248278290537,8.463445985920274
2632.0,87.2510815738248,48.20199389543949,25.46527528729414,8.550054996238714
2633.0,87.34804877736154,48.16882465738327,25.34512675697523,8.536145049878824
2634.0,87.53361556398413,48.03572079477718,24.90009103389588,8.499163148501184
2635.0,87.45029976983757,47.62470761511984,24.6341193785576,8.41653531463129
2636.0,87.16059864948852,47.63150419737199,24.637087359266044,8.444750042809341
2637.0,86.65747601645435,47.38111134503656,24.512129882683773,8.502520743439877
2638.0,86.10859295519626,47.094512665345846,24.49194024923622,8.515113056823136
2639.0,85.57445652024899,46.962947227516715,24.491133926576786,8.56622980460547
2640.0,85.12530506725055,46.81077647277634,24.71923701295438,8.638377035739136
2641.0,84.44855114756568,46.641101505770315,24.65367607243775,8.714866136272681
2642.0,83.89415383442758,46.345322716498,24.701844347731857,8.935112417521333
2643.0,83.32690950134085,46.09375977033882,25.031591511942278,9.147103139725427
2644.0,82.75165445895327,46.01655827365249,25.155542232608287,9.340972121955016
2645.0,82.4587145594213,45.862348906158104,25.292806769046027,9.489874040302764
2646.0,82.43299742081639,45.62344186968739,25.549821009929698,9.61550878192158
2647.0,82.27115088268624,45.58443146542239,25.85910653719634,9.695072337778736
2648.0,82.07691493168194,45.47305168667983,26.546590592253743,9.759123867421705
2649.0,81.8437458054171,45.66807992636973,26.889034961377554,9.818880439596732
2650.0,81.92370882220709,46.129885379690066,27.49108344922479,9.763027045057244
2651.0,81.95526091728024,46.842764664813146,28.12190812867038,9.651983817435255
2652.0,82.15058234138489,47.690700987473235,28.68285786156593,9.573932716929665
2653.0,82.47567391398653,48.463948104352035,29.130358436268352,9.467901775646236
2654.0,82.78872055127066,49.161013843479076,29.330300055460224,9.381042437063229
2655.0,82.91736530070017,50.11867189994805,29.59026391614385,9.263470978321374
2656.0,83.25674795935825,50.86429440807656,29.67410910617601,9.224817400775574
2657.0,83.50314441787147,51.49024804770317,29.337736252355555,9.125228017873367
2658.0,83.73378777347716,51.99225448622143,29.11164092940701,8.967696978111043
2659.0,83.55417173739295,52.227804761347166,28.836917705373196,8.821340055926246
2660.0,83.6441665436494,52.47757821010347,28.397821827034786,8.658620860123346
2661.0,83.43551008515665,52.65594558736249,27.959240606818575,8.4961891602131
2662.0,83.12168559713604,52.72784414128,27.743672159736178,8.445068060553565
2663.0,82.84715852182926,52.71223134917382,27.69004362705206,8.465246573908496
2664.0,82.6042162030057,52.517086489769966,27.454141654567923,8.606327045521647
2665.0,82.13364080469665,52.3477338005005,27.33252586489012,8.690577004260213
2666.0,81.8028810811546,52.327908843060584,27.203783936637336,8.742877029634688
2667.0,81.35123465788254,52.09419223711149,26.9313954289678,8.749766001085801
2668.0,81.0740755432123,51.930710397869,26.8850174645479,8.852524028592907
2669.0,80.6280670102607,51.309378933740184,26.90123276646061,8.909620880552875
2670.0,80.19712730144177,50.58753330204813,26.916227295955217,9.018748134642408
2671.0,79.9473489375255,50.00938734336114,26.6405961494104,9.066277504089513
2672.0,79.73580231102905,49.54168683031943,26.476366943216664,9.022336454353942
2673.0,79.52961594314759,49.31529199362912,26.251270773298,8.927918012019433
2674.0,79.48328871056923,49.186550668860896,25.95104191258358,8.800748660972145
2675.0,79.2546365882499,48.90661565676295,25.834966980420383,8.678338983579605
2676.0,79.23447369865744,48.617262137019225,25.906548705665696,8.57894895015706
2677.0,79.35940595121667,48.495478659527286,25.727083061385876,8.53488842745171
2678.0,79.65374050951769,48.754939963687974,25.67060092480532,8.63498126659997
2679.0,79.93065857693959,49.09368238629747,25.59070872791178,8.569111447672526
2680.0,80.07671675440452,49.695122170059655,25.620759615196416,8.555246475965843
2681.0,79.89204556271297,50.126932920052376,25.458794801972864,8.549196986132955
2682.0,79.93790060746036,50.55043454525295,25.41551419568737,8.543033245630065
2683.0,80.07632495516759,50.799852505339906,25.32396265941241,8.516629979471722
2684.0,80.41621626113361,50.61446547009223,25.063370347740836,8.589498311181496
2685.0,80.76808079538553,50.83338486517079,24.892960773325207,8.636754974247062
2686.0,80.92150773611887,50.67216947920724,25.22150193730763,8.534496908093036
2687.0,80.61605646480825,50.56550460595569,25.373995841834994,8.344746090255756
2688.0,80.51199520899867,50.640778493622776,25.63190592764636,8.188844226032124
2689.0,80.49313058951866,50.40819355008184,25.865641928120315,8.02711260106133
2690.0,80.65751722066588,50.26631266997165,26.481371476845727,7.906266972385621
2691.0,80.62993895026919,49.80916057138938,26.912091545948158,7.848400639888463
2692.0,80.57490957254309,49.36441125755367,27.482990720802817,7.893235293328223
2693.0,80.54824718747382,49.298043503613144,28.31783438793989,7.971188916217146
2694.0,80.47850781934869,49.09099691411534,28.95118730151165,8.176382519491384
2695.0,80.40435879395149,48.951322417781014,28.98915620754344,8.500263709888568
2696.0,80.55022386733222,48.67993391753374,29.256080459238678,8.843653351235089
2697.0,80.60754617259963,48.3154007975424,29.457341363089114,9.192967087533829
2698.0,80.73666786891627,47.89553575779045,29.5680266234068,9.536031034882162
2699.0,80.83433375901697,47.283540567180644,29.399952816643157,9.849307929655545
2700.0,80.98135033710496,47.0841443858163,29.51129098220698,10.090167895188461
2701.0,80.89580175763187,47.141168588216175,29.524653858963276,10.221050451673115
2702.0,80.94167917960175,47.206227289846865,29.196935794714385,10.310720662524881
2703.0,80.80044901272083,46.920270472400716,28.82212352154685,10.288496639977549
2704.0,80.83231270471126,46.74544112939991,28.66870773875073,10.225423518477196
2705.0,80.96875088518169,46.60628264315446,28.117187640959354,10.144663785590168
2706.0,80.92388803103816,46.466270392280826,27.31550828199249,10.1673109070245
2707.0,80.77091680319093,46.370832587228996,26.483344055330384,10.073525732979093
2708.0,80.88335277824235,46.524128720858435,25.828919989112567,9.95187157681579
2709.0,80.94399997039274,46.51639034034126,24.927755895173732,9.927235542365478
2710.0,81.11545640378665,46.33178851905124,24.397339818910456,9.938285959616932
2711.0,81.09644381138814,46.25689175722508,24.01361657161601,9.933630264090121
2712.0,81.336500012103,46.30948198399459,23.94033414925092,10.005578841863459
2713.0,81.40992929270955,46.43173295189548,23.762016809105475,10.035411070704512
2714.0,81.6518030855801,46.719638134914206,23.896143696883758,10.052646598935498
2715.0,81.99141634726138,46.916334702852566,24.155841446888743,9.971072037710087
2716.0,82.23184935877796,47.04868240377281,24.64522427000974,9.96531589971393
2717.0,81.93303914041,47.280770673294526,25.000781725533216,9.985089250678767
2718.0,81.48829282180404,47.38572623979621,25.597430908582663,9.971134195159825
2719.0,81.01170127645686,47.48925493883662,25.872349898931716,10.039932383998629
2720.0,80.89453540535969,47.45947511865788,26.07181811321982,10.081019980874064
2721.0,80.71855616251234,47.56027214060101,26.307321096439065,10.00874709916648
2722.0,80.73418634819227,47.56383600534196,26.593834397235472,10.002024266949178
2723.0,80.59103207346988,47.66130386907244,26.7065056002064,10.045118092890519
2724.0,80.59514383912392,47.68952956829721,27.00764861963058,10.156779391292066
2725.0,80.78519928860634,47.83671664583283,27.212396668636586,10.345256821503959
2726.0,81.14135193888677,47.95915573211572,27.272691092508932,10.566629027120744
2727.0,81.88317985671017,48.11124123106743,27.25004171287005,10.727450479936756
2728.0,82.60654706560736,48.28562163927912,27.28961866413033,10.880711634239264
2729.0,82.87758755500617,48.53231808439624,27.339887291905193,10.96525113293131
2730.0,82.95043268564442,48.86274344957257,27.135283690070064,11.143530943324336
2731.0,82.74921099064717,49.2077116574243,27.073270164045592,11.293577998663842
2732.0,82.52135971988264,49.017793276470584,26.98302060019815,11.383221919610296
2733.0,81.87818396338483,49.16661160636758,26.69928649428764,11.476906493256317
2734.0,81.19185152045459,49.2777680280005,26.367312277055824,11.478946214519494
2735.0,80.81456263449539,49.50548922611023,26.039581169537517,11.39176839281216
2736.0,80.32850518876099,49.68248611153845,25.827035557603864,11.281009332026914
2737.0,79.91055624461512,49.862607382588536,25.64264185239637,11.0665872965987
2738.0,79.6803996922216,50.01922819500582,25.424062526339707,11.016289920656355
2739.0,79.77023619620368,50.145600246032494,25.195481865931047,10.967852660983144
2740.0,80.02365572239724,50.456658028573734,24.778963774698497,10.899932385264021
2741.0,79.98465808985273,51.01731690656938,24.352982775788746,10.76784234727212
2742.0,80.03361202297589,51.35405194114466,23.774906286766548,10.49280931015592
2743.0,79.87109849215248,51.63378256606851,23.39405759609822,10.261015428306017
2744.0,79.37446132450658,51.43269750288988,23.233742026917795,10.079846405940303
2745.0,78.71437530221543,51.32038939964825,22.72404193201734,9.934157440215971
2746.0,78.15063472036287,51.12681763925053,22.322611820549042,9.840208937931495
2747.0,77.66546606304418,50.77654334056823,22.15902466998709,9.596089530733202
2748.0,77.10347179790057,50.33844731426692,22.396791312214013,9.328848871022512
2749.0,76.60733144180189,49.680382738635345,22.911517869722754,9.009472914583277
2750.0,76.58031237821429,49.02110361408075,23.249008644125404,8.78865121856726
2751.0,76.98339860419895,48.36807673461442,23.951027870351755,8.808890197234332
2752.0,77.39989306456481,47.83777288865956,24.512325058097616,8.611655648693024
2753.0,78.01957319148794,47.58624078433062,24.994820666554375,8.510658645052182
2754.0,78.7573926861331,47.63755762532239,25.60373374858294,8.509741545961917
2755.0,79.43490366342921,47.73974292890321,26.079833269117792,8.577808604887649
2756.0,79.87563382527362,47.890478942747094,26.658413119833146,8.695848202215306
2757.0,80.30152703124891,48.081952540785636,26.83154346189281,8.731988975395751
2758.0,80.4332123491015,48.326940324135755,26.85518005341949,8.86748520145199
2759.0,80.16546704666145,48.67656019122557,27.182219114461777,8.942379872730069
2760.0,79.81637504085917,49.035877191843625,27.52442701171355,8.902460513952816
2761.0,79.56545629342374,49.59927560182604,27.678709955829746,9.112224847275368
2762.0,79.38759141800779,50.274127593549075,27.657734462427673,9.191708215571651
2763.0,79.17447865908392,50.69584578294502,27.7366826193277,9.169794809176658
2764.0,78.956834103466,51.09155244262092,27.50892593293107,8.998886670774347
2765.0,78.89667694601565,51.33511002481571,27.06524065388251,8.824340319603738
2766.0,78.87779578256112,51.30721666199425,26.684789001781787,8.810367892767474
2767.0,78.93306998813651,51.4967649778784,26.223355931616155,8.688069437680445
2768.0,79.28242185975009,51.64300945173904,25.807917795036712,8.623450502122239
2769.0,79.50296502561115,51.81924623563259,25.451747353893182,8.540217609335842
2770.0,79.81310027256086,51.86948982144415,25.3459306976108,8.502487214662697
2771.0,80.08053843154732,51.702344059233766,25.40517744274235,8.547906798299994
2772.0,80.39252286016252,51.528676421007034,25.47516572618316,8.601568750604983
2773.0,80.69115777619797,51.14485516293854,25.686321440380993,8.641790100500218
2774.0,80.67991984586907,50.98370025417351,25.77025470326209,8.658827338775371
2775.0,80.80950806623825,51.20710279281957,25.79246533006161,8.59558603933879
2776.0,80.95386266359421,51.380711081416194,25.88046940999138,8.635284819315865
2777.0,80.93660276105936,51.49883272950288,25.866201730865235,8.702675873333934
2778.0,80.98169011758121,51.568033956608865,25.72739898471934,8.88817462158924
2779.0,81.15783936145466,51.63563887597686,25.489646083839183,8.934008317649988
2780.0,81.12319342101542,51.63495079628491,25.26753441030694,8.881571049470248
2781.0,80.90851423489985,51.59840476127139,25.049268146451908,8.85268908683039
2782.0,80.4588936895041,51.595040299192114,24.983039864887502,9.006107561825031
2783.0,80.0494893041967,51.98453179266768,25.047561682935104,9.207551109721669
2784.0,79.59387625061117,52.02377017167444,25.084651750913807,9.386414441355074
2785.0,78.89148156875133,51.90133192256649,24.995509697164255,9.553050627180696
2786.0,78.27296887815528,51.82508791327582,25.020141412476793,9.611361932848883
2787.0,77.62267435285275,51.63042582612111,25.113960297513884,9.519359815081641
2788.0,76.65864420408876,51.36621734183501,25.21337001776225,9.439452428123163
2789.0,75.70328022803666,51.30517881606752,25.304363066328158,9.502903210411832
2790.0,75.01797283344521,51.25092213606876,25.39034857062288,9.551455616971793
2791.0,74.53268018564916,51.34979577183491,25.4059231955845,9.535043191246713
2792.0,74.29586315409978,51.37603347724915,25.357238348761946,9.469130640919314
2793.0,73.94479992773527,51.65449254233965,25.25727758427924,9.44816023322464
2794.0,74.22182419675931,52.02907016359576,25.239295881128086,9.40291935848923
2795.0,74.45261025200882,52.55888202257219,25.02185873046782,9.442505944213881
2796.0,74.60488720404234,53.277060510244766,24.430236837103863,9.60050154490419
2797.0,74.7533189702591,54.009123730958784,24.00353673869785,9.661649692249355
2798.0,75.03156058024116,54.70054101281689,23.754749348588525,9.650707794637874
2799.0,74.98253994828968,55.322587597156016,23.491678130130556,9.583024774243349
2800.0,74.93370133283425,55.7924214954987,23.35354073643468,9.601175878473585
2801.0,74.87735552355211,56.05656169604604,23.315554950441623,9.674379736938441
2802.0,74.91385398938012,56.25345980237145,23.49756591607392,9.681003744233468
2803.0,74.79436298981354,56.15923206130373,23.802870414863747,9.600993269561936
2804.0,74.58090548336814,55.86948019514426,24.264901828820996,9.500039895065482
2805.0,74.43691731792144,55.477283240033024,25.02652002071003,9.314674541544871
2806.0,74.2810909431105,54.93723913463909,25.55128557452355,9.239475876635368
2807.0,74.06304192217046,54.299083670337524,26.057393666533194,9.207847985888666
2808.0,73.77401572108543,53.74002974891344,26.74687800061552,9.195188683475948
2809.0,73.50420625818629,53.373308411802014,27.07397291866638,9.034946617433064
2810.0,73.26252553534528,52.860022661874204,27.435286463191193,8.881102292522653
2811.0,72.93632546778707,52.363201011652876,27.653506792118517,8.743347958592059
2812.0,72.64380044404805,51.92350789992095,27.779165170089602,8.684717793770204
2813.0,72.13164438806203,51.5199627446612,27.807879889450135,8.658773278100856
2814.0,71.65922250924352,51.12594098906323,27.695644611591195,8.612263506849514
2815.0,71.85741081159026,50.833756494586694,27.59145577519507,8.551636174642393
2816.0,72.21209791741289,50.61545746196433,27.3793110436487,8.442124745574908
2817.0,72.93069758396778,50.626257047075015,27.1916318847077,8.382172719304373
2818.0,73.64368952131132,50.45781122825878,27.16425355104789,8.4193254201649
2819.0,74.23116960681917,50.58649303748418,27.01414797760254,8.429761016240661
2820.0,74.925532427874,50.58588387479133,26.830058494227096,8.525793186532262
2821.0,75.55372130339445,50.522286069865736,26.774902183009615,8.629261234885082
2822.0,76.34682989579154,50.60454090106794,26.655513619866902,8.665399399654357
2823.0,77.16333120570792,50.68153233123627,26.68961063230149,8.72069371657578
2824.0,77.41074411778337,50.68166357197389,26.688851241206393,8.814255028990539
2825.0,77.65070692224528,50.60818236937918,26.54663761523936,8.903230717487572
2826.0,77.75571906604672,50.31067635047718,26.28182613295787,9.034962855654904
2827.0,77.82053636024519,50.06166465518408,26.13835304869014,9.114879846091178
2828.0,77.88106999655054,49.65635955042549,25.784200744597833,9.198389051030027
2829.0,78.00290696045552,49.39920617156657,25.782331448496542,9.230028184817321
2830.0,78.09844189434105,49.325794493088054,25.6444541316036,9.217089460441358
2831.0,78.18286533555603,49.351072021089536,25.592673741798023,9.272142140256452
2832.0,78.18136246322962,49.5784506905733,25.391844190921102,9.31522955018348
2833.0,78.33414074894556,49.84596720416415,25.17296089451495,9.362034968888182
2834.0,78.25280577315272,50.247197400272356,25.104550380907177,9.33882486138959
2835.0,78.52579243040692,50.565475072846475,25.010315589327377,9.243859971091199
2836.0,78.91008146443775,51.11124267519151,25.120412773087185,9.158735386240812
2837.0,79.2401919017637,51.74497498234735,25.440097220935115,9.159082401346645
2838.0,79.275376286647,52.1131757566326,25.460603743402313,9.093638663574197
2839.0,79.3409971856865,52.61246414598574,25.356032273430714,9.062974494105212
2840.0,79.48938577261383,52.93242009408209,25.3059176490264,9.016205095632214
2841.0,79.57539352840672,52.93793937763742,25.36793089641812,9.015891739015178
2842.0,79.45568606864849,52.96741510739108,25.50373602991678,8.957897172046033
2843.0,79.35578141368174,53.045356689136256,25.754271861208995,9.070615292228577
2844.0,79.01307633141718,53.08332771673547,25.89367644113944,9.238769006017872
2845.0,78.7389708189804,53.14248923002718,25.829173194123538,9.419866709203694
2846.0,78.57230685714032,52.929673649999145,25.786697471611035,9.512938681198838
2847.0,78.31059531760361,53.034442431838336,25.776193383074716,9.626729623049675
2848.0,77.84486026326718,52.858084275179365,25.696325169286307,9.733557613300182
2849.0,77.57370672362131,52.392076469180985,25.295868654532693,9.882756530819597
2850.0,77.33606745801617,52.130328687990726,24.81480995149259,9.948865345373427
2851.0,77.35002094095863,51.955473635252126,24.378233341245693,10.014709047404704
2852.0,77.56727742524457,51.70068620493987,23.96214060929984,9.919551566284992
2853.0,77.66139426104485,51.52721795251489,23.591557580407233,9.738076572999026
2854.0,77.4889110270697,51.2232211326376,23.359874806789882,9.47921847197621
2855.0,77.3910751195299,51.07741021825341,22.936245109743695,9.281599473159062
2856.0,77.51141981021433,50.858322973592536,22.60178390155279,9.118204513581292
2857.0,77.74317466686352,50.73617894338736,22.427244451845688,8.99957852928393
2858.0,78.10407284032665,50.87959001683472,22.50202860214179,8.951274519131143
2859.0,78.30800810544132,50.91714574688041,22.559843176161287,8.991268251165693
2860.0,78.32679930777941,50.76326477009135,22.583298181885382,9.03126520891856
2861.0,78.28557478706895,50.556665039975314,22.303681897973032,9.118377111147213
2862.0,78.35302730227636,50.113360902970356,22.084338463246734,9.178891765839083
2863.0,78.47061863071029,49.655128749573656,21.762976407597833,9.360144303217272
2864.0,78.47624581041019,49.24613679974,21.506729488789148,9.539952238517692
2865.0,78.34439154834064,48.74405734292432,21.47730146442246,9.798158837952082
2866.0,78.30081483307984,48.21223648596608,21.474338124014402,10.019517118217045
2867.0,77.78709434934825,47.70614309873961,21.597111713106635,10.131202329954084
2868.0,77.49464618107787,47.28668587825339,22.013704933017483,10.169587490141838
2869.0,77.25213204584055,47.01306175553643,22.71069668700641,10.345353215331327
2870.0,76.92708482508151,46.83993951777552,23.586979657548202,10.468851875319691
2871.0,76.71209856678554,47.20775057327171,24.29398676117121,10.638148529627268
2872.0,76.71746602243098,47.592415015322246,25.08218223315445,10.625586757744657
2873.0,76.8436237265914,47.84917242041033,26.10444193040679,10.522795933579475
2874.0,77.36741584333832,48.02259214435499,26.814771515933774,10.376719222374161
2875.0,77.88707246343475,48.259966732105205,27.498750034813245,10.330741368344334
2876.0,78.59345379061017,48.57819170447114,27.942256007882445,10.274223145604223
2877.0,79.31763276648127,48.9772656272594,28.07312825958891,10.210663287229155
2878.0,80.16857602399179,49.27240506755398,28.118829028067722,10.130767713975933
2879.0,81.06331248108864,49.68901630243035,28.186141734415386,10.144676059576566
2880.0,81.79422852747645,49.674177422887055,28.26756415536689,10.213396586895232
2881.0,82.379389149349,49.59755843284174,28.17830494544497,10.324792453565106
2882.0,82.80753711815154,49.6721516222905,27.648401275606247,10.48435399567446
2883.0,82.93983382946041,49.78450597782036,27.183331744436597,10.662557531606389
2884.0,83.06429633754568,49.98126496774801,26.95238255999683,10.664869854144523
2885.0,83.12657070839515,50.06527988605967,26.784462577440944,10.693967211664456
2886.0,82.9634812571671,49.92644815777529,26.717679160802483,10.763484559134104
2887.0,82.68234858441537,49.87929526029525,26.478050721106786,10.665218919245968
2888.0,82.25870497107152,49.60610605247321,26.293106276564743,10.558055195053289
2889.0,81.74037533251115,49.43371793829568,26.25825951420248,10.478717298063494
2890.0,80.63472534310952,49.378775606881014,26.310150287248568,10.487629290337468
2891.0,79.90518236095441,49.16463275421669,26.685086346519274,10.50026460755211
2892.0,79.1352661275341,49.13677586193773,26.816177943301447,10.466611267894846
2893.0,78.19911160235489,49.01214204212059,26.617473319037977,10.537071174188217
2894.0,77.32896650030276,48.912593321059376,26.42341108701117,10.546813097783959
2895.0,76.72511390874831,48.865405619550785,26.23767366518398,10.513911985346617
2896.0,75.87131190625551,48.99019421133137,26.10049824380846,10.619127630055942
2897.0,75.09914881248864,49.211448119412545,25.535855184195572,10.722724486087897
2898.0,74.59728037118033,49.30297475564953,25.05418124524977,10.757507054066334
2899.0,74.77403234498209,49.33931445440319,24.610519400028206,10.760228723316176
2900.0,74.48547236423973,49.374811628972815,24.085310157859602,10.79147045138294
2901.0,74.35293684955562,49.35687198097561,23.836329723048614,10.893628870106063
2902.0,74.36306723606063,49.42591590558088,23.696855126048213,10.905132278691942
2903.0,74.43020273497493,49.343868076717726,23.69261512044366,10.941981880493588
2904.0,74.46754639865424,49.295293696718964,23.60382656291778,10.993433175752896
2905.0,74.96147301609457,49.1538132025589,23.73828707471582,10.952182588357763
2906.0,75.6154534318213,48.806866762094764,23.931247010644707,10.894454680103022
2907.0,76.10521408876343,48.63453642261973,24.02667897893881,10.858894562845808
2908.0,76.44010542145337,48.3843452801352,24.21550101087664,10.87637630107373
2909.0,76.99708369044187,48.45789089024059,24.65769522794939,10.77106876080878
2910.0,77.44498633367961,48.29022728516738,24.912537431849238,10.61158203344957
2911.0,78.04096351927421,47.92355696331045,25.021533686117635,10.50264372495843
2912.0,78.91437074186027,47.56939068724523,25.204390503060058,10.429575470948226
2913.0,79.76051984234633,47.30965145997022,25.402633476237966,10.376273821841435
2914.0,80.23740706173129,47.09551547522706,25.32242985754089,10.34322575769081
2915.0,80.5012218256327,47.04843237678265,25.407333362861937,10.33386790413589
2916.0,80.60255468157052,47.00871622507807,25.461750766945418,10.289128400549153
2917.0,80.51595029155487,47.239399281855356,25.372637487069092,10.141466960264923
2918.0,80.35466016034829,47.31507188017156,24.973453581340205,10.107042001021325
2919.0,80.2647445227627,47.77926647061164,24.676395138981082,10.037590335348929
2920.0,80.11689062045556,48.25622860028605,24.612523137455298,10.05075648331398
2921.0,79.6659036548112,48.64590095464903,24.512861443274907,10.04058022354147
2922.0,79.23360841659297,48.90310846012368,24.576378499058936,10.018392164894571
2923.0,79.05365590051385,48.90692905737724,24.649586049753836,10.109505740601636
2924.0,78.88245565324027,49.026430198316866,24.68759953660055,10.119069250253345
2925.0,78.8501414357117,49.242414233321334,24.683354935172527,10.153734783533745
2926.0,79.20289025063376,49.372746111035376,24.619526709677217,10.313810924568399
2927.0,79.4037118975466,49.146202545411285,24.600066899121632,10.50682131391899
2928.0,79.49695817849863,48.769623823956294,24.702473623876894,10.62498932806054
2929.0,79.54105658289856,48.616105848222716,24.645151482543454,10.685018878414875
2930.0,79.69841558568773,48.53708581430378,24.439815652448615,10.673672711942865
2931.0,79.42165014963707,48.49575640760379,24.16593317632336,10.646278860603324
2932.0,79.19935089126416,48.64334386378497,24.01165266890991,10.54594937867314
2933.0,79.11502243354417,48.635934995910056,23.930422994516906,10.491803520761845
2934.0,78.91154344524531,48.45076118032432,23.85907426726167,10.36967750949582
2935.0,78.70474002796401,48.016432498121645,23.849227273932108,10.161865685842594
2936.0,78.52470866644794,47.76886914547485,23.982197007502652,9.877206201022414
2937.0,78.3873330241372,47.6582254906678,23.972356312068065,9.673509601724941
2938.0,78.27894310527512,47.444421688090856,24.018797808358453,9.438880655407985
2939.0,78.39040310973951,47.42731425820104,24.247975685461718,9.30022701142498
2940.0,79.000820018922,47.19074195318975,24.361664592073915,9.211230734452426
2941.0,79.31176855549468,46.79531377672119,24.320689846637862,9.132703868641617
2942.0,79.4729907533452,46.40837111823616,24.522705335157124,9.075760449380665
2943.0,79.66666308057064,46.031337250690044,24.939139656687512,9.06911174048955
2944.0,79.73040626547224,46.12779534333246,25.166779495429708,9.137615279895245
2945.0,80.0480015210384,46.43760559375067,25.246778007541728,9.263821952748678
2946.0,80.31091331823971,46.693573767895884,25.36619997476927,9.363420043171597
2947.0,80.61138051854829,47.0050525825963,25.42515300321941,9.382940412262885
2948.0,80.53155278327785,47.339952860293174,25.297279868854055,9.434642155529387
2949.0,80.18144818746899,47.806210711104704,25.129729925719456,9.424835764328423
2950.0,80.01345054630401,48.48609518649187,24.99539339627074,9.455484041611355
2951.0,79.89925600593376,49.14066079174748,24.49471189508177,9.491236350269167
2952.0,79.81740164618891,50.0115707940661,24.149551169554314,9.494353804079052
2953.0,79.72076746530516,50.60174614597861,24.184094744468624,9.467696916653995
2954.0,79.31933637487023,51.021819946873364,24.16063043514376,9.417898089055173
2955.0,79.10584573545944,51.24762679758258,24.153217541936364,9.37092762156553
2956.0,78.85648471464226,51.27568434181999,24.418308195668033,9.546231279595583
2957.0,78.65942821591825,51.19577132018448,24.594035254947325,9.598065200539832
2958.0,78.9350468985048,51.26087913116135,25.09425726884257,9.712828154717945
2959.0,79.29430144613995,51.10489809376372,25.78435792042501,9.76982866882171
2960.0,79.66575448254467,51.09427520026013,26.40998093527957,9.791807867968531
2961.0,79.9990087139645,51.102517086269444,26.82767701072842,9.923075835860546
2962.0,80.51180593050779,51.2830249081583,27.111314386380393,10.041328484067698
2963.0,80.98871005995278,51.49041299885325,27.5460571514794,10.095533931238633
2964.0,81.22044082364016,51.7121237658903,28.060349710863186,10.160415771252685
2965.0,81.21840739283542,52.14152431404349,28.151182341033557,10.07011767360223
2966.0,81.52317355319433,52.53978131322973,28.381447743958937,10.097492036667484
2967.0,81.51372155586449,52.80385300460475,28.391771497227438,10.102108087471198
2968.0,81.27639330634553,52.93309335514705,28.391607578914915,10.11837379493512
2969.0,80.98935381233984,52.95324964768437,28.5373744455275,10.178180802507857
2970.0,80.62379199094373,52.937880167094995,28.526211076752574,10.194360393998203
2971.0,80.31760979702678,52.821236023867414,28.32589386683003,10.192899736292688
2972.0,80.21105708207142,52.66356365275707,28.05559014962415,10.208888763674537
2973.0,80.12747079847462,52.48542346706059,27.704059724690605,10.268332015352959
2974.0,80.12834114107036,52.295760577248444,27.762098616553327,10.413976581807585
2975.0,79.87709897992086,52.09849813238748,28.082797082172565,10.428978706529705
2976.0,79.70488581037175,51.922966481236315,28.378743494040766,10.463226389196965
2977.0,79.55756258954275,51.8479984697872,28.45473483103189,10.53174134287924
2978.0,79.49901971936326,51.93087728705091,28.471748711368765,10.56468621606096
2979.0,79.3169721934656,51.88233309930957,28.4306769628204,10.469706396346876
2980.0,78.84615023062744,51.68841414578244,28.309912032428205,10.438463566570158
2981.0,78.24402877570246,51.44655581527442,28.345391028120233,10.46487710583648
2982.0,77.9516448964255,51.14489116459106,28.37986805509998,10.452950734555778
2983.0,77.8012090785931,50.80553138793534,28.179725090048453,10.400304686492714
2984.0,77.7479368969144,50.39506928767659,27.871532601816376,10.320720087063908
2985.0,77.63590448251556,49.92404659636744,27.527894710588463,10.216821557433857
2986.0,77.62660175343228,49.65129740735874,27.321991293150738,10.014214896851191
2987.0,77.58449891054677,49.222682621102685,27.396105664770687,9.793318109740438
2988.0,77.81157838678149,48.59484173043728,27.747540463762803,9.641704115844455
2989.0,78.2810345125551,48.237649459703455,28.35241550277434,9.432694745375908
2990.0,78.88799963568643,47.98876969111203,28.628963029574876,9.153688530514732
2991.0,79.3773649952251,47.9268226543014,28.830971868012153,8.937428670786563
2992.0,79.80257824866229,47.82993847676536,28.978427257690303,8.740374649010759
2993.0,79.92346947986339,48.09614801017866,28.883236541201622,8.62269370091058
2994.0,79.95711697301694,48.30316167132264,28.938351821518967,8.578391245719384
2995.0,80.02607498351684,48.34701654996436,28.908434723555064,8.547011422359432
2996.0,80.2257878485252,48.3576679824718,28.69782062345659,8.522551514767411
2997.0,80.50870826712304,48.40226827362392,28.167344741834643,8.55458278206202
2998.0,80.43037009545608,48.29961077072746,27.46248947558416,8.594374177885257
2999.0,80.19119795520032,47.963862915916884,27.079567258515556,8.623907105437436
3000.0,79.82740504004038,47.74556240331932,26.6941348654019,8.647360401820405
3001.0,79.35638043365456,47.56053909373323,26.34342197539722,8.639196900775952
3002.0,79.18134538889346,46.922387688455274,25.95399329673003,8.640567075136195
3003.0,79.15391881822954,46.549398049078235,25.48311843467809,8.625929562201165
3004.0,79.38257753315078,46.229118289862164,25.264721953597057,8.64548829355557
3005.0,79.45777763410693,46.09498609835175,25.228604699451942,8.646046624275627
3006.0,79.46184263115539,46.11515966642934,25.279050580919908,8.569958806339894
3007.0,79.46250450331229,46.04903769797565,25.548074119887033,8.576229684190002
3008.0,79.7835604243625,46.25237322802097,25.859302307665963,8.694276863670954
3009.0,80.08183289723662,46.141233671452476,26.240168655381986,8.808607304799649
3010.0,80.46470644475814,45.98995701257327,26.692321517726256,9.021853588984616
3011.0,80.81285717567623,46.06764993572695,27.09947910160261,9.250407842790255
3012.0,81.12307790948948,46.05245415378208,27.638880159468183,9.38580643208267
3013.0,80.9996605100302,46.16137930888955,27.736337413310856,9.448595916248202
3014.0,80.87855591991548,46.075259324977296,27.47728144067067,9.548871544722191
3015.0,81.05729323673496,45.98895650113376,27.10586712801539,9.72287441213762
3016.0,81.69636798475378,45.84398581844961,26.66297304379799,9.820337365684296
3017.0,82.3873892209427,45.88867091773872,26.061747523004062,9.866689357397938
3018.0,82.90221346566133,46.22648355599385,25.569666957825984,9.847366119969607
3019.0,83.28507351413418,46.739345109005065,25.22262081656472,9.834967362508468
3020.0,83.61321304104285,47.09952764324927,24.892808316110766,9.767370945343716
3021.0,83.78320008951188,47.5524584502534,24.51809153110987,9.779025411967949
3022.0,83.89705368499736,47.77992590024948,24.298014785420772,9.84389649524139
3023.0,84.13438905335877,48.187425421262034,24.324025500846965,9.949147428205205
3024.0,84.10080245501139,48.4067116244928,24.603758549903056,10.060711766753093
3025.0,83.69652173654265,48.825414779560845,24.87973706432497,10.152842174426791
3026.0,83.14363752478371,48.95166325857993,25.174836274968698,10.19783887853089
3027.0,82.84928172264344,49.03839689553587,25.234369736320232,10.215884407043676
3028.0,82.6393222661001,49.02806897654215,25.084757057040346,10.100161329869216
3029.0,82.42453415989294,48.98820523854053,25.288207169625263,10.051759215960924
3030.0,82.42414046888481,48.90631759497818,25.315725468133664,10.010086822057113
3031.0,82.63567169934498,48.96069006512977,25.386110455706685,10.027030180865836
3032.0,82.71501607153033,48.89288923290602,25.285978163237548,9.995173411681366
3033.0,82.67170156904511,49.05851756629761,24.966169009630555,9.950154441695808
3034.0,82.72053536778195,48.947585230776454,24.594200113083616,9.90132072200964
3035.0,82.47494435129204,49.04261523865189,24.355345746926446,9.904333014906815
3036.0,82.0943484450373,49.00684705363919,24.221485742648287,9.972697623840176
3037.0,81.54305773944864,48.79132487630643,24.401489942565583,10.03168700700124
3038.0,81.15609730950622,48.83776390321647,24.507497024459898,10.039810895506717
3039.0,80.63486712467166,48.95094207752637,24.657957312726452,9.984392314906799
3040.0,79.90738258531589,48.99787888682277,24.689284525944615,9.932857374423495
3041.0,79.393145531655,48.977020921184796,24.715140958540776,9.906166576364207
3042.0,78.89960914804125,48.736880647778136,24.88454297210693,9.849269253246115
3043.0,78.3024638569179,48.79201085293617,25.064964078089012,9.753860874879585
3044.0,78.00499165265707,48.55711913536595,25.155524394588312,9.765852350395086
3045.0,77.74662821253565,48.360577570200554,25.177505114283363,9.741784712083222
3046.0,77.77208164466457,48.355053815011644,24.936799650617377,9.723412630625607
3047.0,77.592932907503,48.17492692223545,24.782236383882648,9.756523408646192
3048.0,77.55873046364209,47.72646883337706,24.697628117762648,9.828114119325383
3049.0,77.6960936868896,47.45037741854169,24.71045991924695,9.826603196537864
3050.0,77.75112003325091,47.05110613261499,24.82324504963952,9.784706365186365
3051.0,77.7167807455045,46.99230004857172,24.9832519559361,9.779688921400869
3052.0,77.94692751946158,46.81283682964231,25.138800400049938,9.891199453481237
3053.0,77.9957965286488,46.93179424803009,25.278616472847972,9.772917904560025
3054.0,78.1759434291895,47.00154753130273,25.482810605314455,9.675272222855357
3055.0,78.1622462171089,47.056158346190266,25.741138281404652,9.67675002232286
3056.0,78.24669732633535,47.27804781100464,25.82015149634085,9.702551653832648
3057.0,78.4200880476686,47.496027788893315,25.821610891366053,9.70586128655833
3058.0,78.42707541303172,47.49781957788191,25.937974637780105,9.833062985904967
3059.0,78.35800497591583,47.65573820291903,26.11873149693094,9.911148695804247
3060.0,78.18288883207778,47.6296765626907,26.308890792025537,9.966522178513431
3061.0,78.08105725366835,47.77505049605516,26.483383939308506,9.994890753312678
3062.0,78.05827251668981,47.880646279116,26.481497279360806,10.19493432469941
3063.0,77.90825351690339,47.95153150851902,26.642146242763626,10.465145478728012
3064.0,77.85860308003673,48.20601605518512,26.74393331299567,10.570962037966112
3065.0,77.5255530176771,48.29313281770676,26.856383776935917,10.649627099617412
3066.0,76.95826551790998,48.48554526932372,26.87406045963057,10.755894308851955
3067.0,76.40253108424062,48.967704406069174,26.828124159405046,10.797876461582241
3068.0,75.85586290493431,49.62001938943472,26.819906311417704,10.905861932495649
3069.0,75.67720577441854,49.87176555942328,26.789979188997627,10.973354152207751
3070.0,75.55214701512878,50.12804017033163,26.82974254737583,11.041730413505482
3071.0,75.4412135189666,50.184101832900105,27.11923928821732,11.155212265338829
3072.0,75.50351918782657,50.170235664859284,27.357044370773465,11.174433851547722
3073.0,75.40644434083374,49.88480172094493,27.490457867178183,11.301089835862905
3074.0,75.56857935941139,49.484936065653365,27.59682049146305,11.303851625854886
3075.0,75.75535186172216,49.237747885015246,27.922980709745815,11.372147557654564
3076.0,76.24464860657311,48.92558990195793,28.243038589225144,11.399419826976919
3077.0,76.68426424116224,48.410455943005665,28.197652334282335,11.373891275590097
3078.0,77.01676397354505,48.31291605768543,28.13676612978403,11.390623679599045
3079.0,76.85811106447323,48.042971797324086,27.911554866647638,11.428212795837428
3080.0,76.75135867008454,47.661864939351425,27.498082968399263,11.364678894955986
3081.0,76.56360990410451,47.68322679195428,26.968195332063083,11.263926644325434
3082.0,76.45883158401492,47.66345374175759,26.338408390053317,11.118269277474758
3083.0,76.32093391811478,47.92310630396384,25.685687802985626,11.0268565659089
3084.0,76.33077499924438,48.155877399920726,25.169267645471635,10.81355825473085
3085.0,76.06657059896192,48.212931886907555,24.88403300778066,10.581884809555516
3086.0,75.92611195589842,48.227885471433936,24.886496397922098,10.361116697049367
3087.0,75.748465665033,48.18071590121609,24.859604844266915,10.072936657931184
3088.0,75.93623248272435,48.12534455334776,24.944227375941885,9.846541776923562
3089.0,76.06528862086658,48.09994861030369,25.15446880494071,9.585007405380798
3090.0,76.2178216833449,47.79032726841618,25.5712206795497,9.350819570741848
3091.0,76.48225843568906,47.428863433512745,26.19279078250688,9.147926162089824
3092.0,76.7399565314503,46.97889254196719,26.93199890340587,9.019709836938944
3093.0,76.95605800154954,46.30175673725642,27.610072045028804,8.924689941209559
3094.0,77.1601685025316,45.86713096503153,28.056781423332428,8.977438609824162
3095.0,77.0391764340044,45.559708917703205,28.38691147439232,9.068478910718936
3096.0,77.15301545725461,45.06666432013612,28.6497257256104,9.212934277676812
3097.0,76.96621384609281,44.65821683461039,29.09042327082586,9.233630445363504
3098.0,76.62963059858272,44.372807205577224,29.470988557686383,9.293294582940016
3099.0,76.18264160089143,44.128192291231066,29.77719676771017,9.397231823012078
3100.0,75.61488857066037,43.9983108223282,29.914300559157358,9.444577383652113
3101.0,74.97200922890592,43.93893250597116,29.897624026430595,9.497204678041227
3102.0,74.29415499601649,44.094521424111335,29.752989530717578,9.541992924436343
3103.0,73.62472539564442,44.07418469074727,29.567786231021287,9.507937079645606
3104.0,73.42866626800425,44.03973537527805,29.404530031248058,9.515531988766403
3105.0,73.23497258476321,44.3326570277343,29.084684851168063,9.54413928746347
3106.0,73.21087957583644,44.46934706061525,28.688905317908322,9.625729184222083
3107.0,73.52735933945638,44.62743265420356,28.27015196721202,9.808329535440846
3108.0,73.6117037126163,44.93232507819368,27.75441838304799,9.925948157822846
3109.0,73.91864990918997,45.5763051886022,27.461211146568377,10.166079871916086
3110.0,74.35724791989135,46.11289312314384,27.156245768464228,10.346417402820101
3111.0,74.7912763216961,46.814360111232936,26.55634181090479,10.574462260811654
3112.0,75.58598501394279,47.34148026511202,25.97793321315206,10.755323954620492
3113.0,76.39657411586347,47.959647190606425,25.68552389519743,10.839847108330387
3114.0,77.10593019425376,48.641468475906436,25.772855175681958,10.917360318029052
3115.0,77.71319662760929,49.418604193812364,25.751392446192572,10.969279306820434
3116.0,78.0131905345192,50.19606238520803,25.889427101911544,10.872303655222238
3117.0,78.38159190680379,50.92223441469808,25.93337524511488,10.822181174385792
3118.0,78.76398267482956,51.12424503538538,25.927821109030877,10.672698741183842
3119.0,78.89043837659995,51.40542720094574,25.801172481131957,10.543839701954203
3120.0,78.74569883010578,51.481144523812176,26.016002491783595,10.419059898532659
3121.0,78.31558532880982,51.70800411426831,26.307371817673527,10.357448041317172
3122.0,77.60037076344764,51.8715587536715,26.234522858992488,10.449768532612323
3123.0,76.9038778049663,51.94029103385091,26.044004951532045,10.513354360737797
3124.0,76.2313854486174,51.85639682773316,25.954382214283996,10.54896516272666
3125.0,75.58283943926027,51.78442883854075,25.860772671890878,10.606450313613294
3126.0,75.09942056338622,51.83213336180483,25.65747641275171,10.681991779914389
3127.0,74.20557454010888,52.20598111072621,25.5191953593403,10.8208864451431
3128.0,73.55442807463734,52.35266344766366,25.690213315136806,10.957704079490364
3129.0,73.01113119179378,52.50456070273088,25.830871536034323,11.090985504573013
3130.0,72.75696502596419,52.634682506839,25.87068019021947,11.206768757788467
3131.0,72.58366402995031,52.86438731200094,26.189242993433364,11.265934623098115
3132.0,72.4605772611278,52.870068002110784,26.16172040976519,11.367989138648626
3133.0,72.40847496786024,52.909444856632675,26.066726683344626,11.506842124823104
3134.0,72.68089080184252,52.92989987090116,25.93059160157311,11.63644079593563
3135.0,72.65542901136158,52.6313972529059,25.895260326730657,11.821687528888303
3136.0,73.13767793919949,52.00990282598248,25.7635531290668,11.950657331561688
3137.0,73.74195196246306,51.54594509325734,25.51450805921495,12.055168403060891
3138.0,74.46309200088413,51.10355094860003,25.388785276376943,12.163442287320292
3139.0,75.00144422167017,50.52582954625722,25.211975795201322,12.218964488069036
3140.0,75.59965543736323,49.66854975789679,25.003092277607298,12.284258915641919
3141.0,76.01655195773647,48.98957753930698,25.028304500584095,12.311848223913426
3142.0,76.46656111791552,48.36129816921686,25.172677312202673,12.238886300070897
3143.0,76.60607019210528,47.825028667240524,25.3396467037217,12.14646504970623
3144.0,77.2992019818943,47.57460266799279,25.488407351377504,11.958034925355463
3145.0,77.77218458226788,47.41155584175091,25.8158857353009,11.80480755228603
3146.0,77.94340269635944,47.17535067801058,26.004603086464382,11.66299805817415
3147.0,78.13738511631273,46.994918397479005,26.030695510747222,11.39403136529548
3148.0,78.35445681278541,47.07337174641133,26.24422957039763,11.069134531492786
3149.0,78.32226857891014,47.321793714711795,26.20607098746362,10.719824885740007
3150.0,78.49809678636267,47.49154874486439,26.217491806540128,10.389913139174718
3151.0,78.42569012811292,47.64887297223048,26.16758752737757,10.090253365258956
3152.0,78.26943933244503,47.88412207305012,26.235640104215562,9.786497470365614
3153.0,77.93412991246468,47.913949698916554,26.37489917541541,9.466445041333976
3154.0,77.75374597447104,48.04433028579734,26.609607933699674,9.16921819880446
3155.0,77.56727998489151,48.72691342418857,26.82633081142517,8.93284916990016
3156.0,77.09301715094375,48.83389325603878,27.04531342307998,8.778910306935941
3157.0,76.40906567232472,48.79731428842728,27.23910349528873,8.723802450723284
3158.0,76.30186713011517,48.858588001089174,27.624553919570534,8.626705756604254
3159.0,75.8635787331369,49.19158082300987,27.835873929375822,8.425747411409128
3160.0,75.73762248154114,49.473164193379574,27.86690446293272,8.217211392316212
3161.0,75.72473978898441,49.57580594021064,27.696369025838166,8.079847578566593
3162.0,75.72354226512945,49.60669444785812,27.55657562408926,7.9403645961903075
3163.0,75.58139423690446,49.64882900752282,27.188802668990906,7.79962469176364
3164.0,75.96558101159717,49.245964226436804,26.933970730245697,7.638839534832312
3165.0,76.81868807008617,49.2126166227446,26.568974606877582,7.518657582174518
3166.0,78.08440112396015,49.11233497186847,26.11243014783382,7.3979965888645385
3167.0,78.99524747676456,48.83504682212254,25.45193286684948,7.357610873362573
3168.0,80.16969668397887,48.51656059570643,24.9600798394435,7.459989724412662
3169.0,81.11559587514729,48.253466315210105,24.869250655722393,7.633653161278017
3170.0,82.12073673070434,47.89692020047373,24.7269434073483,7.877527500642266
3171.0,83.06782809818796,47.68119053187184,24.847486737843628,8.186277940018476
3172.0,84.05332896110943,47.494183777933415,24.904467058590114,8.4932892175656
3173.0,84.6239809419631,47.44200166250972,25.11468224236408,8.774205506305568
3174.0,84.78268266882644,47.58589362563396,25.317250646442595,8.975760941020027
3175.0,84.6799309121027,47.773340448950755,25.64194649437089,9.19270435667888
3176.0,84.54918831447776,47.86578114517303,26.25429656390672,9.319259513604266
3177.0,84.1689223431899,47.90169551019593,26.91568246626387,9.45448391392322
3178.0,83.96561484100322,48.06896089327367,27.098091333542722,9.596894011524968
3179.0,83.78322078334767,48.48593062798155,27.28214840140866,9.678542546586566
3180.0,83.70413491291485,48.87529778044661,27.129529068376133,9.728239496845614
3181.0,83.60567632645916,49.372054707779654,26.935195624569037,9.784489288910212
3182.0,83.39979792272588,49.714811724596586,26.892484307214062,9.742977097415514
3183.0,83.32406949008339,49.86090013396103,26.98981239111996,9.766249748900838
3184.0,83.12690806579967,50.11284941775199,26.983354020208704,9.787297075620883
3185.0,83.02921475491002,50.40336197859329,26.846287368235895,9.853125165228008
3186.0,83.10390196828114,50.590608770854864,26.522135875531056,9.854741476105593
3187.0,83.21112747254546,50.67011467283601,26.611068431458797,9.807234017474629
3188.0,83.47082505800518,50.7603920514624,26.66899934346493,9.751769705140477
3189.0,83.38439934203603,50.79653746701707,26.807144261003387,9.68277806767927
3190.0,83.43554439131027,50.52065843830963,27.1112078782375,9.579213412728084
3191.0,83.88119774524507,50.300422385509584,27.232563507212504,9.601444948957667
3192.0,84.33709854543791,50.10216779095861,27.50621655284059,9.601879224852032
3193.0,84.71823460357153,49.78598508334138,27.792192486187282,9.598695258876964
3194.0,85.11078304623919,49.56970462874377,28.00697757101875,9.620448087063851
3195.0,85.48014561010923,49.785397946004345,28.389762408127094,9.65880743837832
3196.0,85.59163405143204,49.52389909326221,28.5486002218386,9.693895226520423
3197.0,85.42320927569182,49.32994482671292,28.94164531884584,9.766947781545566
3198.0,85.49015394507776,49.21479378695176,29.362704816145147,9.882655532054995
3199.0,85.32757993368374,49.167955096568605,29.582602990631333,9.971561767940551
3200.0,84.80745494174155,49.07947280323781,29.679779673006916,10.04189635048245
3201.0,84.40303341732297,49.317547908214195,29.44794447375125,10.132564181486059
3202.0,84.17406653656062,49.52202176560537,29.212537498533848,10.154902322727395
3203.0,83.71060364078163,50.000024666871546,29.041734898357504,10.174827753817251
3204.0,83.08144941028235,49.85434242965135,28.749994484588544,10.23780395037047
3205.0,82.49651195302418,50.169762791756675,28.61073400713296,10.25269074504898
3206.0,82.05233010748793,50.226279918697955,28.27559119570493,10.163430129732541
3207.0,81.67634169554104,50.335787701726375,27.915368919750268,10.12182673341017
3208.0,81.71762325247897,50.53952989305571,27.643334052863793,10.248235460593609
3209.0,81.44916630463217,50.628746644852455,27.434760070535454,10.386615295621423
3210.0,81.06429700621312,50.59348340382964,27.066037244855735,10.546836486203226
3211.0,80.51659071230459,50.5645545608546,26.628355552090518,10.665238575812616
3212.0,80.16754833134692,50.29440582429723,26.290433244965477,10.7373351770226
3213.0,79.99278248715396,50.16504181983802,25.949502533111925,10.768359438283643
3214.0,79.91537360296314,50.010571735127826,25.515853243873195,10.794499800666355
3215.0,79.92818227591013,49.89404817875594,25.08399940925401,10.864269863243596
3216.0,79.94254154622801,49.68966756777881,24.672148219312227,10.884574157312745
3217.0,79.7750315242041,49.45179821458494,24.49903497412561,10.790868876965943
3218.0,79.97518763025613,49.39259322651025,24.182279116519528,10.738195017296066
3219.0,80.18763130004209,49.139881411926496,24.262210620749435,10.634468411969138
3220.0,80.64929074105625,48.81238752746265,24.295129460056607,10.651207324163474
3221.0,81.03158787109393,48.545543377491896,24.307537341818332,10.61409426494835
3222.0,81.48866277604353,48.370778693587276,24.322155137582687,10.551659151251961
3223.0,82.19532521853655,48.235192220510314,24.25311446834891,10.553572213412133
3224.0,82.69343076361062,48.15174023802471,24.082176202764543,10.54467986101138
3225.0,83.07360448447285,48.25252830954406,23.85690805893349,10.525370852266034
3226.0,83.18697440912445,48.27781031908398,23.66241565824684,10.5183436681269
3227.0,83.20974322075756,48.226875346168704,23.66172032228839,10.514848301233615
3228.0,83.33294676253895,48.278756599038616,23.545800317187915,10.5274676459399
3229.0,83.2390795595594,48.586021967384404,23.40916691358287,10.476684809694296
3230.0,83.07632044591556,48.94511767535546,23.26818081577867,10.465081632192284
3231.0,82.86317128023741,49.27478848521583,23.233497921942153,10.451370190977416
3232.0,82.5623286584361,49.61290216690952,23.3585740240707,10.425375696526345
3233.0,82.36941500432319,49.96544083395806,23.811974061375395,10.423646319632981
3234.0,82.06578963628971,49.91663213980147,24.270569876571802,10.407610164628663
3235.0,81.84766095517506,50.15381990976064,24.522402505994915,10.320208141427779
3236.0,81.75661069382726,50.34927749023968,24.558778317443153,10.282090752937295
3237.0,81.56567130850027,50.4218078539939,24.45956810736817,10.267349139640302
3238.0,81.51956465899242,50.29656483328699,24.61007420814858,10.261829901307344
3239.0,81.36180697937702,50.1955704628384,24.61925517963636,10.335682453247639
3240.0,81.25030766539861,50.236003214981515,24.593177493759125,10.502736599898316
3241.0,81.10271587943004,50.380253780874675,24.44316446253496,10.653460336289887
3242.0,81.01190296061351,50.39592734657387,24.043585370326074,10.754596205576146
3243.0,81.07730132233894,50.71737113887671,23.672744647378416,10.863462297599833
3244.0,81.21072935496879,51.03818085603483,23.380522289614856,11.040980865520691
3245.0,81.23827839923763,51.460589675495804,23.297372394738733,11.136843826829686
3246.0,81.23920499529896,51.74007940106028,23.416180470129248,11.236653334287972
3247.0,81.24267707901537,52.12164571282008,23.380459300178366,11.315260510809836
3248.0,81.55332509372666,52.27523438385515,23.662844815141323,11.350764681354223
3249.0,81.61727103352985,52.283834756400935,23.97265031144456,11.384235028985765
3250.0,81.68951103043526,52.21313451535033,24.24863880362179,11.519443651766295
3251.0,81.57267629193136,52.19055050310233,24.45705939158396,11.50309240886412
3252.0,81.62238638941116,51.966791902838025,24.664768994837463,11.477612386793451
3253.0,81.53216654387545,51.61116572344617,24.88154557880587,11.47055275230159
3254.0,81.7502713563337,51.17840579513896,25.01952437910125,11.494153187441523
3255.0,81.95855944097063,50.970112374939276,25.026204686766373,11.466375162393701
3256.0,82.1070426873545,50.86351958503335,25.189128725347118,11.422417079074604
3257.0,81.83283912104724,50.81081392364549,25.118053440836754,11.365896742379633
3258.0,81.62859556295534,50.50567440988873,25.037145524781444,11.2860846663591
3259.0,81.41855775250824,50.11310954642804,24.975952777295465,11.112867237936056
3260.0,81.53178156691314,49.78587351424979,25.04986404821125,11.15553020093506
3261.0,81.36980184064231,49.52689169518484,25.251234408729875,11.158436094748838
3262.0,81.15963472063507,49.412165732332404,25.341258741624852,11.072002449515715
3263.0,80.94041896571332,49.43453816388786,25.377375734882165,10.925454998579358
3264.0,80.70611082715301,49.40748823059922,25.41147327601187,10.797513949971599
3265.0,80.42444763867911,49.37762314032395,25.43713887683983,10.765861487230925
3266.0,80.32457083479636,49.55545133314002,25.624608437644824,10.706549697499083
3267.0,80.33426833671994,50.10749712016417,25.845791954496303,10.555777890113925
3268.0,80.1466724437045,50.75629314592449,26.207448358215526,10.435701529177818
3269.0,80.0081902607597,51.473118976811534,26.528163089656793,10.243187500414548
3270.0,80.03267386348294,52.192330320177,26.87340623671484,10.071453918856399
3271.0,80.31606100190825,52.59198113447362,27.170329439175035,9.87101515378888
3272.0,80.20801756220158,52.744890143509394,27.639026416606146,9.765507833979242
3273.0,80.25672149728659,52.96233630801631,28.00633989002669,9.634109237741773
3274.0,80.15135452950639,53.157206223503735,28.300401974105696,9.388463296769475
3275.0,80.15512880723253,52.94436607262548,28.317394534223762,9.275325658983066
3276.0,80.23182548533185,52.64710197227189,28.293370915284157,9.199828767061682
3277.0,80.43220510890245,52.264838429600864,28.193394178209044,9.100137379629732
3278.0,80.56519286458214,51.83729014164734,28.029844096516737,9.008626610518084
3279.0,80.83459818002163,51.36359506062504,27.648369154591666,9.024416991764662
3280.0,81.07425742849284,51.004568605247115,27.421585496076446,9.130685074770357
3281.0,81.50575761106056,50.85475967143449,26.976849568219247,9.127928448108952
3282.0,81.89215002785579,50.6574441810525,26.68060063625669,9.219335117059561
3283.0,82.47894847760263,50.30770889238292,26.25076591304537,9.397557082607998
3284.0,83.2331407658306,50.19357155822994,25.975704221318317,9.426033975054011
3285.0,83.94672706360952,50.29459188385029,25.84482475585177,9.501871465255823
3286.0,84.42477788445834,50.33125646564274,25.558031968521767,9.555440899484084
3287.0,84.4982417020071,50.285790190337394,25.443351080117235,9.715697909627236
3288.0,84.43373173862217,50.392108913778316,25.50893826667198,9.823022970829811
3289.0,84.22930779326882,50.56075337684721,25.51943962043328,9.926872966655747
3290.0,83.90646862436795,50.4279852071989,25.414182797819766,10.014655965113658
3291.0,83.66535650374723,50.308938052854394,25.421568601412396,10.035848308714831
3292.0,83.49502464035655,50.34888119351404,25.64265361490968,10.073296460154522
3293.0,83.22447959109486,50.43018258094197,25.795295911563304,10.160411009760404
3294.0,82.68067499410877,50.26022089800181,25.788460070069217,10.185197280095803
3295.0,82.10249854505489,50.14085181602224,25.751976955649855,10.241724258848997
3296.0,81.83997463217733,49.89942506307333,25.5670987049011,10.251862412167046
3297.0,81.59677601394858,49.413040284384344,25.181492331929093,10.211249631610347
3298.0,81.28572948568747,48.89334329900235,24.819190007314397,10.105805315489457
3299.0,81.16669605008266,48.57929380694545,24.679941910655455,10.033320536207066
3300.0,81.17291381903775,48.41402505499398,24.558175352181873,9.982674089643757
3301.0,81.19688868232025,48.0460399655598,24.2481642182209,9.973123059903939
3302.0,81.05285232083713,47.76626533447272,23.892572662614903,9.932468881378943
3303.0,80.94920450429689,47.5315998945964,23.48197162983478,9.962864901512546
3304.0,81.04861662855676,47.57471103368834,23.181420368960918,10.022035994963083
3305.0,81.0759155883565,47.685478459461734,23.13707095801963,10.059115105560798
3306.0,80.9042163768826,48.03291014411627,23.10896973380528,10.14038509863922
3307.0,80.90147702053183,48.49567371904775,22.89825461153714,10.241644278712695
3308.0,80.949509227135,48.939936800706334,22.663926536957238,10.271856535192033
3309.0,80.86287749643344,49.42060186876276,22.56420331530881,10.349506901738568
3310.0,80.91233303425841,50.070488401745585,22.505248179319178,10.364291107243858
3311.0,80.7857582074497,50.435349423435895,22.56208965497231,10.498035083986949
3312.0,80.91152633787952,50.699964903015214,22.724297201270723,10.622021036183728
3313.0,81.06600950599724,50.7088245382377,22.939178255880524,10.688287777745659
3314.0,81.26350397702328,50.7684471091595,23.100846836137787,10.67616668395725
3315.0,81.61046411546536,50.72689558214929,23.2829225671515,10.651409372593282
3316.0,81.70753762892161,50.489056932197364,23.715646083259866,10.67947204755581
3317.0,81.6258902322462,50.22737262422755,24.250831570889652,10.806329838864535
3318.0,81.37425273893558,49.800336335191766,24.6141407272171,10.808747731832195
3319.0,80.99717899009187,49.54021578687385,25.04056377064164,10.903495369746892
3320.0,80.7729184753425,49.58907733086676,25.379435450836834,10.90144069837664
3321.0,80.2194844353348,49.55198663893305,25.78470304098326,10.906105864378766
3322.0,79.42495770935942,49.41795998118894,26.307635781090877,10.884877209714192
3323.0,78.48873770835479,49.281563573758476,26.90015457182522,10.837405510778268
3324.0,77.38523469944465,49.2354334495697,27.423709190066656,10.764960586302909
3325.0,76.36723296216697,49.34126827126944,27.75547562805633,10.718552162005386
3326.0,75.46628257543871,49.491342400064404,28.03035421128103,10.652381714917325
3327.0,74.9919576006288,49.64472759626098,28.204564404726856,10.645525985198018
3328.0,74.81046034523021,49.644319116713355,28.236843297133525,10.453541471718678
3329.0,74.76597109194199,49.51890240875692,28.348998428066626,10.320468525287652
3330.0,74.80923964816812,49.57964251771443,28.320718797448283,10.24918663006457
3331.0,75.00344837072818,49.8527335622006,28.100547437452104,10.230263674584178
3332.0,75.19536821683042,50.2141992380505,27.666560500408064,10.314961045783571
3333.0,75.39344637579279,50.48454413738384,27.211980998164705,10.386951091500679
3334.0,75.57230279518377,50.622902417877725,26.85733287773482,10.383691215235022
3335.0,75.67692604308832,50.801954145775454,26.478329765668118,10.418647049356267
3336.0,75.4967689177664,50.90358996457792,26.239414632257578,10.490494708903187
3337.0,75.07166341275764,50.994370731953275,26.20963813401339,10.664840290494642
3338.0,74.54279484595901,50.77267582246557,26.22421205381164,10.769743007403537
3339.0,74.38651420794454,50.34779611548392,26.22765305175181,10.788677684077278
3340.0,74.4837114143739,49.96292609899684,26.241085259516918,10.890076780375459
3341.0,74.78342070705058,49.77047200395743,26.14191009365905,11.010024577406156
3342.0,75.32098543810666,49.6211165846745,26.277648987518955,11.20934649273285
3343.0,75.85794226873661,49.62432658330173,26.377454135681884,11.375092479643493
3344.0,76.33492016362557,49.60222443526084,26.45908142437535,11.435618735143915
3345.0,76.87309371297174,49.46331479161684,26.655194093858384,11.40991969449241
3346.0,77.2159933491428,49.46919316084273,26.875290403264,11.379209406019546
3347.0,77.70813428209247,49.786182943752635,27.128634709592877,11.413625322337595
3348.0,78.00436623117177,50.27942058522998,27.267887163418788,11.381942981782155
3349.0,78.27624855482554,50.87987319822751,27.37055561551002,11.339802444153085
3350.0,78.54906142591048,51.219345423551005,27.645041987451485,11.316127410693642
3351.0,78.75901220651203,51.57085678437239,27.72466046196012,11.262315350144828
3352.0,79.06705199767961,51.86593908165972,27.79591821158118,11.282626354541023
3353.0,79.53217960556404,52.15288808880235,27.89515964771066,11.34733419744767
3354.0,79.88127743247598,52.4793428424113,27.763297072077094,11.428261033386114
3355.0,80.31099343040388,52.65396567423588,27.566355103945867,11.44095060257534
3356.0,80.6917669750248,52.708890659885306,27.299601757764687,11.435004691430741
3357.0,80.93241512272982,52.66683777976675,27.30509862730773,11.51563906860572
3358.0,80.97841439262544,52.55221562944312,27.22280075692334,11.481916465119818
3359.0,80.93698282253791,52.59006340031929,27.050200081026478,11.414655244759372
3360.0,80.70006571228251,52.511156202665944,27.033173798655092,11.267726397828898
3361.0,80.5219283764014,52.31701222083223,26.964521442964084,11.058009441555418
3362.0,80.02983004700073,52.046563506296664,27.00483596142761,10.877846778750284
3363.0,79.42308946261615,51.86492187906882,26.91456994271618,10.746511184848323
3364.0,78.7846351004377,51.75596664147788,26.793202229833884,10.773948112860452
3365.0,77.84974627440343,51.48281440052946,26.666532762110005,10.750195941347169
3366.0,76.97780021733095,51.37471030501206,26.263048707417127,10.701942293396078
3367.0,76.27892034323554,51.14029237459098,26.0923597027146,10.705577009869117
3368.0,75.74248838043144,50.753069237732994,26.02721617228366,10.711151753695777
3369.0,75.31912981532602,50.44848646852836,26.044658467086943,10.8114304762108
3370.0,74.9222013387348,50.05766717304935,26.16685050294145,10.986784008547813
3371.0,74.73816418112173,49.72168453796041,26.152436175252944,11.111764468091117
3372.0,74.60490591224719,49.635965967435865,26.39145947209109,11.21759571019497
3373.0,74.61291171210003,49.55483581776233,26.724050513443967,11.197617602763168
3374.0,74.91501168768197,49.775457563207425,27.08123086829456,11.188690503529756
3375.0,75.06026393522389,49.752165712506226,27.51168883333008,11.257143324585325
3376.0,75.14468412348545,49.760558107100515,27.91469627792841,11.32302673398337
3377.0,75.14002185484125,49.59308888808414,28.373077903659848,11.388604823202904
3378.0,75.23498783413336,49.43535134278684,28.682719641853975,11.42848554634487
3379.0,75.19675428925336,49.51160872209858,28.834433991568325,11.411187470027265
3380.0,75.09450204797479,49.50865470030286,29.035451641284876,11.393070562852134
3381.0,74.9407585088756,49.36300309040849,29.140684609224447,11.302275871689321
3382.0,74.79347130978908,49.23330267801252,29.125517511337026,11.243850338811468
3383.0,74.84721330533372,48.99754718051369,28.989400533118726,11.209494353466933
3384.0,75.11998724494886,48.79428719171906,28.937244986321105,11.124250394286026
3385.0,75.5773704454038,48.58602572921367,28.995819698537154,11.004858342193948
3386.0,76.18407187680455,48.52434551207217,28.68112457121238,10.915743983607028
3387.0,76.77852179440275,48.549684393288416,28.23999829212069,10.800631702913718
3388.0,77.40544302309195,48.45505766734776,28.030564004784768,10.695855232522774
3389.0,78.12232900952368,48.52728558402503,27.7671107959815,10.610259780917914
3390.0,78.92971072216892,48.56536848370501,27.540710502675125,10.567507011403427
3391.0,79.65029289043532,48.48388279350804,27.232611081197383,10.480696928813446
3392.0,80.35719497981734,48.504133441197425,26.97442387030602,10.377033527535943
3393.0,80.96274126365554,48.52353626480189,26.828873913940672,10.340286649708018
3394.0,81.25017683984693,48.35990410765139,26.46129373705209,10.362284449837635
3395.0,81.27236944039433,48.42103819818518,26.358413546276964,10.318739716201897
3396.0,81.23142034646267,48.34968252442417,26.43596182846839,10.277622936715785
3397.0,81.21391478801291,48.45272486336298,26.426013352418817,10.231938396866854
3398.0,81.36427187075563,48.50181851558657,26.423109991696254,10.210924869618065
3399.0,81.40071671012294,48.49842945641253,26.388366517356786,10.197191249066803
3400.0,81.3916688646918,48.665995353773546,26.536341387730644,10.235693854764591
3401.0,81.24100160781632,48.62794727825899,26.833868773275785,10.274235087114603
3402.0,81.22634732901734,48.73494744305782,27.050785176393575,10.21896543664367
3403.0,81.14346926378934,49.03921398443032,27.204256601741815,10.175414174203244
3404.0,81.05074752285573,49.1899467219215,27.50177244291437,10.128053164931385
3405.0,81.16316988201308,49.2671715766739,27.600953280801946,10.15272486564782
3406.0,81.22995267040386,49.2726134844972,27.59104036052334,10.220720908174195
3407.0,80.95019482759422,49.29055198120729,27.554589753575986,10.259435445470839
3408.0,80.76212133477067,49.38111254800881,27.660361301238947,10.223557770844723
3409.0,80.59376749499702,49.221965098168326,27.803849103687245,10.219181518907021
3410.0,80.3414308043218,49.082534075662075,27.791315141683256,10.193139098673829
3411.0,79.96649882375536,48.961304388479974,27.745033188640342,10.167424940711813
3412.0,79.68586896327255,48.65763783300805,27.891400849321236,10.050910247503335
3413.0,79.48944348922693,48.433715920856734,27.80425634506524,9.935255271368003
3414.0,79.2795087373803,48.25417490164145,27.918099747440714,9.745685481270858
3415.0,79.10421067638201,48.06895794901732,28.104310996362273,9.54404910626453
3416.0,79.13494120818667,47.73576559169164,28.377923499529622,9.360834125419933
3417.0,78.94724936552427,47.33250623125802,28.594483389716196,9.337605245197823
3418.0,78.74587952708063,47.02190793402772,28.547089417650053,9.202702795710685
3419.0,78.58493591197407,46.91918428108416,28.500031732368768,9.088171105959022
3420.0,78.66604780063345,46.85365267977255,28.633231097204252,8.987726748957975
3421.0,78.67598193701275,46.83654384805979,28.751374085645764,9.030331307611695
3422.0,78.58534870001671,46.752386717693,29.02233423277307,9.137676586550334
3423.0,78.2511582869152,46.87171535094997,29.336782339616974,9.274561942811578
3424.0,77.76872059300774,46.8825333360736,29.5166896159112,9.29965532063918
3425.0,77.25107842838656,47.05425091360706,29.664940088314072,9.31956011855599
3426.0,77.50469388851434,47.269162905188395,29.731386812196412,9.287093648667073
3427.0,77.37543209321747,47.3907907511094,30.00697428531376,9.290740031812811
3428.0,77.30034400229874,47.46987503184238,30.34420034411827,9.32746208984331
3429.0,77.06663546406256,47.50971909137347,30.639069685295528,9.311459077261807
3430.0,76.9098342464008,47.58197196450043,30.855624361431097,9.138704800108549
3431.0,76.91724004526648,47.541322964543156,30.944669464504347,8.957119862444497
3432.0,76.9267577068337,47.50408298002367,30.98247738367408,8.769994850979428
3433.0,77.06592685099235,47.70534162917971,31.18616664274138,8.66549745730102
3434.0,77.4876655273816,47.80875512464875,31.201824605378043,8.623112268001695
3435.0,77.42183255879117,48.10852169981925,31.255265794307387,8.595397335999774
3436.0,77.86115551969328,48.60325292285841,31.216771862731754,8.70591252857894
3437.0,78.21837130880434,49.04504740685494,31.02451435532317,8.765987268062387
3438.0,78.55507492842366,49.54958148996712,30.65776840959864,8.866374864034452
3439.0,78.86364802354612,49.97286856255731,30.1217051944578,8.980968242473459
3440.0,79.0567828510503,50.38825679216993,29.587143335084942,9.101387761051154
3441.0,79.47897345240858,50.78637739557578,29.037519654612947,9.2249931314564
3442.0,79.94444789834549,51.23710979383813,28.558904449600725,9.452302052894572
3443.0,80.1993987629711,51.85761373466719,28.105273591018516,9.73459908926281
3444.0,80.35683774858332,52.05616926629206,27.681539252986905,9.974394115084603
3445.0,80.36397866937745,52.08514101687602,27.411596752587606,10.135532705816399
3446.0,80.23055228553478,52.026479678955184,27.270873413775725,10.33738162512858
3447.0,80.2099761706208,51.88511621576794,27.230166653221552,10.540121744759288
3448.0,80.44739481244025,51.72449513660274,27.266006641887845,10.789600371254984
3449.0,80.58562336282435,51.78634613420634,27.26000204896903,11.00333341810353
3450.0,80.57836282551021,51.71078053696149,27.15200120447801,11.092908319593876
3451.0,80.61498557421325,51.447865614436544,26.988388498458754,11.049578316523947
3452.0,80.42630605818064,50.85809695895438,27.339853045620934,10.823476977210486
3453.0,80.33183045588231,50.652315998772764,27.543529089477563,10.593405270345954
3454.0,80.33373165879578,50.43367873164958,27.48701202076897,10.368147146356861
3455.0,80.61542649322435,50.416716530918855,27.437193950355052,10.249501772418363
3456.0,80.67060454098032,50.35760771218813,27.45292339209989,10.100841904815445
3457.0,80.75781264626666,50.37164555961948,27.76064595789706,9.93528165635615
3458.0,80.96997010997576,50.16327396426456,28.11807735372866,9.743355690744044
3459.0,81.0833265137016,50.1330410629247,28.409323861805106,9.669406222458113
3460.0,81.04349512547275,49.96381632453867,28.813688428662445,9.647957545156519
3461.0,80.9904421299046,50.06656748549326,28.866868455489573,9.732442614898735
3462.0,80.94445637824315,49.889783967996166,29.071613839229627,9.804785519311492
3463.0,80.81732044120749,49.682235921167184,29.351504938709304,9.81713705611525
3464.0,80.70472643357107,49.41751909271733,29.585789440843012,9.723848949012778
3465.0,80.50362430160457,49.17102560889506,29.677609202614963,9.685143750920552
3466.0,79.96896163953801,49.056749789316505,29.64721861013485,9.693132005218764
3467.0,79.40291920241678,49.102632618409274,29.786776600697124,9.742263884444544
3468.0,78.82126708487552,49.13827296541082,29.90011441132336,9.7694170668646
3469.0,78.40155534823157,49.15156264932014,29.915851421907966,9.728105521458867
3470.0,77.99453047124805,49.12116738437707,29.94782227763954,9.67514452471434
3471.0,77.57806733212475,49.06853803893682,29.802453436766307,9.682525926516497
3472.0,77.39745983508934,49.338330181106855,29.590600434913274,9.737861863219202
3473.0,77.14132909891607,49.531296076073986,29.240582937026527,9.811922386799154
3474.0,77.01223586313544,49.75679244765854,28.916036473039913,9.83912676649998
3475.0,77.05201343913379,50.102468840000085,28.46189759616101,9.866072938392763
3476.0,77.24518668445891,50.333645967264545,27.981038451754248,9.84901560987289
3477.0,77.53978984130208,50.46600479161191,27.662185978911378,9.853746095636984
3478.0,77.87171313530935,50.86010001653691,27.194671026424622,9.86496941560646
3479.0,78.16218083906122,51.232879311031,26.477747862726233,9.85419954375231
3480.0,78.54165538027038,51.47138736096608,25.77059910708839,9.851733869167454
3481.0,78.65821277079858,51.5149492439996,25.205187168990943,9.87602300666991
3482.0,78.59619361144368,51.82924194102801,24.914564870241783,9.863690533970125
3483.0,78.58230574657783,52.00522554877794,24.775936584294303,9.821221164251895
3484.0,78.59599249917713,51.952623459386956,24.7005197953713,9.78458570085398
3485.0,78.4909548914673,51.865756885814804,24.561429166668226,9.84983506582211
3486.0,78.54067224356945,51.70908789521026,24.535499200288843,9.884321039962622
3487.0,78.38683455489904,51.479522471791896,24.69779041447072,9.945174508391716
3488.0,78.5573633344838,51.35732249567353,25.204659966704916,10.043318284616978
3489.0,78.85251779089405,51.55650533808179,25.77774887965307,10.13716441869202
3490.0,79.04919694328247,51.73927841843964,26.447763079039124,10.150669756112014
3491.0,79.19153850270901,51.86015332899255,27.281577492325592,10.13142410092812
3492.0,79.68937270216337,51.97170654291311,27.834142891962603,10.141904788293036
3493.0,80.15584653547958,52.15817896550919,28.54150323147635,10.096156257432849
3494.0,80.7184396557122,52.17781529303354,28.964473360893884,9.866786926605606
3495.0,81.04702605022759,52.4261108790076,29.205742521914104,9.664981259587464
3496.0,81.57565545426435,52.58017555428977,29.491336681302794,9.553585250187684
3497.0,81.92857896799573,52.724863564505775,29.558758813957674,9.382217364503344
3498.0,81.96720869440814,52.73815346522352,29.68916555810057,9.229493103363533
3499.0,82.18793962076955,52.70183186070316,29.69351613386414,9.164828094469385
3500.0,82.72130649158692,52.574474254512594,29.250475974653376,9.174090433785432
3501.0,82.93487407170144,52.38270902296449,28.916006953304958,9.235064355508328
3502.0,82.99946356247516,52.08029675888457,28.438163411208027,9.288655747414957
3503.0,82.83450121913634,51.943533441969045,28.320270738370642,9.449339268219559
3504.0,82.71338549629611,51.61245661418287,27.92752732108245,9.62283491878731
3505.0,82.36653239283814,51.26096545751652,27.416810022969095,9.68877618325495
3506.0,82.23744152662341,50.79305388221958,26.942712631829917,9.76875180557709
3507.0,82.21511213815843,50.45954196718317,26.601140446123164,9.794346970291665
3508.0,82.16633962854806,50.103034041492705,26.204136146755562,9.744950774595262
3509.0,82.03446808403137,49.730185828380236,25.972330125241857,9.764308413479485
3510.0,81.70173371612402,49.49063915739553,25.74187082291809,9.79844767576891
3511.0,81.5901028482313,49.392819594461834,25.716843928752855,9.775637649423182
3512.0,81.52173992779511,49.370651487470376,25.666528356695583,9.826883989407794
3513.0,81.4079886659416,49.39298536856147,26.175898772547058,9.873828852687504
3514.0,81.40523256105108,49.53012326375778,26.54595310581057,9.969426451524104
3515.0,81.18486374435359,49.7938947681356,26.933569858563896,10.153355130655308
3516.0,80.8556667784265,50.06417157344393,27.172557998230836,10.351424476062743
3517.0,80.42202959898687,50.42905523439774,27.40894612637763,10.521217584854472
3518.0,79.97305766985345,50.82195682507184,27.822293460315848,10.610166351012118
3519.0,79.82068858462394,51.22225914678794,28.380602190642122,10.612054780921925
3520.0,79.67133267182359,51.53088221427039,28.709712898958696,10.690323306755051
3521.0,79.41061392632854,51.73290050470423,28.896011942906547,10.744113887360712
3522.0,79.24166257053596,51.85658691703248,28.911166391256998,10.759743008388064
3523.0,78.89107866810562,52.00157669660108,29.135978674093135,10.667092757356706
3524.0,78.72631162406589,52.20661617973451,29.243816227308205,10.500389581479364
3525.0,78.86446191401984,52.38888447585883,29.449795567930213,10.319003807226057
3526.0,78.87607386787302,52.46251171761346,29.557266344864384,10.169588674299623
3527.0,78.8925986471258,52.470266658093294,29.561852084235298,9.994073511877849
3528.0,79.00644459066639,52.4943257222101,29.422141471042934,9.854551139237303
3529.0,78.70679661807142,52.56073131453273,29.375138944143355,9.732093495358697
3530.0,78.70306627656701,52.71581908241526,29.427047625822933,9.668744737858345
3531.0,78.8520306583276,52.80041580807372,29.296732291635703,9.74917832466246
3532.0,79.29539149509613,52.70087143057659,29.150372694048386,9.87938691596761
3533.0,79.70306189781893,52.48439665868721,29.14569195072867,10.024146810918548
3534.0,79.76923161977565,52.22045023010197,29.096940989504326,10.220370389000474
3535.0,80.08327212903511,52.066606603505534,29.203675896732005,10.43487024102586
3536.0,80.68222841582126,51.78497116242818,29.180117938578743,10.634539168854449
3537.0,81.2257234171881,51.577555366033216,29.24029322858061,10.797081763691397
3538.0,81.98910882308323,51.2846312643034,29.35313880400355,10.875566207585702
3539.0,82.36782896536332,51.1048805844213,29.500765786534227,10.880829245213445
3540.0,82.5324414723038,51.05724822847203,29.800276585659862,10.746875868411696
3541.0,82.52306858814286,51.11739329918393,30.168134290538863,10.76006787200345
3542.0,82.38552061441507,51.06851457690845,30.243606384935205,10.839471150075761
3543.0,82.43883915226222,51.11077175291393,30.402812677613376,10.93349594336555
3544.0,82.44551363932683,51.19573668814782,30.5610044695978,10.981702092346334
3545.0,81.88887541902187,51.33772995442356,30.673847081567516,10.979883916302201
3546.0,81.61145075307189,51.52736318202676,30.661988764540382,11.003637971244633
3547.0,81.26833329119992,51.84331414538692,30.46840389501178,11.10586404987728
3548.0,81.0685325377292,52.066283243311275,30.08044552494508,11.156917313282047
3549.0,80.98091096093187,52.20219582493874,29.51575025942911,11.172487053568117
3550.0,80.79819076413229,52.21724545618083,28.99908908464937,11.116007147334521
3551.0,80.54300635219734,52.306394759596664,28.808303878485177,10.989750141684546
3552.0,80.28873651614398,52.37248395341485,28.503952121240708,10.813882492288025
3553.0,80.09544148290685,52.22295545595437,28.133863872960646,10.65697874175363
3554.0,80.20418420338953,52.04028154405186,27.969516292942426,10.622938164107003
3555.0,80.03804107814908,51.84244131859443,27.95881333573097,10.6477912677645
3556.0,80.08157361818621,51.66894203103766,27.885104383794204,10.646689158307687
3557.0,80.38433944359645,51.35445379234775,27.912456072280264,10.745555074407541
3558.0,80.7534700730156,51.086656024762775,28.2361035664859,10.885034765041596
3559.0,81.00451328017397,50.79182411184703,28.45219368112446,10.880744602046136
3560.0,81.23279186769578,50.32361488424542,28.63014077927146,10.781102319079634
3561.0,81.54450282981728,49.88284880324901,28.834142076870123,10.680422826304786
3562.0,81.7861721655336,49.4923410845871,29.14161651513111,10.613576732958466
3563.0,82.12067037771648,49.27117253058656,29.504387692866885,10.470539164144553
3564.0,82.26860895331768,49.03367669747828,29.68133292821702,10.28825290007659
3565.0,82.38024804314959,48.645310758793705,30.029133452397296,10.193983542049525
3566.0,82.44230923086825,48.31034806905968,30.35332667320745,10.005018240645256
3567.0,82.50606343858709,47.981608951947074,30.511396410613067,9.833576584142143
3568.0,82.70263513579917,47.81481314425291,30.53685528135944,9.759501783894295
3569.0,82.9632910836317,47.86447253651774,30.668232036119317,9.85312027171502
3570.0,83.10432630889622,47.69209789234129,30.713564257520545,9.97953603968427
3571.0,83.16169601701073,47.48769142312509,30.65048359889596,10.094385413438214
3572.0,82.99535528396589,47.274936265848815,30.442648647168753,10.21855501015266
3573.0,82.78643604030582,47.0552830525976,30.56561729999741,10.330152255443082
3574.0,82.74457703257764,47.03848620157209,30.624853147509864,10.373390293354358
3575.0,82.3515605784813,47.122238221823835,30.792189266686027,10.475715609672855
3576.0,81.91575985287515,47.2149606216114,30.999900515459444,10.52093109298362
3577.0,81.65217246533194,47.4564256035691,31.257420791599678,10.614731671876267
3578.0,81.49012861296112,47.65737391237019,31.2762367751651,10.624913507463116
3579.0,81.43744759289609,47.966970397080146,31.257379813311665,10.562334268485568
3580.0,81.52449125764457,48.31919999386983,31.383657641706975,10.477938202512682
3581.0,81.90467629614135,48.485129664875515,31.494956626730463,10.382353620242226
3582.0,82.20702135439886,48.65010656208031,31.44442657391411,10.322901534596442
3583.0,82.41520562495604,48.69585380242761,31.34823094788338,10.315589898413705
3584.0,82.82047559889236,48.688534026345536,31.340675643591048,10.22193228710057
3585.0,82.93933520199741,48.60594164988168,31.272351865013217,10.21773287660959
3586.0,82.88367274876188,48.40353711978579,31.16371524430568,10.206208385723901
3587.0,82.65874845757719,48.31404651391844,31.18436124221722,10.203488380116694
3588.0,82.50119154412812,48.14073173409627,31.26112349038341,10.183667434403892
3589.0,82.03045168106831,48.15664365489181,31.238362856635355,10.165534756582321
3590.0,81.26731093010466,48.177707267301265,31.257920072156317,10.12303134301543
3591.0,80.63053820501283,48.24243885242698,31.211927541052884,10.077003565098305
3592.0,80.02485191282794,48.25293246657557,31.08540015719336,9.969712680969353
3593.0,79.6006568225331,48.426761031895495,30.65634450587221,9.916023079063056
3594.0,79.48550507954324,48.61640970456971,30.22475666337057,9.821702801837285
3595.0,79.49230132815464,48.895890020218765,29.884015425320626,9.645293684136696
3596.0,79.63120340715396,49.04501194049608,29.616777217105188,9.47594439638144
3597.0,79.5182155401917,49.312188164303386,29.31924983851279,9.35426382189498
3598.0,79.79203592170337,49.53762958664081,29.02855968875532,9.253175462322325
3599.0,80.17030089750094,49.89302612244751,28.701227751397443,9.265379504959716
3600.0,80.6497952275755,50.1774720207261,28.31827231306305,9.235080201036126
3601.0,81.07254069034985,50.48239999572223,28.19165440709939,9.156147339210149
3602.0,81.34153901349575,50.64893526032048,28.129028871578107,9.06652682799217
3603.0,81.39062503096599,50.89602690754333,28.100742549119843,8.991763454810096
3604.0,81.4784130383004,50.85888187886748,27.882642152125904,9.013046891179954
3605.0,81.42992045067507,50.73179511884943,27.58409448853358,9.052650822135721
3606.0,81.3564617430632,50.626390895932595,27.49358563739693,9.077731001979314
3607.0,81.10617797846196,50.50184449544356,27.31092769292863,9.16003550819866
3608.0,80.96947451835342,50.28644795126685,27.193834757413057,9.149202679008532
3609.0,80.67990333102766,50.131937196362585,27.134361222603914,9.14832413332013
3610.0,80.28792593184899,49.985148222070315,27.01976518949813,9.211619106305385
3611.0,79.93665373918856,49.917779233844904,26.88546667604523,9.287874776150302
3612.0,79.912402523131,49.792572414955245,26.783156423613494,9.353105764139274
3613.0,80.10385553180149,49.88087101853514,26.727546279060334,9.45860733855593
3614.0,80.34759639264864,50.081130740395416,26.737675947191264,9.565298428217217
3615.0,80.74165810658612,50.022081178844566,26.710754802038284,9.749451488548788
3616.0,81.3174048135089,50.06840355745505,26.813764937717764,9.831900195882797
3617.0,81.83738822655795,50.436962549288765,26.83238974797048,9.951398130744689
3618.0,82.4917106181178,50.59042697230851,26.938182572110236,10.101878922903436
3619.0,83.07239134716409,50.70299085089437,26.82803758182253,10.275600845056525
3620.0,83.54296957884476,50.901854788378884,26.830057502891,10.48325701167683
3621.0,83.66108443733089,51.18131205850786,26.783043152270672,10.653767914598046
3622.0,83.5117038219499,51.44481433605835,26.71471109278384,10.74365628254527
3623.0,83.45792454760775,51.56173552001862,26.534659068523744,10.82801176443358
3624.0,83.30322221565739,51.67089719225425,26.290303983240587,10.819976188437945
3625.0,82.98002410029225,51.50122441576105,25.975853835376313,10.932545351902066
3626.0,82.24046924817308,51.06900462144899,25.96938676369477,11.000710718699315
3627.0,81.54149357598031,50.56247836663047,25.36511437909516,11.034430008313722
3628.0,80.91351631608022,50.33144301330165,24.89361747174121,11.072203126812457
3629.0,80.30284492258374,50.14812515512655,24.437093670661646,11.009156469174812
3630.0,79.85987955565113,49.810829061241634,23.949386253438252,11.015440991013032
3631.0,79.49244260113285,49.337342657942855,23.75570565776654,11.02300315799228
3632.0,78.94475081782637,49.07357219435029,23.55618612716753,11.024020338328906
3633.0,78.4056434783116,49.04477378215107,23.118596499679008,11.046677764815877
3634.0,77.85663006348634,48.98755270053206,22.792446341646457,11.042651328024668
3635.0,77.50264089727264,49.03101696204399,22.282900374682654,11.046626103175448
3636.0,77.32489777398851,49.26606392364664,22.285499943349667,11.032351576444825
3637.0,77.31326187692287,49.32233579853893,22.476362020124828,10.917145930186788
3638.0,77.3944941548736,49.124278441322765,22.62700955473864,10.883515646729837
3639.0,77.4569395866785,49.056782601683594,22.688945943667683,10.773093196372782
3640.0,77.50916310117188,48.941209528779396,22.59670603358456,10.699375368583745
3641.0,77.59669636480217,48.649151092282096,22.61183494314714,10.603767189171453
3642.0,77.97350428015359,48.425845095470706,22.868434774165728,10.477073426332497
3643.0,78.39336930990683,48.323791675648614,23.116018987861843,10.25312926774324
3644.0,78.95424758988352,47.995638265956146,23.271762795508288,10.024705056033316
3645.0,79.13369324704124,47.73608335048859,23.540668056472885,9.849122583479327
3646.0,79.16703723314882,47.35294853560684,23.676130469123656,9.750530640931691
3647.0,79.15582418811172,46.92864223752466,23.719517803561388,9.607041084787774
3648.0,79.01246734328345,46.56183089288575,24.022936469741715,9.53246154991241
3649.0,78.9937384426859,46.240247822369724,24.33437199238181,9.514176326224856
3650.0,79.01040136031062,46.26085386474676,24.66293542275455,9.587484603556623
3651.0,78.9219820036698,46.329803856649505,24.957731022769682,9.742138073830267
3652.0,78.91769508290274,46.50934680092562,25.104982152857158,9.957785991259566
3653.0,78.87496161607066,46.91323852423622,25.29469310571621,10.16567967209843
3654.0,78.86605549850772,47.159471046826496,25.578026223617016,10.350374851756039
3655.0,78.87061538602954,47.65349315660689,25.80099049351114,10.527490822634997
3656.0,79.08327331636357,48.154727783963224,26.308845153344333,10.718798188483934
3657.0,79.40011354684198,48.657386729914776,26.62980366234963,10.86811135149429
3658.0,79.55950845388381,49.28585431832696,26.975192556360174,10.889869583197703
3659.0,79.7352789303664,49.44128006234488,27.08573247881439,10.87266185496048
3660.0,79.73606838983585,49.437282287320905,27.209719941315342,10.802696789884818
3661.0,79.81156451179237,49.327532504875414,27.319756229571457,10.742855259441317
3662.0,79.92383351470087,49.05954579026156,27.423544612916654,10.73583895750006
3663.0,80.14763372711558,48.69778754769733,27.21040778799808,10.745633921946292
3664.0,80.25616095653929,48.27524052361199,26.948672532320312,10.786011427878579
3665.0,80.30311283613031,47.94769742454878,26.46663309630187,10.781017272374488
3666.0,80.39834999211313,47.60549697691732,26.11161807122228,10.820501775437045
3667.0,80.49745139306157,47.347844576479886,25.79341428907406,10.821794431611991
3668.0,80.74016045263987,47.37636463542249,25.595458917451555,10.74659095797093
3669.0,80.97587363327763,47.43557433574216,25.43280796646297,10.68101834655404
3670.0,81.29680502835271,47.60780673617742,25.244788836548736,10.56109940908085
3671.0,81.63726489909455,47.86302771101785,24.92225359152717,10.464465647187657
3672.0,81.84879634246202,48.36380334454344,24.142333581651688,10.378789060652647
3673.0,82.31869340432885,48.58314145378701,24.16116152037078,10.249698072392455
3674.0,82.74285805050215,48.82117817580219,24.476698315920725,10.130288763412299
3675.0,83.20048570725852,49.01448625046235,24.778200722032064,10.00231133554157
3676.0,83.88072960140661,48.99748676873675,25.073893002225176,9.98738803075482
3677.0,84.45140794916644,48.93447741018372,25.46961160994121,9.986106145926128
3678.0,84.98544393636504,48.97560900893386,25.748752494481646,9.961322033887285
3679.0,85.00008220612844,48.98357435506132,26.134755141603293,9.949138880635298
3680.0,84.92876832134392,49.230039398381535,26.60593991344903,9.862384945884774
3681.0,84.94701074637388,49.488279269748,27.59142778679948,9.705684814826274
3682.0,84.8681951373716,50.00574180357761,27.948886040093072,9.56598344168111
3683.0,84.82669910964827,50.44290751190681,28.0970316342632,9.488616761323941
3684.0,84.56823932991222,50.81040988361425,28.301778229454314,9.435594155942331
3685.0,83.94356105476717,51.020554498862225,28.4248359159883,9.350824400431224
3686.0,83.24909443292381,51.51867659393768,28.431183810956682,9.324171400230025
3687.0,82.44905455534492,51.805701444322786,28.575440830630036,9.322155407147395
3688.0,82.23950794831553,52.05816808203664,28.852421313074863,9.385913055271407
3689.0,82.03315912152206,51.96998022743765,28.966992111748667,9.482033945228288
3690.0,81.86538978379647,51.64295610882937,28.94860957480868,9.65539770392995
3691.0,81.75417542407075,51.3514743944566,28.648382296982234,9.870774721379563
3692.0,81.65876650116704,51.267331495579775,28.371664031558286,10.096511649839801
3693.0,81.8127728395932,51.14474974818888,27.95119650804325,10.23577027899116
3694.0,82.04797168211726,51.40915182298261,27.53019544737264,10.381510801258688
3695.0,82.2767865659726,51.29623896315235,27.263793041947714,10.496628590885908
3696.0,82.6057890801532,51.46863718056439,26.802137314734303,10.591657412139597
3697.0,82.5966270181183,51.6048748006461,26.250329991247696,10.604655222257836
3698.0,82.77574414956827,51.735741268614916,25.82026198814435,10.621983150072767
3699.0,82.90586059665515,52.08535045168273,25.58604744448821,10.597750332860025
3700.0,82.86706141414646,52.31891470810723,25.357897334594554,10.520957248696645
3701.0,82.87575659145156,52.35755323484083,25.34587172967318,10.485915731309587
3702.0,82.90974441539389,52.34468292031508,25.5292510759334,10.451225486663972
3703.0,82.8860715768015,52.22094814951722,25.89775410114675,10.351921781205991
3704.0,82.937018425215,52.37464233622183,26.228884022859663,10.295511780252191
3705.0,83.05259399064373,52.3704382990902,26.64862266600778,10.255532528152742
3706.0,83.27306534246193,52.07527396039717,27.016820341457752,10.228436282053908
3707.0,83.0285405194941,51.835824183075275,27.536360712425022,10.23102902926384
3708.0,82.74748835698006,51.57340400497071,27.99954897431637,10.2477357558911
3709.0,82.58897006208834,51.231513907214456,28.55963572352291,10.30186995498145
3710.0,82.37872637037435,50.916166190924386,29.078896032076468,10.251101851018513
3711.0,82.12653102647843,50.78004602485176,29.595142645907327,10.252190335516723
3712.0,81.94053746289225,50.780735618910214,29.963736307140785,10.374704523221032
3713.0,81.99709985871752,50.55382942334984,30.154514085092917,10.449117033003752
3714.0,82.00791188992928,50.34825159967433,30.25164266389951,10.466972389070897
3715.0,82.17087464207479,50.497627126519646,30.357509816985456,10.442137019073355
3716.0,82.8606139581186,50.740018052171884,30.35992535605133,10.384546045087472
3717.0,83.49063829586571,50.97860571774287,30.46948525803157,10.306916705323069
3718.0,83.7775835318332,51.52271985118655,30.652785687775996,10.25750551479192
3719.0,83.80903489515254,52.10118864199276,30.644132623442296,10.224697967043094
3720.0,83.77481257362483,52.674100068120886,30.22700276677577,10.26627368096677
3721.0,83.7237092452047,53.05469533088343,29.86085720181076,10.158200777281598
3722.0,83.61515346378509,53.35023154131629,29.653773241820314,10.033927123939666
3723.0,83.40596696197224,53.47570674876449,29.51441558131731,9.979190400432643
3724.0,82.8939448288864,53.57393770021862,29.324702151215106,10.046554743329791
3725.0,82.08476941874578,53.651946473263195,29.127030419575938,10.135149258374891
3726.0,81.4553894228032,53.698487986855405,28.940428425050964,10.252918681841232
3727.0,81.02206112880309,53.32962601448036,28.573517677916122,10.326214344029694
3728.0,80.69926289986789,52.997081635480434,28.28238257662766,10.391611579592501
3729.0,80.20832446217291,52.69334272837929,28.45849550028181,10.413326578853681
3730.0,79.62635395744482,52.47201356453843,28.482652653308108,10.458423758487935
3731.0,78.9944186606153,52.325065839646925,28.504688227490696,10.524664303784009
3732.0,78.4262056029554,52.292894855725415,28.604648828708147,10.583853040777255
3733.0,78.01280115886044,52.088090358186186,28.886759710080938,10.569245067200239
3734.0,77.74961684179493,51.84234914106195,29.148890544737778,10.516077490643614
3735.0,77.58500570879796,51.57130545448871,29.459065783126476,10.461592938055214
3736.0,77.40776496319411,51.543823830296105,29.903101560592717,10.43616021842906
3737.0,77.38844018368074,51.35332132258119,30.50845164740477,10.504486439544685
3738.0,77.55526927103779,51.115046189840285,30.6004030048648,10.491649076638886
3739.0,77.93715734440916,50.923096272757164,30.634924350564273,10.518645647421796
3740.0,77.92505996253506,50.78986180778828,30.771224302455423,10.591229687588873
3741.0,77.96718120130846,50.52309143921201,30.82619489262375,10.632773894782073
3742.0,78.04102630387777,50.47175828320191,30.65496026146327,10.727354739403438
3743.0,78.1845255901387,50.56892810223949,30.52433161104228,10.882226365204763
3744.0,77.84918531410447,50.66626759164693,30.282856715236772,11.007109163127291
3745.0,77.689365976965,50.80597515021559,30.005872100012937,11.082974474699313
3746.0,77.60292516603653,51.10096728535873,29.33852572607125,11.133092935584527
3747.0,77.45329901528005,51.27344064446394,29.06351193512731,11.227635834912144
3748.0,77.14672547562901,51.39323858858804,28.939783418928513,11.339093994993414
3749.0,77.08476891452821,51.572896165924305,28.70726015014738,11.382059562907617
3750.0,77.0282103931724,51.85899339708555,28.538532804921786,11.4770048612721
3751.0,76.8207663563193,52.033246728657886,28.5797971138931,11.543199582720721
3752.0,76.63503194523209,52.09815182134707,28.525566346050777,11.551910702298326
3753.0,76.76047194964276,52.1041358192209,28.44528181234228,11.488993528878726
3754.0,76.8388482885757,51.92585283849331,28.38997367094054,11.41792045196031
3755.0,76.76943606763372,51.65506365813745,28.436894292825272,11.223032794527379
3756.0,76.6998821128351,51.5727815963866,28.277616113234277,11.090444760930618
3757.0,76.82912702176073,51.38459374809827,28.118567795995755,10.972495754802077
3758.0,77.10457609001834,51.144283589336865,27.92952122484147,10.849685385779168
3759.0,77.47883297671994,50.970011624201945,27.624177064850606,10.683846098478856
3760.0,78.01215914484052,50.72705842105319,27.206734899648012,10.535051775437115
3761.0,78.34329078788237,50.61275869091842,26.851535398984282,10.462732666001813
3762.0,78.66364454996022,50.61270858897415,26.491350346981346,10.455070015308
3763.0,78.95148341952194,50.795206533522645,26.273463564581725,10.41998473795103
3764.0,79.19737090021427,51.01556314695395,25.93630073574363,10.475888416611154
3765.0,79.59914691469365,51.212277603751744,25.694788193938525,10.411693866111353
3766.0,79.86259859601245,51.36098769498585,25.619105961256654,10.277314142903503
3767.0,79.92869656267038,51.54210995902003,25.441505845639004,10.18194555173805
3768.0,79.96878913776274,51.7416353670686,25.250130539826674,10.194568558564447
3769.0,79.9637807573096,51.96834150609755,25.052149303434764,10.233395374492506
3770.0,79.88547257376369,51.93166610847574,24.946713121137652,10.167224518306812
3771.0,79.55261808885027,52.02400074284129,24.99859468190017,10.158800234212165
3772.0,79.42492267307786,51.77360267879445,24.91880966381327,10.256922134470143
3773.0,79.5151138088151,51.52085604615226,24.963876243708132,10.218435818431296
3774.0,79.34380541442859,51.41811677656754,24.98164385772239,10.200408542185128
3775.0,79.20607329158715,51.453358481348026,24.840015896900056,10.219186319884624
3776.0,79.06755445004417,51.551602619443656,24.826136769363018,10.190943154353482
3777.0,78.87233637578116,51.659981452516675,24.62691923626376,10.058829579472413
3778.0,78.59954483636432,51.78766183466339,24.92326418094857,9.965147254758671
3779.0,78.27056459304623,52.08942162045229,25.148302454356976,9.838475402603198
3780.0,78.20466273741752,52.19431241869143,25.249165324798376,9.696856307466959
3781.0,78.03832963094422,52.50379096346066,25.469727852319004,9.431459170142002
3782.0,77.83001696430128,52.73860812398605,25.73181090609888,9.262545475222055
3783.0,77.74441716275898,52.72313208412706,25.979184803661028,9.129391893084836
3784.0,77.82106580661707,52.49026891506889,26.305233483197487,9.020877569589958
3785.0,77.97423960060338,52.00716889002978,26.59721991826507,8.922369975865266
3786.0,78.08875789309101,51.46525665232916,27.061707576038437,8.826095236255552
3787.0,78.14217498779209,51.055495135346604,27.08592182761305,8.669101268349786
3788.0,78.3566997258994,50.41708208022978,27.052045449353972,8.6571689331427
3789.0,78.67335782261236,49.914121033271634,27.00330622412318,8.641451754412467
3790.0,78.88758437115605,49.48465229859154,26.84904920288622,8.636324328554606
3791.0,79.16096207879181,48.97015167015811,26.626514059630928,8.676443389114343
3792.0,79.53647079271336,48.444144194104446,26.60445746872249,8.790378162448615
3793.0,79.66689968897893,48.11512041385865,26.41046915515643,8.903914655398072
3794.0,79.88109182533243,47.96212973384026,26.20395611388406,9.008555348299133
3795.0,80.10760501283053,47.849688836102004,26.194646367495597,9.117739709462935
3796.0,80.27567458262503,47.71061447655094,26.226353884707024,9.105144304314946
3797.0,80.47938839336832,47.676337380150336,26.458947375463968,8.98342667664445
3798.0,80.59427137186019,47.447156125057994,26.695148849992623,8.807847233390909
3799.0,80.62555383633973,47.20151625488051,26.994914637204573,8.69861708706042
3800.0,80.19270166973955,47.32811664331712,27.36132046874988,8.544324729588194
3801.0,79.71707227997584,47.534540343384776,27.664301440433032,8.274432569156929
3802.0,79.18553819037814,47.85491193101082,28.06582625821423,8.000383381506156
3803.0,78.49830456758455,48.11129104214004,28.34798247705948,7.792538797632339
3804.0,77.77790719885873,48.39997180699761,28.45797858010567,7.553387958179953
3805.0,77.27009105787091,48.64140958057441,28.45476006706525,7.379322389553839
3806.0,76.6175108789053,48.81097120732064,28.373587130292762,7.332636882359742
3807.0,75.83154820639466,49.04358720930841,28.17240567215303,7.298487097537921
3808.0,75.16571871579352,49.13549176508811,28.16581382964279,7.216914357934811
3809.0,74.76314515537642,49.14550454270018,28.17658774279502,7.216553517705336
3810.0,74.25707038947141,49.17127612412209,28.14099759957934,7.291677544641354
3811.0,73.99113333601348,49.02476107924523,28.066783304718857,7.37495527838997
3812.0,73.97228735679599,49.12656320617633,28.0847001292497,7.4130653060422445
3813.0,73.87995083947035,49.30732460127581,28.250324235622912,7.530036596098946
3814.0,73.89775080608338,49.42805708268251,28.374714391247952,7.731612146608445
3815.0,74.09305664783687,49.7101455334157,28.445982650549414,7.900281812659808
3816.0,74.6242309530669,50.17315588322475,28.516536894609942,8.116201521588952
3817.0,75.13749277544527,50.665256029074975,28.302072288775125,8.328714167813388
3818.0,75.49751036357716,51.099021218681,28.15584789678014,8.518464730998717
3819.0,75.91019134479295,51.411476948523195,28.027941913682458,8.739926442964704
3820.0,76.36115687438219,51.693317911016685,27.910078844245103,8.948414164863106
3821.0,76.6289586972377,51.63739976399869,27.821242408032475,9.216527510232432
3822.0,77.18021399426124,51.41359888856067,27.725952469618598,9.400426646188864
3823.0,77.53684161047198,51.24634148433932,27.674473471851137,9.54201382803106
3824.0,77.89317140177178,50.95393794136997,27.513407110949483,9.555281387717015
3825.0,78.03481822091797,50.6098885427379,27.419313586787524,9.518329732497058
3826.0,77.99992674614977,50.29082399053114,27.315869768117455,9.581776037131702
3827.0,78.11168519945777,49.851598140148816,27.246849160675314,9.67925331968371
3828.0,78.28283885206405,49.362745617190384,27.05529242951262,9.79058326011096
3829.0,78.21856765517512,49.09798498146252,26.88748340833646,9.93089287260534
3830.0,78.16040915803681,48.84749955148368,26.818816754626692,10.010997218237788
3831.0,77.83975656130546,48.57363628924073,26.686203074740405,10.165679151578955
3832.0,77.61796591747063,48.248795395532476,26.43937810896886,10.269373171389722
3833.0,77.12942733042716,48.087263271349116,26.373324609194828,10.473140279714709
3834.0,76.69194739098315,47.83369343306271,26.358668777607683,10.699487788495606
3835.0,76.55192065876436,47.84840033874761,26.3989264071679,10.803878599513341
3836.0,76.45493977635205,47.95055775167726,26.333900318961085,10.892530076589003
3837.0,76.2360831824136,48.15999407013337,26.437758914629175,10.935843412925044
3838.0,76.1867321066002,48.247787212809776,26.537198259584564,10.989371315363055
3839.0,76.09795604251784,48.314111693251455,26.570956247236126,11.019178802203458
3840.0,76.05618640213783,48.584118627434464,26.436698257153544,10.990086026576492
3841.0,75.87088656386457,48.80034081809604,26.538031232975047,10.99282019728573
3842.0,75.91445091456,49.10888277183081,26.579087412867715,10.939721218541733
3843.0,75.99038289233192,49.337841749395984,26.647377450900542,10.878827689017633
3844.0,75.90533207088059,49.444265243048555,26.78946613186954,10.916935396221046
3845.0,75.79900743189592,49.63826430405369,26.886086862926845,10.88926185828027
3846.0,75.92502375724803,50.006504947797346,26.98562697958094,10.76549358978162
3847.0,75.96275393423866,50.49079005324301,27.10238719092631,10.646861281528096
3848.0,75.9990514206443,51.08618039242025,27.079050000491062,10.513130160146755
3849.0,75.97639347788217,51.51920674135056,27.049423043010936,10.40007100356786
3850.0,76.11142860796353,51.930344343632164,26.698077092731708,10.281602106641396
3851.0,76.3794391511555,52.27291677613902,26.30288365135756,10.248580109726603
3852.0,76.579763105842,52.76177689387616,26.058958956460735,10.13255820088923
3853.0,76.8440107637459,53.308497980842766,25.86103140422385,10.025989211170117
3854.0,77.02863388410375,53.59735778726216,25.724123583982486,9.975127285186316
3855.0,77.03542706231813,53.68163800896744,25.39700654049475,9.919376786579807
3856.0,77.11033178058682,53.473527982305484,25.13057142938667,9.817388792003984
3857.0,77.33862316885893,53.19123083928582,25.110829129760923,9.724526969316706
3858.0,77.79846520557123,52.95942147972409,25.503960939074666,9.687306116812668
3859.0,78.30143868638626,52.875575728719596,26.14349524058484,9.638771164598603
3860.0,78.77688080887852,52.669530047677334,26.645492347667066,9.565199957039475
3861.0,79.26195182265245,52.319278375825775,27.01115912827083,9.540654078801218
3862.0,79.69367072254586,51.87900366148061,27.215286439629036,9.55259106214227
3863.0,80.09770695153532,51.63981148224916,27.56408338039587,9.601762121168658
3864.0,80.36044741467376,51.417147025206994,28.07547520649934,9.677336960640549
3865.0,80.77429767206448,51.382823755755425,28.47888007856074,9.780112788082738
3866.0,81.07552747543085,51.224134903836124,28.71715751546039,9.853183773399499
3867.0,81.246027428701,50.96465436088718,28.636985287366453,9.912797336445797
3868.0,81.26059422823,50.73749250858107,28.45958767787405,9.935732328781576
3869.0,81.17536284279477,50.56269111724197,28.49310298116775,9.942594470366387
3870.0,80.92779088919745,50.511587013258264,28.469974046633205,10.00540036275553
3871.0,80.53343983651973,50.33322947290689,28.62544639352934,9.981595521746964
3872.0,80.16954870864967,50.1548494517953,28.595644543583646,9.883962621614398
3873.0,80.0094356095486,50.089699988882195,28.474977743419434,9.863121795841844
3874.0,79.84215524617332,49.78349750291589,28.388384019613973,9.878373034229442
3875.0,79.5637627393526,49.51550700855313,28.3499128670829,9.921914096223825
3876.0,79.25473324319427,49.35323002136107,28.48781456005813,9.942800282399071
3877.0,78.8755257429683,49.08601244067923,28.63053127405931,10.018395049099976
3878.0,78.5992348716871,48.835761581377504,28.6603507475813,10.062189664453667
3879.0,78.47063997399728,48.6984731290348,28.639453994386884,10.100676768594463
3880.0,78.5582361197722,48.76471569356438,28.537524438745237,10.118799200525324
3881.0,78.95079470900814,48.80943678230608,28.595527852520156,10.158617469784774
3882.0,79.45204454349066,48.753340197009095,28.745813185213315,10.170431668573187
3883.0,79.65844417334989,48.864776582885476,28.888801689290876,10.087828830311649
3884.0,80.08129404765982,49.033739256478036,28.96425927078899,10.004630849158492
3885.0,80.6591317088889,49.017955689792565,29.070910911396055,9.932330970442198
3886.0,81.43290556552267,49.16381270177496,29.035096286099968,9.827182569083751
3887.0,82.00284883000548,49.209805816092405,29.14566853677033,9.762901132912921
3888.0,82.473328130943,49.298183651121334,29.022023959171406,9.770607512730134
3889.0,82.9079110549488,49.37425863968835,28.86203678175767,9.819030543392955
3890.0,82.95864885579772,49.36280955497031,28.65258294983678,9.761100605646856
3891.0,83.02108909898044,49.41604056064443,28.401185119676548,9.732271503811555
3892.0,83.31324502044095,49.54508102413762,28.17531292756043,9.772952032547343
3893.0,83.55464832425676,49.66210579771151,28.134154088608813,9.807822850048696
3894.0,83.81262644540863,49.95653330181637,27.869741831392506,9.855677529364465
3895.0,84.04772402451671,50.33185782036179,27.86976857199724,9.973487254689777
3896.0,84.28728058558308,50.561466785869015,27.84825376883148,10.075510084476337
3897.0,84.56345700798676,50.55791300624886,27.96790214333029,10.155303622027674
3898.0,84.83870447323478,50.27040034270983,28.19164150836637,10.240895543924974
3899.0,85.07260622686385,50.217323122205215,28.312345373037513,10.450616022829202
3900.0,85.08904952927065,50.10025575404929,28.329242285750098,10.645465602331667
3901.0,84.91143846729156,50.03776455554705,28.35751076475588,10.775129079507694
3902.0,84.87194968500154,50.01314227128466,28.358481065531024,10.918605672147748
3903.0,84.60520748628775,49.987324610675536,28.414474356839076,11.053547654177041
3904.0,84.35455919641502,49.89450281685683,28.32498569318919,11.126141537428897
3905.0,84.19116046316915,49.95638828920128,28.307095392102823,11.203830064185919
3906.0,83.94315876383169,50.19604716906414,28.376811978972594,11.150729693633401
3907.0,83.53855403299967,50.52318577824078,28.31178459007146,11.097189435816059
3908.0,83.14944356572056,50.79027648433709,28.308512388557272,10.992527415765535
3909.0,82.68187319044412,51.06135764761242,28.181795251789797,10.919312486804964
3910.0,82.15141814290469,51.25712002971453,28.069599188707038,10.855755387946742
3911.0,81.5608245901053,51.54176773149282,27.8458350916217,10.777591223961895
3912.0,81.01994057992766,51.888590256010964,27.652332502200114,10.652748894882457
3913.0,80.4786025813373,52.179407860240914,27.53668700094589,10.567847347509517
3914.0,79.93913178814114,52.40162282958168,27.222224484071862,10.47328509294228
3915.0,79.3599215240578,52.45628574212799,27.045414296078384,10.442184806381638
3916.0,79.01790733852384,52.65795094123965,26.834667660570044,10.359363018725741
3917.0,78.88270866805674,52.55242220305576,26.55571769925668,10.257441245823548
3918.0,78.90630495101666,52.510757512232125,26.419165057190465,10.077586178371543
3919.0,78.97574147962203,52.52630502174027,26.196120499080426,9.953167635447564
3920.0,78.96744501588408,52.443200382616375,26.18023409424563,9.846701570229556
3921.0,78.88301507179129,52.176341881126426,26.261525214957164,9.735690615719337
3922.0,78.82675828404702,51.847410052270305,26.351544467952237,9.579158366858737
3923.0,78.56073816138895,51.58427793738255,26.42591990426506,9.439820411700893
3924.0,78.51157852527247,51.38344958689404,26.387573626568965,9.341038341863186
3925.0,78.2366008862006,51.18437128290888,26.551743216893556,9.340850838793394
3926.0,77.64778888776539,51.288049089647686,26.654806295389115,9.356647545847684
3927.0,76.88444445100103,51.29787517166817,26.813982252852334,9.394414300930466
3928.0,76.42515666482566,51.22404957432363,27.069505428521854,9.46603312106277
3929.0,76.22850888826811,51.1528760704511,27.208346054268407,9.497729431015573
3930.0,76.20193090251003,51.09620591829863,27.295958297317785,9.543192489072613
3931.0,76.02349441218156,51.05668975389359,27.346981159928042,9.595886754679306
3932.0,75.94784964038286,51.05218212442411,27.578876019137436,9.629995057145226
3933.0,75.98445655151741,51.06120523489614,27.87780392387787,9.601564642772592
3934.0,76.0553984466269,50.91724996989964,28.056135684664504,9.486558197339932
3935.0,76.48509899940917,50.66526960457933,28.4169789840794,9.3700081882162
3936.0,77.12230105439278,50.52039980397358,28.73624831346656,9.283620297918208
3937.0,77.58094282926139,50.54049880396141,29.02233856311879,9.15396113356121
3938.0,77.79485948391584,50.66811752207877,29.264918444844255,9.017957896684608
3939.0,77.90389995912345,50.93983402439735,29.39276052998192,8.913292228761211
3940.0,78.03251119246585,51.21314120229603,29.503471380112448,8.881565879561919
3941.0,78.31511987143323,51.48461549316411,29.344297821437717,8.840595524085217
3942.0,78.71146895313872,51.775491792264866,29.058856210744544,8.879504866134052
3943.0,79.20727543563424,52.1498227216071,28.818681791409844,8.925844281282696
3944.0,79.53888822102545,52.39525776334923,28.413732252558564,8.955938901692326
3945.0,79.85796579169023,52.58543496520948,28.10470219131717,8.965134376884045
3946.0,80.0490591710853,52.423646222599025,27.8382735049213,8.980140374069885
3947.0,80.12286525323317,52.07696892319607,27.67605472260572,9.081091055548432
3948.0,80.23482396250256,51.76022207365006,27.65332704307366,9.203981430245236
3949.0,80.54259127044122,51.312522523376046,27.630010880523017,9.289818884905339
3950.0,80.75275489074676,50.844473100461876,27.777112159706864,9.425886750480045
3951.0,80.87197186691238,50.30301812311302,28.010140383834866,9.470797106119559
3952.0,80.95101329677045,49.84802113820072,28.35798293991345,9.56591290907668
3953.0,81.08193158945667,49.378456322338124,28.76778875810178,9.762547895994057
3954.0,81.10515481259027,48.81435005412473,29.15369473645596,9.990806524918922
3955.0,81.1993049230942,48.43381534576755,29.408001157279386,10.194205142094292
3956.0,81.58495990292633,48.16459707632358,29.4239326572377,10.327165421182098
3957.0,82.04937875257824,47.87284504046303,29.24635621694267,10.418985714296984
3958.0,82.3764225750063,47.68461197148684,29.37797377258324,10.413678885920042
3959.0,82.7188840384551,47.45918720016127,29.448749765276986,10.34252402315795
3960.0,82.87125377254885,47.08919398557622,29.570859499646485,10.317552151007288
3961.0,82.99517095053096,46.67062879765968,29.445203587612436,10.264005994223702
3962.0,82.87573707178332,46.50884293354488,29.28570072524385,10.137967730836372
3963.0,82.75673973522493,46.412246632809065,29.133607299549254,9.988682625415244
3964.0,82.68381086013865,46.284240085289085,28.888317046782426,9.780355360275468
3965.0,82.53992500637419,46.285183103415704,28.713909708372533,9.6125514182533
3966.0,82.03495485679282,46.24750308359522,28.701447054943163,9.461727223730657
3967.0,81.50048922742931,46.26073027851545,28.51381444420985,9.412385310967732
3968.0,81.04854810927215,46.30191928257103,28.553312685213207,9.338050374904451
3969.0,80.45871401443372,46.41513546959456,28.544933719822414,9.280316805941927
3970.0,79.83122956639296,46.62353217266837,28.55257729203132,9.206093531428314
3971.0,79.4653544289194,46.76768282608465,28.683281698335083,9.156180115211399
3972.0,79.1383053467181,47.06941754325423,28.74963260362963,9.086846633412106
3973.0,79.03116704626274,47.42716524686478,28.786097896951127,9.115517431774661
3974.0,78.80393408143955,47.64937542963542,28.881984471234667,9.169461009947472
3975.0,78.90093331262472,47.82620730877316,28.857997364325357,9.206767390544137
3976.0,79.00239008702577,47.97587502295751,28.931306197815122,9.151986337133676
3977.0,79.17960218138076,48.25965584927542,28.768213702573643,9.180234905306714
3978.0,79.57513354978863,48.74422361713992,28.7058714436757,9.216885022770793
3979.0,80.2900186356461,48.87919154438317,28.870128456502357,9.307256177624502
3980.0,80.84979145463004,48.92854783588016,28.910510332810635,9.356586690220208
3981.0,81.39945349137936,48.87505817712559,28.97749763939447,9.394680873025779
3982.0,81.74380159854823,48.92767772852813,29.37259704251673,9.478885226753468
3983.0,81.90116263185423,49.01419181317861,29.750187478141722,9.495485990640217
3984.0,81.90670744196491,49.10730376339089,30.17251989925469,9.448788374764998
3985.0,81.8727650401205,49.10701558133044,30.433781697220596,9.46006108740045
3986.0,81.78622951401725,49.064207167750666,30.723399061057645,9.493984821126707
3987.0,81.67391616099765,48.80580258555154,30.8426973791034,9.492125991309278
3988.0,81.44361547375284,48.704582774173915,30.758139757179926,9.539650906549461
3989.0,81.27331802769008,48.80491000839473,30.704690223409113,9.65072211374784
3990.0,81.08640393275053,48.810318132642855,30.610608731611798,9.806831319452122
3991.0,80.87033343000321,48.77254095379189,30.31656866349504,9.853803105249721
3992.0,80.83321006230761,48.76070400568918,30.16008606215516,9.987208963935053
3993.0,81.02700225180901,48.84789857110183,29.98680189733185,10.151549228643011
3994.0,81.30831072232144,48.96621392313251,29.716021307913344,10.358363913906762
3995.0,81.49405955164441,48.96661501706395,29.672500486121393,10.540287633480157
3996.0,81.7145064717241,49.03619315216598,29.698246827579908,10.73962341247196
3997.0,81.85314882713843,49.12732124945439,29.7667140564225,10.813610939365908
3998.0,81.8918914091903,48.94201083438519,29.883258813674487,10.905474435987223
3999.0,82.215709939201,48.89679322770132,30.086457416583976,11.007425979907872
4000.0,82.5151749914628,48.87832178406144,30.418832640965494,11.071682335379572
4001.0,82.83344270388184,48.806509834972054,30.655004061802913,11.082057928292631
4002.0,83.08586330294902,48.701746819361006,30.82724475350719,11.129189341576776
4003.0,83.18658379778422,48.70473476887187,31.06149187265381,11.189083607019928
4004.0,83.34936199970946,48.72379269736969,31.03247145191868,11.141032475264964
4005.0,83.52019067977919,48.62682903311381,30.98283456993315,11.062096654948261
4006.0,83.6991150432681,48.76312989594282,31.08280632395124,10.970578243859311
4007.0,84.02894613911114,49.15103852292798,31.000287210459554,10.818533056563375
4008.0,84.20172498657325,49.38762634037338,30.829449567233116,10.566203937914132
4009.0,84.30909891464249,49.4438295357111,30.56189760556915,10.39574576159459
4010.0,84.30569206349585,49.64726977291034,30.207129736789383,10.283716904939514
4011.0,84.07464511181678,49.82505838705757,29.992725407264683,10.075200992410299
4012.0,83.83711705557769,49.99732324672212,29.810926584968037,9.776896261540184
4013.0,83.57410858378815,50.20930893153098,29.539856113669867,9.529346934146284
4014.0,83.22397716898897,50.66323300394935,29.178415113902613,9.349470460458333
4015.0,82.95723997928103,50.910540957691126,28.81324272541132,9.243482656965847
4016.0,82.61998498992871,50.821199596543835,28.50792174559459,9.169580118018425
4017.0,82.21106901167079,50.986138411727886,28.165395649630447,9.174045139660311
4018.0,81.78783010529985,51.21115172029175,27.948154197094823,9.117414454831888
4019.0,81.39865731598393,51.34355523205188,27.847652831103584,9.04013924100745
4020.0,81.1168962605246,51.46560691373448,27.767336945432234,9.091714352650449
4021.0,80.76615023089232,51.57305651592301,27.584179960432017,9.242379663882987
4022.0,80.28865243199344,51.614918941704346,27.56898305868226,9.49077480400282
4023.0,79.97784468056716,51.37823320499364,27.658299652328175,9.719904573554693
4024.0,79.72337105599911,51.21844795650293,27.4852865374309,9.933010763088454
4025.0,79.38833524649411,51.19618629424259,27.20007049702911,10.037420871041125
4026.0,79.29075148841986,51.04834619714719,26.951191754757456,10.120585903890534
4027.0,79.16308002172231,51.0271022692262,26.811527065378737,10.25983021712559
4028.0,78.93263909347391,51.14190664099728,26.736780043889596,10.364232757828535
4029.0,78.99080615846373,51.354293982597554,26.700649862878787,10.443452708439318
4030.0,79.16680763549583,51.53655031390713,26.706297205574725,10.464297422210317
4031.0,79.44021432826312,51.79232219391771,26.747932110536237,10.41306381495262
4032.0,79.61105628186156,52.16965266378436,26.60673461195762,10.31096442801828
4033.0,79.50263756352874,52.50195125615848,26.563108788218646,10.264260671204505
4034.0,79.44381814671891,52.73466221517477,26.9058761875508,10.269724409876035
4035.0,79.37736210553366,52.94223952147817,27.361093345224305,10.26290212279553
4036.0,79.44120080924506,52.82959517364212,27.59493786557617,10.310185394345966
4037.0,79.65517245075226,52.56437444811742,27.713855865239786,10.354107727056071
4038.0,79.69927387351225,52.23530189233422,27.656542936216397,10.392157942807046
4039.0,79.73988379112313,51.9875630928013,27.5857416926606,10.437458252269261
4040.0,79.95476815245969,51.87268207144824,27.226227117707847,10.431545043355381
4041.0,80.22547300585097,51.913355027149166,27.264187116819727,10.457480935001835
4042.0,80.60712785581096,51.83388737871787,27.223237774980518,10.438964024921631
4043.0,80.96955091403046,52.10378165416668,27.035113920142308,10.404441248152889
4044.0,81.00960223588297,52.32938184532972,27.039430677949735,10.3762633174577
4045.0,80.90080324440322,52.69251597282946,26.92068650820712,10.224741603209875
4046.0,80.79840174365712,52.875984557497446,26.96204254132901,10.141376719400045
4047.0,80.61113197263373,53.13331537789302,27.131104110454558,10.071424192775172
4048.0,80.45909668546426,53.42769533073536,27.61204376126465,9.975559663527065
4049.0,80.1435311092362,53.40259725787371,28.219937920446725,9.963012692605284
4050.0,79.72947883076307,53.368566789218555,28.66883746183707,9.884418888205468
4051.0,79.37807401625685,53.37885269629672,29.38879457211784,9.804221122516678
4052.0,79.22151301282841,53.031794188922014,30.06130225276858,9.775463757365678
4053.0,79.16390216794551,52.6068751873239,30.55338532101384,9.791076312459975
4054.0,79.36031218327605,52.369705896522056,31.073041724480195,9.854674514674212
4055.0,79.38609428522992,52.1614838439596,31.39528060360312,9.855138386180542
4056.0,79.28435074362025,51.85532020803496,31.7361123842027,9.789618403991247
4057.0,79.1135934674396,51.38004729759463,31.74238518718595,9.73156667481922
4058.0,78.81115763873078,51.021638900402145,31.751847630487667,9.670638512378138
4059.0,78.50709094492025,50.58715261390637,31.76737415074303,9.648237442442168
4060.0,78.1247409416303,50.1428877066523,31.60153514193372,9.620058958811981
4061.0,77.87042350109957,49.846465102422805,31.30498282574076,9.567457228748207
4062.0,77.93659676215688,49.567638413208854,30.973364725271544,9.538679178151687
4063.0,78.03327268669534,49.30773411379887,30.67945363964554,9.523909411618183
4064.0,78.15836258818644,49.22210619969853,30.365493622499315,9.527843798244547
4065.0,78.39717990162765,49.02382188513366,30.052320436210152,9.60900871348278
4066.0,78.78783298471721,48.852637245020965,29.82618719968941,9.758001668967816
4067.0,79.31360144061411,48.75378912032414,29.707346695107535,9.85730637569127
4068.0,79.91830474573645,48.72909461729468,29.481197144579298,10.013426019165902
4069.0,80.4010651565714,48.75977835168396,29.292483353810248,10.197155870303328
4070.0,80.78083003085959,48.94383054888497,29.22653403613886,10.444280978889779
4071.0,80.83471368986503,49.15220228436432,29.270525060989105,10.664879906873988
4072.0,80.90489504180007,49.17780726997338,29.556803978098856,10.827858611371274
4073.0,81.08069142959609,49.21453673699815,29.89666569056631,10.97915084119336
4074.0,81.37324069233685,49.44339146800114,30.0414563883883,11.044821127725124
4075.0,81.6963516157275,49.61232572910068,30.164969227670294,11.047477598518082
4076.0,81.91679805275626,49.6061772539969,30.25985847406627,11.094635249060167
4077.0,82.0513173826329,49.512051660328495,30.675770296893713,11.160697491815725
4078.0,82.04974683752572,49.38313504071655,30.98691751184311,11.198052671238681
4079.0,82.04391362759554,49.0703262942239,31.347878286325496,11.163476656201372
4080.0,82.01396091432076,48.90682575136156,31.56868273765613,11.074685849608521
4081.0,81.84103237227302,48.99930671848212,31.61656885904278,11.033120445448048
4082.0,81.48081620023484,49.06513781155394,31.581154804331753,11.00797635336846
4083.0,81.19500504487597,48.914215075011924,31.763417159798323,10.918299346610471
4084.0,80.67772839366914,48.94145181444538,32.03284983974765,10.818638636060427
4085.0,80.22255818414746,49.22309745082857,32.36959553266183,10.698474156300792
4086.0,79.77586649872359,49.523469229370676,32.482120485026016,10.550763066668997
4087.0,79.51814683251939,49.78338313181965,32.60635388769478,10.32204655893418
4088.0,79.1793013658028,50.185153529666856,32.6450334309897,10.134885521488041
4089.0,78.9567965564411,50.48624359035187,32.82757106070797,10.053309275943464
4090.0,78.69134503727234,50.420236436957005,33.08962245972798,9.930242888278547
4091.0,78.64768180334279,50.342876888497244,33.27247145170316,9.717368962214422
4092.0,78.44248268359397,50.42194926051755,33.30264563425508,9.675142132931656
4093.0,78.39317380487562,50.317795422294076,33.19856361414621,9.708573891401159
4094.0,78.34648856634021,50.19276329418823,33.04157202567462,9.740038183698896
4095.0,78.36674403179995,49.8671428955778,32.771903159015956,9.692073531813392
4096.0,78.47139324910202,49.578619535105304,32.71884634285318,9.689733972301937
4097.0,78.60780109768257,49.126324382432756,32.68051091630628,9.679538338701676
4098.0,78.61032824044537,48.61302449192569,32.31431102437563,9.563782023640389
4099.0,78.59772989601623,48.24139456356439,31.75241065553181,9.463304436157983
4100.0,78.65059174232483,48.05234823983072,31.376892836648317,9.482132306743873
4101.0,78.80614299458603,47.818753066820506,30.992016285317916,9.443352532974766
4102.0,79.09947106484663,47.671309081726434,30.659420457894523,9.354275931597707
4103.0,79.37875218437142,47.53137221805011,30.261434649093033,9.24773654519793
4104.0,79.81271794971315,47.37649237211689,29.79528375739227,9.276208333785664
4105.0,80.31684731150702,47.32286059324566,29.143076249257778,9.355997902553959
4106.0,80.79540401293355,47.35058850925871,28.479547855433875,9.420003862161128
4107.0,81.10572213586332,47.36019128909054,27.914291032409142,9.555734427702024
4108.0,81.54311274321165,47.3797140467756,27.542216012625666,9.701273297810001
4109.0,81.78845476689747,47.15214965926128,27.12667815329203,9.854826005783652
4110.0,82.18432080134815,47.050861298359926,26.817743550948844,10.025104000976865
4111.0,82.34928504583608,47.12876607500447,26.649101438700985,10.168660088497221
4112.0,82.68003382723101,47.20976452249824,26.588766218676984,10.32745606083434
4113.0,82.8393990924003,47.55410915590723,26.75043748714718,10.374104727392975
4114.0,82.88471682349696,47.68825940529844,26.896989284992106,10.357972274070383
4115.0,82.77834420064553,47.570052088993364,27.11797134980224,10.352064778667494
4116.0,82.7965043707884,47.67188157052334,27.50817715823534,10.362624160599374
4117.0,82.63413570854799,47.72700341866539,27.870103174637038,10.411545856053726
4118.0,82.61922576548346,47.71384107793487,28.377389791945266,10.36858132012113
4119.0,82.23132795739569,47.606150531577406,28.733324985503977,10.368135171850815
4120.0,81.93901455240388,47.33503570568925,28.998397238080628,10.389541712050113
4121.0,81.46931105983823,47.02134595818366,29.259342707229745,10.38328566590007
4122.0,80.883024945311,46.576515003290545,29.53075698011299,10.40746971581902
4123.0,80.32108555090076,46.38027051834172,29.733313782657543,10.496350909582347
4124.0,79.91692351737356,46.49282264398088,29.823565241402452,10.541462056750706
4125.0,79.66190014668015,46.337153103412575,29.783749043399506,10.552065033479307
4126.0,79.62707885030014,46.269953076538805,29.675046601418632,10.534240515636519
4127.0,79.55774093506834,46.42786992974328,29.361061475078607,10.595265147755217
4128.0,79.6799950529618,46.53727265593583,29.268882720101928,10.660491564810783
4129.0,79.84489770160475,46.50080665278695,29.01543768973782,10.788211780473667
4130.0,80.06266183126313,46.374771944101454,28.765426525122468,10.954384320051227
4131.0,80.42278617164608,46.3797184415913,28.579163026939923,11.082086369557027
4132.0,80.77723275691228,46.222341518756195,28.466021763428373,11.142173881359827
4133.0,81.04068991658819,45.98396635968619,28.517155860486444,11.253549665836418
4134.0,81.43446145438736,45.880530824376365,28.633386770747933,11.31736650564457
4135.0,81.82907773952385,45.725706730315245,28.70451105119806,11.37107770051522
4136.0,82.1716429771254,45.52901158275358,28.763121212948207,11.415157773778514
4137.0,82.39314737790315,45.38880065317461,28.70313850688939,11.415975258985604
4138.0,82.51750366081586,45.486208320645055,28.781362382055164,11.29773123471831
4139.0,82.54449222528005,45.631015074459036,28.86402130318926,11.183143927093589
4140.0,82.50413902685715,45.585873784360814,28.86764978839903,11.142727013632122
4141.0,82.56046588377598,45.71836895801949,28.994687710703225,11.074531138733159
4142.0,82.74996605174454,45.95068183917007,29.02591930865401,10.953381613260646
4143.0,82.87376041855075,46.221453168670045,29.130813907219565,10.821421451336018
4144.0,82.91737653146905,46.56145218992909,29.049902217018932,10.639256112468647
4145.0,82.89551528162434,46.82179325075848,29.05363145177369,10.484986264329729
4146.0,82.91080594845775,46.95289096710177,29.021416944734046,10.37351961471284
4147.0,82.88121373381838,46.93744125507966,29.006157698560354,10.36090790259363
4148.0,83.05860513704923,47.04614440244808,28.867827119109858,10.319202490046527
4149.0,83.03373913546666,47.4383187122187,28.812180808424742,10.267796883909268
4150.0,82.85766476275549,47.5963142681932,28.770738904329843,10.2842885539947
4151.0,82.57813283945549,47.68216238264007,28.605770190471777,10.342129290904893
4152.0,81.99306625639744,47.664921039986304,28.27152799627071,10.390633433573685
4153.0,81.39121758628205,47.61124909901659,28.15250774707461,10.501668087078434
4154.0,80.93779049020486,47.61605322181397,27.804429225565926,10.512935570324633
4155.0,80.48943149728066,47.692670187862895,27.588231761011787,10.505388238204391
4156.0,80.10482214819245,47.7478396475693,27.329082555072624,10.434289926073609
4157.0,79.60538190615195,47.638732517252905,27.02251885565077,10.37695834868791
4158.0,79.28997245915617,47.31953049790624,26.614372669495424,10.292266173665757
4159.0,79.11158731770011,47.156821927211475,26.24377487989295,10.216244095619409
4160.0,79.10306312269171,46.9693656131183,26.0709645716759,10.203031980038883
4161.0,79.28637736976157,46.82067211839228,26.013037124372822,10.240701416294403
4162.0,79.56954691466368,46.73326666015417,25.96771310124332,10.3407508771199
4163.0,79.75897172090653,46.63440260582066,26.118525703462076,10.511346615855432
4164.0,79.951371689343,46.49633851317637,26.27671291568799,10.600531668887783
4165.0,80.11085576309176,46.41740410505816,26.729456268807283,10.715113207112198
4166.0,80.23432952711332,46.52375274150825,27.34627233634794,10.752500337351135
4167.0,80.38329855638426,46.701532245378836,28.064247202752362,10.791052910547476
4168.0,80.44069609499793,46.86387886880919,28.56254929633428,10.758883326699774
4169.0,80.23955148381455,46.99302713347861,28.89900557394751,10.689526503878392
4170.0,80.00278660304917,47.07901640445162,29.095067716608373,10.589622571587517
4171.0,79.6670647766819,47.107423848332814,29.226422712028725,10.398020314591532
4172.0,79.49901402666566,47.07800695815777,29.44064155300881,10.123967911958559
4173.0,79.42971607657535,47.084484754147994,29.48524844595972,9.83357818093359
4174.0,79.54010259749717,47.23610254020649,29.32135989996769,9.527402022910806
4175.0,79.78595243365893,47.329000021171794,29.15606283154285,9.417050867572968
4176.0,80.05538198098137,47.641882189071566,28.703813751154332,9.32316509049985
4177.0,80.2424559939771,47.92756788056592,28.42038418644544,9.327396141170162
4178.0,80.48653495219837,48.23744680338363,28.118213593184016,9.307975462908468
4179.0,80.63850809755641,48.46285750075645,27.894303437899225,9.321147520711111
4180.0,80.87071842844743,48.579683985581546,27.9405255325597,9.357516802822468
4181.0,81.03150569577039,48.792408747504886,28.027935375462413,9.50081128998308
4182.0,81.07819276860633,49.11989072898191,28.000962930702006,9.773174313762723
4183.0,80.997510211191,49.3625491333291,28.025514821013918,10.114425452373116
4184.0,81.01801200764531,49.5935442195029,28.074165806939362,10.376073951055407
4185.0,80.82684060665235,49.578052233801166,28.175741775967168,10.617842403677294
4186.0,80.53684628141313,49.740302435512206,28.08093368855553,10.84384661968696
4187.0,80.2796991183663,49.86982455820512,28.137764302304177,11.045747453956384
4188.0,80.05181921251531,50.16368627644966,28.205661802312527,11.224908420849557
4189.0,79.75695024365838,50.49154999498883,27.960815204164696,11.41104775351256
4190.0,79.48487888324132,50.71512992015794,27.591904956794767,11.552658465263283
4191.0,79.32059841678567,50.94247249717717,27.27811309797061,11.579327530700798
4192.0,79.19356969082084,51.05507940743339,26.964428043628004,11.523797100302598
4193.0,78.89973831011108,51.08052139703256,26.697369240641077,11.414242711480876
4194.0,78.73587949666717,51.17943687016814,26.623065472328157,11.330071183112494
4195.0,78.86881924479846,51.09440270913828,26.804823932209132,11.202318973184793
4196.0,79.08832541563916,51.063111667985865,26.726932208297804,11.135146294781427
4197.0,79.25571123871319,50.965047676665456,26.707393649004086,11.10145675883275
4198.0,79.29084403331339,50.85332066184377,26.881732032670612,11.055829662130945
4199.0,79.18678709581332,51.014251823317245,27.02056321615926,10.94604635933323
4200.0,78.98723054631733,50.929545870411786,27.30492119299558,10.935212020597541
4201.0,78.83335317021255,50.90295151065122,27.518670198444113,10.959906618163298
4202.0,78.59308833664846,50.99285841052426,27.792682735113363,10.978032686479684
4203.0,78.33120054053148,50.90958941312415,27.98490461808621,10.973977106597646
4204.0,78.0376802445469,50.92089666300585,28.1299927686727,10.985364589245215
4205.0,77.98964662085689,50.913520104858584,28.615407495000795,11.003005543130282
4206.0,77.95204573140425,50.89668469130722,28.950085284796288,11.015071505906286
4207.0,78.21160173073261,50.83237982065941,29.210111382518622,10.946660058312332
4208.0,78.56359719526206,50.52205617401617,29.47048220186999,10.958920878827628
4209.0,78.94248060101312,50.29279698485723,29.678612360578125,10.875723596969983
4210.0,79.02984869191239,49.96107078689771,29.88226621522452,10.796442226529521
4211.0,79.20254022595411,49.60262736698616,29.940377838377174,10.780575373631358
4212.0,79.43095726647489,49.27937307592279,29.9370535281555,10.815534547828522
4213.0,79.90705521714025,48.920110969999705,29.786185723746378,10.866948209174243
4214.0,80.19610118515241,48.580060206346744,29.633327629366818,10.82704101225212
4215.0,80.361982305281,48.150636070413285,29.617094897000825,10.77054803064712
4216.0,80.29761654840877,47.896438750544824,29.402697178548138,10.800392318500666
4217.0,80.1412921260038,47.67010762699431,29.274266033144855,10.785834100217995
4218.0,80.01095719592563,47.45902430187053,29.24692224377184,10.763277358539
4219.0,79.99541932374633,47.5762937790409,29.119774330329356,10.630195490014692
4220.0,79.85637153577174,47.59549514993645,29.10438095800862,10.493789355581722
4221.0,79.80706744313568,47.69134253147777,29.044340367673936,10.350663776255276
4222.0,79.43320383249382,47.77296675016379,29.120651085725438,10.234678560961761
4223.0,78.89288574687856,47.86694370197284,28.960061350842274,10.191973392724845
4224.0,78.70908129345905,48.04565153361449,28.706913450042034,10.169053601847619
4225.0,78.75894213933124,48.20957192734439,28.678195964850655,10.112587453382053
4226.0,78.99036676512875,48.294813918485765,28.541327121121974,10.13668872698828
4227.0,79.18269424797512,48.526424304817276,28.547388088747823,10.222303680737827
4228.0,79.53376313150929,48.67729062284884,28.539344110025038,10.383922098857113
4229.0,79.86639317753895,48.890182429911775,28.272863398084063,10.467107334027045
4230.0,80.16679409042968,48.99486679006018,27.977572540447138,10.49821111424917
4231.0,80.32706586313742,49.12511456637621,27.587819755527267,10.479920168317907
4232.0,80.5688789457897,49.14810295866222,27.29307480906727,10.462229636278188
4233.0,80.78589778710021,49.34762167421382,27.11810464465769,10.357898942716654
4234.0,80.82506681842999,49.476217613411805,26.982513190030954,10.305385001961195
4235.0,80.62055686075249,49.658559638101906,26.994811238451632,10.256878002820066
4236.0,80.62372027867411,49.80437256723823,26.850642548838103,10.164495298798663
4237.0,80.45131523685907,49.76602113590315,26.700017190456922,10.112890087416512
4238.0,80.45016824681728,49.70766793051854,26.712605516821462,10.133590258093195
4239.0,80.28685161682175,49.83353529500471,26.668812914310212,10.14341064135727
4240.0,80.24098501560943,49.78767470980231,26.573540143814096,10.15300786464776
4241.0,80.1350348355879,49.899140622466106,26.673501685756943,10.065801635014866
4242.0,79.98142147899674,49.98109255218016,26.75884357711617,10.022371748840817
4243.0,79.9895394425046,49.99723783502771,26.74127196892556,10.032425063375912
4244.0,80.16290652103666,50.09209409250996,26.738285138437437,9.972803057773667
4245.0,80.14111255928881,50.0428636392241,26.80119718337486,10.004483007997527
4246.0,80.32474845454938,50.19172687804807,27.012643431975967,10.030832353916447
4247.0,80.4967523703595,50.248641359252474,27.289905778364695,10.068446635660553
4248.0,80.54710090528368,50.075257000490176,27.833788716937025,10.132618671255635
4249.0,80.5139944490272,49.96450874037796,28.49105986963125,10.165162918688978
4250.0,80.6656217661467,49.81118792686904,29.03293195048725,10.255344289167935
4251.0,80.8657950649839,49.66002100717803,29.43107193973828,10.406798687754426
4252.0,80.85729482030226,49.47578076271889,29.756533818924005,10.504275061740971
4253.0,80.89462503141479,49.14609156142519,29.955259591962026,10.611021755195639
4254.0,81.0124889337499,48.79561832719897,29.95139363048056,10.642908073958026
4255.0,80.97306281496466,48.224421762676656,29.81358750906614,10.642486840527761
4256.0,81.00110641285036,47.71387031998893,29.6361297086215,10.61061296887013
4257.0,81.20522422242968,47.49772407519758,29.326061328684236,10.579771304799076
4258.0,81.50355749244751,47.42843504736608,28.994930456500516,10.532828946991517
4259.0,81.74538034400679,47.312698918958645,28.752674204824768,10.436290477949932
4260.0,81.93614220754898,47.16157078887353,28.602448266518543,10.312640011507948
4261.0,82.15520870191558,47.028752765274476,28.51576632556248,10.160500108116773
4262.0,82.14045291268975,47.053456255224674,28.597313925300664,9.933735192193875
4263.0,82.0775203596711,47.134611228623015,28.793824134615186,9.675678398743935
4264.0,82.14892371133858,47.15996292736674,29.058809655684946,9.391123803393343
4265.0,82.00533052602725,47.216578117794484,29.197100425444518,9.100087299347447
4266.0,81.94286213564526,47.12080860560557,29.507429195257085,8.81277876220961
4267.0,81.91405264008834,47.077627911892456,29.821728440982902,8.590465081059676
4268.0,81.88060025815311,47.07272992856597,29.970115998300678,8.478233226839823
4269.0,81.69747321672487,46.932214135483036,30.099738994077793,8.417266111018987
4270.0,81.42090906283542,46.74352031074706,30.168027236261494,8.347350424902565
4271.0,81.42331509034805,46.60232564839071,30.24658403350364,8.421890776304602
4272.0,81.27642692097848,46.52162862043713,30.37763594732374,8.546710475222646
4273.0,81.07283749023958,46.66119605709098,30.513988471193663,8.73007642843523
4274.0,81.13213314828971,46.749039918201376,30.709584105018745,8.872708350789939
4275.0,81.17893204968102,46.85158319346805,30.669987539580575,9.023166251570107
4276.0,81.2519262113446,47.01699856657262,30.68497096399242,9.215347131193438
4277.0,81.14603756676709,47.05325591450872,30.70380189804653,9.400093537152932
4278.0,81.11224230007821,47.236165766485,30.56452680438534,9.545821299982244
4279.0,81.11816604975252,47.56622458301041,30.384422498510848,9.766623878560603
4280.0,81.09664828817638,47.93335906790188,30.253008885608168,9.876511095241861
4281.0,81.21987403278392,48.44790979612553,30.049087599325567,9.976368181833836
4282.0,81.28171848308428,48.772590861437564,29.926777601276118,10.009632214140183
4283.0,81.06913259344161,49.028321622084995,29.778661153712736,10.063887128585932
4284.0,80.88249477581225,49.22049773732134,29.716880467095475,10.125522816460064
4285.0,80.65305454546241,49.02247909313429,29.58833081059698,10.157220158189089
4286.0,80.45646983857546,49.091629031120235,29.527804114480993,10.022766659598279
4287.0,80.22972656999275,49.11000070145176,29.59464059284883,9.970372212326884
4288.0,80.07055878289863,49.19414365402575,29.740323814061554,9.921449188060397
4289.0,79.87563338036696,49.149690586913835,29.687755568541665,9.97908288194509
4290.0,79.82443996913622,48.84149324450172,29.65361782749967,10.051262134312658
4291.0,79.88485954603836,48.656937083704975,29.44849901838701,10.133514191009303
4292.0,80.02651611065465,48.62291268463632,29.14128773247329,10.172310713342613
4293.0,80.00286951442145,48.58143314159177,29.17383643485898,10.176716027169215
4294.0,80.03123645582393,48.62480115092625,28.860428915922437,10.13413407369303
4295.0,80.24101422689627,48.44705674691435,28.651850626577676,10.234106363634774
4296.0,80.45580567364937,48.14103460731216,28.357002702612093,10.156971518129781
4297.0,80.62860645031432,47.81060655484602,28.05134882869591,10.037957350961003
4298.0,80.66989425358437,47.49772506106551,27.543623339554735,9.84661932075061
4299.0,80.51333235512418,47.341726999258015,27.126453911702633,9.627243178613648
4300.0,80.40946049412155,47.205362195004874,26.897677874056992,9.44607468034088
4301.0,80.2232469817462,47.05508437683581,26.7989716145562,9.341570982046026
4302.0,80.30098596762728,47.036369169682665,26.476869966256004,9.179628980427895
4303.0,80.41214158134882,47.032063312248084,26.367010975627792,9.050507320410638
4304.0,80.45224033862674,47.138178265767166,25.990135409476242,8.918425716702655
4305.0,80.58234124753525,47.44349316029961,25.75873129425044,8.8749299835416
4306.0,80.73883654612193,47.79888898132588,25.6910994667354,8.827162805797617
4307.0,80.88668412614966,48.19423164353089,25.80600252174267,8.81331053480977
4308.0,81.06705264464861,48.57711084826913,25.759874615339466,8.835283080781677
4309.0,81.02484455004787,49.03642276387075,25.449366172185442,8.870938317314472
4310.0,81.10148095633201,49.460140238227424,25.295497499291486,8.923848134192019
4311.0,80.94745044677975,49.93663164566299,24.972009238597174,9.043384366372967
4312.0,80.66574757821658,50.6051552318197,24.811461875164888,9.139355952759628
4313.0,80.30727870273117,51.16413808997512,24.563548215365252,9.205815976198457
4314.0,80.07807905990386,51.53306518947282,24.319132390011166,9.261506447967415
4315.0,79.81011052366686,51.943717276264756,24.071407735146316,9.318253128422466
4316.0,79.72877630960453,52.302401554922014,23.816031343276013,9.368640790099295
4317.0,79.69729159150201,52.49541905181022,23.58465484448776,9.43164915731749
4318.0,79.75436820667282,52.636556637106736,23.65652167309418,9.595313894299293
4319.0,79.69214580949135,52.698266597688324,23.72034613673648,9.700106573750265
4320.0,79.75732037663317,52.60777899224851,23.87851066539212,9.805473896112257
4321.0,79.8589468995666,52.22526854534583,23.97815477251311,9.932862195466717
4322.0,80.05128517177437,51.795704379574545,24.204739489861442,10.066214139438472
4323.0,80.10114061584642,51.54692279004507,24.436316348181364,10.264683268199686
4324.0,80.22713672532177,51.19317689277531,24.602140785970285,10.5158087273333
4325.0,80.15612059717839,50.73527042571452,24.83570209069511,10.69372226891506
4326.0,80.11980641653842,50.28536656035068,25.18052418360911,10.864609385816914
4327.0,80.22011138270578,49.83984650554596,25.37118123223229,10.970365068309206
4328.0,80.61505140025399,49.479186349343124,25.432713832556257,11.154635443994296
4329.0,80.97231970291526,49.148919835712,25.514309998711944,11.37439651946585
4330.0,81.38391580523442,49.0153824254821,25.504761673948313,11.527479457727859
4331.0,81.75342991430767,49.052034381861574,25.38650443573736,11.714409694933304
4332.0,82.06316886575496,49.10687279129712,25.114178890339712,11.829889623737492
4333.0,82.15084044070508,48.98038405733626,24.850955693961804,11.83612152344696
4334.0,82.24196975979777,48.838913542017316,24.51314574839475,11.828385124361283
4335.0,82.15678051759171,48.77010622836063,24.056404731147342,11.798310251318687
4336.0,81.99497653910927,48.701689580876945,23.64598697417099,11.624876084509031
4337.0,81.67948783373495,48.699876604999076,23.372119977552845,11.368930650727647
4338.0,81.5283655209872,48.66166858785386,23.198229285379437,11.061226718942082
4339.0,81.13471606312707,48.790983290703956,23.151301937044355,10.782930560631954
4340.0,80.62627757919387,48.87877189432126,23.340432470567404,10.482565903780786
4341.0,80.22046157628174,48.770566944569325,23.553361384805697,10.13187207250802
4342.0,80.02274888781193,48.90234989995023,23.864363799138047,9.893431783548184
4343.0,79.96771854960188,49.19397906123988,24.25445909994185,9.648586277453575
4344.0,80.09025798130554,49.60660619829667,24.941721076948287,9.431253142805712
4345.0,80.17217655636418,49.97768948302858,25.68611457013747,9.305296594098484
4346.0,80.05951030318107,50.13404698783338,26.178823409872827,9.142352372625083
4347.0,79.87550407269607,50.39295063117146,26.47403613361208,9.04111016942496
4348.0,79.92714638430125,50.53356208940263,26.81991530442684,8.939897554962883
4349.0,80.05844194864235,50.54308375114689,26.976445935608286,8.845609089376135
4350.0,80.09647040122665,50.75887646415129,27.444587174258118,8.816955250256203
4351.0,79.98234196569969,50.738220912974164,27.73521365138065,8.742830082682074
4352.0,79.99138781677361,50.449946721531035,28.043169812205317,8.731510530622797
4353.0,79.95884644042445,50.17934992382159,28.12318744332738,8.688736901028882
4354.0,79.84751305770287,49.89970335362132,28.15871995230046,8.580448421222979
4355.0,79.89893594135116,49.78373413608374,28.230949681542707,8.567887692361325
4356.0,79.69221240132421,49.630167815801556,28.18258393100791,8.578323935572895
4357.0,79.45636908624081,49.42048769716968,27.975667477382824,8.594761514215449
4358.0,79.16251961254709,49.26176319796099,27.887188922035964,8.653690448624276
4359.0,78.87289827656225,49.08279869650039,27.714768016698297,8.684026048735799
4360.0,78.40751088504237,49.00125914163443,27.6544997042649,8.754933826013065
4361.0,78.06442685325887,48.98096668642333,27.59217991477636,8.832498058108385
4362.0,77.68060602832611,48.91538019123796,27.487089658178938,8.898312724420439
4363.0,77.31430354000022,48.97609380047355,27.464940526660612,9.104433066856789
4364.0,76.96677277209693,49.01969973938208,27.532999561323845,9.287379515663353
4365.0,76.5987327868361,49.128870003877644,27.63209065509863,9.371384592034204
4366.0,76.33764876830881,49.322102688329146,27.909171557503054,9.429083491405
4367.0,76.40086796642389,49.41365145692254,28.236217007703722,9.469488437571007
4368.0,76.44781859623639,49.611807238180276,28.468393399256513,9.501079364635011
4369.0,76.90902527083209,49.84862627580753,28.428808924477643,9.44950148889944
4370.0,76.96687606460482,50.18191701485735,28.46997799598649,9.360100982886594
4371.0,77.01824137759819,50.45177713471486,28.47654163419002,9.331604864934603
4372.0,77.02654691119874,50.54075578965091,28.440469248972782,9.20682943817084
4373.0,77.06920690990216,50.729234783203765,28.475864123433595,9.10381267245975
4374.0,77.36438191935612,50.772233416265,28.763804989138077,9.041493628614877
4375.0,77.46136215513056,50.571541047740574,28.981783766367762,9.024245300551815
4376.0,77.12113750687635,50.48487622890394,29.17357020130026,9.006364276605012
4377.0,76.79003830710947,50.19313796508303,29.343831570187902,8.988727964961946
4378.0,76.4607731092508,49.912113498403414,29.66486028108352,8.980974667581098
4379.0,76.33226201617316,49.64644039229895,29.89441849904344,9.028329980587243
4380.0,76.21170275085889,49.519235260368966,30.035797179917708,9.131003829609439
4381.0,76.28979175072355,49.409489792103344,30.097389411916655,9.310857923314154
4382.0,76.42884846149236,49.28462773434658,29.933267949073823,9.452208593305352
4383.0,76.40383298903666,49.33387689824569,29.71852624498234,9.601846481081548
4384.0,76.34261650092279,49.52026673045667,29.608021291307846,9.71464923122366
4385.0,76.36351481531098,49.815317252197254,29.24688608199361,9.795696595710076
4386.0,76.43532343505552,50.08276891344583,29.021173807071897,9.972799005887634
4387.0,76.50914953359201,50.33051917866888,28.8480378384275,10.111669173728922
4388.0,76.37529645432785,50.53785918168463,28.569238889736027,10.281197622115492
4389.0,76.33900539669258,50.66653977144121,28.43907674066278,10.329398728197514
4390.0,76.19464703661795,50.674180769774644,28.331813581460942,10.318561731691
4391.0,75.92721147256984,50.66158561485139,28.37419626674561,10.372845059906153
4392.0,75.68738890312274,50.49096432689963,28.324724531629123,10.391103496451981
4393.0,75.44095583013706,50.45607352553651,28.313440271077685,10.499017288491984
4394.0,75.48131925068644,50.29576715405964,28.42830208449734,10.58006305429487
4395.0,75.5376606868646,50.31582587474323,28.478691267351607,10.554246392608636
4396.0,75.49702464064165,50.77965331954234,28.467195016520684,10.636207403089093
4397.0,75.68453162666738,51.13106160986415,28.633232404888567,10.609911379588308
4398.0,75.84190153914994,51.32687712526686,28.864323001817926,10.588246569952698
4399.0,75.92276714108853,51.59168463979794,29.10946085164481,10.586978741101714
4400.0,75.94439866114415,51.80779653224701,29.332457762751062,10.522414374591847
4401.0,75.91848367271389,51.857240112031555,29.494908679134987,10.48423893987391
4402.0,76.10760189464872,51.887153231788616,29.56955462084723,10.44065257325831
4403.0,76.29910978310997,51.89788103890991,29.680685542112304,10.419641509351164
4404.0,76.34139043785098,51.92945033854462,29.68648199613081,10.4347177229104
4405.0,76.21970751133009,51.45371537658013,29.687526583444225,10.426650476110865
4406.0,76.05816717580394,51.18131899237096,29.619945409552205,10.46835654726517
4407.0,75.75372273223827,51.08874285352001,29.478719306670456,10.531777634482314
4408.0,75.7031082130648,51.0783231789169,29.327695925660574,10.62533566005756
4409.0,75.74889430477995,51.07174000291959,29.284550149321813,10.70692789826877
4410.0,75.95209240732905,51.26330721177522,29.283401780634808,10.776605928598329
4411.0,76.09991813560188,51.55080408891469,29.29560896927365,10.810306813781331
4412.0,75.93808023837869,51.82714371754136,29.38559556229905,10.805808017874863
4413.0,75.85405470723919,51.983756813485435,29.454747587340332,10.862309630433007
4414.0,75.94082420041403,52.19832673640697,29.615093216176298,10.881191469833315
4415.0,76.02121316017197,52.33848798381966,29.738344225835338,10.871460255306832
4416.0,76.36890751520203,52.423093803034675,29.782208185906356,10.84590587076333
4417.0,76.63697518479206,52.42565910289781,29.80638960461274,10.74835999495569
4418.0,76.84705162016566,52.37979577145657,29.80512279907875,10.649609425533011
4419.0,77.11359497296219,52.290599227981645,29.799592843284664,10.521391671986024
4420.0,77.31051243578754,51.934730386176,29.73200689914675,10.36590718538946
4421.0,77.6384442941729,51.76221180570313,29.767329111609293,10.266404555168688
4422.0,77.95500763431866,51.42156601452022,29.81935852192474,10.108538179811688
4423.0,78.37831339149074,51.00418067823472,29.868624694017125,9.987083317143842
4424.0,78.65181344357387,50.76074154337252,29.984995566483576,9.939468225065099
4425.0,78.85656181744679,50.456984979323295,30.03141413316936,9.946521316653659
4426.0,78.91898853892688,50.149894807338256,29.966807127518702,9.903705350444298
4427.0,78.917353850534,49.91535483514589,29.767965803132757,9.922435104974962
4428.0,78.89016388969438,49.83181640057899,29.59365654994408,10.034545813517605
4429.0,78.95229146350651,49.868640092724235,29.39978774922004,10.246208086341023
4430.0,78.90296367057134,49.814530131091004,29.05724577052858,10.499469115143373
4431.0,78.96313237660135,49.88673672202528,28.743907315217566,10.71338058248348
4432.0,78.92252152773823,50.17401998041784,28.483612102726415,10.835919533915197
4433.0,79.0742080484459,50.34987722335291,28.199474711873584,10.888159116931888
4434.0,79.0107264030108,50.60831855472004,28.155674753703494,10.875638553137893
4435.0,78.85440704853228,50.910434699662865,28.133573035270526,10.959195484269623
4436.0,78.9009705727989,51.185457209519946,28.2403132452066,11.00747755676634
4437.0,79.02124111832703,51.27626201633586,28.317254901152552,11.000225441813807
4438.0,79.08701214492841,51.43464702920809,28.38332522525018,10.948821165599954
4439.0,79.39129569105435,51.61397134857222,28.653680154269914,10.856802120434647
4440.0,79.40297659408878,51.6532353600379,28.8735678709892,10.798575443171764
4441.0,79.52096392658461,51.40312592482976,28.932596978928856,10.806451855983656
4442.0,79.76234349850606,51.242938014095,29.140782126589578,10.846285831322852
4443.0,80.01057409021367,51.252141090707426,29.305264524312996,10.843497820643485
4444.0,80.39737959644745,51.16569407399462,29.63671106213336,10.835473095594812
4445.0,80.63453124256225,51.22104846550544,30.00718407463873,10.770726334652911
4446.0,80.91333579945427,51.23243290736534,30.332239182915835,10.710493947182385
4447.0,81.34208630693806,51.232327298114704,30.731854270486508,10.57917181681268
4448.0,81.66668054663945,51.2626655656762,31.042846325545792,10.436422446592442
4449.0,82.09910367758815,51.37691284602002,31.397770535536154,10.307728776507869
4450.0,82.33070769795478,51.695727533191246,31.724857274043917,10.24179298376386
4451.0,82.42771454417068,51.81372810777123,31.73760739924226,10.181902989592006
4452.0,82.67267944416864,51.75142276576793,31.6002562980407,10.176544561139988
4453.0,82.77008497929874,51.86000203132859,31.13737744657559,10.107131752281285
4454.0,82.87407445894833,51.87261646931739,30.648323656909454,10.100123628339471
4455.0,82.70015572141656,52.138200748961296,30.26407887132303,10.077118739032791
4456.0,82.44894527733328,52.33147061694638,29.760004532698066,10.113690885268568
4457.0,82.08288640721284,52.488873107241005,29.050865875889922,10.142604553424997
4458.0,81.9870389077683,52.6352904480229,28.43362314258404,10.177272468740608
4459.0,81.81170547032269,52.8931303851787,28.06767123326178,10.14171723755303
4460.0,81.38907695094291,53.23576165738991,27.807395498162325,10.13729833308253
4461.0,80.86548562733068,53.396839411245125,27.57213582678337,10.157807415787207
4462.0,80.67727805849748,53.61933670815381,27.620423146524214,10.19383929295163
4463.0,80.5273460446694,53.59534127738311,27.590426500733027,10.335913915953059
4464.0,80.38783707427079,53.33961666760343,27.560658752740682,10.415665601092998
4465.0,80.33842118382415,53.053104854841905,27.54868170996727,10.431662190180699
4466.0,80.39461907801847,52.751226409526495,27.6603019690261,10.45200672330849
4467.0,80.40042834087839,52.38024835037569,27.68140854744043,10.478414690125563
4468.0,80.59305272145049,51.84684989057253,27.470800129149023,10.474539675130439
4469.0,80.99758024820423,51.22806753336985,27.24456917476886,10.39770334313016
4470.0,81.47719113857015,50.78589531897626,27.05217997469414,10.338462447114981
4471.0,81.8598548470631,50.12399383424985,26.961242044370962,10.295121527776411
4472.0,82.21168552270882,49.70027319679197,26.99197277103653,10.172330048182266
4473.0,82.55108603041006,49.39973318570704,27.013596845349046,10.118067338347878
4474.0,82.73633583424454,49.14474945617417,27.054143526836015,10.097151205407682
4475.0,82.94580803841825,48.81449989505178,27.159880674329155,10.116499501957339
4476.0,82.93881966384679,48.738386957942396,27.49639419539548,10.07887044642854
4477.0,83.02028027865848,48.71498908723636,27.963216640563918,10.0191755508428
4478.0,83.09128826550415,48.78032419924193,28.3637022795601,9.991233828562924
4479.0,83.03957881039594,48.92637945850818,28.75776387254389,9.944952668098868
4480.0,82.90229404097396,49.17782392109446,28.889943365853462,9.947404288131377
4481.0,82.56447898830885,49.45687757820467,28.945764793824136,9.931072473494964
4482.0,82.2324126348801,49.701332819578475,28.997764617606826,9.888361845943152
4483.0,81.78248112290117,49.89218105469164,29.19025781539745,9.971170053590694
4484.0,81.33476667257678,50.204095788833115,29.23731347508145,9.990117222615432
4485.0,81.07925405690699,50.285147910958074,29.14493948478131,9.987847720863638
4486.0,80.64201798847739,50.3082446645056,29.193306163956855,10.086077425449755
4487.0,80.16819286154805,50.5412927270616,29.18926109129261,10.16791481892403
4488.0,79.95610599721451,50.66287344993926,29.390927923523893,10.267219966983742
4489.0,79.80602095356107,50.68464034178564,29.693278661560733,10.371088842417427
4490.0,79.78886934262044,50.52082149130792,30.007097572893155,10.445650681338865
4491.0,80.03578327552164,50.3989351439068,30.275983907217736,10.498415198488262
4492.0,80.26057789219787,50.34113824908732,30.32379946507523,10.444112554906612
4493.0,80.513874880363,50.19513503516946,30.353309390892104,10.436044366505568
4494.0,80.80179915302705,50.04610904944068,30.238356956032774,10.449419340990026
4495.0,81.2940939601503,49.87840980756177,29.945138363110413,10.320079565551934
4496.0,81.65970741901137,49.629238902097484,29.7766655365476,10.19183243729745
4497.0,81.59203846761119,49.28985378197143,29.62753227446931,10.132914778212456
4498.0,81.48972611701284,49.17839531217593,29.650600054228516,10.038382656842414
4499.0,81.51602386310428,49.215976392718005,29.687903477237082,9.931619345785021
4500.0,81.37503515513265,49.32789314500279,29.839148317062005,9.851546828584606
4501.0,81.26393386291883,49.368111828798625,30.07028063890371,9.737082626189276
4502.0,81.01483797768637,49.52538389970416,30.327416870441077,9.558616283193114
4503.0,80.71074764165112,49.78469122078853,30.640999712308325,9.417605738733867
4504.0,80.24708621862345,50.0525643703643,31.009984619509954,9.35757736683273
4505.0,79.88076626509869,50.35472571926249,31.28289328455633,9.318970186333091
4506.0,79.75450470934521,50.75461091838601,31.352054089160806,9.202862557290011
4507.0,79.66878767516721,50.98444030007067,31.188571398302372,9.10414416464255
4508.0,79.55329886259773,51.21093875644873,30.8915508797,9.024091259224965
4509.0,79.25874335125603,51.24908539355559,30.50216108696178,9.048795891853114
4510.0,79.03580089446098,51.14773306707065,30.02944791284359,9.141430421269307
4511.0,78.94640297399275,50.925827410375845,29.5779845230103,9.269008474398856
4512.0,78.85663309699612,50.83106497310524,29.259803861836485,9.385538337107494
4513.0,78.79730868944128,50.80804388173347,28.919258339721384,9.5649468667758
4514.0,78.92775421267129,50.60686004025048,28.81830364884637,9.740264148294639
4515.0,79.09390232641985,50.37974273047527,28.723660769492845,9.888774616168458
4516.0,79.1529546269786,50.13306769525555,28.67670172148003,10.047010832642838
4517.0,79.24222188275927,49.929990010274224,28.750804314434642,10.246004971907597
4518.0,79.71916526899612,49.778874799764814,28.80410912913851,10.419352354960864
4519.0,80.18059146804643,49.75563407950521,29.07824052308269,10.583285785875164
4520.0,80.52463288420935,49.650887175072945,29.501936489206496,10.757949714775412
4521.0,80.85274294964825,49.613304876328016,29.857223613904928,10.950917142599675
4522.0,81.11422766234215,49.57902378256898,30.04516210974478,11.060032019623197
4523.0,81.01925446676972,49.59569101810955,30.1169613744808,11.219136491464177
4524.0,81.08591206621506,49.4881640106888,30.194785851701255,11.382498855248954
4525.0,81.23681612283474,49.5447863377562,30.181570132520974,11.47455626032556
4526.0,81.22933097031023,49.57389120920863,30.247206704182087,11.529539971233731
4527.0,81.0522991010395,49.46486767307011,30.46739371338739,11.523398256445683
4528.0,80.99939998768974,49.48279625702397,30.487130643595524,11.520105640686154
4529.0,80.92721632878533,49.46200095704551,30.378096438129436,11.521988122143892
4530.0,80.87602200032269,49.31692250329204,30.04664425022817,11.447878843828544
4531.0,80.74741495339174,49.18681542212285,29.928968145053496,11.433996959169482
4532.0,80.75672108403592,48.74985339958412,29.856981729708927,11.430967180980161
4533.0,80.43817839595764,48.58870022475491,29.915493716581153,11.348820248036903
4534.0,79.92340685488476,48.34853308690281,30.16031544380703,11.291430465174631
4535.0,79.6174701947099,48.22527758448762,30.08963472834641,11.214528047163505
4536.0,79.17274736098322,48.215941800246185,29.992757321829888,11.102133360478094
4537.0,78.58843339859581,48.09862256551621,30.07582121320236,10.926381610624514
4538.0,78.10761779377978,48.29133245132837,30.191001632136924,10.738359803050441
4539.0,77.68762240073201,48.40896992342806,30.407133043474943,10.60501106477831
4540.0,77.38373266922812,48.469059797260385,30.532677147638175,10.509382537283015
4541.0,77.14740167585575,48.8456067479967,30.520316564766038,10.382727805335962
4542.0,76.99030502640562,49.11071898189331,30.510361918514697,10.374959343092856
4543.0,77.04298081370077,49.46294960674505,30.60855880599527,10.404644028225208
4544.0,76.93709743947979,49.571675433042834,30.92629042484743,10.438687495155293
4545.0,76.94066482855685,49.706221956183214,31.10449688838739,10.503346395447885
4546.0,77.22669935726262,49.84082957057941,31.022756337897615,10.554009111438926
4547.0,77.57826461004869,50.057341651302416,30.965970962633335,10.689593213192031
4548.0,77.7290406522791,50.242408693585254,30.953898775473036,10.772662755065
4549.0,77.97818105264169,50.424010950292974,30.873415325078938,10.793325626761384
4550.0,78.19239945387358,50.69116573671899,30.863961088332104,10.8549421236505
4551.0,78.58366485108306,50.77262043765397,30.69668124267004,10.869455256384457
4552.0,78.9719980446508,50.86090843366828,30.239450383216088,10.866068930205891
4553.0,79.36665735307156,51.11447060689308,29.645830376665316,10.847939459666492
4554.0,79.85497954946807,51.35697941309068,29.02458071056965,10.841579091828537
4555.0,80.00041780965319,51.48663939234153,28.576366293172963,10.819319298988702
4556.0,80.11491290932247,51.29914323711886,28.20630032439255,10.687709759929618
4557.0,80.36350964873276,51.220643519822126,27.842063258790112,10.66195842383636
4558.0,80.3849199315396,51.27905042508907,27.722079016961,10.6173630535641
4559.0,80.31846418618092,51.11846466500294,27.560771360374382,10.433429368213776
4560.0,80.12497624329298,51.369740389151765,27.41756075443895,10.217843730661547
4561.0,79.85282265581999,51.43119015601988,27.31391030431764,9.965977822160696
4562.0,79.6553565392217,51.36074891538912,27.146934091252753,9.755420188611446
4563.0,79.37883694817846,51.338278630498806,26.993307602370475,9.578577747347726
4564.0,78.97009655634686,51.499088453733755,26.792407624193054,9.553480532101064
4565.0,78.47453589921494,51.80070060362426,26.493986139993346,9.493633921855789
4566.0,77.88878262589198,52.003124622218756,26.24321076296671,9.38384192274561
4567.0,77.33508229717579,52.10895039955576,25.893400013165866,9.296937894303104
4568.0,76.9592213863414,52.210503850558446,25.62674837033334,9.326850219680642
4569.0,76.68499998174981,52.02669522670067,25.391292330480663,9.426089402657576
4570.0,76.49497554791489,51.89582237753192,25.153522382485423,9.586699100996933
4571.0,76.36239331426484,51.73119700672463,25.157293453493057,9.722312879533723
4572.0,76.29668195244207,51.539158988415004,25.441547897117943,9.747548546194132
4573.0,76.60385350978574,51.24359049196789,25.774337088998855,9.697836271317417
4574.0,76.8185242261506,50.78201915887541,26.039278535098333,9.700457554089994
4575.0,77.05629760236774,50.38576736864631,26.248849031176476,9.798383050904743
4576.0,77.37234075734922,49.998491743488344,26.486944098942114,9.911234826538763
4577.0,77.62687173059956,49.78218052758306,26.79406481347073,9.87821195395351
4578.0,77.74286029260269,49.637521595140086,27.0736447533557,9.790757456898191
4579.0,77.81591540302043,49.498432522852085,27.421998630158562,9.648529052757564
4580.0,77.83136448236367,49.42839862124805,27.796731469379207,9.546733151711194
4581.0,77.88331410725661,49.59192174628293,28.03016601969754,9.5236310413551
4582.0,77.99457726852738,49.72373899684213,28.26800991679869,9.505419820834783
4583.0,78.1981318806886,49.832074547069105,28.746622409899356,9.495600249612924
4584.0,78.46413370232526,49.93078026395966,29.352513273468915,9.427914774317747
4585.0,78.74659842483597,50.13014371277136,29.901140066144055,9.347087681801213
4586.0,79.03875610589103,50.21295662979637,30.250074976992636,9.384676774783207
4587.0,79.46117804755475,50.228506698744695,30.65072285319501,9.475551380476444
4588.0,79.94492278987141,50.206207370769334,31.040057361637672,9.5742671257293
4589.0,80.47308502372276,50.3575667384979,31.25267422886215,9.67384410535585
4590.0,80.94109728906486,50.28631266992902,31.48430634423825,9.76055198298144
4591.0,81.18434945380125,50.480296493752164,31.546080583303283,9.78777556323272
4592.0,81.24337285562395,50.750028182107144,31.35127378685981,9.855181922158307
4593.0,81.33562088987513,50.79486432418879,31.048029682015923,9.873263042447721
4594.0,81.44517365647069,50.65502164814515,30.79074219960158,9.951297127586638
4595.0,81.4401151918894,50.637442046967344,30.65198696170261,10.011496187633488
4596.0,81.42087105814495,50.7212787205654,30.620860361649648,10.012639656087739
4597.0,81.32351382771806,50.97053941272096,30.597811124702012,10.049477956170502
4598.0,80.94220288887854,51.12832177558339,30.516737273801397,10.075687098964984
4599.0,80.36309346231178,51.18750494148533,30.370845749545712,10.081670988378356
4600.0,79.77681124349974,51.134176889059525,30.309756888599967,10.126834612383217
4601.0,79.35055343049366,51.072315973672545,30.40358617272328,10.14376130661139
4602.0,78.86079645611795,51.16971407502308,30.418419644185903,10.175849179638577
4603.0,78.45167336221351,51.57525580998988,30.19855975525808,10.165147074335644
4604.0,78.04861717345518,52.00712069328627,29.986273152778253,10.169269133023308
4605.0,77.6401249597411,52.34553385184919,29.666683333197025,10.202307659648229
4606.0,77.34809313105764,52.546279174681786,29.440378828160853,10.202198191442028
4607.0,77.08497916415271,52.477233271828254,29.625611364095562,10.141277632636443
4608.0,76.97969872130464,52.685375088266824,29.831682397739492,10.079524306161135
4609.0,76.98967923602254,52.798015733021465,29.941053663145105,10.025594432476808
4610.0,77.11285011214264,52.817567656466466,29.9612677259846,9.93026183297941
4611.0,77.25781576423722,52.85731730473373,30.21640384854225,9.787890320795771
4612.0,77.3099941730894,52.68214553953206,30.626997041644394,9.71329064368754
4613.0,77.5133841686992,52.34245698930029,31.09947444889658,9.670997169222439
4614.0,77.54572395304476,52.03510043072408,31.577600240290057,9.641908348941671
4615.0,77.62226829474761,51.68126522112501,31.896015044023134,9.721084944170402
4616.0,77.87509979869576,51.45667661759725,31.910264903971935,9.82374566162512
4617.0,78.03953060383664,51.07738862631306,31.83820035587191,9.954747472354471
4618.0,78.18577014210656,50.70042161686211,32.05050492966489,10.021956281118692
4619.0,78.29880825330142,50.43905378650023,32.2462223983042,10.148984680958916
4620.0,78.46562963938798,50.28238789528666,32.27030301969849,10.313074296487637
4621.0,78.7683395200818,49.946232673561624,32.04437634790443,10.457875881150388
4622.0,78.90740878334239,49.78110214432221,31.81027286147481,10.596479204851706
4623.0,79.43005720172556,49.67212909680097,31.60110123935393,10.71741912627543
4624.0,79.69560011910019,49.65156728229715,31.47301033779924,10.74051968837994
4625.0,79.95294658782797,49.73450139208268,31.48817463855913,10.760664849995978
4626.0,80.3681445540501,49.7896322644967,31.574050641162316,10.715168860691191
4627.0,80.92486363811214,49.9279512419128,31.416620011338622,10.719634754554342
4628.0,81.39337377839604,50.04689605597128,31.27996112881293,10.692251071960447
4629.0,81.72655606354786,50.1432036708422,30.955770966173638,10.673051086070954
4630.0,81.93862278881389,50.46425441852509,30.828265260857943,10.628485809390432
4631.0,82.28619795195286,50.61460437909331,30.55416246486706,10.60375142927207
4632.0,82.42224291824459,50.57223581203593,30.35164546359448,10.545489788445742
4633.0,82.78241973951351,50.515273717219536,30.178969968758146,10.518335056932958
4634.0,83.02962060868843,50.54096115438319,29.91451247150212,10.50993004381998
4635.0,83.15132411873748,50.62273522933343,29.61333408650271,10.587236056566613
4636.0,83.07258412324049,50.61839322433269,29.368848658139623,10.653713147604853
4637.0,83.0341522829232,50.61508583587901,28.974099713088986,10.722584366257236
4638.0,83.07419726873745,50.48326101415153,28.719388087556034,10.801793582281654
4639.0,83.06038556748162,50.323516436887935,28.52501601127259,10.883863319141708
4640.0,82.8455761817323,50.2310631112029,28.401695476334517,10.922140946821045
4641.0,82.65748237885518,50.31299822916443,28.124743515108136,10.958518982872532
4642.0,82.32324678451494,50.49560240253834,27.816500933674323,10.989987418383256
4643.0,82.06370289607923,50.61601199112572,27.472566471322214,11.069048760834647
4644.0,81.84158302623318,50.82681341097758,27.065657892569078,11.109982739218898
4645.0,81.74441692193304,51.043286076895185,26.69279270433091,11.14480550538282
4646.0,81.64536780952392,51.41940646465408,26.52427368112766,11.134056361323703
4647.0,81.52049832991186,51.70126744214238,26.430873026415867,11.156801597208938
4648.0,81.42326899346378,51.8293676809869,26.213182715908268,11.137153624569539
4649.0,81.4469693425173,51.9454224241499,26.07739612011995,11.111646142813415
4650.0,81.17488709685593,51.91020309414577,25.934800145345775,11.093505029422067
4651.0,81.00791775104976,51.67103831050754,25.747237404080238,11.066371498912778
4652.0,80.81519417602925,51.464780373399115,25.59565641225718,10.921835185470975
4653.0,80.69646339414368,51.18840213142363,25.51871961093945,10.749775903183924
4654.0,80.41721868337487,50.74260744630816,25.789050447472967,10.677549648876367
4655.0,80.24281673124248,50.204622155728394,25.657637545578137,10.68347126715228
4656.0,79.89296975874288,49.76913485377666,25.415252883319468,10.618194438812827
4657.0,79.4713861530697,49.51951615614155,25.510905488078294,10.539467984784151
4658.0,79.15941688584012,49.39494226967754,25.573213441352586,10.533498947583082
4659.0,79.0254114838618,49.43287017051036,25.906226105783997,10.58886372244649
4660.0,79.04964149109516,49.68201351775589,26.368324721864553,10.566583044606977
4661.0,79.11847645829006,49.91707915821977,26.586746609642177,10.630119749144221
4662.0,79.07712053436482,50.03503242916444,26.803020302908422,10.72285994342549
4663.0,79.1547129863574,50.358960450342536,26.718843304407578,10.721440632488783
4664.0,79.17937564303365,50.739441295244134,26.96247132174906,10.70807920537673
4665.0,79.44728653621064,51.207050143181746,27.330574493055227,10.702427482304858
4666.0,79.80936480493202,51.41260323474479,27.507478538637848,10.728554637086605
4667.0,80.0306484628545,51.47693837592935,27.726799767635857,10.666090574620414
4668.0,80.3214964198585,51.37837159865888,27.702392072621862,10.573611253837871
4669.0,80.42323610158901,51.07472156958751,27.569894853107566,10.496516943374939
4670.0,80.43186598649515,50.59536053989159,27.624377094520057,10.403020033990394
4671.0,80.44078993728603,50.31761909301334,27.73330798802369,10.310613030590511
4672.0,80.30843008514569,49.942206422427596,27.81869856447449,10.195435847460987
4673.0,80.16326765232796,49.49007233740494,27.754942425447915,10.057427957174394
4674.0,79.93055648338553,48.83103406258661,27.67359704331377,9.909361194017723
4675.0,79.85469941918521,48.31117276131402,27.50925735283687,9.75907813644963
4676.0,79.65670000747625,47.997284227177765,27.302405780035986,9.576370627898672
4677.0,79.25059778601181,47.760154530937164,27.213161669403398,9.427477174248924
4678.0,78.66684900423104,47.68249814514815,27.131810796690367,9.353519927340084
4679.0,78.28471285304617,47.64705257831407,27.176056654077723,9.276691657325758
4680.0,78.07853298803575,47.68126754996715,27.246060800850298,9.229298750707859
4681.0,77.9713767538542,47.84224419036345,27.295891694258685,9.26359934838994
4682.0,77.87622690142811,48.077770065856875,27.44738973763073,9.334098454753317
4683.0,77.75092309835075,48.38797154203604,27.589113916924614,9.41436570314971
4684.0,77.45350721931815,48.672434908021486,27.820216092351874,9.552948439208626
4685.0,77.46503942584776,48.75912764090868,27.873099526054848,9.73518420399085
4686.0,77.72351495118731,48.94255475264796,27.87324761615431,9.853512793680869
4687.0,78.23015152424854,49.01694902810036,27.93460479234715,10.002539374648245
4688.0,78.68754665206387,49.29695475207788,27.75755201930753,10.108569377574899
4689.0,79.08424499579642,49.46252868952445,27.58022556682929,10.220538746899269
4690.0,79.49352595854246,49.52075652746589,27.486719494374057,10.240644123362694
4691.0,79.77058721398323,49.35050533000207,27.511290302738463,10.211126429479357
4692.0,80.21507617341015,49.31194511525951,27.517725629208176,10.252841435951547
4693.0,80.56518919289863,49.292226532016535,27.430397443147406,10.183216472557499
4694.0,80.85984825179756,49.37453713827569,27.495268957377853,10.166040744644386
4695.0,81.1161534020444,49.456767062799926,27.49562046098008,10.166361034251864
4696.0,81.1858064910815,49.5727146566949,27.349154649057244,10.057548169637691
4697.0,81.09659669923839,49.585070475685285,27.534527861165202,10.004226411374255
4698.0,81.07695425239389,49.36988134098204,27.632384249623048,9.936025667564437
4699.0,80.95307642964717,49.40840787093736,27.367682562521182,9.920006428736205
4700.0,80.88192486397102,49.60822467051957,27.13946500457046,9.980387744421172
4701.0,80.66963973466841,49.871506983882206,26.944831512381022,9.983434968334821
4702.0,80.63677499344128,50.124552762963255,26.945753781321,9.965607472839524
4703.0,80.47510311277387,50.264141093718024,27.07938877637214,9.90690886710495
4704.0,80.31846362325071,50.2836793065472,27.178694081217074,9.807857603233284
4705.0,79.9527944706916,50.34093306578495,27.510495415168812,9.783160002978482
4706.0,79.59759074665585,50.52384650458221,27.75401435020734,9.71619407914271
4707.0,79.06697078280632,50.96009196660802,27.97883356342501,9.661852426403994
4708.0,78.42256234731792,51.046167671819646,28.431467206528357,9.576595737654769
4709.0,77.97663820563959,51.178688232752116,28.88961052338753,9.44717407749642
4710.0,77.78590161814172,51.31207702549098,29.333093169162545,9.345192641979702
4711.0,77.59219673598857,51.515225660179475,29.64131505651473,9.25681879171319
4712.0,77.39713300831657,51.485144659645506,29.85753923939653,9.134452228574537
4713.0,77.13211493903198,51.70849632051128,30.271089667869376,9.089141072781466
4714.0,77.10931597738993,51.87003841597336,30.554573920427494,8.998931581014558
4715.0,77.30547322781469,51.961647802029496,30.64410429557489,8.987669298938771
4716.0,77.57924774712215,52.03208303590123,30.61076632910622,8.909300103799248
4717.0,78.17617837924706,52.26774212342663,30.66566591697913,8.931900048279635
4718.0,78.59097691533432,52.43793999166242,30.58969027980178,8.949578498675343
4719.0,78.66198246044183,52.290820658562296,30.61248355550181,8.974067958129606
4720.0,78.61507164764458,51.94175625322652,30.62399667458021,9.084820485971031
4721.0,78.61951342713711,51.8410707155653,30.568027114444746,9.189641891400003
4722.0,78.56533050441529,51.51444075786931,30.373425940847692,9.355693679830086
4723.0,78.46550807095052,51.08578504517756,30.056735062099786,9.584470803441725
4724.0,78.2766654253292,50.583156090253006,29.841666608856794,9.815169370801284
4725.0,77.93421167062628,50.043763244303136,29.76503463081865,10.06160996400163
4726.0,77.44268787893036,49.55055597852527,29.67832184127075,10.210386322361567
4727.0,76.88840814455561,49.16283560438846,29.61468342631426,10.306786161474417
4728.0,76.58404828467255,48.920462099109535,29.36630273565773,10.409309708326347
4729.0,76.42389407597824,48.928127156196595,29.113830832083785,10.47256710991886
4730.0,76.35304730539359,49.028395815409475,28.633662141702764,10.572019454272764
4731.0,76.44461713078071,49.31034942489684,28.19587437637638,10.571204890350584
4732.0,76.60824868856214,49.74031228103665,27.94731450872257,10.57383303727197
4733.0,76.74708563985766,50.21146607777325,27.776642300930583,10.56084710482975
4734.0,77.22366811892691,50.57189343501005,27.44968109348828,10.544574418623531
4735.0,77.86974463675514,50.91152968076303,27.088835319527284,10.526251781368666
4736.0,78.62149320679022,51.01618639028096,26.835337389950233,10.561276702651474
4737.0,79.08978517460761,51.132205174795864,26.79775464945972,10.591075156377673
4738.0,79.36202723277155,51.225633299156584,26.77846938854072,10.620481519709351
4739.0,79.7458275544979,51.2929214581866,26.89304073439873,10.66126706790925
4740.0,79.88782825050765,51.28679146467846,26.913238804083623,10.651867456957165
4741.0,80.03837811394047,51.265112239690175,26.96997043806156,10.61442792432731
4742.0,80.0875582931583,51.00027316444439,27.002777150376453,10.559711135210817
4743.0,79.8370985949168,50.72556445006732,27.367027941990052,10.520130706330823
4744.0,79.33923090852011,50.45791928234266,27.716961719457444,10.495042105819417
4745.0,78.90557979372173,50.274921026348196,27.850157324436083,10.439913210976124
4746.0,78.68278844204528,50.16453896450935,27.899320227065523,10.268998457521363
4747.0,78.67954855669181,50.06934481201833,28.040649415363877,10.111498156557953
4748.0,78.36638258607336,49.95833195324084,28.38563536589246,9.847372556653234
4749.0,78.34764850055507,49.71932608173231,28.738847612395432,9.71119368789556
4750.0,78.31477993414993,49.503795410138615,29.066768102074253,9.581027533606475
4751.0,78.37410509484991,49.52444055257841,29.269870367750283,9.449947248417736
4752.0,78.58264812005264,49.561385485740125,29.365134239693997,9.331458157527626
4753.0,78.94692322606808,49.6662509564784,29.391164451676854,9.203997449747872
4754.0,79.15876911658475,49.81250622636601,29.719266539674592,9.156738304897898
4755.0,79.39941936808125,49.87300010581541,30.11263099319098,9.276156037724261
4756.0,79.56004196446966,49.83897245915445,30.278741664677355,9.274704479767562
4757.0,79.70918146512578,49.85361456283088,30.46481691954773,9.373099436732758
4758.0,79.81653647615308,49.83046661439772,30.741735169990015,9.44076718483776
4759.0,79.84869308762268,49.98284567088476,30.954601179600424,9.552237699061331
4760.0,79.71677735696699,50.04147788417933,31.233974723418566,9.626797112869616
4761.0,79.58587794719088,50.1251849554072,31.394193283092445,9.755266056483931
4762.0,79.38899104711668,49.97479751637566,31.650573069768136,9.902945074607677
4763.0,79.07782495236287,49.84274592786094,31.67714080033626,10.000373148819303
4764.0,78.70154047025554,49.81570958780835,31.66858353923946,10.04381882078109
4765.0,78.35571832624554,50.13439861571142,31.798506573686367,10.124078177149794
4766.0,78.2129980814651,50.54226744137356,31.70240713353463,10.193597400895936
4767.0,77.88054583882297,50.996724811181615,31.419595364890387,10.215391225917855
4768.0,77.81744387372062,51.15689899141391,30.996645079252644,10.196871286995593
4769.0,77.95983246914854,51.456966865954115,30.694500297256447,10.219252773920127
4770.0,78.06854281541557,51.66200341661832,30.443598430225865,10.248673551544705
4771.0,78.12279807989304,52.00534912058622,30.165178726757297,10.233625700573002
4772.0,78.31452074481588,52.26097892056073,30.04617777902178,10.220204936818968
4773.0,78.59399160458756,52.44604545518291,29.84376194033645,10.227744513550817
4774.0,78.97055987919447,52.25342779501029,29.73268826713335,10.285137002700987
4775.0,79.2683190970802,51.94102533015047,29.74600423141063,10.311297460744127
4776.0,79.78184688825917,51.781030690270775,29.947340837921757,10.283736381504292
4777.0,80.04694303556981,51.63484747991875,30.274630577354124,10.264444557075876
4778.0,80.38204051809932,51.41151684430322,30.463880214326146,10.221619943066573
4779.0,80.50787647222005,51.29818515247242,30.660785585557896,10.233498768150287
4780.0,80.60979234298573,51.247844993696134,30.81269400699135,10.266154660241886
4781.0,81.07925660538737,51.3530743553348,30.841603955331394,10.31819168376473
4782.0,81.27474401845676,51.534512298054146,30.837958593246835,10.273267461770642
4783.0,81.23952589085535,51.69220188391722,30.653940093599257,10.208646794055873
4784.0,81.20001342171602,51.846683179782815,30.360885538780416,10.214177268705084
4785.0,80.94569991813663,51.83028169712609,29.944530838063148,10.317967799044634
4786.0,80.68656360177084,51.852333918725876,29.432238541508337,10.379743808098256
4787.0,80.3714522383703,51.8056779218717,28.880565656989337,10.422131507386615
4788.0,80.0542023239559,51.739650811876814,28.44052736388764,10.381838585997091
4789.0,79.83132099824311,51.61360084473567,27.880127555763185,10.288191425296514
4790.0,79.18750570299892,51.57840115533861,27.41657394668676,10.229196968107715
4791.0,78.64541309439738,51.687209138565954,26.93102960640414,10.197672169477652
4792.0,78.21285112006802,51.84618280208585,26.500774944615493,10.145675661478787
4793.0,77.92065059741658,51.978670059723136,26.076951929289073,10.041298246473856
4794.0,77.70101172403162,52.265442005186635,25.828831496801648,9.875374503986976
4795.0,77.75579436829628,52.7226538772233,25.60161166931999,9.699826240535415
4796.0,77.93428155865034,53.23786108373406,25.301386535840425,9.582205381699714
4797.0,78.28186272294985,53.56289947104996,25.011493622936747,9.419323434874372
4798.0,78.72414774249381,53.82639423794466,24.942847073459944,9.378652503495438
4799.0,79.35369288691024,53.9654388680743,24.85458575603578,9.347835250227769
4800.0,79.82206907497347,53.776189996622534,24.701924984245064,9.33298976579251
4801.0,80.19435846763332,53.68307686516116,24.470592531259506,9.401922759849832
4802.0,80.38262266874929,53.59886001249316,24.361601675831686,9.463405558487189
4803.0,80.55748183006588,53.456035756818295,24.2637926077266,9.577074805475238
4804.0,80.61099993622275,53.143462513416026,24.288689872553082,9.745203824980473
4805.0,80.51675262694295,52.711042683529485,24.528283265153867,9.93452188388606
4806.0,80.41355207407403,52.6793728265355,24.697967017740623,10.064794160391962
4807.0,80.2651540366029,52.77227028264522,25.0061858212007,10.09562510531802
4808.0,80.01061839607338,52.85059109858962,25.253974058044385,9.998030527374155
4809.0,80.13017412498715,53.0704019579901,25.667491742577084,9.99686613106249
4810.0,80.07421234301185,53.270257812148515,26.301574236958054,9.986592629135815
4811.0,79.90690421208039,53.38867922108834,26.955516056171973,9.97131026224547
4812.0,79.82688906011035,53.464828048878815,27.538243831181028,9.908641749735514
4813.0,79.63945763839516,53.417794398579055,27.87734815283313,9.812395505943707
4814.0,79.4884016943947,53.4530290383594,28.1802895584357,9.674709207797411
4815.0,79.25967544531989,53.208103778175285,28.512388603824057,9.615917572522957
4816.0,78.90690205371835,52.85029048622961,28.515649454552694,9.658668484533099
4817.0,78.643948542126,52.43080073234833,28.789454341226154,9.77479653479106
4818.0,78.30531791257016,51.94642419069468,29.19787842766457,9.792966170061352
4819.0,78.17704031953149,51.46855009320396,29.471715190715585,9.801191841751718
4820.0,78.25512628669216,50.97600771675228,29.710273821779282,9.882303555619899
4821.0,78.32201300078913,50.57949657727416,29.97776071263412,9.958815563075932
4822.0,78.38889923594688,50.3296025095579,30.366569487767947,10.015982613722697
4823.0,78.48510214928126,50.11987313497547,30.661877906245582,10.051409205011964
4824.0,78.73330387476287,49.95032027507539,30.837331540725668,10.083245155271129
4825.0,79.12440306202693,49.864010076923066,31.00035447270117,10.045667695119814
4826.0,79.39559597007994,49.86339775107585,30.912197854597085,9.976566763516074
4827.0,79.76862510746682,49.967699773617795,30.702327479396608,9.878506754463785
4828.0,80.28189352753257,49.907022231150286,30.570509697533268,9.758203315205185
4829.0,80.90497986880139,49.91541061325562,30.43047768331037,9.517395751344573
4830.0,81.50568241271597,49.71999314904099,30.236772604491776,9.235189574579726
4831.0,81.9485504144511,49.608575346113014,30.10447593572257,8.997444024794204
4832.0,82.39441577744994,49.59402860451432,29.97907714699422,8.752905631985707
4833.0,82.69263522673052,49.60824781123073,29.86014233276199,8.500663357362518
4834.0,82.86082448909004,49.4460483455248,30.024115766519582,8.272233874771565
4835.0,83.23574166371417,49.22562925869013,30.25466789731907,8.049165553512196
4836.0,83.26293709482627,49.02519484548308,30.40886960109398,7.901159737889446
4837.0,83.05643056279268,48.848537515588724,30.435269876781227,7.816532679778776
4838.0,82.72898103282994,48.51496143809241,30.407166749774326,7.887256639958114
4839.0,82.31382001747663,48.47882208114788,30.343963435789398,7.96705310048504
4840.0,81.94078893160953,48.501917639206326,30.397504721848243,8.080497397026983
4841.0,81.60998909130137,48.471233067039805,30.451135664379812,8.205177860391688
4842.0,81.40947986830199,48.77011010793861,30.56952854538513,8.311955863714134
4843.0,81.2908177497932,49.09919838236254,30.61157156274717,8.382563642750027
4844.0,81.06937655873433,49.394725544555115,30.548055250125675,8.491143501425599
4845.0,80.80986849007623,49.572070755339105,30.391325940598687,8.615228204335821
4846.0,80.77695983686644,49.79816223353258,30.304512723528244,8.725678767542123
4847.0,80.69873134496393,50.12570324428061,30.31927322926848,8.81940463078276
4848.0,80.76582959669732,50.31371794852812,30.26981416412983,8.988947863507413
4849.0,80.73824771538406,50.487564060352646,30.205384427908093,9.160369825885805
4850.0,80.5417593608328,50.65858241293841,30.107378431075826,9.37460719560736
4851.0,80.19545642446212,50.67988885544131,29.92128803988875,9.552943642766976
4852.0,79.84032491968219,50.83793186954965,29.65979906428011,9.744775020076082
4853.0,79.51097243840968,50.968165391096726,29.50597467047831,9.926448864777253
4854.0,79.49609417848086,51.124837175402945,29.425905712075096,10.077653867027784
4855.0,79.4043067479845,51.3620577352918,29.41002860477106,10.231188799095403
4856.0,79.23331185898076,51.5861192134678,29.18821360700801,10.377559352169182
4857.0,79.06077190615463,51.86555716124387,29.002946383507165,10.520894665676337
4858.0,78.93011930904268,51.81077229868164,28.804436214214828,10.566199953668976
4859.0,78.98578059171777,51.81448324318524,28.659518919268336,10.54233996692643
4860.0,79.17556341352096,51.73242541489719,28.660996718163272,10.58942372715432
4861.0,79.3253319780033,51.66178002420142,28.694343088565006,10.705829769594246
4862.0,79.26831532995146,51.58777603490913,28.594797784496535,10.8100474972856
4863.0,78.97410386191729,51.65111946504278,28.511782073144595,10.920662277620542
4864.0,78.70493940385036,51.630549112941154,28.40257328227269,11.027886606181598
4865.0,78.49216055691056,51.61687604307483,28.447618066889227,11.022641777147953
4866.0,78.38655365043297,51.51703999300649,28.58326370648902,10.994654268623078
4867.0,78.6102157275794,51.619674027882816,28.605407309637876,11.001556785254214
4868.0,78.70774615252267,51.62338798196495,28.652381601133087,11.003301105489259
4869.0,78.62604732044339,51.40227043393757,28.4917397765611,10.970744646767077
4870.0,78.61783334548245,51.057864810694944,28.377979017019523,10.839183426389171
4871.0,78.70852367601404,50.860630571193745,28.24036202706453,10.694323390038369
4872.0,78.96343865437714,50.716766483290314,28.209244644445075,10.510379786286551
4873.0,79.20650053712103,50.55390106167502,28.072508325598395,10.264134189886118
4874.0,79.40967925113351,50.54972663556447,27.95688254024269,10.115021014324402
4875.0,79.4436884579644,50.516654183911896,27.812667371081478,9.966660906625732
4876.0,79.46880126857829,50.58108957039394,27.62262917301815,9.890910943601195
4877.0,79.43416958083921,50.45416042345821,27.541625450748878,9.837656906490414
4878.0,79.6050085635558,50.52115816623839,27.544080211969003,9.779646804025058
4879.0,79.77913132718564,50.56286440281757,27.470218086523246,9.773469391187348
4880.0,80.0645431449092,50.66257052309737,27.617310103886116,9.809054064680259
4881.0,80.33279315824312,50.525532302339,27.689787007143288,9.943419609345481
4882.0,80.58159572760498,50.44050956759722,27.93669691024505,10.07462876335558
4883.0,80.9112502450141,50.1778218452967,28.127865278895307,10.114429953647749
4884.0,81.01404509898177,50.006769329691274,28.216589965343733,10.145387527767097
4885.0,81.1148091742519,49.63369296676908,28.25784822736466,10.092624565139698
4886.0,81.17753096934732,49.5200595228886,28.02554810456504,10.095068226305774
4887.0,81.19072786572227,49.211715428063684,27.887754933132932,10.125107762800234
4888.0,81.15045445117683,49.08238354307007,27.93835537377749,10.163558708708658
4889.0,80.91479526632709,48.8686366566869,27.784751088001112,10.24154381475623
4890.0,80.70215536998252,48.787599301103825,27.69768537358786,10.220635304897383
4891.0,80.40168116992695,48.70372548061846,27.56889167242876,10.222953728523015
4892.0,80.14613887829674,48.710408697688166,27.434229908990936,10.280838149467892
4893.0,80.14277969839546,48.684448131856165,27.431413630625283,10.336824332720921
4894.0,79.95253582927641,48.69975123015725,27.49477060600898,10.447167844264653
4895.0,79.75660193833178,48.44555360982969,27.73842313494673,10.494622073702196
4896.0,79.51951682326445,48.557519978948974,27.90952662232334,10.563505024363911
4897.0,79.38113796351756,48.66935913568725,27.74175655283547,10.526680777990316
4898.0,79.34854475494608,48.79757775482027,27.65628811742146,10.346750544071481
4899.0,79.46494204215604,48.76070468138674,27.370457855801977,10.20404791722781
4900.0,79.70454607603592,48.73758921134245,27.178632721718873,10.016404607393248
4901.0,79.76436748934547,48.74417668701546,27.13504519582276,9.833747342648332
4902.0,79.92297419997867,48.843905215094146,27.071052967481602,9.745388514275183
4903.0,80.19688743098735,48.92243757765051,27.013339833409475,9.642475635053218
4904.0,80.61901881867004,49.20890951312004,26.972793194932315,9.590356583824814
4905.0,81.13839957397974,49.23581535787916,26.842740011627313,9.551753974513463
4906.0,81.57073928788255,49.19093352221958,26.934482389244646,9.620587392462724
4907.0,82.04369767759466,49.17417827716804,26.91541454901251,9.757318481424972
4908.0,82.36325569706091,49.26212130032993,27.07836377628532,9.87252746513444
4909.0,82.4782572351088,49.35067316823861,27.168154249946305,10.128189462284146
4910.0,82.6073597953758,49.3395337627758,27.09479084609721,10.320493544756475
4911.0,82.65861738853587,49.26135016370496,26.857114575259942,10.430156870255141
4912.0,82.64054151194321,49.39527937430491,26.764503805394686,10.534396055503848
4913.0,82.63540349448685,49.465692264931974,26.621029312000882,10.652719261032086
4914.0,82.48550273741371,49.47191598779269,26.538317740362082,10.73859006819663
4915.0,82.3308051117904,49.61318510877266,26.35007276700791,10.849463256057177
4916.0,82.20333062361797,49.64101404623928,26.301953734216248,10.930385259718442
4917.0,82.05212902576737,49.61648061885464,26.313168727733554,11.02747386206356
4918.0,81.98362123264668,49.59004397933129,26.142341631719816,11.054075080109596
4919.0,82.05071939720759,49.46762722564903,26.074807029941763,11.156741394888718
4920.0,82.10187262712893,49.249515854467084,26.232741228214973,11.325377864860585
4921.0,82.20571545930919,48.956254340148355,26.315131112386393,11.438859559626891
4922.0,82.13267857577947,48.79034122815173,26.33822030884351,11.513963141924219
4923.0,82.06428141967696,48.85777198794737,26.472768878110653,11.576798321987225
4924.0,81.94801708005144,48.90705742974241,26.77121895298477,11.616575137088223
4925.0,81.6733483843754,48.888193743508054,26.98796669580888,11.588331633973336
4926.0,81.52775481714252,49.07568431742531,27.144359048790754,11.56134704444097
4927.0,81.48327575481164,49.122423524614554,27.313366446114536,11.564517024710861
4928.0,81.38335949840688,49.353220196958404,27.513375278481224,11.494220207957396
4929.0,81.28257694817741,49.63220151256823,27.76061750731268,11.345723100114501
4930.0,81.06453568867349,49.93887240979527,27.833629637901872,11.211950193438717
4931.0,80.87840782585867,50.19878148631033,28.104434191009886,11.05467496938358
4932.0,80.68857790582935,50.271090970207055,28.133094174016538,10.912509950454925
4933.0,80.48931862316317,50.26228288607457,27.967364508673015,10.764648658254647
4934.0,80.24040398242961,50.40707060316985,27.90880988680308,10.696330396477126
4935.0,79.67954187375108,50.22818507302194,27.823637238150297,10.576851248198178
4936.0,79.05322668025505,50.18564034620479,27.798625435980405,10.369383479895767
4937.0,78.41796352705748,50.04231827975046,27.742239956651645,10.237656049671404
4938.0,77.84221035320536,49.70990472922013,27.40445797918802,10.147886763104072
4939.0,77.30784299436638,49.447758354459936,27.299412384456538,10.090884999000343
4940.0,76.88406078743951,49.05642420676234,26.96769742504485,10.018819494369755
4941.0,76.5213858378645,48.79761154223895,26.756342642985693,9.9152706144024
4942.0,76.19288531816994,48.59805973686043,26.692423318304918,9.758830610159745
4943.0,76.07856321003443,48.45961305651035,26.586299294234294,9.611887010088747
4944.0,75.96812863804297,48.45450159082131,26.56282307393217,9.5444920053409
4945.0,75.95979735593953,48.25435241380685,26.592166725256217,9.530131579305488
4946.0,75.97377412824513,48.02141760669927,26.650031620973493,9.527159591250289
4947.0,75.92835582793354,47.92890058080595,26.871876432638242,9.512429988327622
4948.0,76.01209751732603,47.74768202511396,27.19330887671356,9.499520723015932
4949.0,76.19373546558279,47.8002961878675,27.596045425622243,9.561169326005608
4950.0,76.39131305321247,47.7344364171963,27.997837617679913,9.583229184977588
4951.0,76.77842286306742,47.57691229439884,28.289658367474647,9.632914441295888
4952.0,77.07335699084027,47.500659279326364,28.585769637849996,9.667810528248497
4953.0,77.54707980613878,47.579860603170694,28.777401677708745,9.634808482818295
4954.0,77.94366280706171,47.779816884953604,28.951282192295604,9.643736126052769
4955.0,78.29227008617926,48.070972889085006,28.88611616323765,9.572457783604667
4956.0,78.47089633809537,48.23527771376119,28.795887478822365,9.439749755026481
4957.0,78.52789682608365,48.31134622063237,28.607927239850124,9.3720922297099
4958.0,78.48184039412578,48.189530347017566,28.405069106794656,9.28047881655436
4959.0,78.45225940700566,48.13447539313137,28.397068322142236,9.272668555795097
4960.0,78.18949327904976,48.23597060249475,28.53197974473916,9.291858146355619
4961.0,78.08393451194632,48.16508542586095,28.62816603410461,9.249141445842143
4962.0,78.08976229341714,47.95964938051701,28.57832667319727,9.221680782047674
4963.0,78.29815187684999,47.85649399095542,28.55720954921096,9.203104269928772
4964.0,78.59864029909076,47.765855289177544,28.6168798594944,9.201653820815995
4965.0,79.28369633714671,47.76971518951679,28.710005950703923,9.298115254177723
4966.0,79.97822666004298,48.0239225466329,28.730840466302983,9.317264073856853
4967.0,80.44250552568838,48.38445655552099,28.977105899245682,9.306009906504041
4968.0,80.78612377800818,48.720623182913954,29.104696262079578,9.280532349597868
4969.0,81.19736687762745,48.91897228932538,29.1790231124332,9.253865393486642
4970.0,81.4660978036885,49.04274713028655,29.22546277949142,9.303374620503256
4971.0,81.4789088017704,49.15340191625118,29.50904539767448,9.300140758197575
4972.0,81.37849316553985,49.24078984273381,29.741537858353386,9.22376752680446
4973.0,81.27946593733361,49.20159424916767,29.996184457790456,9.243697398584246
4974.0,80.7681506450473,49.27218783348844,30.293294951234852,9.201010603473359
4975.0,80.4298514730436,49.14799187837747,30.536512983167203,9.23515212367115
4976.0,80.3419665459365,48.92192634847553,30.489736728104926,9.190582803352598
4977.0,80.22373553387519,48.78475924719058,30.402954773313585,9.143634912402756
4978.0,80.07151188160375,48.579731384169776,30.09406706744303,9.170348227532394
4979.0,79.8580782367025,48.6575803470387,30.150522896251786,9.218333012510694
4980.0,79.96585131875665,48.84760590416385,30.068545093600363,9.270910080590804
4981.0,80.03837476510168,48.9217032004976,29.971463790220795,9.310090890598309
4982.0,80.14297683228835,49.09379952435391,30.029567159425618,9.263325936481705
4983.0,80.34914619046727,49.269196406070726,30.012439682487518,9.162175231291382
4984.0,80.32143122827155,49.16148651448279,30.047613856337392,9.00607721470133
4985.0,80.4048980082994,49.067515130527,30.12834350224129,8.952352842137767
4986.0,80.53184445415506,48.84067408664869,30.157266232097008,8.903383854785918
4987.0,80.54136968304927,48.498762077495506,30.405828140707555,8.796639241326606
4988.0,80.56978376788093,47.98701168372147,30.388490500859536,8.700067274037115
4989.0,80.33343152101934,47.550758173338636,30.39642398168811,8.621149344765554
4990.0,80.17127257870885,47.203199853822376,30.403943158870575,8.60573391995204
4991.0,80.16166756243811,46.94890827828486,30.17047723761352,8.621886592948773
4992.0,80.2663865210869,46.70050845875585,29.973436524963557,8.728651155283375
4993.0,80.42283642493894,46.80844084113773,29.722040890793473,8.880559775025906
4994.0,80.33640752676777,46.99431255995799,29.546436260122775,9.006799822430569
4995.0,80.38387658889523,47.2013321744638,29.384938215350445,9.128278384018802
4996.0,80.29591858784326,47.59515466679581,29.2567541125497,9.142089185512761
4997.0,80.27038667983987,47.93913520172126,29.05027415368563,9.12748081988293
4998.0,80.32370126926327,48.15938492772631,28.870228624681545,9.152046983289535
4999.0,80.23483312889581,48.396273988588234,28.711101140008836,9.141115527809436
5000.0,79.94268590750536,48.57606395277709,28.703484723594737,9.115695660502263
