episode,alpha = 0.9,alpha = 0.7,alpha = 0.5
0.0,6.554591984584671,0.0,1.4499279439761865
1.0,7.9921679498894145,0.0,1.601324587688563
2.0,9.594961715268315,0.0,1.1936494826419939
3.0,12.22889826451585,0.0,0.8803468218151838
4.0,14.257996322179622,0.0,0.6745430007882426
5.0,16.65313244154833,0.0,0.37913528908841143
6.0,18.037239813240266,0.0,0.0
7.0,20.54579698257396,0.0,0.0
8.0,22.10703003389495,0.0,0.0
9.0,23.788062012450915,0.0,0.0
10.0,24.86171451814006,0.0,0.0
11.0,25.22062262940921,0.0,0.0
12.0,23.681548161497375,0.0,0.0
13.0,21.99815241173423,0.0,0.0
14.0,20.181340954887546,0.0,0.0
15.0,18.334059015616326,0.0,0.0
16.0,14.546802043399076,0.0,0.0
17.0,11.026865914613667,0.0,0.0
18.0,7.234080214033353,0.0,0.0
19.0,4.990930306185724,0.2575309897573944,0.0
20.0,3.5038993214620904,0.7067796545311027,0.0
21.0,2.963061135746231,1.695475468737137,0.0
22.0,3.50040070710316,3.537698481734697,0.0
23.0,4.237991925932001,3.456562717826737,0.0
24.0,4.180228391052864,3.470027525562378,0.0
25.0,4.322228104574258,5.022802616388983,0.0
26.0,4.359673539739262,5.13242533009224,0.0
27.0,5.488409426434722,5.980816206048943,0.0
28.0,4.836297961199828,7.0794832823561515,0.0
29.0,3.6085839419469434,6.500492559286384,0.0
30.0,3.081385342463793,4.793753319724671,0.0
31.0,1.7020942819319667,2.978050650640496,0.0
32.0,0.09981837650966813,2.4103874560092415,0.0
33.0,0.0,0.7109991606325266,0.0
34.0,0.0,0.0,0.0
35.0,0.0,0.0,0.0
36.0,0.0,0.0,0.0
37.0,0.0,0.0,0.0
38.0,0.0,0.0,0.0
39.0,0.0,0.0,0.0
40.0,0.0,0.0,0.0
41.0,0.0,0.025004850780508903,0.0
42.0,0.0,1.6871524913208966,0.0
43.0,0.0,3.492782815051259,0.0
44.0,0.0,5.609187949476862,0.0
45.0,0.0,8.807569739384615,0.0
46.0,0.0,11.073991884810699,0.0
47.0,0.0,12.800472381085164,0.0
48.0,0.0,13.35874589055634,0.0
49.0,0.0,14.091082005822509,0.0
50.0,1.2569531733392452,15.457727190966985,0.0
51.0,3.4140137923822396,16.84904846955169,0.0
52.0,5.263593164067644,16.58575795810501,0.0
53.0,7.302178376156213,14.48112028202975,0.0
54.0,8.456288954091477,11.626077820597889,0.0
55.0,9.402563829423697,9.65199488455789,0.0
56.0,10.290782108230326,7.571757182595071,0.0
57.0,11.069382732531103,5.614778177946197,0.0
58.0,12.65705091634534,3.686676632749456,0.0
59.0,12.91441272354987,1.1346906259090828,0.0
60.0,13.76188415673072,0.0,0.0
61.0,14.692745646403953,0.0,0.0
62.0,14.671126768036899,0.0,0.0
63.0,14.314820368618578,0.0,0.0
64.0,15.43129954218494,0.0,0.0
65.0,16.272018498324453,0.0,0.47019326117518623
66.0,17.726389443825855,0.0,2.187623278180886
67.0,18.852773526259874,0.0,3.647850178825038
68.0,20.275195956048265,0.0,3.4788762785419562
69.0,20.079600524285837,0.0,3.315802503823108
70.0,19.88590289678306,1.4682893821606255,2.762818890629727
71.0,19.64232044769765,2.5144842992857863,2.5730448791412335
72.0,18.811012679294837,2.2866965896112643,2.8653821139857345
73.0,17.542043367020405,3.314732248288435,2.172978716930785
74.0,18.053142049461233,4.1039233728492315,3.8361295784176352
75.0,17.70048749124023,5.4255433101619275,5.616871599749502
76.0,16.925920482136256,5.500054943613484,6.160848316317785
77.0,15.846239809719473,5.32683054559816,6.910676952761536
78.0,15.700552310693793,5.331155570846611,7.004272431194384
79.0,16.35775039916087,4.824801347681111,7.775789053449839
80.0,18.324736059801495,5.7186204423800095,8.808490758465345
81.0,20.751764133103226,7.011314350002357,8.939296553335238
82.0,22.26075508176161,7.771075742618034,9.513061817984681
83.0,22.916156439188022,8.416738422404418,8.890248831603385
84.0,24.436685063363786,8.911488987795355,7.3631604712937975
85.0,24.435791039683846,8.273321906441643,6.789562115732293
86.0,26.073162621303467,8.931781559412865,6.739698613681201
87.0,27.348340650645056,7.66289735667665,7.199106124470379
88.0,27.740052747123624,7.402163073007453,7.2397635901428075
89.0,27.187571288174016,7.386152564074005,6.297085691474773
90.0,27.258749839032987,7.976240336552331,6.193101338728808
91.0,26.365629340165462,8.290072484640294,6.001078002114157
92.0,25.18247099002836,8.926617573199914,5.478156696653607
93.0,23.58875273189085,9.651637305036413,5.6353752585370245
94.0,23.628649426991615,12.47458503211525,6.253621288944605
95.0,21.72856290757626,14.423195116287479,6.970051396378848
96.0,20.06134013594284,17.79662767439357,7.784548023452295
97.0,18.74282446333186,20.82783768106527,7.830229787198367
98.0,17.89340023508542,23.30922078612843,9.12797617581343
99.0,16.72936853968871,24.92073722333145,10.191370848527203
100.0,17.247143451588244,26.169620187072777,11.125956578849948
101.0,16.949274476541383,26.655112468011826,11.516513821224125
102.0,18.298015222047283,26.64143800958795,11.588713723543005
103.0,19.507943934932094,26.01197222449827,11.679298213670009
104.0,21.191501434680905,26.277265228710103,9.59663869010491
105.0,23.524593604026702,26.743245444397832,7.985264189566137
106.0,25.26046238025835,26.532299152138425,6.947131949388052
107.0,27.07888313479152,26.321254274485035,5.558030732799849
108.0,29.05798065550653,26.151935207327014,4.516592372157208
109.0,30.151281123807383,25.97020832555035,4.704334510503288
110.0,31.08710649422639,25.8503316582677,5.301117151933198
111.0,31.091720718289487,24.872423076274657,5.732840772031527
112.0,31.595501020275364,23.708115001882007,5.36300708387139
113.0,32.507042524571595,21.89691152837679,6.022070925039051
114.0,32.93447929681292,20.942437352100264,5.681015680707598
115.0,33.90891410636888,19.93905361439281,5.6599766960032865
116.0,33.903992047095834,19.107466587266927,6.252154974727949
117.0,33.53993506641459,18.794630630470657,6.7186640464866345
118.0,33.00181530497945,18.06455357390655,7.021589970699714
119.0,33.63683360247868,17.51504381952873,7.3967145982006315
120.0,33.27782964457345,18.13010247761335,7.472297750500385
121.0,32.98548905349323,19.369786574413983,8.23246681177219
122.0,33.94526202530201,20.41547384488121,9.380168127552468
123.0,33.737486483504945,21.497591256534363,10.554048109998892
124.0,33.26398745222693,23.869968740100678,10.715825714588398
125.0,32.615105622737936,25.72029075488347,10.08705838159364
126.0,32.24387223735245,26.926180901755636,8.895338406549937
127.0,33.09490109439478,28.09147345624515,7.506393937328031
128.0,35.321429109713335,28.15342054704371,7.203440082069404
129.0,38.047474802594785,27.77926897892512,7.0869955627995544
130.0,40.911316424876134,27.227396525772537,6.980477991792773
131.0,42.48473956383138,27.89257597798874,6.704201258297122
132.0,44.34753457816187,27.528668535208833,8.238445107609728
133.0,46.07574630840119,27.061119448219284,10.362656570692002
134.0,48.73136127506387,25.83855463842197,11.653869765608812
135.0,51.54579094739911,24.585363011580586,12.496382111119624
136.0,55.28731939231477,23.327136421718464,12.694541573598562
137.0,56.430861282032815,23.5544174234817,13.09119824340534
138.0,57.04863043517606,24.220372508161926,13.43935557195912
139.0,56.68135246680556,25.009566135649294,13.444716666780204
140.0,55.93066961293838,24.761298953616688,13.964583260993894
141.0,56.3360255542421,24.006457409463774,13.24477399098569
142.0,57.83985290522147,23.302197645492793,14.146868205937437
143.0,59.01486781118867,23.554812114939445,15.661848732995367
144.0,60.87892174144235,24.1009710011225,17.648123683118534
145.0,61.899037908882995,26.364735440461082,19.469077022945154
146.0,63.96341398917282,28.654856808801505,20.550234035184886
147.0,65.1495598412287,30.6299939313241,21.38904961275362
148.0,66.39081492365995,31.65766180534269,23.00160655152646
149.0,66.1541381132567,32.13709246251768,25.43117532595668
150.0,65.22273317839351,32.46190580128557,27.350558479400007
151.0,63.47388570428764,32.209972668614476,28.753473815072702
152.0,62.232029920750925,32.15380213371397,30.11460309271941
153.0,59.77314294758924,33.136857211008376,30.55956574228717
154.0,56.47999582919604,33.18941182816324,31.0548829470311
155.0,53.505051169536586,33.349685239968615,30.92016657870056
156.0,51.84568298662812,34.249298000036276,32.2651197546206
157.0,50.92492310213202,35.2498638822693,33.62479381667261
158.0,51.47049916028306,36.729513220548235,33.3049586318705
159.0,51.46225629044371,38.41193198230232,34.24405003982938
160.0,52.0326938483801,40.58224508079536,33.68243606162061
161.0,52.021525500604874,42.325222926664054,32.9026753355372
162.0,52.87768981382226,43.15669727148823,32.81756418805682
163.0,52.71078942821165,43.180019821869664,33.32210890867889
164.0,52.64077629273615,42.92559461305798,34.108928211195824
165.0,52.158125512848,42.08019568647663,33.750003704472356
166.0,51.340264902064284,41.875641551056155,32.63978226325826
167.0,49.57784726381284,42.073185599958485,32.49982924652403
168.0,49.20650940568528,42.57471604326226,32.08289589282693
169.0,48.39592836743192,42.68205979262374,31.605943719176366
170.0,47.65652194375274,42.718858176198275,32.205171237100785
171.0,46.328721963668286,43.91944177930508,32.29218004430456
172.0,45.014098328533294,45.72353272286599,31.565806787880707
173.0,42.59386128551486,47.675054549724265,30.806741694961435
174.0,41.624490897263755,49.70982690207764,30.543911831109995
175.0,40.284467341817965,51.977018949959565,31.569325544864995
176.0,39.89077957103724,53.83586145902117,31.79060751786403
177.0,38.496319653926896,54.67058853206097,31.470192388691878
178.0,37.28172770003371,55.71686636008088,31.378842860914027
179.0,35.59200574805342,56.18971795783634,30.739956936809822
180.0,34.27953182904403,55.912434685093075,29.676195865511342
181.0,34.025124421924815,55.967415970165476,29.519162000330603
182.0,35.431708124445706,55.11198599616628,29.277655095163507
183.0,35.49961091254267,54.004984582215094,27.534194054763866
184.0,35.402958425506846,51.916470194978565,25.664052506178745
185.0,36.12318079131878,50.58792198444699,24.612699208757306
186.0,37.74351828104686,49.028617650263314,23.781116206573216
187.0,38.420738889258,47.00593935107702,22.936633404814216
188.0,39.5358491930166,47.2900557873802,22.046176344448575
189.0,41.73989129861922,46.93802624235393,22.706761367721512
190.0,43.31548405985072,46.308897986917614,23.41220805739416
191.0,44.527361978455524,46.45297480376897,25.043800998506512
192.0,43.34276473298519,45.79416019774796,27.809585915810494
193.0,45.40147204510113,46.02734218988789,29.80921737931792
194.0,45.37002922953874,46.027665553218,31.328253515335387
195.0,46.27726827197584,46.47688395654026,32.47895389874786
196.0,48.086107027254165,46.80959848384299,34.28861892666882
197.0,50.542304850561436,46.52098149799844,36.87049852039983
198.0,51.529465168417005,46.812097682832174,38.69807325890699
199.0,51.72338770685883,47.114714523651315,40.43222228172682
200.0,51.61912590205953,47.30837776028758,41.83713423312705
201.0,53.75355274646495,48.180479573979085,42.55945893075376
202.0,51.952566872563466,48.05742265079006,43.27353803390896
203.0,51.2873828709755,47.68949957009198,42.758004462732316
204.0,49.06039733828643,48.974484612512974,42.57939570055419
205.0,46.69071696737499,50.48624734703833,41.740499938447336
206.0,44.52883555350981,51.1617818784396,40.44850676122766
207.0,41.9972036349576,52.153784163048286,38.52058313791953
208.0,40.66300346306971,53.099322517427915,36.84171834440693
209.0,38.38290495091406,53.46131281759817,34.42464665582258
210.0,37.465693927204356,53.69846490863529,31.746138682090574
211.0,37.09793107697757,54.17657439221534,29.293775415117246
212.0,36.76928615950178,54.036325070007216,27.852138171146727
213.0,37.427570631379396,52.5437007145717,26.26585096266841
214.0,37.954988286637594,51.442685914239846,25.459262795871695
215.0,37.491873146481474,49.24651002590962,24.489003744721405
216.0,37.885721510903174,46.59698312135487,23.316350918061122
217.0,38.72230003135699,43.64472404028887,21.483857516398587
218.0,41.3545595124406,41.42409591892742,20.00539169912895
219.0,42.89246828738889,39.396864173752576,19.403097647723662
220.0,44.46517401746499,38.34902378724355,17.942396858441064
221.0,46.5007202406792,37.39191132818352,17.307859756896256
222.0,48.18304294262629,37.068618609012795,17.08657003153794
223.0,50.71684803318544,36.00602528547652,16.682230330188013
224.0,53.098562770396136,35.84832094382319,16.736062137917198
225.0,55.110149072692856,36.896924477539194,18.238968654039144
226.0,56.550392873675136,37.863572057975816,19.17702775743065
227.0,57.01004740095845,37.816931720656456,19.862979080635974
228.0,57.618300862766944,37.607831261894134,20.267814178282837
229.0,58.330377053958046,36.84748698808341,21.071729539042295
230.0,58.91060781675965,35.92157279800876,21.204733786577023
231.0,59.49822671758966,35.46672151003873,20.11422732525912
232.0,59.64639261018257,35.815533980626576,19.60471123964233
233.0,60.036035302354314,36.2253777547662,18.292600610645394
234.0,60.38440455014113,35.82186541203923,17.105670392879933
235.0,61.21926503524871,36.061495842635225,17.057941769125694
236.0,61.77875982072437,36.78606744761527,18.102081536115183
237.0,61.345355361545,37.061103470897095,20.46738406076497
238.0,60.633277607068315,36.151812904003414,21.75874416971586
239.0,59.77536042118472,36.120117727043606,23.871713809387614
240.0,58.73600952372676,35.8563858196917,26.667718885995882
241.0,56.8813670117005,36.07567254924459,29.26149347713086
242.0,54.40929943471139,36.114061669268594,31.7208216671025
243.0,52.34500759813628,36.734403147529555,33.529771461486526
244.0,49.252933704587,36.95055446196112,35.808492182262825
245.0,46.531155448998895,36.71093080199285,37.55218585302116
246.0,45.276275794747804,37.74289921750852,38.077811482038584
247.0,44.48958482472903,39.51031265299444,39.72559948914909
248.0,43.09984154730614,41.377438689999195,40.75260588028732
249.0,41.78841135139677,43.42098651609126,41.86668840508145
250.0,41.918288374777276,45.450475979977796,42.29405281629798
251.0,43.72682900684433,47.45328366143987,43.21682380939394
252.0,45.92513779862914,48.99635978227054,44.09747610803485
253.0,49.12360633493912,50.28950654664301,44.496442139224854
254.0,51.98017457298296,52.19483003618158,44.80888379608176
255.0,53.64074370684999,53.5885057659116,46.01083667092281
256.0,55.631409565416895,55.55862790275205,47.27847493897893
257.0,58.59344083094283,56.410984447041315,47.94295257135348
258.0,61.15168595865132,57.22369860903917,48.05910900525395
259.0,63.88912420919654,56.27472540736466,47.76673914059412
260.0,65.6919975120874,56.124960125768034,47.38228612849187
261.0,66.73541831046018,56.130566671679816,46.75932149724844
262.0,67.0605512252766,57.29306922742778,45.02955549244185
263.0,67.50507937220368,58.41228503872092,43.988329785300884
264.0,69.01284145662198,59.68600537581635,42.65134158800632
265.0,71.35607998164411,60.93969238200262,42.205821153054856
266.0,73.05893133794555,62.83614363976954,41.97491177032247
267.0,75.19189231616343,64.40103558800072,41.76994490463568
268.0,76.51766851656227,66.44949851613322,42.33543821407631
269.0,77.55070247835498,68.07813557678048,43.10071175706093
270.0,77.77933327802779,68.92561940960522,42.74406889280349
271.0,77.89764424006088,68.80624328096543,43.55073801942938
272.0,77.37430534745745,68.4871695313807,43.69628860319268
273.0,75.90648116161043,67.89026468535481,42.565307025890284
274.0,73.56898220423253,67.59665005322877,40.57309124294944
275.0,72.78877145510232,67.27022144082297,38.8447066646215
276.0,72.53166794520578,66.17675848102644,38.18815564016229
277.0,71.35178414524538,65.38366214733988,37.16287753253153
278.0,70.141596183743,64.05038402627797,35.77790476458581
279.0,70.10460901519154,63.08224752636208,35.40794409522808
280.0,70.37768330761475,62.771670258091625,35.04593871155002
281.0,70.17997534212611,62.61417059114123,34.16138295025543
282.0,70.22422108662425,61.960276905977466,33.7685077962513
283.0,69.75725276148427,60.84585911893999,33.3526714649466
284.0,68.39579150969296,60.18593827689276,31.96429544250669
285.0,65.92478928692998,59.89829572676833,30.34868306145157
286.0,65.65521175945565,59.42472736964822,29.116053445275302
287.0,66.45318000787171,58.80256379465261,27.824583659531285
288.0,66.97615353742178,58.65405937647472,27.009922744289824
289.0,67.89952806262927,58.051684340051466,26.58641460130196
290.0,69.19988672529858,58.093929661381424,26.86905553146483
291.0,70.37507451150728,58.32308261161737,27.224229854194988
292.0,71.75771680689688,58.846910855761706,28.605880065924524
293.0,72.49972192372577,58.81112910659525,31.36689762088595
294.0,73.42397786327585,58.54172557494498,33.68705813415512
295.0,72.73041567786798,59.11119963698235,35.38388577488405
296.0,71.3061807012498,60.50030935526841,37.89587552572528
297.0,69.98481427878524,60.2729518580309,39.97833521879923
298.0,69.0210877372603,59.43037337253568,41.07589998047826
299.0,68.99719249554191,58.4149004503169,41.75183278409904
300.0,69.64790895705674,58.15015303036557,42.24072257195504
301.0,70.98729893491279,57.67944152585532,41.510699115531466
302.0,73.35338104900282,57.99901238397099,41.02497426893526
303.0,75.47719774411895,58.498464255597035,40.50752257033131
304.0,78.41681186940542,58.00365560684162,39.98764018394758
305.0,81.24065962489088,56.588865685149024,38.94807620440414
306.0,83.79280761860774,56.41309013098766,37.84780296235106
307.0,85.56451565645868,56.21076003558932,36.845743424405285
308.0,86.25598518985603,55.63210066517384,35.833826895128354
309.0,87.02166491792056,54.41279286515051,35.80669178266557
310.0,87.21406807947673,52.86932862807898,36.594568515625156
311.0,85.89749312541416,50.47679328015809,35.88050415859037
312.0,84.81296354599336,49.11648573855312,34.718878398434185
313.0,84.20005536419984,48.00662989892715,35.1033344596762
314.0,81.50501637546995,47.85691146341199,35.37507358008153
315.0,79.60099596257687,47.816797172110334,36.37469070029933
316.0,77.39824726153331,48.77483535496659,38.142970493618414
317.0,76.52552199515688,51.11746920876054,39.77497614509777
318.0,75.49223862271438,53.653208852284976,40.47834354510948
319.0,74.73325330355752,56.24002413926956,40.97890684095295
320.0,74.06460766423531,59.378298013502956,42.25038474526288
321.0,73.46807688943223,61.73851411945649,44.530521826840406
322.0,71.69730813785269,64.20914592182439,46.12773639295925
323.0,72.72656001776878,65.43758549552177,47.37644507486955
324.0,73.39120304219674,65.7618939750177,48.21301417840739
325.0,75.34767798561518,65.46720967510456,48.95767766140068
326.0,77.44167629802124,63.82153472953585,49.81505299558516
327.0,79.12399225484278,62.029062990378605,50.93701060583138
328.0,80.33825964564537,60.20506681403885,51.30042321445298
329.0,81.66006186055338,57.07593429747005,51.055599537090266
330.0,83.94495557867546,54.090792465595555,50.469803738733425
331.0,85.46210072177998,50.88664034873472,49.246882925015406
332.0,87.23687387285469,48.181943955215644,48.24072737882566
333.0,88.51815129452872,46.3001990756277,47.534593996016376
334.0,89.63261379882314,45.34342275248223,46.515127892029284
335.0,90.20214074677999,44.83479145992176,46.277088540151425
336.0,90.74534306139209,43.610047168901936,46.21108017438878
337.0,91.39857993862664,42.19408649298591,45.59852351266454
338.0,91.93915292219184,41.271902206534165,45.578548741981535
339.0,90.82662333848293,40.356849343704226,46.22649970676377
340.0,90.7875651861532,40.47824719261475,47.052138581213974
341.0,89.78936123542384,40.34891917117085,46.982253330732014
342.0,88.30739169895281,40.255342875294204,46.37400628181858
343.0,85.86940514845637,39.82515906906335,45.75238437569586
344.0,83.11616687310722,38.99087952321158,44.82994239228162
345.0,80.81045911360991,39.408242794472756,43.42908922517597
346.0,79.16515050493923,39.51530068485569,44.46478880089987
347.0,77.57931598895922,40.23530800847621,45.40812553524963
348.0,76.36143451265407,40.887932459243146,45.02735873335696
349.0,75.33497326768773,41.45438205883613,45.039339173284574
350.0,74.68379601260752,43.00052932982175,45.842734167577404
351.0,74.51966583584718,44.106401185893475,48.076801605198284
352.0,74.70950976241167,44.1945567104863,50.0206434670998
353.0,76.50859449426235,45.338304861169554,51.21702011468031
354.0,77.9841347457727,47.13460971962193,52.88772753444728
355.0,78.33172304048584,49.08856517028782,52.93089231482969
356.0,79.17258617053909,51.11692703473308,53.69223221583871
357.0,78.6775918548899,52.5295455312113,54.56075954084532
358.0,78.62452923830378,52.865119912224316,54.7786775640966
359.0,77.95967980072993,52.83078393501691,54.47863622152464
360.0,77.93670754375376,52.82108905471891,52.74456919635384
361.0,77.87687647651991,53.300502967672486,51.72096825529736
362.0,76.6933945032086,53.20227081021212,50.9440687952193
363.0,75.5069327825797,51.994099920681876,50.37442360309212
364.0,74.36676147604231,51.808301453349365,49.90087767279339
365.0,73.31419095693015,51.59578557099631,48.98924932277914
366.0,74.5751403454532,51.864167708748674,47.52748427540185
367.0,74.83949626243741,52.50471335098323,46.746886451847345
368.0,75.99919101075287,52.65332175010112,45.998327968104796
369.0,77.09468559683083,52.92261239840362,45.40515925313253
370.0,78.0728956862281,54.0507681277405,44.15403471521996
371.0,78.90908566155686,54.94569199887475,43.47132875148232
372.0,80.01570757812891,55.560938670757984,42.80983546246597
373.0,81.23101121690912,55.2783025376517,42.447222937755775
374.0,81.91001918992035,54.76846972398445,42.09071356767566
375.0,82.00934769204179,54.17896332817468,42.39391298580629
376.0,82.2287177318687,54.272366818133406,42.403529017035304
377.0,82.02977107925142,55.32467736730626,42.669114006412194
378.0,80.73322879408487,56.09277139544011,42.898575485054046
379.0,80.1302445250837,55.463195848103815,43.43457178204915
380.0,78.97539767910523,54.75199869582585,43.38810918404121
381.0,78.43928990926082,55.52695880283156,42.77829926071238
382.0,77.7551173315667,57.25376110719072,41.64020487128844
383.0,77.9351305595429,58.29058146369481,41.04465819419946
384.0,77.50800017298894,59.59198815548703,41.066995813485235
385.0,77.38150286103954,59.908155075622304,41.07744887182827
386.0,76.7192078112637,60.42812072330422,41.48468106231517
387.0,77.03076087269373,60.71240234679381,42.1831526682264
388.0,76.8827404611175,61.76307101153045,43.031197252372735
389.0,77.34078667957218,62.237266961417276,43.542567415289504
390.0,76.51941863483341,62.16650450652304,44.87124506250112
391.0,76.65857682228733,62.14029314361683,46.447577892946185
392.0,75.71793016042757,63.32887484991049,46.794566719799505
393.0,75.48531823054525,64.03366467098644,46.382380254503495
394.0,74.98809858172048,65.16946748572786,45.93274985986719
395.0,75.5527228399531,66.04685660884932,45.91854627238306
396.0,76.39067313236276,67.30164270100248,46.54775976560561
397.0,77.29948837718901,68.95844566702193,46.35223294373309
398.0,77.96739089045228,70.58583132787665,47.12380745545379
399.0,79.24783863125457,71.63564121078922,47.333719480708965
400.0,80.6968474054188,71.63079979176182,46.727499477249324
401.0,82.95874652794248,70.32616549414057,47.05786886178219
402.0,85.17784825070058,69.562661739698,48.52800686077209
403.0,86.56647326867186,68.86484760944018,50.03985024272755
404.0,85.47375519653978,67.3081083427208,50.1279288673861
405.0,85.34799928993843,65.3835399573888,50.600310727999194
406.0,85.43151682737661,63.92002920896905,51.204859657492506
407.0,85.64768501369237,62.87032524329349,51.65087790568846
408.0,86.10998824091438,61.751397324152066,51.910876190500545
409.0,85.82265084564862,60.47252535855628,53.24869129167564
410.0,85.19194400857559,59.9950900934678,54.31897410647078
411.0,84.22084691200743,59.64045979534897,54.70119374746258
412.0,84.47884145468537,59.139865174432266,54.54465120899606
413.0,87.01675785566589,59.169312141992215,54.659685370360485
414.0,88.06225788293986,60.19909381362615,53.45900503420003
415.0,88.89024093025138,60.4265878936513,51.99001834338396
416.0,89.11324555055987,60.82977678940414,50.46313460671166
417.0,88.8517402164292,61.74066002182866,49.310126816774364
418.0,88.60674625373753,64.14984765539344,47.888373384381644
419.0,88.20303087513659,66.20669122186303,46.595147575136394
420.0,88.50917050449186,68.21112323991646,45.15528770426914
421.0,89.53103112612823,70.02666001649553,43.706420317506016
422.0,89.79530987796169,71.73579044281811,42.621205435903406
423.0,90.29416345691644,72.90801191617113,42.214356406539906
424.0,90.15692177843012,74.80902498360028,42.3803033869996
425.0,90.47349185849826,77.44382225493048,42.04444941115939
426.0,90.71015027767028,79.93426632356437,41.63574070692949
427.0,91.4556565877308,81.67512512802071,40.987191799579314
428.0,92.47152162095631,83.80249813510483,39.981522436033515
429.0,93.42000370051895,85.11188112348071,39.31586948952764
430.0,93.16910763365163,86.46224921929866,39.76142045333319
431.0,93.57430925684169,87.33664629654658,40.96592025320473
432.0,93.92204760328215,88.23328461505722,43.01159446190391
433.0,94.51598508744254,88.64307065641825,44.64019988442067
434.0,94.69732551902618,88.73638871031895,46.565818264752465
435.0,95.80769076237158,88.50541384172456,48.14707786873832
436.0,96.42595554237049,87.8595408140788,49.590932509745926
437.0,96.77980725454492,86.24548926602444,51.692348090374196
438.0,97.234279920321,84.41168057978342,53.24987303802111
439.0,97.85487866949066,82.80519329128178,54.26918391914744
440.0,97.63629436877915,81.22941076770006,55.39261657589838
441.0,96.43255556935202,79.88260109223292,55.20052273417508
442.0,94.76166319665037,77.58510010715344,55.381746836988995
443.0,93.54368619739932,75.61997761799212,54.98884789627272
444.0,91.10582185262118,74.09207651902655,55.23656740854692
445.0,89.50101905841983,72.0152983508885,56.67248545843053
446.0,88.64990358654715,70.47671954540392,57.9706929467821
447.0,88.0273350390879,69.12831927253914,59.126241019939485
448.0,86.81739299426476,67.56273287744696,60.470431736515835
449.0,86.94828519295206,67.1408699433084,61.109439092356475
450.0,88.23539244180013,67.21603744205717,61.991704223035285
451.0,89.93419215666837,67.65192461271992,62.3689852044773
452.0,91.46507510191933,67.07599708177402,63.80813714356081
453.0,92.70812409260712,66.48663662220687,64.61281652478948
454.0,92.93872798579416,66.85457155760328,64.4837581862588
455.0,93.13851694715308,67.66537490738226,64.66867729325377
456.0,93.26065414643242,69.98133468330727,65.71679041974576
457.0,94.18329892815125,72.43449463978592,66.12003312034558
458.0,94.21837830649358,73.80225522680263,66.95282680295102
459.0,93.09263122562027,74.42209342964227,67.99345826054439
460.0,92.1404676963644,75.44342628625216,69.30297781387284
461.0,91.78705611336397,76.61185303157092,69.46628024113235
462.0,91.88504282357415,76.62591531542634,70.23191540902874
463.0,91.68732478452156,76.66044530478298,71.38460781012711
464.0,91.43124869910478,76.9378422608541,71.54526645213843
465.0,90.2403460890469,76.28316914612266,71.76939574046074
466.0,88.92975718436678,75.72739164353915,72.26052940604964
467.0,86.40776447688638,76.50594255529899,72.14666210360987
468.0,85.10685098701923,77.09229327865135,71.06197289153522
469.0,84.29439810605125,78.06802217578162,70.15666068510257
470.0,82.94629892412742,79.50713694879609,69.61840998671019
471.0,81.8121540285737,82.0918149780348,68.63852630921093
472.0,81.15981776772199,84.34749644172177,67.91380199081837
473.0,81.06416342851259,85.93150964388212,68.32101149130443
474.0,80.94687742043784,86.69158496069458,67.85525866667157
475.0,80.26757044929899,88.05335029170709,66.84621755210412
476.0,80.51716996545392,88.29129113768424,66.53418331390121
477.0,80.74387963352153,88.89016856635449,66.35744105688104
478.0,81.41326497591619,87.45918669782212,66.38739785979298
479.0,81.9061099503916,86.02850201683466,66.66882410299263
480.0,81.2105916994882,84.04977841118257,67.26924723097254
481.0,80.44163847697192,82.52483256957291,67.27287520213261
482.0,79.64479848791393,81.04054527082118,66.39910127805473
483.0,78.79985026203236,80.69323534512327,66.52320727376139
484.0,77.96003012492329,79.4545965616396,67.63319427087941
485.0,76.86487986776477,78.27260452182159,67.53930253723486
486.0,75.80519961757211,76.5254825511876,67.88955346234951
487.0,73.82375528494924,76.05884017006335,68.21142245670282
488.0,72.6527103401644,75.11890919733764,68.52609629622457
489.0,72.76310244774476,73.78877977422832,68.86556382971263
490.0,72.81742704556373,72.19412576541535,69.75688843537003
491.0,72.40626285534492,70.90228010996758,70.36910337414228
492.0,72.67262992708511,69.64337687862432,70.25486011183266
493.0,73.28990990182498,68.79470409035497,69.51094248523675
494.0,73.69941919320713,68.59933673533007,69.40188235676627
495.0,74.11587765557107,69.09237322551442,68.78740906167151
496.0,76.03002397506032,70.36096579529439,68.04350391802288
497.0,78.22378386950325,71.16582031001403,67.31731879865237
498.0,80.30354766629073,72.32938522764161,66.90169667055618
499.0,82.31446861527866,73.59397747649126,66.35506903155387
500.0,84.07087770941541,75.26036342004275,66.30144892447419
501.0,85.13196226589551,76.60253838698631,65.99411536871364
502.0,86.83127622035762,77.70906611098212,65.9988436549113
503.0,89.80683698815535,77.82295128183071,66.25935693669264
504.0,92.3350071684621,78.82284454760185,66.56390094011402
505.0,93.33582721812313,79.70240744835692,66.95599589386515
506.0,94.41192837720091,80.73855093136224,67.62540734915912
507.0,95.17877283405858,82.11499363766707,67.86419317198047
508.0,96.30777375624106,82.6052551397008,67.45957860692035
509.0,97.86874327355171,82.54461379444778,66.99095371978272
510.0,100.7906671096636,83.00506659397836,67.46991037497024
511.0,102.31283862789921,83.60159058831859,67.84003201068806
512.0,102.6868574484323,83.68994166857114,68.94435535243093
513.0,102.96449530443823,82.4646652372937,70.76300028161779
514.0,103.05545714286042,80.92489784374682,72.1508092816639
515.0,102.57440909933482,78.682232920311,73.02185220538735
516.0,102.71658955327777,76.82981994514999,72.94732682762256
517.0,103.35346358911974,76.28916479825308,73.30325622413125
518.0,103.69659221507911,75.2066043645222,73.96112458569563
519.0,103.0225428154792,73.62794010814842,74.05621736373504
520.0,102.82742465545755,71.83919531022353,74.27530516252763
521.0,102.84245078412046,71.70863718141355,73.42790605979953
522.0,103.35738906220534,71.53180764051578,72.69018826448466
523.0,104.01528711386628,71.33799139994689,72.00947425579582
524.0,104.28446360676533,72.02258213817008,72.2307623267177
525.0,104.38664657358478,73.2769443435565,73.16609132568841
526.0,104.16456613255723,74.29215941972977,74.30810341470648
527.0,103.42527066698487,76.06451344646248,74.78424970163162
528.0,102.64225347804711,77.89682258088799,75.24864714597715
529.0,102.25693637311372,80.3920986856445,75.68244166307299
530.0,101.95957663460645,81.58902200320148,76.78997708972416
531.0,101.63870675765916,83.9671232238072,77.36039332463758
532.0,102.08882946028467,85.3671157930878,77.56599830508677
533.0,102.9394916642215,86.68009175709392,77.18996138768127
534.0,103.67556293213377,88.99427792353801,76.5489302082651
535.0,104.18029735883269,89.25483128140364,75.38418269171093
536.0,105.14431207370586,89.31637962165053,74.7078241828414
537.0,106.85228166411306,89.01859406668275,73.84453134852222
538.0,108.5127842195697,88.29126808425336,73.49987335728581
539.0,110.87399481834304,88.17051891761979,72.95472011602413
540.0,113.01757712472997,86.90454722139349,72.61505802342552
541.0,114.76639116554111,85.98438931026949,72.96611054789581
542.0,116.1620875451373,85.47392449886615,72.15431083184409
543.0,117.53620380703865,82.33742736591664,71.60303993146498
544.0,118.30454266977384,81.12531572012256,71.66594020622777
545.0,118.38265303063349,80.3291939852161,71.82268712783079
546.0,117.09912115697719,79.48261160725926,72.04356901804915
547.0,114.85201582727247,78.97849515810779,71.25375675815162
548.0,112.46122121153454,78.04248170392943,70.01615232278775
549.0,109.83333711202329,77.93694564867639,68.97085788217434
550.0,107.10914933089875,77.97533148132527,68.53674078338618
551.0,103.80928769003283,78.27470299508421,68.94629885828189
552.0,100.73692177552304,78.91725597115754,69.20074447613595
553.0,98.13590156709614,80.01273135065952,69.15080465649018
554.0,96.5719044807525,78.93855804405804,68.77148108304061
555.0,96.21851670349892,81.320929676784,68.84192895571881
556.0,96.78259193619553,83.29752404043049,69.50927984955777
557.0,98.23044906590522,84.74424291869744,70.50534529265693
558.0,99.65542032864373,85.24327491052954,70.67509964828865
559.0,100.63720819884225,84.96550042521443,70.2622859214226
560.0,102.71781407547823,84.18014735701992,70.10450190883493
561.0,104.24023345207931,84.21128769239225,69.71434230705165
562.0,105.28423566953184,83.19144809070347,68.86552068585124
563.0,106.09252251086801,83.73154054850951,68.40852522239211
564.0,106.28011095983744,82.17623999993273,67.26010541270198
565.0,106.87488651376955,81.01744504729825,66.30135571588963
566.0,106.04755451457811,80.6472626147699,65.45410341787837
567.0,104.56349578973388,80.26659400668156,64.68984940934497
568.0,103.80373951910899,81.16645947389947,63.95910207449293
569.0,103.2740261364305,82.06681936165866,63.11578514868104
570.0,102.7929091382054,83.10421959493858,63.078974320891874
571.0,103.32070844202171,85.46621235884437,63.050609171901144
572.0,103.36139975338685,87.60852098544808,62.03232004284119
573.0,102.72370819687588,89.1243349744275,61.3308005117242
574.0,101.93045747667252,90.20236675346045,60.11041993691606
575.0,101.55029554569361,92.33446975104735,58.42889201863651
576.0,101.4406492353259,94.04125439214482,57.23509157286047
577.0,100.22166643112789,95.93659240548598,56.88058399621737
578.0,99.20329774203991,98.59054518339939,56.00412478825524
579.0,98.71233479040525,100.03813380817488,54.28212499735886
580.0,97.30486669752563,99.54414820546758,52.77367488225461
581.0,96.25945816088107,99.42030864421592,51.351943991757864
582.0,95.8878464857298,98.30378339601556,50.14803868010291
583.0,95.77250726931719,96.94511918048943,48.97152424499879
584.0,95.02157790658958,94.54268806575573,48.192965340261786
585.0,95.24730138384167,92.87534845146178,47.02930604653765
586.0,96.28536610458872,90.63695820404905,45.579226756382994
587.0,97.1429082203102,87.5709220448656,45.214635172015605
588.0,97.79868775419183,84.83054379169235,45.55774258817461
589.0,99.20003380204837,83.36837274555562,45.922376494962
590.0,100.6235449873428,81.42680393877887,46.848680038458845
591.0,102.32424726649289,79.23628866239662,47.6689954873682
592.0,104.31639600449851,77.70449376066905,48.81922255481608
593.0,107.12509883730783,76.75419399991164,50.502152247239636
594.0,109.329582206373,74.82726846107208,52.344484785387394
595.0,111.31913389852832,73.10618759439514,54.310435013320195
596.0,112.62263633750902,71.76507706176392,56.225509341688316
597.0,113.84988081696955,70.68037459628532,58.28623986380391
598.0,115.24779696541836,69.72097974605526,60.74013498825635
599.0,116.32400300618696,69.19521317392645,63.15086131488031
600.0,116.82533019094038,70.76953625107235,65.54400369537069
601.0,117.08002836466666,71.64739212706073,68.23658843632747
602.0,117.28060598753618,72.45243963544763,70.34817834733046
603.0,117.871241789775,74.24168118428439,72.31578907185178
604.0,118.70129882874342,76.23352861150326,73.6113505934502
605.0,118.8090406680081,78.26099354560276,74.60261949927792
606.0,119.15428420724514,80.90708682541629,75.11760785971434
607.0,118.77817791181062,83.12833336247918,74.93017464095334
608.0,118.76346649252922,85.88866133801983,75.25408970630446
609.0,119.45455902990592,86.99271602234685,74.79271007260151
610.0,119.82556861169328,88.93338754736241,74.094493758557
611.0,119.78086618695542,90.64287930253228,73.12782533842025
612.0,118.97494838568963,92.16464230585207,72.05747294908076
613.0,118.0699709878854,93.66965798549742,71.32041155180673
614.0,117.62758658031939,95.32632426362376,71.00063820599001
615.0,117.33446282993353,96.58497988381691,71.36737405053219
616.0,116.767902585443,97.80634881147186,72.09496779857888
617.0,115.5768195358743,99.15770796569798,71.95475142223486
618.0,114.01068197300738,101.08920838489165,73.02770819559592
619.0,112.08682578973793,101.83741116215796,74.17489836159359
620.0,110.58668664488094,102.73342646587245,76.05033166192345
621.0,110.02368564082721,104.04354274607668,78.36553298124905
622.0,109.5096790429773,104.43902976385436,80.31784938127923
623.0,109.50370615231358,104.88169408942598,81.40966535768432
624.0,109.2198795459867,105.0119851274492,82.55745210918235
625.0,108.9162664148613,105.16332986463357,83.75778134010052
626.0,109.49319923871514,105.02322680696936,85.13013024490877
627.0,110.18540384277043,104.23733364208297,85.17806045418952
628.0,110.50742922634335,104.6343321751059,85.55768212695742
629.0,110.73391162694475,104.58726151528772,85.44448382855045
630.0,110.05877052346924,104.51310288909002,85.32822338197641
631.0,110.0238699912817,105.7054337393466,85.11550208556099
632.0,110.5614406217065,106.07093598978273,85.3206956644931
633.0,110.70712976663457,106.26044074361303,84.35243026489098
634.0,111.81312883334392,105.96001483551254,82.98323836467681
635.0,112.23473284441175,104.75322459473007,81.56069617701212
636.0,112.46890082681789,104.6166334211476,80.87544394551918
637.0,112.86964713227736,104.41061500789579,79.59271957033994
638.0,113.42752006474983,104.94883126606024,78.7827306952917
639.0,114.14580298909625,104.85536308502095,77.63831712374886
640.0,113.83009582044107,103.52832281164731,76.43694018916847
641.0,113.43033328384635,102.28389405142886,74.58354919105899
642.0,113.43898514235227,100.78561436806638,73.11390699482259
643.0,113.32538340880062,99.17916452726391,71.6090112059964
644.0,113.03795524853321,97.36982662618844,70.24161240148297
645.0,111.78322401801786,95.39943486579513,69.27971099420702
646.0,111.12941601388448,93.62396485459026,68.46623617055526
647.0,110.32561919139602,91.11858141813073,66.75004657710802
648.0,110.17669013280268,88.86375083484977,65.26242640912146
649.0,110.22466812640155,87.59590019754528,63.75058267255266
650.0,109.39342531989396,86.48218954915171,62.54629662693437
651.0,108.26437919530912,85.55322813841485,61.40927894652414
652.0,107.6716715354913,85.87974192756849,61.34943174089467
653.0,108.02278928306517,87.06276693438109,61.52501804623437
654.0,109.14373087287547,88.64309618133099,61.476128698207056
655.0,109.41682864958821,90.43264764799589,61.01947007206743
656.0,109.73077305905355,92.19741537575017,61.32452561779186
657.0,109.92042391928376,94.68791925464105,61.522378509168995
658.0,110.31279293899503,96.63287584434083,61.16897691811646
659.0,110.67303411614444,98.68905714190998,61.413459984751604
660.0,111.78361220322151,101.74132861940247,61.38280355968609
661.0,112.16049985819792,103.7076951337341,60.75723426091942
662.0,111.84412566816918,106.39492958993387,60.207427532139434
663.0,111.76148773557652,108.38381774821941,59.15647066085454
664.0,111.69743508973042,110.33919958149818,58.653896430165666
665.0,111.3510455825683,112.69095871368535,57.97836123304981
666.0,110.4078408299366,115.03752151685951,57.19604471014834
667.0,109.29510524239828,116.76891250514944,56.577412685233845
668.0,108.45558106628303,118.29551473410537,55.13025263574633
669.0,107.6111444422163,118.9102771916814,54.2444962481562
670.0,106.44280971248475,119.13159916297707,53.093401491407825
671.0,105.08624773588166,118.36769488893937,52.059995769389204
672.0,104.06253521450745,116.7916329881848,51.9484644393437
673.0,104.19409768967624,114.9949076015776,51.432030536240305
674.0,104.72588403161433,112.59519845455252,50.78960758857692
675.0,105.42203457771708,109.55901383070496,50.49937868216426
676.0,106.80000499222405,106.95587513704395,51.297068766713394
677.0,107.74892241352127,104.16933048697088,52.128195870399125
678.0,108.35285356463874,100.74463398826471,53.009574229973694
679.0,108.94818930399164,99.01812484454331,54.75313033309157
680.0,109.92677951012769,97.25249779090326,56.51237457054985
681.0,110.20367263074108,96.75031075250918,57.59035707554606
682.0,109.39504177324494,96.18675245029436,59.223185216703264
683.0,108.16272872821028,96.00359780950637,60.77243334539907
684.0,106.90040698986513,96.0686276065976,62.90531263016972
685.0,105.56331198119763,97.21628638423581,64.2349073698002
686.0,104.74789162486236,98.31570480791882,66.52837763901672
687.0,103.43248090732656,98.95015449706722,68.81102819607106
688.0,102.39391982644402,98.35863766515473,70.75588422751157
689.0,101.42734926108214,97.842489081532,73.39397997912762
690.0,100.86859204061328,97.28169615848296,75.71445118196095
691.0,101.417306026092,96.50132277074623,77.80397610856394
692.0,102.38241867470354,95.35932297657554,80.0536643386617
693.0,102.77520522964373,93.66030896701335,81.216899883703
694.0,102.85283729247806,90.80250210701077,81.47171548348815
695.0,103.09057039640287,89.28527878648703,81.91984213148575
696.0,104.0029160287368,89.49230471386433,81.8521664613848
697.0,104.87302890310669,89.3312486792441,81.68306532448028
698.0,105.66869733651755,89.52078934068294,80.85952412767655
699.0,106.54876535454831,89.51683063986214,80.0682084135823
700.0,106.79456749677458,89.12373166025904,78.29820976551693
701.0,105.77884172114186,89.28417833445495,76.06078516616098
702.0,106.4242756668838,89.85939233467727,74.58897528963804
703.0,105.7498520533881,91.3050842961436,74.46408595396707
704.0,104.64610366136051,91.92825145318592,73.92390519330976
705.0,103.2055879227127,91.66942105956889,74.08145803672264
706.0,101.18927988808446,92.88560033472248,73.72153684533909
707.0,98.96270551032802,93.80186325909298,72.69331312840126
708.0,96.34837198346096,94.07660272243224,71.76895669294933
709.0,93.57056658445646,94.1496037341476,72.03590030764141
710.0,92.19031021656805,94.52674520012214,72.77738169708024
711.0,90.09851735329822,95.34317590457164,73.91599098467259
712.0,89.40459220220792,96.52998113430954,74.37153037300178
713.0,89.03927566738051,97.05946672141886,74.33276555591215
714.0,88.78523276407807,97.84970019188863,73.78571833401053
715.0,88.88118736679674,97.79330114881488,73.23316428881812
716.0,89.11835391205216,98.22952793929008,72.4689502666921
717.0,89.55674688470434,98.98920242882119,72.03677812633457
718.0,89.80624373161912,99.74629147135592,71.26403965856184
719.0,90.56001283628815,100.08648087389894,71.27992357076516
720.0,91.49543759538686,100.00905857090734,70.3786215280016
721.0,92.3244583182838,99.34593845188967,69.78013914809311
722.0,93.01248936648847,99.68401974549784,68.99388220401545
723.0,93.81355062709171,99.32382246053338,68.94107218561038
724.0,94.47863908455125,98.88107733282516,68.42930242746482
725.0,94.5210404601511,97.60383325681758,68.04889158956956
726.0,94.68673211480235,96.01327425329937,68.54463408080505
727.0,95.3185892790564,95.08191389590408,68.99808100625683
728.0,95.54707214016395,94.37209836710932,68.28240593548657
729.0,95.52949032176055,93.97687052792148,68.20112916277463
730.0,95.49988650964809,93.90618579525704,68.8368026173145
731.0,95.39677405544508,94.08817689605509,69.87377690176481
732.0,94.89974635128932,95.06775914239265,70.51608925694863
733.0,94.55126254682719,96.37265411069441,72.28370872719579
734.0,95.40434570130165,97.93607002487315,74.96147168809675
735.0,95.70846296187172,99.72904662766524,77.00453676969248
736.0,96.40112153580733,100.61124813360556,79.0664480131401
737.0,95.86485391692077,100.9777688241084,80.30881775213133
738.0,95.72437267822716,101.3501307925627,82.34431502381311
739.0,95.70256865119555,101.5280280303993,83.6311935088317
740.0,96.02724661955129,100.95652454124003,85.3384981808116
741.0,97.26097652744612,100.45589840114259,86.27730598011155
742.0,98.68341839846777,99.547987962524,86.88320736391152
743.0,99.55514250789832,98.64693567510477,87.22567146482582
744.0,100.67195150419987,98.05605602315265,86.88237629249471
745.0,100.7601820361748,98.08951148057959,86.6339354032838
746.0,102.33458245823152,97.99006789098945,86.95958996111152
747.0,104.94409894380377,97.83640394103922,86.42810335977683
748.0,107.00688893458303,97.86410260441376,86.15391819281561
749.0,108.39539147845161,97.41203423950728,84.9137254819786
750.0,108.92481612046471,96.80449325693777,84.0447956463255
751.0,109.32804596592509,96.65746362445319,83.11837791768774
752.0,109.65677300982087,97.20225046134576,81.63099472520132
753.0,110.33925437666507,97.20200573332231,80.9054790585044
754.0,111.7329137755381,96.61593965392723,79.80311117305861
755.0,112.60116728015403,97.08866649633096,79.35298791643785
756.0,111.55423586760102,97.29442620697334,78.34816066070506
757.0,110.69650098728133,96.83936078318207,76.89095753093251
758.0,110.0444179351041,97.11269817445744,76.31057525556952
759.0,109.49660368166232,97.66078378987693,76.6115879071418
760.0,109.11852750920659,97.54753508147407,76.91248320821023
761.0,108.66194935663006,97.23229938868819,77.7156607906546
762.0,108.64937528718497,97.09814956989045,77.59855971652304
763.0,108.5043502812678,97.93320439805494,78.03771623118126
764.0,108.0898584399747,98.3511515125914,78.49643245039854
765.0,108.59847156820445,97.67868779539708,79.16945196411672
766.0,109.79658598525546,97.13578412612948,80.38692062237644
767.0,111.4867494104495,96.29344542087097,81.61097017895071
768.0,112.26934711183551,95.44179647056863,82.4773072908801
769.0,113.21398832312367,96.04334376822958,83.11997829564795
770.0,114.56304622727544,96.28894484840558,83.66771010812968
771.0,116.14785987868589,96.31451692728106,85.45790794945235
772.0,117.03912007620265,95.88187116604014,87.49391431743913
773.0,118.56061657373272,95.88478368189962,89.52273604494177
774.0,119.24778707585185,97.21740869796646,90.81470426710231
775.0,119.88156665300144,98.90947300127091,91.66153716530874
776.0,119.61185578050109,100.51606158809705,92.553754765538
777.0,120.46943058851485,101.6187478342517,92.31023344885018
778.0,121.53376303572705,101.66970137206052,92.58735167859878
779.0,122.07413506421976,101.2212827736584,92.86721813131462
780.0,121.92034700074633,101.13074080285232,92.36361164794455
781.0,122.01289734203691,101.7005316128033,90.68815918491987
782.0,121.22226757757278,101.45947152235907,89.10419039213947
783.0,121.13915003315262,101.17709234358863,88.3664472841782
784.0,120.48399085374588,100.78535815178743,87.85405777701992
785.0,120.5971448066577,100.92245000990877,87.06383954088685
786.0,120.72815685275201,102.05466845021981,87.15130449330925
787.0,120.58636347712547,103.64261013356696,87.39467969300027
788.0,119.94357501110565,105.7798377607455,87.53943649784246
789.0,119.96000108292554,107.7277996388981,87.79336435791426
790.0,120.35821492864146,109.11213089600884,88.4085742351063
791.0,121.43293700779937,110.03970337999785,88.77251201104168
792.0,122.37938382746053,109.93927434944389,89.12419648255462
793.0,123.6964832181577,109.61089276228763,89.02404966594224
794.0,124.590885762164,108.39768059976039,88.42834211364585
795.0,124.69447536211918,106.18339345181289,87.43882057339519
796.0,125.18743085981187,104.08398109793183,85.82485135842538
797.0,126.20058290176816,102.1059407637273,83.86083237541729
798.0,127.0442402474072,100.50283638069818,81.59181450740947
799.0,127.67175740968788,98.72019319984524,79.75669913406024
800.0,127.89450428913023,97.45589112033011,77.68545215041534
801.0,127.88793776088556,97.02389168455967,75.67120775781672
802.0,127.4183943817892,96.6105110969502,74.26962922474529
803.0,127.0614257022032,97.07603070644325,73.39100987091635
804.0,127.53415974042015,98.02579831246743,73.34520868219568
805.0,127.17695495282122,98.60424450664462,73.71180818460726
806.0,126.91983623649739,98.87793418638852,74.57829391895805
807.0,125.7648427042371,99.27892326681082,75.82346225578146
808.0,124.83345090736597,100.30234794472864,76.23687787937544
809.0,124.011092833872,101.29204353173655,76.79051769541842
810.0,122.84745226940296,102.08065999826162,77.24396943390354
811.0,122.59896036071548,103.08760726505483,77.64071495654828
812.0,122.35947052112346,103.49617542840137,77.76963966492389
813.0,122.46748309873864,103.52411960845409,76.80374291685739
814.0,122.9861267116486,103.39002347285678,75.95504197969721
815.0,123.16054834956661,103.42479382798174,74.97587480326796
816.0,123.71399286615488,103.34174154231526,73.98301931791735
817.0,123.96288211523064,102.98909709722146,73.4001481827018
818.0,123.13379268142263,102.73547700506614,72.4900410920942
819.0,122.96047510099986,102.3695165139933,71.70402764558031
820.0,122.99331292277125,102.44532939714834,71.15170464713967
821.0,123.05923468989161,102.93713339929045,70.21250874460235
822.0,122.36390980638528,104.07090669577512,70.19915770533208
823.0,120.78896884407102,105.29905593180366,69.63330282073025
824.0,119.55741606256132,106.4983084152354,69.03863327096482
825.0,118.2882553288978,106.97782140674956,69.05344559408039
826.0,117.87438648650672,107.24560773388902,69.28872280467058
827.0,118.12989128247649,108.23339124041291,70.14642553748206
828.0,117.94838171424922,109.7354471811944,71.3091838096371
829.0,117.2735384842401,110.75117824195605,72.00872878745358
830.0,116.7732812030439,112.20584628667979,72.06301251833312
831.0,115.65959432011253,112.90252314851325,71.69332666047123
832.0,115.66407241637773,113.85074694518349,72.20527056871829
833.0,115.51419936778954,114.93227631627707,72.37417927721637
834.0,115.51875795040293,116.05674699473322,72.17020513712129
835.0,114.80887620150435,116.85788252738166,72.11236849563198
836.0,114.68647562333518,117.11130854197415,72.04882092991997
837.0,114.11994877691353,117.43785791788099,72.19953035447674
838.0,112.56394450910233,117.27815124638077,72.74420599860215
839.0,110.32731780578654,116.42945706701818,74.84784310761886
840.0,108.15051010186079,115.89574119204308,76.58913651322183
841.0,105.66289762919314,114.94534526578111,77.67931907798935
842.0,103.51052263967448,114.27797765883369,79.30220493142873
843.0,101.48699003738247,114.10165944786135,81.1530577506758
844.0,99.78520829982332,114.45980691270645,82.85698535717131
845.0,98.17063476793601,114.43339467942654,84.4092092937251
846.0,97.08181944507537,114.2573022228176,85.07145937874577
847.0,96.64233804470479,114.1797136134867,85.73183594133602
848.0,96.6473312009235,114.04178580783838,86.16544319476654
849.0,97.4343139414859,113.89389643298223,86.30166587604143
850.0,98.46728452623286,113.0131638610942,86.40626605697773
851.0,99.58623669229722,112.12714532199792,86.15632312057203
852.0,100.58028127301435,110.61070607282282,84.90631108445865
853.0,101.29336266334921,108.9605468586341,84.19346828853315
854.0,102.09433445717917,107.77061315823329,83.41416151593215
855.0,103.42958133484065,105.76560510106027,82.91186765083351
856.0,105.38332918685832,103.99537522568411,82.27328510288083
857.0,107.90750037576038,102.44942592868433,80.76941701342379
858.0,110.74050244436667,99.0855379247195,80.0464028566553
859.0,113.13277823573154,97.8582765366405,79.80324693909712
860.0,115.87910694899386,96.26686635728284,79.82077366792745
861.0,118.60809060253405,95.88043162286414,79.94935904207232
862.0,121.05246060022355,95.33614162839258,79.12632942264896
863.0,122.75280500326397,95.48999625053477,78.54353875899169
864.0,123.21675276763699,96.51745277887616,78.43428315556515
865.0,122.09873548676315,98.04606969922395,78.49911177973632
866.0,121.07716712957351,99.37763895501656,79.34876603765437
867.0,119.07673606017298,102.59066713595675,80.20025994516944
868.0,118.11245851362958,104.63639839406336,81.299660983443
869.0,116.84085918671597,106.6854652508985,82.75901205548863
870.0,115.69798647229885,108.31322468067046,84.75044154590051
871.0,114.681317730068,109.77987660358698,87.36848197524297
872.0,113.08972338448814,110.71484531020245,89.66306615818011
873.0,112.2115736793512,111.38303929703599,91.21845747062011
874.0,112.0206303092995,111.70588415184065,92.47464287019055
875.0,111.85369969559424,112.82118909131374,93.78388664582447
876.0,112.0609283054269,114.43044563866991,94.78770786154635
877.0,111.30738159997486,115.57484451878626,95.23751477110315
878.0,110.01010215607073,116.86145996714788,95.28139646220299
879.0,108.70003861619378,117.6952496152284,94.37920508782044
880.0,107.84068929230288,119.09046633675379,93.89270056011428
881.0,108.76210276721467,120.43761931040441,93.43663507865068
882.0,110.35016139123996,121.49017361173729,93.68166882311311
883.0,112.34067841258025,122.70853147500506,93.67180105899949
884.0,114.28675746956745,123.20056754738496,93.18217617634372
885.0,116.76655482531157,122.69800553061468,93.06163860508524
886.0,119.02673180241602,121.85256351368426,92.73708617406666
887.0,122.14797846299449,120.66330300100425,92.31990267441898
888.0,124.56508984098008,119.23635650397362,93.36711428546973
889.0,126.648773804339,117.93272661192799,93.62658107982134
890.0,127.61138386562499,116.44306543256903,93.9722770591576
891.0,127.59792101965341,115.69265247643456,93.97640769612879
892.0,127.25549547185305,114.70061283032052,93.96171780553624
893.0,126.21438588510352,113.62373250003834,93.97563796306238
894.0,124.82183356517545,113.19055330160973,93.75758734167518
895.0,123.73741544535295,113.99573140643388,92.9122514613094
896.0,122.5155322225311,114.4275316349504,91.73160401562066
897.0,121.41004569181555,115.07584723771797,89.6514423423441
898.0,120.33227284313679,114.6981825212961,87.33024071140716
899.0,119.07881892122451,114.84869351998705,85.18578471423208
900.0,117.92038570956608,114.64219152866997,83.70256925610256
901.0,116.96766872244382,114.12472602415883,82.5137370119513
902.0,116.19151365741908,113.78351909116522,81.81804567375401
903.0,114.76833580743163,113.26581971253304,81.23957572825158
904.0,114.11703467708527,112.10926736682566,81.55023436835167
905.0,113.2732416729074,111.95209561098139,82.80604423050451
906.0,112.34541183508668,111.55631736229796,83.84496712740795
907.0,111.36170164227671,112.16599124264458,85.52389447158286
908.0,110.853039212948,112.09918384049759,87.30666923754279
909.0,110.16711184704384,111.6692219411005,88.77958555718246
910.0,109.4307983243708,111.46715028636208,90.02006729526923
911.0,108.27788064651112,110.55447543995993,90.22061749545144
912.0,108.73897110442049,109.50709199678401,90.78705042008468
913.0,109.13643860282686,109.03732165358736,91.49745019078453
914.0,109.4152701030569,108.1199504178045,91.80174258343688
915.0,110.36238172485255,107.6901845775355,92.62919904703067
916.0,111.49437653959505,106.75512899950004,93.60666509771389
917.0,112.89009265320827,106.17533846781699,95.01965377455633
918.0,114.742427831671,106.07268174981748,95.61785790669973
919.0,116.53480436993033,105.40985277015365,96.04576891066047
920.0,118.90467100135061,104.96534929389118,96.92611364614636
921.0,120.64452631608191,104.26948493833744,97.08971220709132
922.0,121.59309081035474,103.64923641484364,96.46473825439914
923.0,121.53561195301708,103.08325769817152,95.99513382002507
924.0,121.43936240020271,102.11544835976296,95.43962384885137
925.0,121.36577792095227,101.9720469150918,94.6339764223801
926.0,121.29635712063265,101.40243129439887,92.45687153336726
927.0,121.5949254711518,101.4484727442584,90.3053395492711
928.0,121.6127372173041,100.9738488639488,88.55672189677236
929.0,121.95915736030611,100.88931419180648,87.52745351970805
930.0,121.98349825104587,102.27563407567072,86.86598840763263
931.0,122.01314696422276,103.49767740337519,86.13906752089815
932.0,122.87818669161915,105.55956485837572,85.56865882006186
933.0,123.58843983901211,108.14453826893123,84.91045622165511
934.0,123.54345421288399,110.11962214169938,84.46229193024561
935.0,123.30151408740826,112.11674259451011,84.22511150305849
936.0,122.17764022108844,112.95450479643756,84.86074283331958
937.0,120.70651730129116,115.1149994029454,84.92253263425418
938.0,118.96616509946853,117.08045782489364,84.09929520953725
939.0,117.35442307462993,118.18770262342767,83.41408335788648
940.0,115.92704164993,119.71423843154068,83.213846202153
941.0,114.47944160330768,120.12048263247813,82.73734812591346
942.0,113.17219952164388,119.99852201766161,82.41767457812962
943.0,112.54114438296736,119.39478682171293,82.50418298082585
944.0,112.10592518073801,119.07471722569812,83.55666336627206
945.0,111.71185612364106,118.82606365630379,84.14097066243002
946.0,111.89741714597628,118.96602659843387,85.55820547346019
947.0,112.1570949171915,119.59991007723725,87.02975149232238
948.0,112.5885966208987,119.77723980766312,88.5433567418853
949.0,113.03090087571971,119.38586995412686,90.34603130908258
950.0,114.27631244698088,119.35141361509937,92.25787485635769
951.0,114.91565766818528,119.60411514090944,93.65612810350518
952.0,116.1141015445171,120.38114416622525,94.23503217184188
953.0,117.18115919597007,121.73740264259149,94.8396219692207
954.0,118.50628937478535,123.62387595243929,95.80010357669093
955.0,120.21743319812482,124.83931878625121,96.70765847255922
956.0,121.7864513196039,126.30967214598445,98.0740183627963
957.0,123.32570161762281,128.0758184327974,99.30416919129868
958.0,125.24144588773169,129.4492242238833,100.3447013166902
959.0,126.04860091024477,130.6145288272998,100.55492635554118
960.0,127.48225712403836,131.9656479774394,100.93715002413954
961.0,128.84229174555264,132.58614622456471,101.67951085635596
962.0,129.24840915272873,132.731382060482,101.88241628945345
963.0,129.15767713627395,132.45717994248508,101.74834444803352
964.0,128.65597700828974,131.96371404279472,101.03138387357816
965.0,127.53850797885842,131.5461322961957,100.24690937787426
966.0,126.85326095295119,131.12770049853648,98.99949230980339
967.0,125.46599975951912,130.88355900289136,98.20720206940238
968.0,124.64824695937567,130.9333602232375,97.91947230616978
969.0,123.46603448933044,131.16913798991578,98.37232732496437
970.0,121.9842936589494,131.80793208615094,98.64214476849165
971.0,122.03675299285973,131.53596680911753,99.36827211325459
972.0,122.80220157176726,131.22129152557116,99.83836093063269
973.0,123.92839254820979,131.46262936739447,99.68230237651674
974.0,125.11483726276039,130.67971463248722,99.97440002668918
975.0,125.38606496577907,130.17432046072793,100.66857495084778
976.0,126.18127428024144,130.40637224948318,100.67825137129557
977.0,127.04525232188608,130.3829649374682,100.11719258793005
978.0,127.65310770093777,130.20436400651147,99.54086419558746
979.0,127.96569995331188,129.9730877849263,99.09505509768744
980.0,127.43866587213526,130.35465488019256,97.92692169709291
981.0,127.06019497051284,131.11777011864635,96.28206143398889
982.0,125.96148517965321,131.3070708566832,95.89490772147737
983.0,125.49635674359587,131.43302174235225,94.72503902348868
984.0,125.46793303318344,130.55977135034624,93.79620604583098
985.0,125.2947921507154,129.01760958391472,93.23327201895026
986.0,124.76344569990123,127.66894087583188,93.8199870513412
987.0,124.52335054931768,126.22562117015731,93.81682762117194
988.0,123.22834805810739,124.97195117170529,93.71789270740055
989.0,123.15587435528342,123.56286628563757,94.37963421705865
990.0,122.8531866857165,122.31010039263873,95.31686392105148
991.0,122.8232125555327,121.49355059057395,95.5970207000052
992.0,122.66599338181096,121.21265859106506,96.12402280597637
993.0,122.77053405048123,120.98802346667793,95.94275965174458
994.0,122.86505069739039,120.85745445987713,95.4170244825208
995.0,123.00883353716772,119.83037245583726,94.29088444105815
996.0,123.68906459901959,118.49218250497225,93.05389152777276
997.0,125.79276896131451,116.68142957035721,92.27879516279172
998.0,126.62474779997419,114.8086565240771,91.34493525040126
999.0,127.29657956812777,113.04297129455838,90.7732437096277
1000.0,128.4627001118397,111.00820728229672,90.9963602509052
1001.0,129.69815308233137,108.83689821361803,91.29631151366799
1002.0,130.91937157689378,107.25550877316581,92.486249591051
1003.0,132.26535063110805,105.36957873523396,94.43691646635126
1004.0,133.54609940218458,103.65029083570194,96.25568324258315
1005.0,134.5256562543146,102.62094714937753,98.16035808690306
1006.0,135.22906047147993,102.35817705340814,99.12462043403389
1007.0,135.88724054760584,101.9929898467763,100.16599545457163
1008.0,136.41833948400674,101.38649842911897,101.71085953982447
1009.0,136.7529753784666,101.10812427261946,102.81413316049924
1010.0,137.45651047939162,101.09683850617432,103.58238273687887
1011.0,138.23799821361453,101.52415373667291,104.5691433554908
1012.0,139.44806223672416,102.38793603775373,104.95700278090962
1013.0,140.18669160890613,104.134697106472,105.45207196283832
1014.0,140.727693086515,105.95680406631622,106.50170360356236
1015.0,141.778207369346,107.40863452958281,108.50146723151661
1016.0,143.37146351618804,109.1328676501432,110.0577993895052
1017.0,145.1941655199218,110.52482789146187,111.24647069966105
1018.0,146.74967000999283,111.75992888316468,112.49225574622483
1019.0,147.6792930244732,112.57746725315833,113.6723346099659
1020.0,147.69932694694074,113.36187495358278,114.3481186479758
1021.0,147.52368312954002,113.78529330022086,114.7777370201763
1022.0,146.5994273714113,114.0084333189934,115.12790767763792
1023.0,145.69456075071582,113.73160813983206,114.6101541719596
1024.0,144.09371275758093,113.38474488451058,113.94029970564786
1025.0,142.27409678405905,113.0913610422839,112.56058677814575
1026.0,140.63761915497847,113.05341336175836,110.43825624359462
1027.0,139.15628807170222,112.79594217122965,108.45281569982355
1028.0,137.939715970979,113.37682064379119,107.14185987410512
1029.0,137.27041757592872,113.45762865931161,105.70256555439009
1030.0,135.88696133594306,114.26514200941558,104.37967919510953
1031.0,135.54824399941742,115.39056100324986,103.80036319201899
1032.0,135.43585576510648,116.50437787900243,103.77572528173775
1033.0,135.62679078348287,117.53064843510347,103.21561483436926
1034.0,135.43521389469706,118.60794240531652,102.86476702649314
1035.0,135.14409892234403,119.16432521441749,103.08330382548392
1036.0,134.45063974881663,120.54384468955843,102.80346185775004
1037.0,133.57872124564668,121.1714378756845,102.24426092416645
1038.0,132.92312585300908,122.17427921966342,101.57299088949908
1039.0,132.83193909946547,122.5294329210157,100.92200848435354
1040.0,133.6168450949715,121.60060707803699,99.75899069109403
1041.0,134.32600691176,120.81445455102852,99.04889453261336
1042.0,135.04688898305054,120.09483112699698,98.83839240742536
1043.0,136.1997328108128,120.70962297646068,98.7123789110729
1044.0,137.85440190717225,120.61917751644323,98.48565925741906
1045.0,139.7214979627566,119.81931380572372,98.26663744727516
1046.0,141.35234490697943,119.56289191900855,98.22756625376896
1047.0,142.20719710311943,118.74962208450958,97.58852832077511
1048.0,142.90093774387273,117.70787111755924,97.30835256273733
1049.0,142.42062604094866,117.51080026072958,97.52392910587164
1050.0,142.0468875441406,117.10313874842937,98.01306878742747
1051.0,142.1804083675108,116.87164301497717,97.96039662731141
1052.0,142.13928950915647,115.3028015647881,98.1059205290738
1053.0,141.68096753613958,114.81126045385744,98.53766117668872
1054.0,141.2127982831682,114.66797768589133,99.25193901438286
1055.0,140.3301531674258,114.53467698273555,99.93294125714957
1056.0,140.1235946989804,113.78102733946547,101.69338465174768
1057.0,139.3914700358874,113.35367343512311,103.315177085059
1058.0,139.4277745393372,113.62630299523154,104.596840346614
1059.0,138.94968017290603,113.54600728531958,104.94731157260948
1060.0,136.5794441582751,113.70065845847537,105.3704083291317
1061.0,135.7363038366807,113.7518525116462,105.44323825541407
1062.0,134.26994592945172,114.57867211958947,105.58510546189441
1063.0,132.87675064420978,115.67752359271321,105.68960176624088
1064.0,131.65712420369024,116.28329194775728,105.8769428633191
1065.0,130.34627414280914,117.85507131504622,105.88334231004939
1066.0,128.7190987751688,119.89394657898349,105.99298602310792
1067.0,127.31294600015914,120.80548232297413,105.50471777963133
1068.0,126.39742943139728,121.9740005974691,105.4975169297565
1069.0,126.77644756873426,123.07312691707425,105.29883438811696
1070.0,125.30248017076237,124.4764231954739,104.7358361309498
1071.0,124.73494222597694,124.79780354356818,104.11088334582848
1072.0,124.31317411471468,124.53853059291016,103.40237542627915
1073.0,123.9581487623804,124.51536928814413,102.13460643368659
1074.0,123.17378692493205,124.75038142628797,100.36107737067186
1075.0,123.00447171147316,124.09145148342326,98.64025586370907
1076.0,122.27721789666359,124.34730056018094,97.20101935350843
1077.0,121.41403906433187,124.4349436992808,95.47059540197574
1078.0,120.50273524585866,124.38696977002039,93.44407771381982
1079.0,120.06527596040219,123.68667495364252,92.78670012809978
1080.0,119.56392561430769,123.0812536736979,92.02794778226102
1081.0,119.37311812993758,122.85681358023996,91.70890825092347
1082.0,119.87539760722863,122.61934612988559,92.40934275539574
1083.0,120.71511455716418,122.9248384014951,93.62157386726132
1084.0,122.16746791585017,124.13995874384317,94.91687928117392
1085.0,123.23923895942247,124.38089706367253,96.0411558973684
1086.0,124.57546522920819,125.0971935840412,97.75898057380236
1087.0,125.92204758175131,126.1795368709936,100.04134590807584
1088.0,126.91437408287783,127.53633817401486,101.60492606264101
1089.0,128.33188569898266,128.88426124503613,103.12053756835277
1090.0,129.0962916094346,130.1185465530025,103.82198924202045
1091.0,129.958386245134,131.96129056214954,104.1969986947786
1092.0,129.865288570819,132.12561131884888,104.16860335355449
1093.0,130.29021860009598,132.02575370502097,103.54216855444434
1094.0,131.2835074746225,132.17373087974897,103.5818996194593
1095.0,131.66171571234068,132.65606751607936,103.34828973601695
1096.0,132.18043036511864,132.85388482435516,102.97557261133838
1097.0,132.71989305650214,133.39468237884347,103.05227598411574
1098.0,132.40256306315138,134.12555255859886,103.26257144878923
1099.0,132.3160732755084,135.34668731345548,103.74297963345774
1100.0,132.3500147512146,135.53888012515685,103.89681057634834
1101.0,133.56771720592982,136.75222756797285,104.63461476667419
1102.0,133.80763922746644,137.32874699467487,105.54465604872772
1103.0,134.76283340702756,138.47964779882997,105.60706761923502
1104.0,135.603021115746,139.13486771110433,104.83627977545565
1105.0,136.3167931891396,139.43707458959614,104.36058755603511
1106.0,136.52197047193997,139.30194592492734,103.49855299945735
1107.0,136.92837573511835,138.55071508199825,102.14128601958946
1108.0,137.3936141880811,136.64073564810926,101.16670649234413
1109.0,137.51908702896452,134.74419267871446,100.68007416054112
1110.0,136.42934132696473,132.69716953870434,99.79716878923728
1111.0,134.60845157487017,131.1519225823567,98.82154666896938
1112.0,131.80976249572518,129.8409042173756,98.13767786826678
1113.0,129.50664479500108,128.28248034218203,97.89588953050098
1114.0,127.40772916991794,127.28484887461138,97.08943904365913
1115.0,125.65293163018806,126.66598562356587,96.85305619156692
1116.0,123.8813840087771,126.37277067604575,97.14828603562158
1117.0,122.29675588093976,127.00653384368623,97.44919007823434
1118.0,121.09233531807423,127.5867646869731,97.19398223150154
1119.0,120.33564703409334,127.7214798211941,96.637396236317
1120.0,120.17250839791134,127.7595425604274,95.86555164985155
1121.0,119.86896550151187,126.9311674102865,95.52057127147529
1122.0,119.73624145834715,126.60861796680643,95.41479114840405
1123.0,119.73114574343279,125.9274191584672,95.81700865019897
1124.0,120.10921926542854,125.33983982303504,96.19090315226876
1125.0,121.09963201221606,125.29791526275463,96.12586899881323
1126.0,121.84081603873304,125.05508488808371,95.35663292721317
1127.0,122.53864460051791,125.26493887619922,94.2017244801838
1128.0,124.19857082682071,125.6594084036949,93.73406489590698
1129.0,126.08289968538563,126.0270726826394,94.0217501666742
1130.0,128.23763786004332,126.54701371449858,94.76747599315927
1131.0,130.90218303866624,126.39708495358104,95.37110902501934
1132.0,133.73777337729757,126.69356407034446,95.69103357362414
1133.0,135.78633822371143,126.88433052681255,95.62045480408186
1134.0,137.16889051725903,126.67017356345161,95.93933803511845
1135.0,138.46177361131797,125.97874656196207,97.07011668787943
1136.0,139.30873800118155,125.3775640441566,98.53671204809831
1137.0,139.25067039438875,124.70659895170057,99.52342812514027
1138.0,139.0878998746315,124.25111875972982,100.37806731328268
1139.0,139.317169025591,124.1469527309195,100.64058768152778
1140.0,138.7390290309775,124.59724400831249,100.78420283841442
1141.0,137.82993561287776,124.39780247308376,101.03844595278295
1142.0,137.31752421543004,124.10011111674655,101.5877086247706
1143.0,137.06680723876434,124.44340199836039,101.72151169833748
1144.0,137.34923297061778,124.78392350735625,101.25072761095348
1145.0,138.33533512154943,124.67529527239714,100.90680323608028
1146.0,140.01059926816063,124.93045850044655,100.52301975270525
1147.0,141.3935594589238,124.50002914877815,100.07610172896896
1148.0,142.17728271186957,124.0083039384088,100.00923515258496
1149.0,142.62592593652624,123.3698038452404,100.09419828223037
1150.0,143.18320329415363,123.11827429700466,100.75609119100598
1151.0,143.96124323475826,123.03033763875702,100.74492838304423
1152.0,144.20738312577592,122.74813775209199,100.68292618751411
1153.0,144.29869931050408,122.57505537803226,100.69242664301504
1154.0,143.2364159428521,122.65583411894224,101.05809071517524
1155.0,141.45591767115303,122.38446607756114,101.64652219700895
1156.0,140.0750327752238,122.1861763796802,102.18787509023676
1157.0,139.06350756615268,122.13092008244429,102.10300128683431
1158.0,138.4986005496624,122.22616276699387,102.21728809598062
1159.0,137.3594641640604,122.5129138879042,102.18668384389325
1160.0,136.75861605174964,122.68271421348028,102.17523966955116
1161.0,136.35933122156388,122.9956238777938,102.72045133589539
1162.0,135.88989522016496,123.11022467123561,103.7053327683868
1163.0,135.86165080791184,123.27335322817594,104.1672558798078
1164.0,136.31108427852715,123.98089863388427,104.15749225738777
1165.0,135.90734184158677,124.45721694663887,103.89799022880553
1166.0,135.51651788071928,124.84452015639653,103.84985867304152
1167.0,134.4560564436544,125.39259814140273,103.46160663317437
1168.0,134.133156912265,125.82989580737113,103.06991442063716
1169.0,133.54153740673675,125.9104968354329,102.89699010766789
1170.0,133.59898419570828,125.46235291419305,102.69352907934756
1171.0,133.63985056277363,125.59756352517225,102.4051629780723
1172.0,134.24911724157695,125.65317584210653,102.49315683732944
1173.0,135.0714653225167,124.88465970276376,102.4627408529413
1174.0,136.7880205831848,125.27046882027086,102.50742087753017
1175.0,138.03547720275904,125.27712991836582,102.13768079342947
1176.0,139.82773616305187,124.74465263402541,101.78873477662302
1177.0,141.0660007431596,124.25122556839912,101.20075096867878
1178.0,142.0422494286389,124.2845024060971,100.65521098201448
1179.0,142.06335526110485,124.071959694514,99.44263781453888
1180.0,142.8645791792057,123.71874284216699,98.59527061224662
1181.0,143.04201748129952,122.81372281235808,98.08097784772403
1182.0,143.27664637271835,122.84136558666208,98.08794326023374
1183.0,143.593087731015,122.20705628251913,98.4467241790505
1184.0,143.91514777788083,122.04694984637675,98.94078366191815
1185.0,144.15908364974553,122.08427976283096,99.54284987310666
1186.0,144.7798574543747,122.39461351228884,100.10824694473335
1187.0,145.54149747763165,122.75376701621018,100.54444138457497
1188.0,146.4162663680434,123.3796634172268,101.12256127084268
1189.0,145.76614729460118,124.5123338525755,101.33501403474945
1190.0,145.0667926234318,126.07719559539248,100.87888637312383
1191.0,144.32684177243223,127.60774177540621,100.73161397364855
1192.0,143.51896777244067,128.73781457732787,100.51466486381575
1193.0,143.0381886414897,129.5759947799536,100.00430177974484
1194.0,142.36670532231372,130.79057583834836,99.54351450563789
1195.0,141.10257645057322,131.03172348464497,98.72144049471669
1196.0,139.91580909295655,131.0194592068403,98.17213934210486
1197.0,138.81703164008934,130.58476547545084,97.6738500198845
1198.0,138.35531602523352,129.65910537326175,96.96222731267805
1199.0,137.88863171871444,128.891474970286,96.35979060878219
1200.0,137.68433086930304,128.5118396659025,95.66878523753027
1201.0,137.10795422696756,128.58296705921057,94.92813778831012
1202.0,136.19270799281017,128.21489617893909,95.03591936386375
1203.0,135.65236694389338,127.33182062407775,95.06942668761809
1204.0,135.59743992697207,126.74171302290087,95.08381849839715
1205.0,135.56497733563828,125.9739567279697,95.05942802431576
1206.0,135.13420492369002,125.80526274608027,95.10938315537338
1207.0,135.4311950919737,125.59725498883786,95.345283921229
1208.0,135.20592302046668,125.612163588463,95.34282238055758
1209.0,134.85367034477702,125.38843473697601,94.90016124272887
1210.0,135.06172888057787,125.18010015668547,94.208163712213
1211.0,135.27470949384917,125.3719655016735,93.42422001408289
1212.0,135.7334921898929,125.61487297176397,92.9104121851787
1213.0,135.99699575759024,126.00163093823846,93.31809762440149
1214.0,136.2837054480382,126.56931216217286,93.57632724917637
1215.0,136.93020284445376,127.19586246382056,94.51034490746349
1216.0,136.81893998118719,127.6666306831974,95.45045267282458
1217.0,137.30786607954406,128.1190929606699,96.98441977835735
1218.0,137.3857724138617,127.6191198334241,98.42347867828421
1219.0,137.49691827434845,127.14642098199037,99.9430803956636
1220.0,137.99551874030303,126.90953358630222,101.58017661536354
1221.0,138.0888117561877,127.1632375822469,103.44124385919467
1222.0,137.84890675373447,127.71102685697427,104.07867109972983
1223.0,137.47283151749517,128.10219881126713,105.11466190902142
1224.0,137.2367552839666,128.42187710918898,105.2159345794335
1225.0,137.0944201919733,128.81940365072887,106.09571290631311
1226.0,137.00117279294022,129.01133269686918,106.41279191570915
1227.0,137.0505045934216,129.56276238590135,106.28791984774789
1228.0,136.87721737249967,129.84269191729373,106.51541170346302
1229.0,136.74890657905678,129.83011358959482,105.79418244958006
1230.0,137.46309533950907,129.81766168171177,105.19334007631926
1231.0,138.1041884060618,129.16119376464795,104.9796588072227
1232.0,138.36122283234423,128.31395160187134,104.58066184833642
1233.0,138.35231557917592,127.30506889517595,104.47514736594451
1234.0,138.87814589814099,126.52096172284004,103.99640211961001
1235.0,139.18989535688377,126.02200787752203,103.4037506973624
1236.0,139.17074464763772,125.41361396917489,103.70187237229493
1237.0,138.5443502135438,125.0971440935972,103.30123664004869
1238.0,138.36209621247204,125.04780994555942,103.62236425323884
1239.0,137.2605927999452,124.725052926823,103.7677797272217
1240.0,136.66279068034666,125.13111618476259,103.8720818480007
1241.0,135.9077106447624,125.60067828637459,104.0169434902455
1242.0,135.8174493736008,125.97943226413105,104.21005524165682
1243.0,135.57225495220283,126.42018043567634,103.69238169716601
1244.0,135.20385015580513,126.70372046848925,103.61505014799233
1245.0,135.15937330619744,127.07989910021551,103.36727990592563
1246.0,135.02550346756513,127.51534799884735,104.02645652848348
1247.0,134.5474381182986,127.69545922730543,104.68379317882008
1248.0,134.4658172150178,128.0841270985036,105.49069607462407
1249.0,134.85376195980012,127.97619792578996,106.00022125845138
1250.0,135.7359335781878,127.7576080067859,106.04505671707594
1251.0,135.933336128108,128.25777720495807,106.30980018292843
1252.0,135.89089857295878,128.9339422110612,106.7571738329866
1253.0,136.18928721758434,129.90321099478757,107.13448294128813
1254.0,136.30072662910567,131.1952393151368,107.58476962215707
1255.0,137.60609983666305,132.53820301140215,107.24839219517622
1256.0,138.4709290786281,133.84275105759482,107.02343647753007
1257.0,139.18450445583824,135.2005548805014,106.55627585164349
1258.0,139.43776437094843,136.18670298008084,105.8697558872386
1259.0,139.89808251154008,137.42206818146653,105.9578535264011
1260.0,140.83373571021627,137.97353341706767,106.00648491211824
1261.0,141.55000079708896,137.777430988879,105.89868104446633
1262.0,142.56326044487082,136.842920505845,106.00598469387893
1263.0,143.63953310506685,135.6164684034345,105.51462628402975
1264.0,143.9500791116028,134.49279261949889,105.19079437942898
1265.0,144.44120931434685,133.82813820273628,104.82409257819656
1266.0,144.9168464857574,132.72871470330742,103.94104415098205
1267.0,144.82119030726759,131.55091666970216,103.64027074539341
1268.0,145.0809927007925,130.16994425128928,103.20848093942794
1269.0,145.11066731663158,128.72246006734997,102.62029587914962
1270.0,144.98457228173842,127.7486523844005,101.78695797989539
1271.0,144.55356533838716,127.70063494611259,101.26928283399714
1272.0,143.84913054135,127.4327547769214,101.2057689798686
1273.0,143.22244982771102,127.32197831266538,101.1935357298108
1274.0,142.9625289717127,127.06894123913246,101.40933294680855
1275.0,142.3182108918393,127.02171735928226,101.51792230055918
1276.0,142.63438476443127,127.16662824731608,102.19926266370733
1277.0,142.85351684276816,127.27356808778578,102.64928040322089
1278.0,143.15896110399052,127.73330946029535,102.79506565951603
1279.0,143.28489901049394,128.02100630728913,103.52098706598215
1280.0,143.4515742823248,127.71727883392592,103.59461338477931
1281.0,143.94714337469614,127.29860582085156,103.39504858129277
1282.0,144.49989979286082,127.14204139072923,103.23605915269272
1283.0,144.45786738924576,126.83097095127542,102.55440307803194
1284.0,144.49745217914656,126.53377054218939,102.39057576906536
1285.0,144.17007087289883,126.19674991109486,101.59950788017873
1286.0,143.29378828681482,126.10587108566794,100.77625618514293
1287.0,142.27340419573093,125.89320286643266,100.09147314681843
1288.0,141.70827965855025,125.38595251294129,99.31945805765532
1289.0,140.42423701875012,125.12655465630729,98.28099912691388
1290.0,139.07422464067037,125.38346687421425,97.98846659591057
1291.0,138.17908250219494,124.92734385667416,98.20139008270722
1292.0,137.95436511693921,124.31040971607557,98.530154889638
1293.0,137.84995144794567,123.46829860030158,98.45524293108761
1294.0,137.86597768961605,123.05079184387978,98.94517472471858
1295.0,137.84687755758583,123.02678372781592,99.39058229268795
1296.0,137.88395537290089,123.1275227061115,100.39629823962954
1297.0,138.48797596881394,123.93167081814832,101.35431670833083
1298.0,139.5972237766259,124.1595092693724,102.543290793095
1299.0,140.93983921842232,123.93479138470381,103.21840025854686
1300.0,141.88837564974574,124.03936148722241,103.66655337574416
1301.0,142.70524780103665,124.42221152439741,104.20754602793689
1302.0,143.59188814727116,125.15904093977385,105.11233139197113
1303.0,143.97601281885423,126.19109136637258,105.64631622089628
1304.0,144.91557408107997,126.82605943147716,106.25488485510297
1305.0,146.9566467451084,127.08195159342242,106.45036531194184
1306.0,148.1909148813988,126.31670817083909,106.68040003091362
1307.0,149.2303195272233,126.47520740918526,106.7266889989117
1308.0,149.48475664478562,127.34356313204313,106.77304511202394
1309.0,149.50509311272828,128.0108214995798,106.77030697965056
1310.0,149.73205376632967,128.90434637564135,106.78396285493119
1311.0,149.58692602199147,129.51704034221098,106.51464488313113
1312.0,150.24293500038772,130.4757859594463,106.797389500365
1313.0,150.39346016165663,131.80700450853772,107.34347842991646
1314.0,149.3103768260395,134.06301651452145,107.51185868149192
1315.0,148.62899449558319,136.80716123837198,107.441433314717
1316.0,147.7353979513189,139.01331901536363,107.71320143947136
1317.0,147.57053477960397,140.67678846978257,108.01287976568995
1318.0,147.4512322634609,142.41653688138098,107.95950316234223
1319.0,146.40520190476641,143.7302610806522,107.52019127229785
1320.0,146.19668480616954,145.17196506084562,107.18479680659485
1321.0,145.4746512607661,146.11789439421963,106.49216192986867
1322.0,144.60314587064659,146.26806451393605,105.70036577240981
1323.0,144.294298292954,145.2238674970226,105.04960521130795
1324.0,143.7619360209887,143.93556093349957,104.92474099301295
1325.0,143.65694720163,142.45120743014348,105.25048165411104
1326.0,143.62531821271764,141.17767066107857,105.86103966128118
1327.0,143.5727803450282,139.5679995021785,106.21915632346169
1328.0,144.31830620544622,137.78761654822137,106.67834513446508
1329.0,144.06952569881662,135.72495656610138,106.782849068634
1330.0,144.34897223955835,133.68090028018545,106.88587302720954
1331.0,144.93603043334826,131.83872535162843,106.80384486913125
1332.0,145.37192115257153,130.58450670347136,107.09150449663645
1333.0,145.64552651885475,129.77878695728342,107.21225096476914
1334.0,146.12616025438763,129.27386752860997,107.0395712121833
1335.0,146.28174997980676,129.15771046090953,106.3547626879764
1336.0,146.72618349388893,128.78088779630204,105.53988827984314
1337.0,147.58285026440967,129.00288497317786,104.89616566918629
1338.0,149.31619917641854,129.85206170942126,104.72891930983525
1339.0,150.00408580294626,130.41747030956222,104.38224248133693
1340.0,149.80269600361783,131.40836009574292,103.75795919639567
1341.0,149.3432945260203,131.88959115861476,102.97441870214176
1342.0,149.53107313430485,132.09207887899393,102.14850215517586
1343.0,149.08598940470517,132.34871783144268,101.83602161633235
1344.0,148.66348415176876,132.21271847834515,101.62465884398563
1345.0,147.90757676767882,132.21583272327038,102.06162633487925
1346.0,146.22428862545223,131.96762711524954,102.54840603101258
1347.0,144.4836264598513,131.2916086675212,102.85152696543265
1348.0,143.56316733404645,130.6413614436273,103.41081776714766
1349.0,143.8805226276582,130.24808026637996,104.5074372676962
1350.0,144.52770477991643,130.35952606864063,105.61133737641049
1351.0,144.99777366203756,130.6276748973365,106.21615021200573
1352.0,145.7104639795702,130.52340354922526,106.57659735358362
1353.0,146.8377959350571,130.61779415404266,107.33867604739515
1354.0,147.78291542558944,131.02116315034797,107.99245182418984
1355.0,148.60382628750494,131.37394539779984,107.82199657183062
1356.0,149.2669225023074,132.31443558713485,107.90326693752117
1357.0,149.72200327965507,133.17149063793423,107.37569298005914
1358.0,149.89316013512217,133.90033979268,106.6378813133326
1359.0,149.56709959353756,134.44443947228777,105.74836719438925
1360.0,149.05722172668203,135.2779328921491,105.50289924524087
1361.0,148.8271599037228,136.16094668201916,105.0299063452911
1362.0,148.19938614931348,136.49685296744224,104.95348261006686
1363.0,147.75747086785816,137.28094309936859,104.9867260656981
1364.0,147.4560608102256,137.95712123866346,106.24993076185547
1365.0,147.7154162829277,138.00907377847932,106.92328668339779
1366.0,147.7799778698503,138.01835250785317,107.94711618831275
1367.0,147.7866712914953,137.2718123525478,108.86036220075474
1368.0,147.50713666272347,136.41511384124246,110.0831761583869
1369.0,146.73684526662674,135.26373369803528,111.31341222184113
1370.0,145.26007026189464,134.34901694738087,111.92371017539209
1371.0,143.9119860950997,133.90696821803186,111.97854628099219
1372.0,142.59298125802908,133.1240850261162,111.79078750968057
1373.0,141.25391028701426,131.96727814902408,111.00750739346658
1374.0,139.17008577753387,130.8014891446523,110.95962795671781
1375.0,137.88959628911854,129.91009942921553,111.11636204196601
1376.0,137.05122372811846,129.743431584303,110.6326087211124
1377.0,136.08669813137493,130.1985447164492,110.37261663640987
1378.0,135.67034144296116,130.3828387421726,109.80275192109401
1379.0,135.89582775799704,130.10708139369092,109.6922372914159
1380.0,136.03791330494656,130.08285563725076,109.71848380052118
1381.0,136.4657098387862,130.24499197178875,109.78200895098989
1382.0,137.09931310773166,130.67829844651033,110.27337918937592
1383.0,137.76686858293618,130.95175165056543,110.32635209556814
1384.0,137.4532898923734,131.4072232352986,110.32499793283327
1385.0,136.99633879396666,131.32589317752686,111.29003438268545
1386.0,137.8618998945481,130.35337511872217,111.8415078268848
1387.0,138.491127230486,130.15234292933764,112.74148679965762
1388.0,139.06091055322602,130.2712239720248,113.53463691566706
1389.0,139.30206391849907,129.88838240701705,113.86363877008077
1390.0,139.04666113110585,129.20129083587594,114.72567581883398
1391.0,138.70499681611003,128.4808281423873,115.08708268467439
1392.0,138.53854912162063,127.82738727317229,114.93240053309037
1393.0,139.09497815410583,126.72856525130344,114.56461994278602
1394.0,139.3195827336132,125.63555933073057,114.07107030003893
1395.0,139.14002490362162,125.53186966964115,113.83859002320486
1396.0,138.61679063007554,125.00049768299048,113.33440978793924
1397.0,137.9413457573527,124.69272401086303,112.91332480398484
1398.0,137.91536805953368,124.54526943900032,113.0917576881967
1399.0,137.9553575913359,124.73082026027673,112.89210334880238
1400.0,138.09380080764117,125.37761951137816,112.97502530459539
1401.0,138.26012170625148,126.40662291695347,113.57743322760689
1402.0,137.8920195179226,127.59137506702513,114.19276534533728
1403.0,137.5239462645724,128.89040967423495,114.75197423943773
1404.0,136.75277096293314,129.72424803072758,114.99954750285029
1405.0,136.95710336748954,130.4220845378393,115.4870942807135
1406.0,137.23058315280875,131.40665385661822,116.02978828602734
1407.0,137.75770790174167,132.62438599486265,116.10462581447466
1408.0,138.87813895863917,133.68183533494,115.67407652497317
1409.0,139.98266415299085,134.81005550725294,115.29873289487531
1410.0,140.9458787456031,135.1468437659789,114.85605470212872
1411.0,142.26092308876713,135.54870242341224,114.79836115601627
1412.0,142.89837163898488,135.83204286772428,115.25419035743855
1413.0,143.33762273322952,135.85507934051103,115.99926082615802
1414.0,143.41363488514165,136.19903707223506,116.48672053323425
1415.0,143.55491711126004,136.30041236479565,116.86190486264806
1416.0,143.35441575806826,136.06830023297755,117.70391155248912
1417.0,142.41912088387403,135.5713887918307,119.0325950510414
1418.0,141.6277269989823,134.57109682629022,120.23892744894347
1419.0,140.9361438536799,134.26856769786104,121.35957026410375
1420.0,139.67146800305125,133.66386090162968,121.98012657333148
1421.0,139.29712748787856,133.33941441509108,122.07440118015427
1422.0,139.43681434680772,133.02873605550167,122.20025424426548
1423.0,140.04414052300285,132.94552085554008,122.37543385667483
1424.0,140.46642292707543,132.22071562874504,122.02841989267033
1425.0,140.40584974069037,131.9782450565637,121.38071220120082
1426.0,140.74122679983384,131.8553109854767,120.82128991206757
1427.0,140.04211330014772,131.86715347175596,120.08605324641715
1428.0,139.1700356790689,131.7943305228249,119.64601121477686
1429.0,138.73371605484212,132.3985359516312,119.46271689713544
1430.0,138.04391063062667,133.1423793637885,119.35122475888802
1431.0,137.71419564355193,133.94237105365795,118.76184236153455
1432.0,136.79425044183364,134.82795444214338,118.1393969624871
1433.0,136.37221850778573,135.56581851751383,118.18833476681571
1434.0,136.37290286100728,136.21451570345215,118.16957674290921
1435.0,136.32794271114162,136.54300090363273,117.56899871441429
1436.0,137.3799933166003,137.10545904819847,117.20454723758849
1437.0,138.61044526060127,136.87286806568198,117.43593571081598
1438.0,139.99126358676847,135.81267100216817,117.68401650432881
1439.0,141.5828853515978,134.7567452466473,117.75919853561908
1440.0,142.49344608068,133.99879993987565,117.84333775535997
1441.0,142.70295830557336,132.78534877315766,117.84856754850395
1442.0,143.48637077921023,132.4617576834866,117.68693212632002
1443.0,144.06808846545567,131.7687219990567,117.34633853551779
1444.0,145.27821386897662,131.44798235155224,117.80769692867327
1445.0,146.03617219751163,131.0367273774796,118.21768257911309
1446.0,146.77466965289307,131.35658697078617,118.38097891668124
1447.0,147.38230952404996,132.3151671621917,118.39686442510671
1448.0,147.54306603875824,133.15185958797153,118.65170139384516
1449.0,147.83216307784122,133.94260385677575,119.28725532548897
1450.0,148.7062508461375,134.36914032551283,119.65839170021638
1451.0,149.05267860526115,134.68033689350872,119.71865609441556
1452.0,149.5959074693718,135.14617586158982,120.40120517659382
1453.0,149.51018313660836,135.32180658763372,121.0176053533818
1454.0,149.69683288499385,135.2485023363501,121.29501020238403
1455.0,150.07208336019536,134.9226628151699,121.32369220309181
1456.0,149.87222601187707,134.50292311311244,121.68946268000899
1457.0,150.31955056037822,134.7583493554088,122.18179510853803
1458.0,150.93221859483066,134.74107492141977,122.2387603041075
1459.0,151.70487037197512,135.2100118025574,122.5664992001076
1460.0,152.66246729401522,135.61075914186665,122.72631861128403
1461.0,153.6664540707866,135.85205433280356,122.80144074179914
1462.0,154.39348908908227,136.0112412570359,122.13841356898004
1463.0,155.78215823473585,136.2790452991054,121.45368882293656
1464.0,156.1981248815608,136.6604781098922,120.70286577604011
1465.0,157.01036114723942,137.31075272529546,119.64683128358163
1466.0,156.3090579890663,137.25241189482568,118.27451462151049
1467.0,155.66180190785863,137.90772808498178,117.26705038755264
1468.0,154.9208812028893,137.9727458240295,116.4117742187517
1469.0,153.75175000842427,137.7530830978319,115.49631075649972
1470.0,152.01732781362313,137.19725603308075,114.27124146281598
1471.0,150.53956372156344,136.80178285276534,113.580773733925
1472.0,148.54988934045366,136.23586081636338,113.64987453487005
1473.0,147.62277291290414,136.09321749344545,113.79714744631563
1474.0,146.55889101310265,135.59334330100063,114.39401053255335
1475.0,146.48495042098776,135.07375497251948,115.21173191780649
1476.0,146.1623637700747,134.19283864844525,115.89552921955337
1477.0,145.64623071226725,133.3426566460876,116.5796641515828
1478.0,144.8023670393414,133.1396854609352,118.17141873655312
1479.0,144.40746114484838,133.352422743409,119.76221459205321
1480.0,144.53460115706943,133.9603592078634,121.271859001174
1481.0,144.85815407353886,134.87823878402358,122.13326189318354
1482.0,145.35518783724598,135.1510903953096,122.92663699296769
1483.0,145.9994882233955,135.6449054012148,123.24532194430809
1484.0,146.7153347724991,136.2739394938643,123.65617747538478
1485.0,147.69950556922078,136.76443854767916,124.32138508778688
1486.0,149.09872959535494,137.61408588228056,125.37530271467328
1487.0,150.7576990243229,138.04869233885316,126.07349531403031
1488.0,152.1784589792789,138.50654522777685,126.6204379155412
1489.0,153.24596214317478,138.29335501113204,127.02254996900959
1490.0,153.7157443214555,137.85724641046073,127.52361906567793
1491.0,153.48418149979827,137.2572356895419,128.08548498269235
1492.0,153.74196116595388,136.30181013989798,128.68431836949176
1493.0,153.4589986259664,135.4424740490008,128.47567142892746
1494.0,152.57757335563528,134.71537176542728,128.3539542841411
1495.0,151.7873745881825,134.1789249994053,127.71527419297486
1496.0,150.49267847284975,133.54130398794914,127.47573230951484
1497.0,149.22267882699262,132.6319437822393,127.19945698418377
1498.0,147.46820102325788,132.1780891921755,126.98205451297719
1499.0,146.2401777646745,131.5091885801077,126.8458164493835
1500.0,145.52878531721652,131.3246442753466,126.38340305742396
1501.0,143.96520877213226,131.11507789556464,126.15184243526255
1502.0,143.21848837089632,131.11810939373916,126.96840913248879
1503.0,142.93142655384094,130.87970089957037,127.79911756956427
1504.0,142.66847708758982,130.73202386909293,128.68279265872292
1505.0,142.75801093354588,130.98693910642294,128.98618746721235
1506.0,142.7925774045296,131.4462465373578,129.6601972408582
1507.0,143.5108689337614,132.0606261073801,130.47085990962776
1508.0,144.0640297885041,132.9701113691408,130.9767119738438
1509.0,144.43687593434103,133.588838854505,131.59552319314196
1510.0,144.79460103558822,134.24027890398128,132.14089967689253
1511.0,145.1125361073627,133.93829550123436,132.03026290468364
1512.0,145.5797738514556,133.27321468775585,131.19546241426804
1513.0,146.14613191046965,132.5457889582309,130.35321930314726
1514.0,146.42045747837187,131.90724717611357,129.86800111381632
1515.0,146.73533808050954,131.15601492930378,129.1845823281266
1516.0,147.05458874287254,130.35039355994945,128.4933126954901
1517.0,147.06829021727668,129.58558276926146,128.14388137415878
1518.0,146.72095510443438,129.48634134401644,127.37228139530033
1519.0,146.5470320434072,129.41758329231897,126.86441892328857
1520.0,146.14746027491026,129.4239028555587,126.50678034954016
1521.0,145.72307891482174,129.91806406643258,126.68350708790345
1522.0,144.59456249497475,130.14080474323472,126.61916288177991
1523.0,143.71308355784947,130.0402045801252,126.46216918627547
1524.0,142.90143058891744,129.97832313573244,126.40921378011963
1525.0,141.3061015366826,129.56453593271064,126.0675204261367
1526.0,139.4928765652917,128.82360453462977,125.79795282389613
1527.0,137.7866180574004,127.56165412659394,125.91097565027195
1528.0,136.45478784471857,126.58228207564517,125.27354382202822
1529.0,134.90118891798508,126.263344108012,124.39791190862218
1530.0,133.56961047361386,125.75514767940643,123.5733154680617
1531.0,132.93552928037326,125.16270982745401,122.87417150794477
1532.0,132.39617236794825,124.69407308163488,122.38827600133531
1533.0,131.96903661932453,124.55066510280676,122.13541585069858
1534.0,131.84670295517714,124.44206686334314,121.67430495065634
1535.0,132.36624957036838,124.37000043080643,120.93259356426131
1536.0,132.88378178600723,124.35288447683304,120.26794409789
1537.0,133.14383794697645,124.13451774475911,120.28799579855746
1538.0,133.79107875119658,124.16530922159993,120.50069228235387
1539.0,134.1206699575691,124.27846776585181,120.38682002079595
1540.0,133.95017833600468,124.70020559329213,120.29674144124861
1541.0,133.99653980720356,125.02783263925734,120.12751196324412
1542.0,134.0172324660713,125.32748617888215,119.1901227865854
1543.0,133.81334391320343,125.5092141551593,118.81448641427637
1544.0,133.07485344362655,125.45767343788525,118.07611775529287
1545.0,132.4665897599014,125.50127380323745,117.54530280148602
1546.0,132.36100340195898,125.11378787494863,116.61655253540142
1547.0,132.53785473765348,124.5673425341962,115.58123893294014
1548.0,132.73500341241999,124.64967846726682,114.52486020306011
1549.0,133.17737981767132,125.6587530977478,113.85910785310867
1550.0,133.52169882992888,126.97477992139746,113.34626380738432
1551.0,133.40625888414672,127.93760080937965,113.33043079371163
1552.0,133.73187535238816,129.28488526082995,113.48765360349691
1553.0,134.75421582233403,131.31680088265367,114.27160363797833
1554.0,135.92107114023835,133.11522669414637,115.44138150890223
1555.0,137.03932729149184,135.45861932628827,116.55830523893414
1556.0,137.56930440537653,137.31858648200205,117.63145287474902
1557.0,138.19470332470243,138.8016384002044,119.28422242046747
1558.0,138.90654081111109,138.94461762029906,120.43005082778673
1559.0,139.830217013973,138.6545139058618,121.44051138352341
1560.0,141.50898810671325,138.8080458534208,122.06726882090899
1561.0,142.82705685792664,139.20573039936735,122.33629123031012
1562.0,143.34806075424433,139.4683201853743,122.25504023471672
1563.0,143.8672206482282,140.05150767464824,121.28081599041745
1564.0,144.3568677604185,140.56944848724294,120.06280657329347
1565.0,144.79868686198296,141.24896542306877,119.50488960060831
1566.0,144.92741865547504,141.3539242910317,119.01885947533981
1567.0,144.73547694092278,141.9515502968612,118.96676336707553
1568.0,144.160308665127,142.3129218125746,118.70269040954334
1569.0,143.49561631062983,142.7889303709832,118.2976594200847
1570.0,142.9585266062876,142.8667286121997,117.83513244923324
1571.0,143.1775942138435,142.76672393831413,117.4270099032272
1572.0,143.1517271733165,142.8481132119416,116.7292375661668
1573.0,142.59493021520237,143.05763143638438,116.08709749888587
1574.0,142.26042223543925,143.13508307406252,114.83398217680303
1575.0,141.9923400284739,143.5901515548548,113.52809544254411
1576.0,141.89900393498314,144.4857749853185,112.15891047302968
1577.0,142.32543699912864,145.29385438648717,110.78439261005273
1578.0,142.63301002191412,145.6242472078928,109.94179334306804
1579.0,142.7663186546649,145.6999537831449,108.90620083974319
1580.0,142.7152263311032,145.58574251921894,108.41653998221204
1581.0,142.42412873543321,144.84692668205415,108.05445357565058
1582.0,142.63006751092638,144.07989168085922,108.55131842816711
1583.0,142.9564293012421,142.9962004843242,109.63287493594237
1584.0,143.88064291356764,141.68133980694208,110.29029438138647
1585.0,144.55739782255768,139.56246925574362,110.47456831121563
1586.0,144.93031795045195,137.85899855149464,110.61657474109333
1587.0,145.7263615221012,136.37132932397867,110.51958373470814
1588.0,146.619109466821,135.1537372564638,110.61082878435111
1589.0,147.50716257533566,134.07652844283132,110.24450179465366
1590.0,148.78193032561967,133.60181169472267,110.19595141587828
1591.0,150.0608924130363,133.02991211695553,109.54009138429203
1592.0,150.7721487770529,132.8012297365327,108.14903945367813
1593.0,150.66381880763794,132.71883475349446,106.52011973408491
1594.0,150.9315279287282,132.56646117340733,105.41915807926011
1595.0,151.40704224918747,132.22975051642757,103.70999640303413
1596.0,151.13407151226198,131.76211830932132,102.5725704234338
1597.0,151.09608457976773,131.94140272940152,101.59816554120829
1598.0,150.76409789568368,132.52329046912848,100.9088488960536
1599.0,149.99301676250468,132.7501665481169,100.80074855033763
1600.0,148.49186389639328,132.08887821617517,100.49165028779252
1601.0,147.78015128989483,131.62161576884822,100.8458892360068
1602.0,147.34223317626578,131.3530664831241,101.64423487000138
1603.0,146.3728528554751,131.2981849767294,102.27120239444494
1604.0,145.31388204866553,131.4201131450601,103.29432748671712
1605.0,144.81909260337676,131.52582210694806,104.484853536179
1606.0,144.71054249419788,131.1831928469402,105.64209767075305
1607.0,144.95881636131418,130.71476503703283,106.79984000746192
1608.0,145.14193828939267,131.03835499108385,107.52790577712189
1609.0,145.9064440034162,132.18910058094878,108.68964558909973
1610.0,146.26275656024757,133.39399270507943,109.50856776182616
1611.0,146.37900005056287,134.0449741261564,110.1334544382565
1612.0,146.76375290119512,134.3593901749793,110.64595949402873
1613.0,147.08030031640473,134.2841544291499,111.92507837565809
1614.0,146.86231707117082,134.1983232967829,112.75565911085629
1615.0,146.25973485981433,133.47211345293994,113.62549201905644
1616.0,145.32529599947426,133.48948088475473,114.93310486845826
1617.0,144.32583441260098,133.18567316967108,116.23342903860457
1618.0,143.44340890908785,133.1330543655653,117.10007847916705
1619.0,142.33605953927653,132.59823638182382,117.83628186537229
1620.0,141.60254422856207,132.52872609197794,118.70138723485995
1621.0,140.7719387346042,132.50134631104237,119.27913695183499
1622.0,140.032673373994,132.67921690839398,119.83041638759839
1623.0,139.97105217495945,133.00073298975045,120.4387991865693
1624.0,139.65884706554877,133.88740158512232,120.93868913133024
1625.0,139.54314240392745,133.72454606720788,120.77074470211535
1626.0,140.60214749836828,133.14637684709157,120.8924561471834
1627.0,141.487221331181,132.19283081657568,121.09936008476316
1628.0,142.09885184860326,131.53381522014845,121.18646765079316
1629.0,142.36028278974987,130.77382279176723,121.57031985306494
1630.0,142.81497331799213,130.15653040292815,122.66601799866876
1631.0,143.12585112571153,129.9529006899704,122.37649929508699
1632.0,142.63203757035575,129.43350739241524,122.13353537422209
1633.0,142.11157828259473,128.97299881039925,121.91306284257597
1634.0,141.07440145491876,129.0149817129558,121.84141654891431
1635.0,139.63106178817185,129.02343216878185,121.63399395520462
1636.0,138.45226022257424,129.17893749046087,121.51523570061502
1637.0,137.33083365370376,129.28271228604908,122.06739876655723
1638.0,136.30725975114242,129.70948201592887,122.2655283950229
1639.0,135.78838132372942,130.45629228917312,121.92292652183437
1640.0,135.41095912517937,130.76083338623133,122.18511127690971
1641.0,135.59134821634308,131.02873324115058,121.86908296369133
1642.0,136.160294657893,131.22268326724716,121.52027163333005
1643.0,136.81609144453824,131.08758562731495,121.17199450017817
1644.0,137.56823031063706,131.02506044315396,120.37534109741759
1645.0,138.84789673199703,130.61445281965578,119.97007796500507
1646.0,140.77510112617372,130.13842160299075,118.94581867349147
1647.0,142.7204182085709,129.36390550011956,117.95056764170857
1648.0,144.5224134961217,128.36507728062864,117.5163937743537
1649.0,145.47777558885747,127.44509029123083,117.37401131636042
1650.0,146.0429144101821,126.81103742395709,117.56583547287883
1651.0,146.5989973274615,126.53556543739771,117.1069092550332
1652.0,147.29498340431076,126.24985846915195,116.92866845297993
1653.0,147.85124372805484,126.31503997105727,117.3734306593232
1654.0,147.2010020450466,126.79559469838446,117.62758653555917
1655.0,146.5599845102342,128.49984035845253,117.76777623880488
1656.0,145.74826817294397,130.20675415792024,117.56879172273707
1657.0,144.5011609135134,132.16454350587577,117.13565380345678
1658.0,143.9409266665523,133.75256012468262,116.77778061241725
1659.0,143.4641180705635,135.63349524962914,116.39875668603325
1660.0,143.1175564272626,137.1083155758234,116.9173891839111
1661.0,143.2126262285089,138.4645869507262,117.27400330682639
1662.0,143.33046690366,138.99138140564733,116.94102070209269
1663.0,143.78504261078209,139.25895867471283,116.37469399216225
1664.0,144.12369574081646,138.44920582692424,116.41523898843232
1665.0,145.04932578228176,137.85896321756178,116.72311890132382
1666.0,145.37846180428048,136.97241487847458,117.05580902855975
1667.0,145.6584975558943,136.3017546317119,116.99397178950758
1668.0,146.02084646034982,135.18521047554307,117.01687065490732
1669.0,146.25891989812868,134.6068403304982,116.75664848908654
1670.0,146.43063653737423,133.84357500905847,116.39607950562342
1671.0,146.56982361075833,133.99088943537728,116.60695142487342
1672.0,146.87347283533515,134.03055628841346,116.72088614362765
1673.0,147.49619154834875,134.101219205725,116.89399133594254
1674.0,147.4320512754461,133.88983768213268,117.30536995077844
1675.0,148.03743613417524,134.03169561548782,117.48087778727916
1676.0,148.74183402127613,134.2734600118327,118.0343024921424
1677.0,149.65260813146176,134.91582043811695,118.29125709197203
1678.0,150.61069823021055,135.27425657015394,118.94247962362388
1679.0,151.25591428907268,135.74524224994445,119.58680739706489
1680.0,151.1224217081521,135.97378753536813,120.23021500647044
1681.0,150.91569873920082,136.68149500253622,120.9869805024892
1682.0,150.3377398734182,137.54737845462742,121.23822822562293
1683.0,150.42542478742735,138.51039347716465,121.26674209407766
1684.0,149.93230511973002,138.9415448149457,121.33280884442527
1685.0,149.32397294043594,139.64722758163032,121.54776617583013
1686.0,148.55812554932507,139.86638890828152,122.30769599203354
1687.0,147.5034431135943,139.83512696295634,122.17200354695743
1688.0,146.33008894969677,139.7477464219944,122.20684807599861
1689.0,145.81812555027332,139.4183128452008,121.53341046120937
1690.0,145.07392883496104,138.67509289870262,121.19539972463018
1691.0,144.2351374374328,138.1348374380026,120.48188400928106
1692.0,143.06522440722753,137.71019559793018,119.51385444917929
1693.0,142.56232566293798,137.69021713176383,118.46147911685652
1694.0,142.25425962662865,137.645323285138,117.25393364854537
1695.0,141.85899739397433,138.06874630114015,115.68356399357687
1696.0,141.8133690949659,138.6771004921483,114.65876585386519
1697.0,142.03143586304859,139.318136417007,113.2978100114605
1698.0,142.39227603450252,140.28193983927383,112.11647466665697
1699.0,143.11805643347742,141.2183088998116,110.82531129576985
1700.0,144.0486989657909,141.5557377047745,110.38186934815974
1701.0,144.96352431217448,141.76931421950584,110.79364002180617
1702.0,145.7910148135602,141.77004143910906,111.12837316152968
1703.0,146.920346175571,141.29899242042745,111.51368654016514
1704.0,147.94949654256112,140.4480504536406,111.6938421560601
1705.0,149.28676015619965,139.25383328483582,112.65290725064153
1706.0,150.29776541583678,138.37732586936667,114.14658279860011
1707.0,150.78603292060052,137.2325505523757,116.21381928471294
1708.0,151.06795946474355,136.18440668778172,118.50318640830542
1709.0,151.32623652351765,135.47537834949014,120.71339371012064
1710.0,152.09184873936454,134.62378251609113,122.2737949856167
1711.0,153.10524040644367,134.47383825469564,123.97863462737035
1712.0,153.50816638915487,135.15211832621534,125.93577750617982
1713.0,154.82195423619282,136.4193043228083,128.48226908115606
1714.0,155.23654836068403,137.61738591450734,130.081598757527
1715.0,156.54172862329938,138.80476150262754,130.86041993864956
1716.0,157.8413273804755,140.49001983641713,131.2702639452676
1717.0,159.3770185825718,142.6154885309374,131.4987083097188
1718.0,160.6186284668338,144.6006379252068,131.23897863492599
1719.0,160.52734006967316,146.63684811898418,131.38236654438356
1720.0,159.64304103859865,147.90910673648142,131.17003808011754
1721.0,158.7970342183978,148.66758232334556,130.12276001056816
1722.0,157.5485937363434,148.78874163913773,129.19010242504226
1723.0,156.50046386353762,148.89324056168937,128.61810144983417
1724.0,154.57419692754783,149.68467119829543,128.18876925045242
1725.0,153.129352552093,149.98689744076785,127.75171533863457
1726.0,151.45458883008024,149.828549939306,127.05599653999306
1727.0,149.85494055542947,149.383635771456,126.77995477019007
1728.0,148.84685206176923,148.82821549849933,126.0813464658732
1729.0,148.54319328205574,148.05764339625532,125.7554442092378
1730.0,148.1311213156649,147.14668668633317,126.17089476157767
1731.0,146.9600740608222,146.8926649029268,126.22757410512651
1732.0,146.16072542270862,146.38837844250435,126.08073571802454
1733.0,146.09174910465077,145.54665618951114,126.39412624640889
1734.0,146.03077680295456,144.52527342681967,126.31227893409095
1735.0,145.84306519334234,143.53410288909632,126.33170485847415
1736.0,145.89917932568972,142.77299137454395,126.24838969388108
1737.0,146.2985089763669,142.64376682674072,126.63447936564918
1738.0,146.6024699889137,142.47807128796708,126.93875563411774
1739.0,147.12617957290496,142.7274943027993,127.0353220104817
1740.0,147.72515546666833,142.81948113286438,127.12954774548899
1741.0,147.9416671838395,143.59460455079312,126.69946764856662
1742.0,148.01725546504758,143.8998861531316,126.10913377987549
1743.0,147.91539561931788,143.96368858255596,125.9113231561664
1744.0,147.92942285792688,144.42586002725935,125.84319471118685
1745.0,148.05547642554916,144.68335963637517,125.87224907409565
1746.0,147.82840682898362,144.5825306881101,125.742942837691
1747.0,148.11442098882358,144.90502531402538,125.42008285771462
1748.0,148.31665238524366,144.94973392228246,124.73264971129555
1749.0,148.77841228575429,144.14688055071662,124.06854902996936
1750.0,149.7460390623384,143.22172774017116,124.21847822801965
1751.0,150.2112892097971,142.74864827007713,124.09141708353656
1752.0,150.3817102986436,142.28117804836313,124.12923260334964
1753.0,150.53277244384532,141.53627997836367,123.9848925614751
1754.0,150.24626790176023,141.5303284194358,123.73007836227242
1755.0,150.4472722618848,141.27035502024535,123.20575567788066
1756.0,149.75812966901094,140.8528628267665,122.67354703877956
1757.0,148.79530310628172,140.5256840259178,122.90616943659265
1758.0,147.87888740965383,140.71962977928203,123.1677984574533
1759.0,146.4685794527274,140.62161148368122,123.11014663806904
1760.0,145.27950696246953,140.24102733689185,123.60825211955716
1761.0,144.19186860640696,140.07358645944404,123.70802250517538
1762.0,143.457957237624,139.8412688542684,123.98801278825151
1763.0,142.8742655853831,139.05748466881101,123.98811226895597
1764.0,142.1332829635238,138.4499744839395,124.37917083205672
1765.0,141.53274274837716,137.62787299129562,125.25871448147745
1766.0,141.75422688787808,136.99425039031217,125.72951472606131
1767.0,141.70843446246755,136.54346479746127,126.24323365230298
1768.0,141.62428248201158,136.67809626123636,126.87919099148533
1769.0,141.5849682202727,137.1829976911053,126.99226839025127
1770.0,141.32514115692595,138.25742735302234,127.17929868008801
1771.0,140.4668632523902,138.8853376496255,127.03918903090202
1772.0,139.4728912360919,139.69005577286333,127.10253740251208
1773.0,138.9550800069738,140.58161478728476,126.74259597513058
1774.0,138.4748510478256,141.68502880712165,126.87680812857619
1775.0,138.3477397516863,142.28891399442662,127.40838518327043
1776.0,138.1968557827701,142.62378663782204,127.4611427256808
1777.0,138.19529764637406,142.7094833746816,127.568762948091
1778.0,138.33392426223793,142.44048092219626,128.03768841284634
1779.0,139.33646487927658,141.69263973866111,128.92440003477398
1780.0,140.8938008303778,141.59206547540697,130.0925161711943
1781.0,142.32257316561075,141.5657288068698,131.47500693034152
1782.0,143.5531797027449,141.44878007206142,132.74125034073094
1783.0,144.46913566379038,141.45282985448472,133.05145200861344
1784.0,144.75605134793318,141.5233559326044,132.49957096064296
1785.0,145.731977463903,141.60584800756257,132.71658871502927
1786.0,147.0177396877022,141.61428915036436,132.49922256009168
1787.0,148.41921404867864,141.44366331991327,132.01384892346317
1788.0,149.31278795162984,141.07264930121912,131.51309956544642
1789.0,149.6760725574891,140.2472068020914,131.04845739754813
1790.0,150.26777954559833,139.45759046470772,130.97153091763954
1791.0,150.234828941333,138.1291448267321,131.17635972806374
1792.0,150.4184071435662,136.88292647098143,131.28100523071672
1793.0,150.33248828082807,135.94262533457203,131.44072210263448
1794.0,149.51762941285648,135.34105787216046,131.10921095448919
1795.0,148.3916388588831,134.5732610076923,131.29278531846154
1796.0,147.25481517565336,134.1030162348,131.4800130416414
1797.0,145.86990785085396,134.00596505120163,131.6349109984089
1798.0,144.77318430029874,134.2856628326134,131.500622517806
1799.0,144.07462537125406,134.44902210672964,130.7279486955895
1800.0,143.39716841062187,135.54686054604855,129.71444625340482
1801.0,143.00847749518178,136.31914603849563,128.80887733983295
1802.0,142.69745862640397,137.36667009873736,128.20573164993357
1803.0,142.59090167132655,138.06577094452462,128.0323154046566
1804.0,142.65110810866065,138.5166783417665,127.54654360210552
1805.0,142.36339590485176,138.87835144640707,127.20733738533639
1806.0,142.50494532718022,139.18356975342124,127.04199289413073
1807.0,142.94897295237104,139.3762509173572,126.80291887214071
1808.0,143.04477917180967,139.52028040033872,126.52820334238574
1809.0,143.5962702592994,139.64623582858832,126.2160629043178
1810.0,144.01491318951395,140.0512846175252,126.43896504273852
1811.0,143.88638207555024,139.7907397186402,126.90937609133007
1812.0,144.19262240665066,139.82861524017733,126.73185688016173
1813.0,144.80228329989714,140.21342122269186,127.00331328681878
1814.0,145.32433834623924,140.45200286337462,127.0736636290173
1815.0,145.6989639656872,141.09186313655454,126.96721255009581
1816.0,145.37471070848818,141.53375340894283,126.44124500749753
1817.0,145.3621784220943,141.5481781957003,125.98386629390966
1818.0,145.11453528479285,141.18798150154763,125.80090240157911
1819.0,144.59934270836968,140.03971762958247,125.66770082665471
1820.0,144.5956486912109,139.12122088868776,125.44570490347957
1821.0,144.16050686642217,137.94250273145607,125.57700732580652
1822.0,143.46797178864819,137.20655326646204,125.30336586924928
1823.0,143.03668913257934,136.26352720714652,124.98154250083081
1824.0,142.76229272379945,135.15497695941298,124.68681481221475
1825.0,142.87042193812417,134.7000032507186,124.94862309157365
1826.0,142.8847108327159,134.959851868976,125.38595544232908
1827.0,143.3445877446101,135.1811140968098,125.56666135494821
1828.0,144.23851802109522,136.28306681267065,125.50863334164443
1829.0,145.1117725918738,137.55878285197423,125.24578602283077
1830.0,146.14282710182556,138.75977802322961,124.99658631914721
1831.0,147.02821217685405,139.50325868805237,124.48541371711069
1832.0,147.63963288225185,140.398451048419,124.06959566634038
1833.0,148.0928223449074,140.8587419244087,123.19172580686052
1834.0,148.51134802816554,141.00695741774643,122.56550448547975
1835.0,148.54713229320168,140.84187967832887,121.85815860220116
1836.0,148.19284153598542,140.65520385119964,121.10334679585958
1837.0,147.84014584287812,140.5687383801504,120.50556300715895
1838.0,147.63725606758592,139.96306512088879,120.18333297009367
1839.0,147.04727369678488,139.34196189394564,119.69431003683644
1840.0,146.81190452308724,138.7781908720141,119.82190053517657
1841.0,146.28222508121326,138.30832207464775,119.96981636977834
1842.0,145.58776364204795,137.92617588360102,120.76953410332375
1843.0,145.26105651059842,137.63832658542813,121.44194706467417
1844.0,144.9410522420452,137.6055836950911,122.02129153858971
1845.0,144.80922855296058,137.58987924151512,122.8036543734654
1846.0,144.6237083900791,137.5226073098403,123.41792824748137
1847.0,144.30492423795758,137.7839925715866,123.98712356242415
1848.0,144.25476979056393,138.0899795734054,124.62655094871687
1849.0,143.95183848637024,138.4829742574677,124.42732005579877
1850.0,144.07020480946747,138.78325614880282,123.99914235174225
1851.0,144.51160368436717,139.45220674230217,123.24925395469835
1852.0,144.47092612728252,140.4976370260389,122.79328288750722
1853.0,144.90001650116753,141.27985217606968,122.29432369504042
1854.0,144.97432030108385,142.20425224208265,122.21623629194445
1855.0,144.91893749578682,143.06147946007047,121.55200312269544
1856.0,144.32921470254172,143.7158631031578,120.68504844107103
1857.0,143.62624661066698,145.3437776162618,120.02529307738712
1858.0,142.9221108251042,145.81196046089585,120.0760407378113
1859.0,142.52372618419767,146.5420723528214,120.5477297243659
1860.0,142.13763331671475,146.76533834240428,120.89552931358207
1861.0,141.9537378373398,146.0346477461145,120.59981259195386
1862.0,141.96811092529322,145.28197783465367,120.41460492650324
1863.0,141.85509672607205,144.74135126962193,119.85098773403712
1864.0,141.42767794518707,144.1904415747027,119.65533703746432
1865.0,141.4638304742365,144.11139529247274,119.82436308890335
1866.0,141.58918332929835,143.24022595659852,119.76246264270527
1867.0,141.99446532467567,143.43358053461952,119.3597623214358
1868.0,142.1176503221041,143.16638678739469,118.90096966142207
1869.0,142.38707624543014,143.6763199051007,118.3553552144467
1870.0,142.58019654956487,144.57379267060904,118.1542306949728
1871.0,142.53857473275477,145.23229237129587,117.77917445010407
1872.0,142.57005532989425,145.47940456167166,117.4748567102372
1873.0,142.6727991167645,146.14609531558432,117.53414031293772
1874.0,143.01196328531435,146.79224103977805,117.52286059186778
1875.0,143.82504394692327,147.2215711883916,118.08213198743456
1876.0,144.3858116834474,147.5927830114636,119.00263953954156
1877.0,145.07548717819182,148.54674566742503,119.82268666690001
1878.0,145.58816486211379,148.85025467570108,121.08618361108974
1879.0,146.14208501773527,149.17868384595315,122.3531206556249
1880.0,146.33632969244616,149.76813651949132,123.77771390819244
1881.0,146.6156662663474,150.38156405218294,125.29651236660297
1882.0,147.2346008209952,150.1726548775139,126.42505687570574
1883.0,147.52413195626335,150.25421231856953,127.41890687599937
1884.0,147.522629913929,150.23188599414826,127.98349979975569
1885.0,147.60641731712914,149.95909408310703,128.63354377188432
1886.0,147.55976579532,149.5385185114303,129.20604203233432
1887.0,147.36868345205372,149.24145262469477,129.21086869061784
1888.0,147.1515168746023,148.8090866189904,129.38000705567984
1889.0,147.23672463238125,148.25735400672568,129.398139055865
1890.0,146.97152260194082,147.73026834737738,129.26174975297644
1891.0,146.42146067495736,147.23112576094778,129.21750853808388
1892.0,146.32096897389334,146.51972005647661,129.37581627191415
1893.0,146.40381791479177,145.72986444071483,129.3405488312964
1894.0,146.32172227971097,144.99282403165242,128.99933646820992
1895.0,146.32113719206305,144.02483356961446,128.8474770026046
1896.0,145.99947294081147,142.78376884933635,129.15787088039832
1897.0,146.05092885935235,141.73514531831768,129.4065933155401
1898.0,146.0921347788381,140.65909049682924,129.61922182771113
1899.0,146.4335379660315,140.39966278524838,129.84369716664656
1900.0,146.83723964710435,140.31737361744126,130.22162266812825
1901.0,147.0037306087755,139.42572752943994,130.35944054880866
1902.0,146.59747691174726,138.98308633847608,130.4680902322953
1903.0,146.33686078590046,138.8267693567892,130.33446158243606
1904.0,145.77425152005375,139.04932221797935,130.46413140362506
1905.0,145.81453355505053,139.83442657014857,130.419204043427
1906.0,145.21076446711578,141.0323307075333,129.90328027818072
1907.0,145.07798319938965,142.36643295233137,129.57037052651222
1908.0,145.37265977247702,142.93003323073603,129.3132690817678
1909.0,146.15035157713237,143.59427197093345,128.82019403724064
1910.0,146.73464815104205,144.37595003523657,128.5866592581099
1911.0,147.70141279567338,144.95746066233005,128.64723382569932
1912.0,148.3779570405453,145.4638017024024,129.13629191098516
1913.0,149.05572004808567,146.10106463305465,129.54832574815518
1914.0,149.43250439132504,145.8306302508462,129.68428898261826
1915.0,150.21141637176999,145.11877015617097,130.61607250651713
1916.0,150.37140621113258,144.61820934314943,131.30128703033427
1917.0,150.6419954692215,144.096514820077,131.7880634649709
1918.0,149.9976740415644,143.84391394072665,132.58368403513674
1919.0,149.52993729612075,143.9912179303768,133.06284385221593
1920.0,148.77828029281284,143.759430832627,133.19015491326388
1921.0,148.62425976731066,143.8116234045166,133.44427586048408
1922.0,148.5372896912658,143.4834558317486,133.2326475704976
1923.0,148.2331749204677,143.9564191777364,133.3001349491802
1924.0,147.86237178028534,144.6961585238386,132.5921226740901
1925.0,147.13946946868015,145.29221746106344,132.59141676259043
1926.0,146.200228652102,145.74525387784638,132.49795574562685
1927.0,145.78467856985816,145.61556275788567,131.98273731113076
1928.0,145.66337469655673,145.5793768003325,131.60412352433494
1929.0,145.47903297095414,145.85031154950389,131.27175496978623
1930.0,144.98871057780875,145.7028606693874,130.61545016602827
1931.0,144.52305661489862,145.41544829798883,130.1620706615308
1932.0,144.33854207816523,144.75388914736584,129.99779760326052
1933.0,144.29676275212256,143.9260008118109,130.12243391458958
1934.0,144.27990287031497,143.32404941287825,130.10960955675063
1935.0,144.2671018932221,142.98781833154277,130.13209501479264
1936.0,144.1720493191276,143.040885822912,130.6466799868608
1937.0,143.72004187496847,142.93759434536608,131.17322683229483
1938.0,143.64419326564774,142.50010021080794,131.75941550937364
1939.0,143.84201785217704,142.60641064707409,132.33541028997186
1940.0,144.19417661663846,142.6676681188267,133.19781462359882
1941.0,144.53897264891316,143.3604095170592,133.8715534546025
1942.0,144.50234656083163,144.04094271023922,134.40912447153195
1943.0,144.458665311913,144.71283887313928,134.93289333192115
1944.0,144.3175293511273,145.29946959636783,135.71392102558474
1945.0,144.25205259332327,145.36545686452263,136.06833827176783
1946.0,144.39395467151698,145.59866101328967,136.1392717163298
1947.0,144.56926039219059,146.85275396700456,135.96830572116554
1948.0,144.2909524822862,147.89724557101312,135.55114168482424
1949.0,144.10238170340355,149.42967736562875,135.07584077364632
1950.0,143.82972390616007,150.23361349855418,134.8605597284902
1951.0,143.93926337342361,151.18560034383188,134.97925504220353
1952.0,144.06861750706452,152.0953442412869,134.47941689317395
1953.0,144.18156878963606,153.35770403936905,133.8820698435663
1954.0,144.58217386428555,154.76417480735884,133.31907871178254
1955.0,144.98554688192098,156.02725867630244,133.0996432038565
1956.0,145.38528274720474,156.43308995723163,133.34316063613224
1957.0,145.50490718963164,156.48414149821517,133.62981487239986
1958.0,145.8407671177851,156.36172025411437,133.58247476807404
1959.0,146.2710534651513,156.39450339107714,133.38397357447028
1960.0,146.386282708964,156.23177496942475,133.1633039994331
1961.0,146.3460577160595,155.63873265932654,133.32450606394173
1962.0,146.33857672875558,154.8460240103023,133.45596534634714
1963.0,146.1772592960928,154.22854243992936,133.4935150919662
1964.0,146.11109217462328,153.33807035224166,133.30842277041995
1965.0,146.08252142430143,152.72723318805194,132.98047534566862
1966.0,146.50859875096168,152.11746605637308,133.06853229313742
1967.0,146.69683474759793,151.3199510432491,133.02042793734438
1968.0,147.0881659177484,150.54074633668057,132.6562983907699
1969.0,147.58353027417914,149.87718306508697,132.12262973326864
1970.0,148.66270752053515,149.2890312048841,131.7269829872908
1971.0,149.84010362497622,148.439730032219,131.2036465041332
1972.0,151.3039967018026,147.3931746890646,131.00250974209675
1973.0,152.82984027775416,146.48191504874285,130.59218739251298
1974.0,153.6748509750486,145.88226202086764,130.41991285021922
1975.0,154.3070405045119,145.71614742692148,130.31151565178482
1976.0,154.57218181500798,145.22462829213976,130.71490587046472
1977.0,154.45637000300192,144.99465447980353,131.22712696588616
1978.0,154.3982305491492,144.5798057578434,131.9338638757366
1979.0,154.15582006350277,144.76558932574568,132.4247637903479
1980.0,153.60014486705032,145.09726013176754,133.20079810912173
1981.0,152.60623643284978,145.54222662347362,134.09642247973485
1982.0,151.33786207680134,146.20115979317063,135.50380634193948
1983.0,150.7424104360704,146.3851840159928,136.51027918769734
1984.0,150.34344081415836,146.46047300672436,137.0221383673797
1985.0,149.79884238849615,146.9403816083409,136.97929096750332
1986.0,149.63462058750585,147.27856127575728,137.16429961915358
1987.0,149.2353013359118,147.5696833161042,136.94951555527913
1988.0,149.03613390086284,147.18339921403347,136.5048809357706
1989.0,148.37980275608007,146.59331412307017,135.64467593388449
1990.0,147.30727867542274,145.97658548010602,134.5494587406273
1991.0,146.4639120675099,145.21588302059297,132.79690871305917
1992.0,145.88828236803872,144.48928137241492,131.6105896127214
1993.0,144.9440939007717,143.68983951543328,130.6762399703245
1994.0,145.07415604283173,143.0554168530636,129.65340433829715
1995.0,145.20535149800187,142.60262815944117,128.78621302573745
1996.0,145.8339886247922,142.2797385972757,128.20974260342857
1997.0,146.217600493347,141.97283900941545,127.9522010134093
1998.0,147.2279119992405,141.9073257389601,128.21412483588702
1999.0,148.5750310180972,142.4205980797489,128.59751809180003
2000.0,149.86117000337293,143.26072135422785,129.09467812059782
2001.0,150.80846156075972,144.61974021496368,129.12603509584054
2002.0,151.87963980509312,145.87284462690508,129.12169971262225
2003.0,151.95356272170983,146.67886186466703,129.29346681372695
2004.0,151.91121786672926,147.08334247294565,129.13267043436724
2005.0,151.71528176053906,147.36140339522862,128.87049950374393
2006.0,151.60403567698273,147.62153771302988,128.63088306267892
2007.0,151.41525159424037,147.8442064248111,128.34562089772237
2008.0,151.26103805980466,147.39147324941163,128.2366330211789
2009.0,151.12570779658788,146.8125714204419,127.97004439878037
2010.0,150.9020909154161,145.69861457569098,127.81700253175688
2011.0,150.6336833609422,144.55949602456565,127.62984588089311
2012.0,150.73009855519882,143.46041719976424,127.58292922126178
2013.0,150.63703482240027,142.91609090249386,127.76448322618982
2014.0,150.51502876503957,142.18393550958987,127.90976525681754
2015.0,150.29295971935647,141.85235310848412,127.77602516994163
2016.0,150.06727122979112,141.2760209285406,127.88617804109387
2017.0,150.02748395013808,140.96501911724602,127.93250665857481
2018.0,150.01222843653136,140.4924107482931,128.64635708367814
2019.0,149.80054973921546,140.20187211910897,129.3518731085113
2020.0,150.02109726416782,139.93390904524495,130.12825702667297
2021.0,150.47621941915537,139.5208326973434,131.05907396491102
2022.0,151.23951301687117,138.29126609870215,131.75540297815382
2023.0,152.10758215458026,137.36250287479544,131.78888065957474
2024.0,152.8915205345337,136.2517526600907,131.90559602336452
2025.0,153.21763643761193,135.58893337287293,131.77488390170444
2026.0,153.43788593920974,134.8649682302786,131.76339351167164
2027.0,153.17322965842655,134.07932077544598,131.26699723954354
2028.0,153.0110557977596,133.18184324577518,130.89105684213524
2029.0,152.49780791195266,132.19164367983217,130.91508846812596
2030.0,151.5558452361858,131.67463944388285,130.67637843073993
2031.0,150.2642356961253,131.74097323310738,130.5605740935775
2032.0,148.95275957106452,131.78407631266623,131.2397152267464
2033.0,148.12777757781586,131.9421099278558,131.97778348772218
2034.0,147.8615155068969,132.156849564727,132.82562963760464
2035.0,147.25171121453715,132.42136920494679,133.54055097141818
2036.0,146.98677484049625,133.08599989048017,134.32358357849841
2037.0,146.89423511916306,133.87226400913778,134.87561526141417
2038.0,147.0137881381136,134.39683923111153,134.9170897196455
2039.0,147.7119796451495,135.2914828362467,135.04162500996586
2040.0,148.0958667352201,136.0347901169467,135.14360153747668
2041.0,148.31298125081898,136.8900143060955,135.23868650244017
2042.0,148.25239065697195,137.53487904782824,135.45837884112714
2043.0,148.1303617800989,138.2407874407731,135.2172404445395
2044.0,148.24444769682867,139.24943744556103,134.57640899624465
2045.0,147.76087219723198,139.71806439641622,133.85054204478723
2046.0,147.2819103974229,140.1413347737096,133.09311204737904
2047.0,146.58688233597502,141.22661875743648,132.614699936738
2048.0,145.79810616638642,141.82374635298302,132.02805485351524
2049.0,145.63673294289725,142.80110024981062,131.72280067273638
2050.0,145.3641907807553,143.54178317214286,131.42388987335528
2051.0,144.97330782952307,144.43520870877614,131.0836773183606
2052.0,144.39006304644806,144.92420278002243,130.95952087031603
2053.0,143.82895707991787,144.9466411201111,131.26623645976372
2054.0,143.75513943544573,144.90438592475377,132.08789666709245
2055.0,144.38641171706232,144.85623651086618,133.2162022291006
2056.0,145.6511779005914,144.71041580824274,134.1802104884769
2057.0,146.2940081440331,144.7295680932924,135.4730192331461
2058.0,146.47760359421554,144.644826990014,136.03467050529102
2059.0,146.41711162828636,144.74798039177648,136.31756534465572
2060.0,146.89478413178205,144.58862985174923,136.44896151673177
2061.0,147.95090305016782,144.14508911252167,136.68447613583308
2062.0,149.1352348644255,144.0449627654163,136.66512732940498
2063.0,150.2340014797603,144.09567439918396,136.66138102924836
2064.0,150.54053805917493,144.19965262271091,136.26968066187504
2065.0,150.40168307516038,144.34350837516428,135.44052716081575
2066.0,150.59948274799015,143.98208910807742,134.4295024012338
2067.0,150.92279701432417,143.5223272089089,133.81754518480525
2068.0,151.55356501683423,142.93185622736772,133.2592471753534
2069.0,151.71503156692165,142.32766858533458,132.64958018713492
2070.0,151.31700620173487,142.33117108347938,131.84153626370562
2071.0,150.54022814861474,142.57463149226473,131.61498517026524
2072.0,149.88683507252458,142.93805734820668,131.1674371389413
2073.0,149.44472050689205,143.421011713457,131.3673470498323
2074.0,149.16859688936526,143.44671006977094,131.5685460203623
2075.0,148.4516201488492,143.55644915935667,131.48412345141435
2076.0,147.98652184637209,144.0122755720507,131.41152444113985
2077.0,147.21149697871004,144.7961593716712,131.12059016129288
2078.0,147.03395909437424,145.29281561623154,131.05910711235776
2079.0,147.02374149650677,145.6499253178281,131.11576302957496
2080.0,146.89891834904705,145.57529385323136,130.88251303532337
2081.0,146.7727494930818,145.3260752489668,130.34040284443486
2082.0,146.32164741921838,145.117907867872,129.20903159776222
2083.0,145.5045275096529,145.62139567174478,128.71174619449616
2084.0,145.1692791869837,146.49960595836654,128.65624686451997
2085.0,144.69086322885556,147.10668073499642,128.4476068639898
2086.0,144.29618285860744,146.79585701185712,128.66496622210823
2087.0,143.3408142047111,147.10675619965593,128.7639689606548
2088.0,143.0872761616005,147.05054097661804,128.57075610243962
2089.0,143.52602262404625,146.87194871754014,128.40358631935248
2090.0,143.6822171196428,147.46182470459587,128.54985567378424
2091.0,144.1363186589574,147.61528814346556,128.88804894489073
2092.0,144.5332564991525,147.1398018623581,128.933663159076
2093.0,144.75021364706575,146.50784939058713,129.1972551176158
2094.0,145.12057163016686,145.75761633390255,129.38832552168915
2095.0,145.58882159186365,145.28129831695117,129.47628922267356
2096.0,146.21023210407157,144.64032383757723,129.4612427273482
2097.0,146.0879723449914,144.42976068515938,129.93924171152085
2098.0,146.01423627597904,144.50590558464233,130.37791814401461
2099.0,146.45257667827929,144.24916192249734,130.9500664036389
2100.0,146.4441164048646,144.06616053048623,131.54239059818065
2101.0,146.2602925495057,144.12837098910285,132.1958795013127
2102.0,146.11666876266932,144.30617729338803,132.26177169855995
2103.0,145.80589745618252,144.662688315181,132.52759873924637
2104.0,145.6659296527233,145.21800392114665,132.70376161144037
2105.0,145.25017111068982,145.92861254918793,133.0000646488065
2106.0,144.75999998552342,146.06235279875645,133.18721905703663
2107.0,144.22187800150056,146.13751074893102,132.81852600369086
2108.0,143.77684527027634,145.6880309472176,132.1358520298303
2109.0,143.15076428153515,145.47470582636666,131.13292295954002
2110.0,142.97097394444262,145.32180113404172,130.04070505145057
2111.0,143.1254759426831,145.15720581266086,129.00822613264285
2112.0,143.3675156485838,144.8316641605974,127.98328816043967
2113.0,143.56962531600544,144.6759662356243,127.40106621843746
2114.0,144.32566373267971,144.48566011607565,126.60164200145672
2115.0,145.0548562409612,144.3953331728174,125.52431622051797
2116.0,145.98342491967028,144.5006052094549,124.73320191615463
2117.0,146.12447954685126,144.73281965080508,124.27757795134318
2118.0,146.40053382412935,144.41393464911107,124.3422471885091
2119.0,146.6782066443747,143.8046433286647,124.57678170189058
2120.0,146.6505594732707,142.84340360082422,124.84967562664642
2121.0,146.68957449474289,141.6763918706237,125.27111808982151
2122.0,146.97973920196543,140.33029525496326,125.53681478466514
2123.0,146.7538096836075,139.19764384445975,126.00609167382359
2124.0,146.8661490242752,138.74169170328432,126.43428638472098
2125.0,146.7613321249439,138.22801943839144,127.26317988127386
2126.0,147.28659316371565,137.93765993216832,128.11341241494415
2127.0,148.28289350555553,138.09761713306426,128.7116870966679
2128.0,149.26950823288888,138.2903847915787,129.15200973824687
2129.0,150.31893631328018,138.67077478316207,129.49471678824673
2130.0,151.1410411271951,139.144330005287,129.8573189025536
2131.0,151.77783314298475,139.90747620897426,130.48788479161806
2132.0,152.51705882419665,140.65239311297424,131.03294355538785
2133.0,153.18775026505713,141.4963882746365,131.52592109974807
2134.0,153.42591653271015,141.7155764245293,131.86778790326971
2135.0,153.58341441463082,142.01084532720753,132.04119240920514
2136.0,153.35360947972512,142.19225115110177,132.12187805952576
2137.0,152.91319944417026,143.0109610853703,132.49766533947098
2138.0,152.3916128321705,143.53608833497614,132.72466385474007
2139.0,151.95628812480848,143.8069791994954,132.5791477819422
2140.0,151.2898071047654,144.01563975383436,132.08358607297592
2141.0,150.9619121038682,143.949081018936,132.0483794044253
2142.0,150.63009313031824,143.59837275179996,131.9872060214957
2143.0,150.65203079085921,143.82239274081405,131.754772127117
2144.0,150.49276154285417,144.05697999413724,131.4781369758307
2145.0,151.14529034821098,143.96884152845635,131.3531020733426
2146.0,151.95193940105955,143.05500415040132,131.16145803125815
2147.0,152.50128942828374,142.6130838753842,131.1791075183321
2148.0,153.35695886650976,142.57599523328753,131.31694371559897
2149.0,154.11970590596684,142.58380400384593,131.5459205659987
2150.0,154.43032487470214,142.53862685070703,131.31746762840461
2151.0,154.92044240433188,142.11710414527468,131.06881615844875
2152.0,155.24265763726044,141.51704343808484,130.68868356687744
2153.0,155.7009040798128,140.70861050692955,130.24237395607256
2154.0,155.8636955053655,140.64076585342357,129.58321401148973
2155.0,155.9470576326012,140.93947241977656,128.75728684281057
2156.0,156.20045029128045,141.39210067137992,128.41815247898248
2157.0,156.40786909898299,141.58642050336954,128.169693224664
2158.0,156.57742202382246,141.63611522779476,127.59880014040696
2159.0,157.00503326244382,141.64273566762085,127.17306282010179
2160.0,157.02344680850484,142.1716668914197,126.92972197629763
2161.0,157.2638183438373,142.1860035165459,127.1268302647888
2162.0,157.38833851647053,142.25201595976415,127.35171878712242
2163.0,157.0960817463391,141.85719161545725,127.67938679621045
2164.0,156.74727275844265,141.609332931297,128.02089528624072
2165.0,156.36545026159035,140.9816697145381,127.91858491856779
2166.0,155.99741254351196,140.55579671466896,127.88655139721406
2167.0,155.28632345531364,140.1462221937375,127.63165670516906
2168.0,154.22222583023944,139.76846770789862,127.38493919719284
2169.0,153.42691439513115,139.14447293432863,127.37731217603864
2170.0,152.35042170428738,138.9177808198098,126.53201081389432
2171.0,151.25149199325347,139.0224745861703,125.77295102848689
2172.0,150.42268032184353,139.64796883365955,124.99083047771022
2173.0,149.8927009211034,140.4050720613964,124.50009666250155
2174.0,149.5945154814869,140.87284080835008,124.4477714628038
2175.0,149.3725920634636,141.41100658363158,124.58081804862567
2176.0,149.10476577091015,141.7320655622753,124.9470220655943
2177.0,149.09629122579315,142.1285050544159,125.71611659796625
2178.0,149.0710710295573,142.85296419598635,126.18598769324413
2179.0,148.93787126325995,143.7968108971194,127.5847324453931
2180.0,149.0308926363054,144.19974291188768,128.64300112994482
2181.0,149.3139136166583,144.57460172767912,129.22322643758105
2182.0,149.62016151955933,144.32655593156898,129.65921881964655
2183.0,150.09309474745655,144.6110731181395,129.9940258222301
2184.0,150.3879191607656,144.5776459064328,130.06583648140654
2185.0,151.40709289933454,144.28327625647174,130.30976860326749
2186.0,151.9758712998231,143.81126903444934,130.14483240743914
2187.0,152.5049718954581,143.06186387975308,130.38730131295674
2188.0,153.37427686128626,142.36325645029964,130.44134385509744
2189.0,153.84033803818681,141.84369865187998,130.81638606818748
2190.0,154.03638909100957,141.25682102202686,131.8406866081569
2191.0,153.8901228204146,140.95982382659355,132.96857399601788
2192.0,154.00048982601768,140.4430901042744,133.7144930350667
2193.0,153.78671934963216,140.39471799042948,134.57149566004645
2194.0,153.38346560448525,140.41482689305485,135.74155524635117
2195.0,153.15160420659245,140.3827090436841,136.44366831267578
2196.0,152.87330066873707,140.15673465197702,136.46199262786627
2197.0,152.66372435819477,139.867323813355,136.12268603760384
2198.0,152.9168439055355,139.9922223049166,135.7995410203592
2199.0,153.14972877660128,139.83242360138934,135.9196393722838
2200.0,153.1041818727331,139.98739899023676,135.94107769744278
2201.0,152.51870282784648,140.246950390694,135.95469384966879
2202.0,152.22619509565652,140.17918010183107,135.9961344046086
2203.0,151.89034703487897,140.13225742218552,135.18427140733087
2204.0,151.69624794855088,140.73287831190473,134.5970356224433
2205.0,151.5179138510026,141.60638507152066,134.5240393074845
2206.0,151.3676026166458,142.25878183815607,134.76953848052875
2207.0,151.07356244054978,142.87286814890695,134.9563914161934
2208.0,150.74534798049226,143.20366472225157,134.67855723909344
2209.0,150.7287790673291,142.9280000807916,134.3666825082811
2210.0,150.83629912681377,142.75763728146063,134.12811065838466
2211.0,150.69694552687236,142.4248917378577,133.88180952209228
2212.0,151.031834630089,142.62048104827852,133.85271206019434
2213.0,151.5347651301355,142.51824735632172,134.22016236925043
2214.0,152.3134689432473,142.54640777127474,134.76731425566865
2215.0,153.08756196458393,142.56304911456897,134.6930338068925
2216.0,153.88292535084443,142.4268505711102,134.43138061880012
2217.0,154.5497406316057,142.6562219668009,134.22167221950824
2218.0,155.15790768509498,143.18371884935158,134.2225565477458
2219.0,155.9534578320645,143.28130972252802,134.42649587155387
2220.0,156.9554127469717,143.31570385657375,134.3351716824308
2221.0,157.78739619523463,143.06520796770698,134.4158350217911
2222.0,158.58020228644642,142.7282463981737,134.6184891482123
2223.0,158.81348415309478,142.1049654386901,134.4456720934082
2224.0,158.72331167355463,141.90833531579267,134.57742971787576
2225.0,158.27829530469407,141.4033183233058,134.9379994785332
2226.0,158.09870777112386,140.6059952902669,134.95038549263825
2227.0,158.00975125801273,139.75139826387348,135.02181292031273
2228.0,157.7951081375731,139.3643105379573,135.26349695248413
2229.0,157.2826806821693,139.2786658292463,135.46465702634544
2230.0,156.5385057132734,139.3180223738899,135.94467332062035
2231.0,155.59050670079432,139.22676411541767,136.54008960220278
2232.0,154.90674936450714,138.9915290294229,137.44969562267016
2233.0,154.4885263522209,138.15192121235,138.9833743828874
2234.0,154.10553124009434,137.47537464281595,139.60651597945005
2235.0,153.9692317889145,137.0828355494532,140.70929995000725
2236.0,153.93437680674987,136.7462201867731,141.66132992838013
2237.0,154.12182955540558,136.1206406100241,142.16105605251505
2238.0,154.2991795133692,135.9554570910186,142.89321985597635
2239.0,154.54025257664253,135.64078681560855,143.49529433164182
2240.0,154.7374833370213,135.5554049915421,143.70363664570328
2241.0,154.9138297080051,135.88129072640908,143.46598428239398
2242.0,154.64127578729497,136.82105965009742,142.5611645098798
2243.0,154.41851589025154,137.50483443684908,142.38637212722057
2244.0,153.66344433421003,138.32611823268576,142.05549538839617
2245.0,152.64891265458778,139.17926915734236,141.51755727395252
2246.0,151.40521454739866,140.43242358253266,141.08663746670965
2247.0,150.6157353886193,141.32700984287268,140.49004383105594
2248.0,150.14223053892457,142.45567120201403,139.79640630166975
2249.0,149.8383060481542,143.48582653854044,139.4099067339489
2250.0,149.6273742053558,144.16229367343718,139.50226407652548
2251.0,149.23655184193709,144.6314449644682,139.66124712353874
2252.0,148.75415637747045,144.8195823123871,139.66618656488785
2253.0,148.65087091489136,144.72708965231496,139.72856426123693
2254.0,148.80524101580332,144.73698601771778,139.61277798826598
2255.0,148.61573467799843,144.76332718982934,139.43231175316964
2256.0,148.1142341630543,145.1240197800871,139.43639762595888
2257.0,147.2391065485718,145.62419565255783,139.5979759017352
2258.0,146.31336783245519,146.41461578788778,139.31984680394515
2259.0,145.41071222546506,147.66795757693046,138.68399039159343
2260.0,145.1508848194277,148.4006533173508,138.44958180947486
2261.0,145.13167035273568,149.4692737194786,138.6432487461289
2262.0,144.80264341261224,150.546782648867,138.48967882953437
2263.0,144.40318531017203,151.55624164942873,138.37830443987303
2264.0,144.24220034761157,152.40040882237878,138.56506703723636
2265.0,144.14505580350146,152.7329350476736,138.41748301154882
2266.0,144.48252944533925,152.55028303097126,138.29803994925916
2267.0,144.69410512849632,151.7516169322852,138.3712498528529
2268.0,144.66712578896957,150.4808689589505,138.47115719282343
2269.0,144.662819905985,149.83424674737265,138.06650505278995
2270.0,144.70730895031414,149.55524049020795,137.60139940180125
2271.0,144.9750698620087,149.24011282456848,137.27692279713767
2272.0,145.03380974416729,148.61871168058622,136.84879856117496
2273.0,144.93854570253043,147.99412818042111,135.91929911534507
2274.0,144.99124079263785,147.23232745621002,135.3165134225608
2275.0,144.3148674525271,146.40787264208862,134.38656844136
2276.0,144.14488361190354,145.97072004992225,133.61392357014705
2277.0,143.72098565068086,146.06175453615174,132.71952530916067
2278.0,143.6125248538216,145.94029477109055,132.29903240157523
2279.0,143.45003359038472,145.39622879616516,131.78143348654334
2280.0,142.78238663877116,144.9046091762086,131.06831013678152
2281.0,142.4180783852092,144.76961458485886,130.82803071157954
2282.0,142.66966523637726,144.66119608716696,130.66561332184963
2283.0,143.0459309713833,145.02058028514938,130.23879587759785
2284.0,143.73634433529952,146.15093840691256,130.4002931359535
2285.0,144.491776083663,147.21139901605937,130.32469528419216
2286.0,146.0942899703951,147.9248414007312,130.33650683521125
2287.0,146.86681386028084,148.93392736096925,130.04944199985465
2288.0,147.6035142633111,150.13476640862325,130.0142223263764
2289.0,148.57710832991813,151.4249362507218,130.2041485267049
2290.0,149.4754376276171,152.15258962690103,130.19480034007444
2291.0,149.89695029914833,152.65028596354995,130.50616293410502
2292.0,150.07058801636674,152.57750396355948,131.42285346550435
2293.0,150.24223792420275,152.22261745033074,131.94063159461646
2294.0,150.11127551215813,152.13438653138974,132.64819962088868
2295.0,149.17602108020216,152.0505803129457,133.41334005654102
2296.0,148.63402370473923,151.64386896813616,134.10626775594721
2297.0,148.0574244733037,151.17904769230535,134.76660777314885
2298.0,147.04350487511493,150.48775883296787,135.183353656359
2299.0,145.892760948445,151.05234432282,135.64130871588165
2300.0,144.8084601408619,150.8762961876809,136.2222858276674
2301.0,143.62196987270005,150.92141813613722,136.4198910104005
2302.0,142.6472014622459,150.56954227858066,136.3426086423055
2303.0,141.17485400072835,150.03084779431737,136.06229029596852
2304.0,140.15560632921185,149.61714428526128,135.6397630191711
2305.0,139.15481066317113,149.2064828029173,135.32608913849683
2306.0,138.1247152004645,148.72286344643243,134.76653857414698
2307.0,138.06879902846413,148.36445289476853,134.61640184339447
2308.0,138.05325685068212,147.21063451570876,134.48544857600967
2309.0,138.18017311811835,146.90749067320556,134.14577293755775
2310.0,138.4166128971928,146.71102247766186,133.9132415619815
2311.0,138.9981889833841,146.9475570610849,134.01754003764643
2312.0,140.02393939549054,146.67882208305244,134.08069500017552
2313.0,141.3297628534616,145.81067153232794,134.15282819344253
2314.0,142.34786010517993,145.18979605879468,134.12454097600516
2315.0,143.5043740925949,144.8645966114239,134.17129539303983
2316.0,144.01974620017313,144.78431118918292,134.19257112822746
2317.0,144.3735347484811,144.42110177576936,134.35931540604162
2318.0,144.38180141635485,144.0634307815694,134.47193535748033
2319.0,144.25074123325362,143.35591404299817,134.20500055681418
2320.0,143.88513602406624,142.32370469718504,133.74005245251536
2321.0,143.54950880726142,141.59860057276026,133.47660856515708
2322.0,143.00973809522645,141.4873448351244,133.37433449427536
2323.0,142.5945781089021,141.5328047021004,133.67162990936194
2324.0,142.18890863810026,141.54565413507606,133.93128027327364
2325.0,141.87127526832646,141.59009953906474,133.88795434671925
2326.0,141.76260281514317,142.27559984704436,134.03571187201678
2327.0,141.72880933208114,142.81733451953707,134.2672861867655
2328.0,141.54721191401282,143.85817932169834,135.0483514584066
2329.0,141.14022022357443,144.77059162471937,136.01753564615026
2330.0,140.4991183840936,145.8171640655624,137.1335268380715
2331.0,139.798433972697,147.12919708701224,138.05347602375264
2332.0,139.06997083516592,148.37207710196466,138.81026034587686
2333.0,138.91156516295462,149.46677600046124,139.4846885251182
2334.0,138.66398324255067,150.1844469223537,140.42390935618758
2335.0,138.62868166321664,150.2433420819931,140.79652896777054
2336.0,138.6420633412694,150.33577569307235,141.24044246912098
2337.0,139.2398026448745,150.3493392690854,141.36925572942323
2338.0,140.3081907012768,150.68541701654112,141.3049950382812
2339.0,141.3545922533388,151.39642971312765,140.79881562506534
2340.0,141.75956478633623,151.4211993653839,140.74371264391417
2341.0,142.40879347434057,151.29514604333593,140.66145620901443
2342.0,142.85073502282253,151.25501550676546,140.88688292969746
2343.0,143.6714976724379,151.37859366697853,140.8739735077018
2344.0,144.48888647102427,151.51520427694936,141.03323111887298
2345.0,145.07633562896353,151.76731996263118,140.91851818603428
2346.0,145.23050218489982,152.33218669203316,140.73924433042924
2347.0,144.97601210015114,153.3622205564783,140.62791959002703
2348.0,144.99093127857066,154.19544460425374,140.75720016135293
2349.0,145.48947137269664,155.1786454063742,140.44710882838092
2350.0,145.72666181687407,155.70900781265271,139.6531289735411
2351.0,145.96287104228585,156.01756943922365,138.9636236326111
2352.0,145.59823546898707,156.0962714586784,138.39486987554525
2353.0,145.24615604469386,156.44998732660787,137.57049262124087
2354.0,145.28063305469536,156.56467994796228,137.01621197540229
2355.0,145.37614447056276,156.1739590783171,136.5023269782944
2356.0,145.3230912649079,155.5847314368802,136.02032564218524
2357.0,145.25303519312712,154.57819346865102,135.50196627763583
2358.0,145.52226687362383,153.41635384503255,135.05830773644834
2359.0,145.8787373242609,152.6230373785004,134.8788333847915
2360.0,145.98904734264713,152.0320586266788,134.45572689534714
2361.0,146.5447120546962,151.83846650287273,134.28728996749598
2362.0,146.79826345297312,151.5046321410769,134.39455865129491
2363.0,146.71584879627346,151.19120162828767,134.1577106465525
2364.0,146.82030614324492,151.24859686924358,133.66573922460594
2365.0,147.21783041137962,150.82829899162905,133.35080740774671
2366.0,147.3658601830135,150.73389107436532,133.1271415906422
2367.0,147.73756209829048,150.4730032376057,133.1521973377553
2368.0,148.0117954201583,149.64311352885304,133.52186207365628
2369.0,147.9438963361162,148.84099703151975,134.0337290748727
2370.0,148.06540502169858,147.38792844619311,134.47974177087434
2371.0,148.40970003126043,146.43095674066802,135.15980748346956
2372.0,148.8850520845634,145.67289957733524,135.8661436088925
2373.0,149.2298267556414,145.0107509075005,136.79763401604885
2374.0,149.22867404244116,144.60463346002592,137.6876011373
2375.0,149.22861231246566,143.7391904107328,138.37114255375127
2376.0,148.7172851368025,143.0913333596524,139.099164454295
2377.0,148.28059805515838,142.8297282451045,139.71231431312322
2378.0,148.1370328877756,142.57274226559372,140.1858584292776
2379.0,147.8813104061551,142.88334240301634,140.42889328077376
2380.0,147.78336096477625,142.97139294618276,140.44362057840425
2381.0,148.13494665146573,143.42502787905113,140.59226830094144
2382.0,148.5126702654672,143.46295932245772,140.59479689369493
2383.0,148.97730412530996,143.52575041673325,140.36704322842962
2384.0,149.61705577386508,144.15281884956124,140.12536198711697
2385.0,149.95687962273212,144.6330672548578,139.43801445292684
2386.0,150.2282596430672,145.73243700718626,138.22670410561153
2387.0,150.69132694629832,146.7176354873115,137.2763188557301
2388.0,151.03159648083616,147.49892117982432,136.21852376200044
2389.0,151.45999547399674,148.28637961509148,135.13846972948247
2390.0,151.31005549464751,148.55114711328284,133.97174055311007
2391.0,150.86504330552972,149.06948155513632,132.8054933991294
2392.0,150.886913845795,149.70688505748984,131.70636911897117
2393.0,150.9325492934758,149.97180407629443,130.80586985158587
2394.0,151.32333582042259,150.59317522805821,130.1551276372864
2395.0,151.9957776915414,150.73170650864955,129.89102839720957
2396.0,152.291531369368,150.89304969483572,129.1629416096093
2397.0,152.22620150724666,151.22762755375555,128.7354201113796
2398.0,151.75822112182252,151.46347097272871,128.39746079850414
2399.0,151.5215065292754,151.9720840845363,128.4518165592445
2400.0,151.75757011018604,152.30348111200473,128.76934642704998
2401.0,151.7649819566528,152.2249268519625,128.99905460925626
2402.0,151.97874858913667,152.31293587600055,129.0955553551459
2403.0,151.89746469623003,152.1351758071192,129.2137817294528
2404.0,151.61519243463496,151.433928323148,129.1605802920373
2405.0,151.63143577920223,151.0616668143449,129.42781320445124
2406.0,152.0019144088004,150.6657907587513,129.53010287799745
2407.0,152.09146707573194,150.0707964039481,129.79118519110648
2408.0,152.03761539029773,149.35066359615502,130.00090287308817
2409.0,151.94419440841918,148.56998624225113,129.94030498071655
2410.0,151.666175782691,147.64412541555015,129.38038794225957
2411.0,151.41598628110503,146.71348861291207,129.41635931595937
2412.0,151.73627542382317,145.80444943561614,129.48479974837838
2413.0,151.8757650057072,145.53276539914094,129.49668103728055
2414.0,151.68508126338523,144.74261841173842,129.42333337833048
2415.0,151.5538956285087,143.74607671246918,129.58359548582072
2416.0,151.7254051894124,143.20961828807515,129.50187218358874
2417.0,151.94409492698506,142.5704650999237,129.4307081948749
2418.0,152.06116876472336,142.18956760357412,129.6091438258535
2419.0,152.36703778756132,142.11181766164205,130.75492066683987
2420.0,152.40800558607197,142.0625119449461,131.13723545456193
2421.0,152.0584808618667,142.60558042855166,131.2318435846656
2422.0,151.93131512492647,143.3726043191042,131.55552575786714
2423.0,151.79010373362783,144.49302468790995,132.406297483316
2424.0,151.7354882162727,145.84309471648845,132.94465018624055
2425.0,151.80166771573317,146.70239166166283,133.5356271678298
2426.0,151.89602012338645,147.59927085778241,133.88133640502917
2427.0,152.02882243098438,148.20165256304858,133.96637227587976
2428.0,151.75337179810612,149.31542524509138,133.55093592111322
2429.0,151.493342507226,150.3067981880337,133.17645651702645
2430.0,151.13336033982597,150.80085027130693,133.11993192267965
2431.0,151.002468568646,150.81053316985057,133.28867776461365
2432.0,151.07098115596526,150.29545186080583,132.7804687546117
2433.0,151.34457448130706,149.72945557849727,132.39169671586424
2434.0,151.647485651563,149.82419995167172,131.62442455409683
2435.0,152.45006768800513,150.02055300595853,131.2778245018467
2436.0,152.93957088791635,150.27269040538206,131.23363531184467
2437.0,153.49719505658703,150.08006261738095,131.15416613391272
2438.0,153.98800262789817,150.01096130951612,130.97206043433548
2439.0,154.64310037531172,150.36094935552904,130.7087440617163
2440.0,154.93383222428488,150.86561319361357,130.0627572765245
2441.0,155.27274555016695,152.02370214523057,129.5402837255679
2442.0,155.52617550068396,153.70224763122516,128.84249008959662
2443.0,156.01752553117853,154.59941010637607,128.3086701059977
2444.0,155.8629984968564,154.96972943551688,127.68100896622832
2445.0,155.9151965881606,155.0856753284701,127.153944342622
2446.0,155.9706077196157,155.27193854734008,126.89047816874526
2447.0,156.393970474918,155.2057083482169,126.36727696981191
2448.0,156.61076387022325,154.8132961702956,125.8298268625034
2449.0,156.74452026339856,154.5482950568334,125.58718591957869
2450.0,156.71665437601672,153.69516598250823,125.19365783710013
2451.0,156.28123185120967,152.4319748650928,125.2582279947711
2452.0,155.59492400029518,151.7316254207315,125.68744337400726
2453.0,154.9657072988868,151.4711827948701,126.0500157399899
2454.0,154.58076276506887,151.60211580841343,126.22969299635939
2455.0,154.1621102132819,151.6200782590101,126.29048418008618
2456.0,153.40208184512747,151.9944953126673,127.39986444743857
2457.0,152.82043972490496,152.05815282694164,128.4558049316875
2458.0,152.6839873499632,152.2341751621588,129.47657920050978
2459.0,152.90912874351105,152.35093160754246,130.91312018392773
2460.0,153.26538491863718,152.23316021801003,132.06723439189633
2461.0,153.33232284299424,151.95504839714602,133.36536669989596
2462.0,153.5253975836415,152.0115910400204,134.38018996583827
2463.0,153.3085756355863,152.0813575898959,135.07900584035988
2464.0,153.63156904391977,152.13857975207938,136.02611196662895
2465.0,153.92554257935467,151.95662479735,136.3434875158694
2466.0,154.43154722260306,152.11409210723514,136.55726847489223
2467.0,154.58364400787596,151.99668997325705,136.6302141215693
2468.0,154.09943949880872,152.34916526039976,136.4129488049038
2469.0,153.6399832402061,152.48639983759043,136.36224358400037
2470.0,153.61488563819628,152.51411407721875,136.00168935291916
2471.0,153.31691600274965,152.24827646136407,136.08619430101106
2472.0,153.42335176817457,151.6359169177418,136.3415253543738
2473.0,152.77703533004825,150.82218595599826,136.3075178325038
2474.0,152.08066572386488,150.11974146321575,136.4872834965951
2475.0,151.14134993495446,149.11104590602602,136.65015563291854
2476.0,150.04419921910312,148.0472699348303,136.68076692544346
2477.0,149.85582858423862,147.13626989016274,136.63499771528453
2478.0,149.5479293919645,146.37989961676462,136.5478092349258
2479.0,149.12352829002268,145.3887155362199,136.3256539264861
2480.0,148.67308187620606,144.60786778026466,135.6495573085647
2481.0,148.1611056415279,144.2173105191289,135.113125384862
2482.0,148.31002212425847,143.94189472089337,134.8534135541645
2483.0,148.44795537504086,143.84992577371216,134.34484614227958
2484.0,148.49648778997175,144.1255716635842,133.93881926420593
2485.0,148.71087056238719,144.121047420887,133.67902159163128
2486.0,148.62519285397227,143.8053177155232,133.6079907191895
2487.0,148.49017101340849,144.0981589259808,133.54200945868703
2488.0,148.0552707610374,144.54448931811768,133.56970799746077
2489.0,147.58885644010823,144.7304919738202,133.66814142507585
2490.0,147.41546114313766,144.89751434088046,133.9487744379738
2491.0,147.13494028483737,144.7757620770398,134.46450500994027
2492.0,146.84883857425115,144.47669650265345,134.67692556691136
2493.0,146.46819398795424,144.17230097366266,135.21248357949025
2494.0,146.03785951184028,144.2184566405901,135.4616655194313
2495.0,145.3487052334718,144.25237859530122,136.06308646294573
2496.0,144.86364878038543,143.9649630559053,136.42886785387668
2497.0,144.44202421667975,143.6520246707437,136.79768338289557
2498.0,144.56291761770416,143.34064042115534,137.12744796171523
2499.0,144.14498894658703,143.1844711507641,137.4924561354325
2500.0,143.47095524182998,143.87873126297572,137.1708308312141
2501.0,142.9728322229997,144.46953489617783,137.46503130739416
2502.0,142.8454133548458,145.29771947223588,137.62061566628984
2503.0,143.0759213434373,145.94708651665437,138.15059348069823
2504.0,143.19961339797376,146.46543036420314,137.7062999036092
2505.0,143.61298889902613,146.82561267689644,137.3189143643967
2506.0,144.23076853551837,147.32772219904396,137.08455979491006
2507.0,144.62116379693572,147.94073797888475,137.1476914434344
2508.0,145.24348185932905,148.42005383189053,137.34330145473055
2509.0,145.85955463133843,148.50705000923074,138.09203711013504
2510.0,146.37625165774847,148.58675687190834,138.59636462605397
2511.0,146.55281246341642,148.08453494944192,139.1287437778828
2512.0,146.5472768723764,147.52792062440605,139.65067077655002
2513.0,146.50478922068453,147.0263823761815,140.53881878785992
2514.0,146.35295836682107,146.60034349006474,141.03912943151857
2515.0,145.97561275404829,146.07271383597882,141.24643006601016
2516.0,145.28649634663898,145.3551657720862,140.92849403881075
2517.0,144.7768955981084,144.47533204518658,140.5496824756318
2518.0,144.70807843949308,143.57483657376406,139.77942707760207
2519.0,144.78677224132326,142.64311424378357,139.2228886022843
2520.0,145.32212871730272,141.67717205634995,138.62292205460415
2521.0,145.6174256841683,141.02310170104965,138.23777202036274
2522.0,145.94526568828653,140.75581582011773,138.00756242148475
2523.0,146.12461091535206,140.36442671580397,138.38612717010818
2524.0,146.47828096534045,139.92687929033715,138.7573561040204
2525.0,147.10070471449762,139.812324831421,139.5139600913815
2526.0,147.3646067268325,139.79464881157153,140.39878286575208
2527.0,147.93374566719697,139.89584598782355,141.52550027039658
2528.0,148.2491456448518,139.96186232292274,142.36670198115038
2529.0,148.40236395615673,140.35709800107128,142.77192788354324
2530.0,148.77446684448773,141.0541368650243,143.00563119252942
2531.0,149.393994576447,141.42563160344628,143.13518140406353
2532.0,149.9414145052374,141.79316064245387,143.43366753713136
2533.0,150.42573435920764,142.6561753780937,143.63735525631685
2534.0,150.8710165461463,143.40401807762777,144.1211919615859
2535.0,151.4047105811204,144.4741723602001,143.97867797750305
2536.0,151.2133372135112,145.13776422051652,144.31917723814254
2537.0,151.21811373097387,146.0769363130297,144.85248186893648
2538.0,151.0029899534043,146.8111865754661,145.5763483448163
2539.0,150.655981082546,146.82198149036884,146.115659794073
2540.0,150.07692147719155,146.82108263802806,146.7346658075825
2541.0,149.38398710553915,146.94790083017665,147.22803135643838
2542.0,149.0139494603265,146.48572782981208,147.91448769379753
2543.0,148.57357644224476,145.93639390851385,148.30927105800652
2544.0,148.14657251109188,145.32872135537323,149.06266351711366
2545.0,147.9084349283261,145.1425071837536,149.33155220819899
2546.0,147.86600690533635,144.9622770244797,149.3911741831217
2547.0,147.7658849317562,144.6391906362072,149.51617849709277
2548.0,148.01031448831594,144.70068084008005,149.5908318828184
2549.0,148.49817506348754,145.0169501835179,150.12659590109578
2550.0,148.96452223452195,145.37098641432186,150.41226902309907
2551.0,148.9893708800235,145.90449282932497,150.81544497630338
2552.0,149.36192419279837,146.23731153486023,151.1334913714552
2553.0,149.73926402866806,146.219319918354,151.26731955562101
2554.0,149.82752638415812,146.03162431679849,151.5228024255761
2555.0,149.4517793397138,145.5952946429657,151.93548812696974
2556.0,149.34605808665384,145.3063034286022,152.26549093715778
2557.0,149.0552866111408,145.17889339155025,152.68835991271877
2558.0,148.66605555377566,144.5023167543687,152.49270223697536
2559.0,148.04815964227058,143.5433795357435,152.19933829675801
2560.0,147.29538956449946,142.72240271680434,152.49916605195025
2561.0,146.59925757373662,142.22025042444122,152.38190978186415
2562.0,145.67520620530007,141.9588708815767,151.98608977797173
2563.0,145.19965523080552,141.8174364454966,151.48021027184168
2564.0,145.13893901427934,141.59592463022952,150.68640941334448
2565.0,145.09797960632636,141.54488274763162,149.9326107668238
2566.0,145.19840735505738,141.46005175574717,149.4995035831951
2567.0,145.40122762542535,141.8757767185915,149.34398615554252
2568.0,146.1065731864238,142.26456675300784,149.0625157374804
2569.0,147.12086026394343,142.80894078667757,148.05730837864948
2570.0,147.82983759058195,143.2864161573346,147.58565870212416
2571.0,148.87320858517134,143.64245868322413,147.22472602875723
2572.0,149.43297722269574,144.01260564560707,146.81842379471493
2573.0,150.08723545341223,144.67199492422398,146.7201920199784
2574.0,150.52552217544306,145.1634049339616,146.59741071141258
2575.0,150.77259054066468,145.80295599861054,146.3300407321363
2576.0,150.81276697203288,146.33140916731807,145.77667196953158
2577.0,150.85624341872682,147.60127558371346,145.2246537968955
2578.0,150.70915643124312,148.5170725698391,144.5478520387918
2579.0,150.6630494389624,149.0867996359364,143.5777612601626
2580.0,150.4417628061967,149.46549730132875,142.5112798774896
2581.0,150.74198678200815,149.75915640328327,141.14280460822715
2582.0,150.63787317025628,149.58422608245868,139.70761402216874
2583.0,150.612627737499,149.56638416785367,138.3542877677077
2584.0,150.87984418022629,149.03511740382842,136.99968403367382
2585.0,151.06502130444989,148.44621434110985,135.79850878050433
2586.0,150.968045553889,147.4917897799631,134.91887678990355
2587.0,151.1596972668496,146.7562926196689,134.19672302589444
2588.0,151.55082565836952,146.24288757493312,133.9752215921281
2589.0,151.67871086149032,145.87284009065965,134.21628781066323
2590.0,151.23338717963276,144.96739100460096,134.414535955315
2591.0,151.03757515043367,144.41852424719013,134.65517917560598
2592.0,150.95617440200826,143.91086509434473,134.93423250997452
2593.0,150.51610884280117,143.7670058277127,135.16183068717757
2594.0,150.08739105179606,143.67528177213867,135.4205343853265
2595.0,149.72999035248966,143.18254230084779,135.75580780471174
2596.0,149.27635507404992,142.473296776767,136.1482434877063
2597.0,148.6885675258534,141.73660766259894,136.2007668300787
2598.0,148.18197172034309,140.7964717845754,136.07510293495633
2599.0,148.02019922694433,140.40181663732022,136.03775696510365
2600.0,147.78163285794864,139.87838934057442,135.72718602081974
2601.0,147.6052817084893,139.16064608601664,135.1760080391549
2602.0,147.71464262489428,138.5898802153166,134.8126273394495
2603.0,148.00880350966435,138.04401723858481,134.5053586181885
2604.0,148.316353865967,137.81386230865866,134.33053395489716
2605.0,148.5487716946646,137.54055172862851,134.4562416585017
2606.0,148.75184705333479,137.6991997531427,134.96520423047053
2607.0,149.09517355707732,138.1158221423249,135.4922441820659
2608.0,149.4611623249222,138.55088381266242,136.01812987844417
2609.0,149.62339467073238,139.12859711313303,136.75280366672095
2610.0,150.4458246447172,139.7703684007925,137.47394972902873
2611.0,150.1095971778876,140.32122365820717,137.9630500956852
2612.0,149.93054341056512,140.9266645167409,138.2655589411919
2613.0,149.94816078374456,141.64539119949222,138.03321807389648
2614.0,149.8380416118352,142.34255301641412,137.50606873973854
2615.0,149.6961439485419,142.7851612601946,136.9916170241841
2616.0,149.6660333086437,143.16453843474366,136.58887382495246
2617.0,149.68356297319775,143.74304684542048,136.388773983773
2618.0,149.65550251129758,143.9617394515188,136.42560700734853
2619.0,148.7505359654311,143.91736319348692,136.53871011426224
2620.0,148.98828759121545,143.86178812080993,136.5188342374695
2621.0,149.18301867121255,143.86013469432277,136.76664767498707
2622.0,149.3312031287453,144.39102810264254,137.05961942821259
2623.0,149.79359528234562,145.31067616818402,137.01950073935382
2624.0,150.25701134972059,145.95346224738532,136.90337860949347
2625.0,150.57237286691054,146.59566021645412,136.74729572477514
2626.0,150.57826726364416,146.97932805833787,136.69063339477205
2627.0,150.96623578797397,147.52813930593013,136.41565501557267
2628.0,151.23448773569996,148.61720424241577,136.62577985547503
2629.0,151.18203573247675,149.65677143328634,136.53244712395116
2630.0,150.77681624302372,150.6936562692091,136.555913649004
2631.0,150.40926425924098,151.02745013540186,136.5422678438659
2632.0,150.45037130467477,151.01222898807984,136.9503889803964
2633.0,150.34936535507845,151.1530998832778,136.98309037201213
2634.0,150.3359607631472,151.2242779788601,136.63795738486328
2635.0,150.60201686921465,151.4170725517801,136.71934017465304
2636.0,150.78180402125926,151.87305513193292,137.08450705987923
2637.0,151.0480732883145,152.0350920153677,137.16835897230425
2638.0,151.35075342939916,152.12175148977792,137.93263289367565
2639.0,152.0628663884751,152.39069751932544,138.43251133060468
2640.0,152.70374568191295,152.48405064594397,139.21431097383018
2641.0,152.56471031977617,152.50358025107641,139.9110805547102
2642.0,152.52574763891275,152.50032625654003,140.58795836150435
2643.0,152.11788127256,152.57969349847957,141.33982133099778
2644.0,151.4486338682066,152.7538203049043,141.68653356165203
2645.0,151.0896111094594,152.82129823698412,141.66415221726191
2646.0,150.84018981308918,152.97976878557287,141.8599840359069
2647.0,150.72239081217106,152.87265140603898,141.54628371156528
2648.0,150.44682357060267,152.62527404914928,141.37690411069508
2649.0,150.16759040416133,152.54826624250012,141.33352884012822
2650.0,149.92666224362424,152.8172000508197,141.2587608149632
2651.0,149.97298963898112,152.8492657444034,141.4649382338866
2652.0,150.0364362930945,152.78449943664532,141.6938692427272
2653.0,150.31360509751542,152.4633688937522,141.9952445182096
2654.0,149.94767984764604,152.2690958184923,142.381903740629
2655.0,149.4034125853026,152.06862394233107,142.47354365326785
2656.0,148.98614908390232,152.0793277031316,142.65044479303242
2657.0,148.50043382988625,151.89660332830493,142.55690173892205
2658.0,148.06581054939133,151.5045480742435,142.41212489883767
2659.0,147.74251116970126,150.98909082177587,142.10030844093453
2660.0,147.2773102327961,150.71494577500238,141.93333041285973
2661.0,147.40726779600303,150.52823668144816,142.08010038896617
2662.0,147.17082479432904,150.42161518229892,141.883451060763
2663.0,147.0628077658329,150.29694126010853,141.7088694255318
2664.0,147.02243935978265,149.52819953055698,141.1328135964698
2665.0,146.8368686775709,148.8273977637188,140.76716438684355
2666.0,146.846611337627,148.24101607694664,140.3006677813091
2667.0,146.72487588579077,147.70794658550744,139.8293904420437
2668.0,146.80012808498876,147.58754139376916,139.56003939454604
2669.0,146.8801825725701,147.4547849130139,139.25919242331554
2670.0,146.77273329645763,147.31511703457608,138.95861912987414
2671.0,146.8839654435953,146.89762592886288,138.87273444168963
2672.0,147.25867359306105,146.4414890700399,138.7032771635867
2673.0,147.42334816205232,146.41827125587014,138.7590702924948
2674.0,147.5706966078764,146.67341640147515,138.98080451626961
2675.0,147.6642949865742,146.78446863586612,139.43505659478214
2676.0,147.77334991589413,146.89999178166147,139.26873292546037
2677.0,147.60157602032382,146.45060995158164,139.00326483392925
2678.0,147.12057717431,146.06690629204462,138.27588505539103
2679.0,146.59312693652714,145.64732417528822,137.41739793953082
2680.0,146.43077184675298,145.21290733258851,136.6620928020959
2681.0,146.28437232791688,144.98494736872718,136.19109721456107
2682.0,146.05506821651167,145.06524541399568,135.85411655892563
2683.0,145.94894681794364,144.68523943111995,135.1552874460144
2684.0,145.89654940023996,144.7184411317193,134.58843039978944
2685.0,146.0444762824163,144.93742820040939,134.60347619688875
2686.0,146.46969615693888,145.71899014552608,134.7161996428792
2687.0,147.05025141233475,146.44235751204153,135.0091218800209
2688.0,147.53393878637775,147.30263019897825,134.9218713307712
2689.0,147.4147722869929,148.71981088741128,134.74760785678433
2690.0,147.13076968821485,149.96568224063367,134.21219990491517
2691.0,146.9989527658008,150.78475202470608,134.1326646211526
2692.0,146.73802559730075,151.96919517625548,134.22313243253618
2693.0,146.35946629703614,152.45609794874383,134.63566143738348
2694.0,145.7955680393431,153.07744669185305,135.04419057007084
2695.0,145.47326241394725,152.95782832613477,135.44319249093024
2696.0,145.12598177972188,152.83289206742188,136.15357726649606
2697.0,144.84364077132085,152.24285159123582,137.41281411871475
2698.0,145.0398727716288,151.41488247147382,138.62597846927747
2699.0,145.14719738553552,150.72428065038395,139.9589530478216
2700.0,145.4273219786406,150.27704513094767,140.83524768921987
2701.0,145.58971059492526,149.47827199312795,141.84496841247656
2702.0,146.29491235295922,149.13037450251068,142.1719114305927
2703.0,147.12246128503762,148.54274762422443,142.36476419181935
2704.0,147.52511647483323,148.12450783907727,142.40017849530076
2705.0,147.74215968480598,147.58003098374323,141.96077576836086
2706.0,147.87993593129627,147.32179385765727,141.35905882379024
2707.0,148.06738576785474,146.93905841874104,140.82097998547223
2708.0,148.4930357455513,146.47668998178685,140.27785460368156
2709.0,148.87573127159322,146.16926689743337,139.4516373058695
2710.0,149.34276056222552,146.0236443441486,138.4574192469504
2711.0,149.27343347215415,145.67300246727262,137.8654427310028
2712.0,149.2867393088201,145.4332305918358,137.24903547562624
2713.0,149.10491273295088,145.4311282801928,136.56595590357267
2714.0,149.18801132229214,145.4873049175641,136.09239968103287
2715.0,149.6843467526763,145.39429421379282,135.85156686431145
2716.0,150.0965815534015,145.44499782396022,135.7795232118155
2717.0,150.29749602218695,145.80810821332287,135.5844362612667
2718.0,150.7516255376491,146.25951146782648,135.71119430601146
2719.0,151.14238642196725,146.88704803994932,136.0195347216982
2720.0,151.42997014937862,147.64664327608168,136.37871719272545
2721.0,151.67160614990536,148.4673940211513,136.74091214452523
2722.0,152.32855415447472,149.34957123751042,137.06187733972283
2723.0,152.91064283934108,150.19920894703515,137.30312031443344
2724.0,153.190969522317,151.14150680401008,137.43705446680113
2725.0,153.43958275969004,152.01773132524545,137.24817036293913
2726.0,153.61919954027425,152.23644093210706,137.30839636543345
2727.0,153.9698053455612,152.40939609102864,137.47342275431964
2728.0,154.86605994582223,152.40346950053694,137.90647073343783
2729.0,155.77298729604334,152.1716042173974,138.08012641163162
2730.0,156.217463013344,151.72397363306388,138.5136786842354
2731.0,156.43478005440895,151.0957526355162,139.0789961347601
2732.0,157.01517549490043,150.8989448884089,139.49046917420097
2733.0,157.43789018243513,150.77724270293962,139.9584410570511
2734.0,157.90266688724518,150.82129077544957,140.53065385139053
2735.0,158.4668572912886,150.84376235417488,141.1815275360899
2736.0,158.57824011106032,150.60181429849166,141.94320092871413
2737.0,158.3233961055888,150.40284259817355,142.04563703122227
2738.0,157.74421895851847,150.3775078016884,142.1376004594222
2739.0,157.1446598841071,150.31342436946247,141.9747858875492
2740.0,156.5691608920509,150.54266899256137,141.60927283812686
2741.0,155.9092390560726,150.87664020820915,141.4831104614656
2742.0,155.217602666559,151.45233752680724,141.25232563064705
2743.0,154.31714993956356,152.0263508912701,141.00637069669423
2744.0,153.4932756598787,152.82295409620343,140.31173758552947
2745.0,152.82651004302616,153.77284473218964,139.2528627495366
2746.0,151.92340595328739,154.4915758258806,138.57748081182848
2747.0,151.24519250065384,155.17614771903268,137.92271421799478
2748.0,150.88342605113638,155.9691638149377,137.54154330911643
2749.0,150.69229475432996,156.2422734907334,137.6741021539722
2750.0,150.43024243559796,156.3594111637109,137.81323474411403
2751.0,150.41627297281264,155.9044018906818,138.00178520957112
2752.0,150.44214816727606,155.0657688218135,137.9796604884184
2753.0,150.3240065589029,154.3480508869554,138.59281977045998
2754.0,150.16277791453723,153.60706962986075,139.52053168046393
2755.0,150.38200877570512,153.45525846099446,140.10544952882447
2756.0,150.7003087784929,153.4935290691574,140.5763601260315
2757.0,151.3384467403122,153.56265774065477,141.17642681558078
2758.0,151.80988263521178,153.581760357822,141.58054421881965
2759.0,152.0287830251337,153.28181474946274,141.85678905581466
2760.0,152.3152962999636,153.47291092232084,141.61841944040611
2761.0,152.39978514752238,153.5899020795799,141.482060173607
2762.0,152.35378506517895,153.69109709857676,141.2062982472987
2763.0,152.73270594984183,153.98688392985272,140.63593514490555
2764.0,152.96144046622695,154.00465638712672,140.31391027633356
2765.0,153.1910065789469,154.09297231837155,140.37571784410588
2766.0,153.10765334817143,153.9421739210599,140.19466363092346
2767.0,152.90487205594167,153.93369615609535,139.6889786598553
2768.0,152.74061721219257,153.8934176641156,139.2405836643598
2769.0,152.46692262325857,153.8040248240565,139.4245312368875
2770.0,152.2703868161069,153.60819682469383,139.80699738278196
2771.0,152.47674381945697,153.3610497331225,139.80018966955288
2772.0,152.0609360790069,152.85672249727364,139.9961773202849
2773.0,151.32102099892757,152.08572994467934,140.11115347727002
2774.0,150.91397360861905,151.43379803397738,139.79544495214586
2775.0,150.39146100669157,151.05173566524942,139.60402044344272
2776.0,149.78279257203056,150.83448483483753,139.53597477283034
2777.0,149.25089448710636,150.6212168490484,139.6418096617275
2778.0,148.9802270166554,150.11232267649297,139.6844085648367
2779.0,148.96984329806472,149.50674836789614,139.2012654607315
2780.0,148.52381626901249,148.716901590223,139.026216256028
2781.0,148.2222838804398,147.89969134655232,138.8641824940231
2782.0,148.59252189570125,147.36391045784302,138.7983452221433
2783.0,148.52084490950776,146.69067369915334,139.02009869671534
2784.0,148.699314349411,146.10801238088447,139.28216960924127
2785.0,149.18955831696084,145.64106343323283,139.5465819874896
2786.0,149.40552182257645,145.0226024917484,139.5947478350548
2787.0,149.46339537619608,144.55621401490617,139.28818288278072
2788.0,149.4220188756287,144.30672725066432,139.65605247367682
2789.0,149.65321263789534,143.9758984343574,139.94561942984632
2790.0,150.06328663518414,143.57497802709003,140.38850809144168
2791.0,149.75337221559417,143.07508500808817,140.78951968686084
2792.0,149.6482052072654,142.56499443460382,140.99051838450634
2793.0,149.48591827372985,142.20788671612797,140.5637059137002
2794.0,149.16845545068614,141.57186500185392,140.22027014666602
2795.0,148.71025633684292,141.35208632542256,139.97296481416248
2796.0,147.79306682102612,141.11401633303308,139.86636828828736
2797.0,147.09235191548913,141.0977782076816,139.50336099382963
2798.0,146.50182420777233,141.42113028750236,139.23221814910957
2799.0,145.92915394176475,142.2872929222941,138.95586789027382
2800.0,145.55225259367162,143.00615076189254,138.90559609652013
2801.0,145.16908321092254,143.7167419858638,139.01848790106075
2802.0,144.9239634890402,144.09915488350006,139.42755816500187
2803.0,144.77057816815258,144.53861729840634,139.9000424420343
2804.0,144.6182645313366,144.94455715400542,140.61811828297655
2805.0,144.89432671278266,145.33583758531992,141.4424117857903
2806.0,145.35495158627634,145.95922038303516,142.3785301344412
2807.0,145.94329065579288,146.27298763504479,143.38062749620184
2808.0,146.46926371286705,146.25221427160304,144.22268295805384
2809.0,147.42777532353463,146.56567292883622,144.75417145844145
2810.0,148.53926890013435,147.12047312498063,145.0780479535885
2811.0,149.4802383914859,147.80997575424584,145.19376218153783
2812.0,150.3631940943054,148.66663027850288,145.06780083373968
2813.0,151.55870372278267,149.31269710199632,144.7387935911266
2814.0,152.87680806726445,150.031265970699,144.4081281278802
2815.0,153.95357079435894,150.54788034231098,143.94295432311714
2816.0,154.63361797080017,151.29524765253208,143.50556498665645
2817.0,154.7725569474345,152.0275908304697,143.42723045476876
2818.0,154.5670528269327,152.52460825782822,143.55959254382614
2819.0,154.1386830011873,152.88475856788452,143.57091828963928
2820.0,153.46822947111428,152.84186109178472,143.7736486641931
2821.0,152.5374130190481,152.93300320688675,144.23294712462143
2822.0,151.7341769350954,152.45587462409938,144.7032533398368
2823.0,150.78234902569173,151.74896027844068,145.12398037359438
2824.0,149.91085798451388,151.24155172078085,145.46857465057602
2825.0,148.85078142576828,150.87804018685688,145.4396427079994
2826.0,148.5177756928701,150.32142815943428,145.05042114488225
2827.0,148.35540068790868,149.8570328987702,144.68006730335182
2828.0,148.16846474540299,149.20571863578937,144.58100192491196
2829.0,147.83834621229693,149.11841859551498,144.71043992517525
2830.0,148.01188793460395,148.9980963775133,144.9736884388479
2831.0,148.31497483129584,149.46954574466918,145.29703915256533
2832.0,148.5442377156063,150.41878788897142,145.35641309864346
2833.0,148.6992327886816,151.2015120037456,145.5435912957973
2834.0,148.90305983622085,152.06880013065825,145.8591504316827
2835.0,149.02151888422907,153.10733389475743,146.15792898611656
2836.0,149.088070126146,154.1030286952231,146.39640934681978
2837.0,149.1171532807943,154.86568308889764,146.36941825274263
2838.0,149.7359449314079,155.6501178785859,146.55235149839913
2839.0,150.4554936725309,156.03445801853493,146.54591310915905
2840.0,150.59788945247655,156.33343332640825,146.6593825363079
2841.0,150.8903676882716,156.45481599503623,146.74909001594375
2842.0,150.84139216354905,156.28478042044625,146.945893140759
2843.0,151.33944517160936,155.7366069423634,147.03008429957012
2844.0,151.6287086883643,155.10888988205264,147.14986421538654
2845.0,151.5536735260905,154.53289790618572,147.25376267437227
2846.0,151.47172411862465,153.88289076366874,147.29723431575025
2847.0,151.2001410867879,152.94289367102954,147.0161550003961
2848.0,150.90905094712343,152.16088203848682,146.3768610593644
2849.0,151.00536209560204,151.6069501410246,145.78169187286835
2850.0,151.12903946955853,151.0410875923488,145.50341656156235
2851.0,151.23156908499618,150.46701021311975,145.0384278480775
2852.0,151.05185856055195,149.97542024464587,144.62411912084866
2853.0,150.72537928646548,149.62097120477782,144.08038397684533
2854.0,150.7462080944726,149.06634689814035,143.7613633281949
2855.0,150.6462396402015,148.7205948761546,143.74453478001476
2856.0,150.41869258592874,148.22915330582268,143.888112410183
2857.0,149.99905145479266,147.78528027537806,144.46397421853078
2858.0,149.12300096871854,147.52773822415386,144.8755894401411
2859.0,148.2225636644135,147.07658908422033,145.5979178433186
2860.0,147.82620146709442,146.81446764921233,146.22015335825836
2861.0,147.3529551399017,146.670529874545,146.7800107861499
2862.0,147.03093133612475,146.71759551106328,147.35012544386714
2863.0,146.89653245902798,146.65979582771135,147.74147579161885
2864.0,146.94075625859313,146.30252670197498,148.3006928000272
2865.0,146.91439339158546,146.53145960942015,148.86969338463268
2866.0,146.87329421995298,146.96486921258224,149.22741744994022
2867.0,147.15536578095026,147.22293831512394,149.6829166289496
2868.0,147.2882686205482,147.7000417804352,149.59247663462713
2869.0,147.42905522977688,148.2033994573881,149.7586010897923
2870.0,147.76611061381328,148.25915139240976,150.00500062008118
2871.0,148.0616975049804,148.03673879496895,150.45705580604255
2872.0,148.07071851520095,147.7505531397321,150.710093218579
2873.0,148.2114744519274,147.82106890490897,150.6385643738463
2874.0,148.63590476896167,147.6940177788535,150.08091809201133
2875.0,148.97155320900984,147.5241207735885,149.83480997652782
2876.0,149.6013755141354,147.11218865318057,149.55520907288084
2877.0,150.14271821208388,146.54682955408137,149.72755031366205
2878.0,149.9173736946913,146.07238972365715,150.0556455147954
2879.0,149.79060686155063,146.11252969965057,150.35082795235064
2880.0,149.94249658080983,146.55100280584904,150.4664972144516
2881.0,150.22230681821605,147.5725232271166,150.4322587620903
2882.0,149.99283408958365,148.79319114173188,150.5434424159423
2883.0,149.56242681109268,149.747448097095,150.93440752191879
2884.0,149.36023631165853,150.38640471007864,150.98811511202527
2885.0,149.23289336803398,151.1680943595113,150.72964328489965
2886.0,149.06545060341892,152.04307918679532,150.18765540957654
2887.0,149.29179673159166,152.6643089059204,149.57233318945586
2888.0,149.60783181060185,153.1512019017015,149.1534344989063
2889.0,150.04270111905876,153.43100715589068,148.64568522282184
2890.0,149.40694395885293,153.24131678908142,148.33565145726297
2891.0,149.03372743811425,152.9157195249971,147.8839034655504
2892.0,148.52644096767114,152.21395376846542,147.4315092165465
2893.0,147.62559931850365,151.71357698746627,147.10840272483938
2894.0,146.6484131178602,151.49500797124432,146.76589734550606
2895.0,146.07301628989282,150.9634340157494,146.35130980840302
2896.0,145.72751027172512,150.58747347507702,145.77684326828918
2897.0,145.29185315627575,150.19346416679466,144.91754794589326
2898.0,144.64864684552626,149.73605324102908,144.0288090125439
2899.0,145.0601548890154,149.4987273341357,143.26722362330827
2900.0,145.21444900005332,148.99649784505505,142.81950333583038
2901.0,145.57381521946382,148.99612825124657,142.472235406978
2902.0,146.25947395300747,148.94502217600547,142.1072448221414
2903.0,146.97857130688706,148.74454816341114,141.9969515521073
2904.0,147.98413592042897,148.8743013341399,142.19258312872586
2905.0,148.5168203684685,149.06353611341527,142.41163950576197
2906.0,149.08268903564507,149.3202586559067,142.87176031743675
2907.0,149.5372775082751,149.65133175347066,143.06846076283955
2908.0,150.1331721569502,149.79268265761763,143.191388245012
2909.0,151.06372410469035,150.18858713454225,143.17370902583033
2910.0,152.06508965307145,150.2889468526264,143.17536151720705
2911.0,153.0752219177791,150.31543386898392,143.3155320087635
2912.0,154.0089612739208,150.30760984287033,143.28513207478593
2913.0,154.4357423617707,150.08577367636926,143.01308532694682
2914.0,155.00182274357167,149.9431363548023,142.59394823001657
2915.0,155.3986216098192,149.66167883060558,141.9130792761826
2916.0,155.74261630614768,149.28906616092647,141.91673823998917
2917.0,155.45963579344541,149.10454753967986,141.67617116109227
2918.0,155.23330880416117,148.97418697304454,141.36790924467098
2919.0,154.8335840537226,148.9070297721143,141.056494617376
2920.0,154.2250316807262,148.6548440660305,140.6800520852488
2921.0,153.22181185339662,147.9860058276739,140.5238366419753
2922.0,152.37452030262241,147.51194419411004,140.78123310172361
2923.0,151.74028230584935,147.07428299803595,141.05695185182884
2924.0,150.87293885652545,146.87540480516532,141.3728352331375
2925.0,150.34657280156216,146.66392839020295,141.41350680933328
2926.0,150.20551074977715,146.30949533513726,141.7302352776681
2927.0,149.69670876286622,146.12374695422233,141.9841494255222
2928.0,149.403885759595,146.33711081291537,142.35357152779903
2929.0,149.0974357591807,146.801253958813,142.85649148685877
2930.0,148.61567696791127,147.34396118698908,143.4309551464379
2931.0,147.98019989051787,147.92307862848014,143.66219709691342
2932.0,147.22208272424143,148.4815260418698,144.05258782388574
2933.0,146.72310953449008,148.8233034359095,144.59483742521496
2934.0,145.96898201950208,148.9487515343479,145.18956865976594
2935.0,145.31872578163984,148.9118951257083,145.65959992564436
2936.0,145.21462171634158,148.3251721550041,146.06576611119948
2937.0,145.03082082421832,147.562550202719,146.2139579911172
2938.0,145.0125140096864,147.0693206641252,146.11909994650873
2939.0,144.95375661787216,146.86340823670943,146.01716661167504
2940.0,144.65811726122968,146.6729739524701,145.8490613308207
2941.0,144.2305917411648,146.68179399492013,145.6744942727886
2942.0,143.57440555070602,146.85246427447964,145.4778787797593
2943.0,143.0299561254755,147.28702833870125,145.27667872267796
2944.0,142.3157955329471,147.9112446108487,144.74722903731802
2945.0,141.94143157231787,148.7960268944081,144.28070254839906
2946.0,141.72175879508808,149.5046887625159,143.9112568526525
2947.0,141.4143855749401,150.02319509167228,143.60542883309304
2948.0,141.75712452152587,150.7241535065261,143.06395276525552
2949.0,142.1164015484149,151.59737137077238,142.58890965263282
2950.0,142.58384975521852,152.32939229290835,141.8074041924522
2951.0,143.3781946932617,152.79545575454208,140.94468278626846
2952.0,144.39665215971317,152.9909253547676,140.04306098067002
2953.0,144.89596406798037,153.0985621703323,139.35330642556775
2954.0,144.86519596100064,153.01757705565018,138.93938931057144
2955.0,144.61982453016824,152.9520495355225,138.3035544842391
2956.0,144.28283845978123,152.65070162836025,138.12244265788695
2957.0,143.44204959317722,152.2188700611821,137.88429440043586
2958.0,142.91526711172446,151.8038987223352,137.42018070065194
2959.0,142.58177800124585,151.00200710087643,137.69090491028808
2960.0,142.17309259453165,150.05877736303356,138.14455689113663
2961.0,141.73369461547736,149.27147585666208,138.46753948411646
2962.0,141.87615093953642,148.23593086488347,138.97073825667982
2963.0,142.33497445468134,147.3783233956924,139.5977681200191
2964.0,142.6599146716567,146.87996581614593,140.22937133223772
2965.0,143.3484870317932,146.31531413240972,140.3198545451429
2966.0,144.31421879038845,145.69668996052616,140.4767316979997
2967.0,145.419239050487,144.96584531446834,140.81605239876245
2968.0,146.13194513766615,144.81370718142549,140.8347345642139
2969.0,146.74716075495894,144.8776781569293,140.6114909850021
2970.0,147.08234383784063,145.06363443471471,140.49576014344927
2971.0,147.31533944826347,145.60812893214984,140.42989732243697
2972.0,147.44521548029815,145.94464273324292,140.28698440327196
2973.0,147.85452031173548,145.900917250721,140.2894721801815
2974.0,147.92704626235442,146.27377638384021,140.26202527295933
2975.0,148.32716454200417,146.48342050805854,140.2786381579188
2976.0,148.58666966578198,146.5886277548207,140.26774650937028
2977.0,148.97111938795598,146.42126805626657,139.99665737240963
2978.0,149.78970275039495,146.24588242474172,139.97704734903175
2979.0,150.73466102242588,145.83141729060912,139.88105687954595
2980.0,151.8947704123808,145.47706455238435,139.65280733813898
2981.0,152.2686211921481,145.33966884560817,138.99817938886778
2982.0,152.57773066256345,145.16284241554175,138.37604116273803
2983.0,152.9656939107688,144.98640648774156,138.3042879448929
2984.0,153.1230210499201,144.89179919185216,138.30388777102377
2985.0,153.14780055199492,144.79516351480675,138.34000537360976
2986.0,153.28329831647315,145.04677522052333,138.47886167427052
2987.0,153.2353807338228,145.5806948502649,138.4939493104371
2988.0,152.84232413419036,146.042698477703,138.7457916076468
2989.0,153.6104169642595,146.55695617300026,139.0488914872007
2990.0,153.93146016625067,147.13923382558315,139.58140950406016
2991.0,153.9708582251065,148.03385357647272,139.94938764100928
2992.0,154.22613450202604,148.90629190078724,140.75490615879957
2993.0,154.2828345854026,149.86824623958753,140.70587971819967
2994.0,154.85708370803212,150.37160737705034,141.06973742896753
2995.0,155.6466035701591,150.55299067513548,141.02580272672904
2996.0,155.92696693104213,150.541847495276,140.56274608441674
2997.0,156.24392871860513,150.8025823386838,140.40731659368737
2998.0,155.43081855253413,150.77518510737187,140.60777152043386
2999.0,155.76687693723176,150.69078589969521,140.93565015620652
3000.0,156.0771265939494,150.31240705192383,141.43035552637627
3001.0,156.15029016324328,149.58423982215373,141.6047372587392
3002.0,156.6866815885889,148.84014926676818,142.20505330672836
3003.0,156.96217531761468,148.82418676301603,142.46975794077656
3004.0,157.26839550415986,148.60172591788995,143.16786205658335
3005.0,157.85181385232,148.42034688443925,144.07647528255555
3006.0,158.3612867242502,147.90507622501744,144.59498192137627
3007.0,158.725220664014,147.20438889391693,144.8165251708194
3008.0,159.0682486067372,146.43036080613962,144.79229558357676
3009.0,159.70658354850497,146.01726308319766,144.79123363911498
3010.0,160.29623948998807,145.97374184629965,143.86562271337894
3011.0,160.7678884695961,145.80628095976638,143.15605292205768
3012.0,160.5886619976634,145.2167963833757,142.25809065760413
3013.0,160.18054282913724,144.89281541773582,141.2084840416396
3014.0,159.90159131064368,144.8166143809371,140.3029986049326
3015.0,159.60229844956314,145.06964045721094,139.33301305098644
3016.0,159.29682552516954,145.58365718371422,138.54987432171188
3017.0,158.90126022290946,146.33334269023902,138.26981476991358
3018.0,158.34164596299073,146.7785891504741,138.11062704532333
3019.0,157.88798884982828,147.05704576229954,138.33876478032056
3020.0,157.36610550181263,147.70806633954356,138.1897210014421
3021.0,156.8885569311338,148.25641165952516,138.08115359462624
3022.0,156.38684407227038,148.34607955575837,137.90809039914419
3023.0,155.58263624132258,148.0277137149135,137.94907498464227
3024.0,155.34828012887658,147.8947143850511,138.24801101561175
3025.0,155.08570651968847,147.78875897421204,138.3007834681146
3026.0,155.01104600899953,147.24868238082882,137.72567386366606
3027.0,155.17370801237678,146.7417072745976,137.4163290330126
3028.0,155.10259372961985,146.28652156711678,137.11607758580885
3029.0,154.8703770423651,145.60329046423735,137.27800211801684
3030.0,154.50163183575964,145.20889487405182,137.7770940417398
3031.0,154.38911221448683,145.0539784887081,138.73082743719615
3032.0,154.40327752092844,145.0550525568954,139.16324375201853
3033.0,153.98058703812976,144.60575240812778,139.42940100288033
3034.0,153.5948347094028,144.3579560898309,139.51859146472478
3035.0,152.97059476289522,144.6535564790429,139.78656617689762
3036.0,152.35770990153156,145.00320882183718,139.3913505340916
3037.0,151.95840024521178,145.4957608489993,138.89412707151328
3038.0,151.64872200174702,145.95158126224933,138.62631407360522
3039.0,151.89368725733752,146.27427353362853,138.13643608619697
3040.0,151.75011295493093,146.77202505385907,137.41236027506832
3041.0,151.64115508064185,147.0552277781994,137.13578982345007
3042.0,151.36832430446043,147.75773284304316,137.05651478306248
3043.0,151.12438312325187,147.84572407573037,137.1841980309261
3044.0,150.9317665314528,147.54588968426444,137.43804134421595
3045.0,150.8475682483234,147.3053907955602,138.19274385759047
3046.0,150.5862719625312,146.90720680407227,139.30641525111363
3047.0,150.19729290724726,146.65386447709196,140.00550403093465
3048.0,149.7241918747431,146.7946209501847,140.89305156908935
3049.0,149.18094868915995,146.75237121168647,141.77549680047818
3050.0,147.96863812861872,147.21815955263395,142.63826547059907
3051.0,147.76657277173078,147.42007873385123,143.34381289155547
3052.0,147.33013372956205,147.69453330680605,144.023916517941
3053.0,146.8801335420855,147.8397703847083,144.73316604031686
3054.0,146.2485950904186,147.90905913971648,145.17256437055678
3055.0,145.904507758495,148.14030333541334,145.09133435748086
3056.0,145.95634234127854,148.27251171467995,145.0017611018053
3057.0,145.8781461443175,147.86989201916035,144.64898415213725
3058.0,145.9139055010387,147.4867875648946,144.33626581903187
3059.0,146.48074794710132,146.5995881908591,144.1298563070297
3060.0,146.05370062825148,145.63664664485574,143.9050982467186
3061.0,146.30326342139315,144.9503340648271,143.9811708884115
3062.0,146.44597748289706,144.3799440464256,143.77194510099096
3063.0,146.22224053492354,144.06401743876762,143.47569176685187
3064.0,146.2966134676082,143.44081595174472,143.1626986972007
3065.0,145.89961572433717,143.06962292245888,143.40639820170009
3066.0,145.39461125050963,142.748503640436,143.6333299950832
3067.0,145.12346017202006,142.890541727374,144.080398812616
3068.0,145.1209804611484,143.10254626230366,144.14196261107594
3069.0,145.32175123590105,143.51963653889146,144.09359768126757
3070.0,145.23118919851888,144.00209813467848,143.91976573558756
3071.0,145.29925518408226,144.54954442705565,143.91706083130825
3072.0,145.80777948566214,144.97826927021535,144.30087901954212
3073.0,145.837725636004,145.37452766856293,144.9210208527981
3074.0,146.1221275349397,145.68775081066272,145.19598096922664
3075.0,146.83533466342885,146.19273746495517,145.00353542642003
3076.0,147.84321809606095,146.03907150605914,144.3995528519485
3077.0,148.79865828791839,146.13062849445325,144.2710693331935
3078.0,149.91889029980385,146.2549253201045,144.20818737443005
3079.0,150.7966319512871,146.60284284787843,143.97103001965144
3080.0,151.34292758580125,146.91281951623384,143.81234188439453
3081.0,151.65886589662588,147.09223637103167,143.23513654359817
3082.0,151.7996136575589,147.70194794761386,142.79253301016527
3083.0,151.89247481777215,148.183280459315,142.36417295592284
3084.0,151.7175722964127,148.8864673947899,142.64956442132535
3085.0,151.18483628359692,149.7332042693483,143.2803255477711
3086.0,150.39280112410384,150.44058393565115,143.8256325761314
3087.0,149.3900814179956,150.97495236670662,144.38590420882667
3088.0,148.15423319198587,151.13586711578776,144.6036734894966
3089.0,147.25305155296277,151.3731144005025,144.62829088826075
3090.0,146.65560220304116,151.7052362847775,144.54681452244915
3091.0,146.33768866687848,151.81714712973974,144.69148675168725
3092.0,145.76517223466084,151.96669021991147,144.91227937936355
3093.0,145.2226005982247,151.94785036043265,144.96721705989322
3094.0,144.6508470631967,151.81011905577253,145.09285729889734
3095.0,144.665898099062,151.6298809200085,144.95490681665083
3096.0,144.6443967505084,151.38975631040057,144.63354159394297
3097.0,144.64667322201123,151.06180772443784,144.86569705905612
3098.0,144.25100110426186,150.89738691756668,145.42760382269861
3099.0,143.92660790136753,150.75014306653875,145.96588020950225
3100.0,143.57650160662013,150.29776513838308,146.06470822619795
3101.0,143.8454648954476,149.5263431778418,146.0740882235969
3102.0,144.45711174294797,148.74794071730412,146.02932637509917
3103.0,145.39223562316113,148.22803779970647,145.63134057481943
3104.0,146.11793754678354,147.71905325347763,145.16793057840664
3105.0,146.89527516765565,147.68705957613977,144.88910221000492
3106.0,147.90709866811258,147.98527204797648,144.54072821535578
3107.0,149.21004410910604,148.20437767231417,143.8389224041454
3108.0,150.18917000056564,148.35519159087653,143.4507483369207
3109.0,151.44505603284404,148.7428316787932,143.56866363584058
3110.0,152.31373035674108,149.3945058498437,143.85942155789155
3111.0,152.92038741271992,150.05016131745802,144.29065640498834
3112.0,153.15873714077415,150.62477128010406,144.87733001066067
3113.0,153.21549106072632,151.05904271992176,145.61889536120935
3114.0,153.1555078437875,150.93571493361802,146.39907978242888
3115.0,153.29605074600676,150.8594011883824,147.15430611682459
3116.0,153.55697295319263,151.01971059427098,147.87905263266816
3117.0,153.92182767755386,151.18894181655256,148.30034487612556
3118.0,153.72534854394345,151.19004882358502,148.45118267647666
3119.0,153.30367002368408,151.29156860725212,148.1469399607647
3120.0,152.80738954848368,151.41710138024717,147.6463505641022
3121.0,152.43823377065462,151.50649516376194,146.87546370285145
3122.0,151.80262540641502,151.93298577964904,146.14192465127223
3123.0,151.49236692930364,152.6950264615573,145.51346798156493
3124.0,151.14639230466935,153.32091011174023,145.0424928624807
3125.0,150.76060946122985,153.4767916389621,144.7820785064486
3126.0,150.20872536105958,153.56484053753317,144.67066896548525
3127.0,149.73947522155055,153.3785517211002,144.57511913259904
3128.0,149.49942137325792,153.00003994244372,144.58710266726246
3129.0,149.22906463700238,152.7095490146661,144.25499774317638
3130.0,148.85531279829848,152.65224298588112,144.26560952950004
3131.0,148.98893694783726,152.53566105841008,144.19864886572273
3132.0,149.22357298169484,152.22342380731462,144.00378346500497
3133.0,149.44207914486302,152.00383247824496,143.56658688874614
3134.0,149.63810202548257,151.91426211241753,143.36800069497068
3135.0,149.92267961111395,151.77388808442018,142.9107008003109
3136.0,150.2385738363483,152.20707709359306,142.1396044585525
3137.0,150.24169525427496,152.6385559071567,141.56205212865905
3138.0,150.20933209767068,152.66387691391537,141.50303891348315
3139.0,150.26986951426784,152.5286580151706,141.3747751666882
3140.0,150.3997054546057,152.35779856380785,141.02573061939475
3141.0,150.34293824356263,152.33506931609972,140.64055982281837
3142.0,150.17212201125864,152.49322171304283,140.58121767103808
3143.0,150.21051042647508,152.52204619385682,140.15223360012786
3144.0,150.42164099934033,152.6175173146648,140.323712204469
3145.0,150.91335918702424,152.50045567847746,140.8336386029133
3146.0,151.9739678858097,152.45932173951263,141.32553265690285
3147.0,153.0349499643598,152.73580054685803,141.74964690572426
3148.0,154.22392954792565,152.958104563329,142.11818107657982
3149.0,154.91682974388704,153.1235641749614,142.64991044574074
3150.0,155.17716523640348,152.91605777050148,143.35043755500203
3151.0,155.2621544283063,152.74747706595824,143.62837527352036
3152.0,155.05817080838793,152.72904245080744,144.09055977958354
3153.0,154.55851419363228,152.99055811041885,144.18308068278822
3154.0,154.00806925201172,153.12356477924936,144.06387705343545
3155.0,152.91950841818104,153.0363440241566,143.8012743169337
3156.0,152.09301700418592,152.53013111292185,143.51328209644169
3157.0,151.05471376946278,151.9361005150688,143.18998172423744
3158.0,150.1452479893124,150.9240957817405,143.02827378051143
3159.0,149.65376773051128,150.35667076927695,143.01529192029977
3160.0,149.49331541324366,149.72076328990528,143.0766313594675
3161.0,149.4691311282852,149.0767596536624,143.6195481944639
3162.0,149.81184732442057,148.39482563373562,144.26355014820345
3163.0,150.17756274741953,148.25885187002302,145.09193320242701
3164.0,150.64310695444075,148.17264242291753,145.95819469813517
3165.0,151.20708137695232,148.2406537413134,146.86106016964115
3166.0,151.52207907911,148.3178026818943,147.65468262977512
3167.0,151.65106988226103,148.66606336916675,148.1067312040046
3168.0,152.00768761945275,149.03046836339283,148.3410804591075
3169.0,152.28208612372893,149.10304994483857,148.34638280560273
3170.0,152.57609893606173,149.2954391567691,147.56563595602677
3171.0,152.88529237112218,149.40038125363765,146.8772621984038
3172.0,153.08506045245514,149.1624316078649,146.4989763541505
3173.0,153.43442909547161,149.18334521417768,146.06139555256593
3174.0,153.45417188290318,149.2770550497656,145.7298777827482
3175.0,153.4263241202122,149.48063579148777,145.25882361788254
3176.0,153.67715029884613,149.59431790236516,145.1764097295757
3177.0,153.73893874071447,149.5390063600985,144.8650541827584
3178.0,153.69624300811958,149.6962233643748,144.78018284357205
3179.0,153.26077213311862,149.52373430745547,145.22648753431463
3180.0,152.48916652879274,149.45468949832625,145.38985497722783
3181.0,151.91563017745062,149.29468338767276,145.18720834322346
3182.0,151.57956237670712,149.12344582539242,145.19627338559988
3183.0,151.3780868758101,148.96011829369198,144.72469922106418
3184.0,150.9816140464292,149.09023047012744,144.32972923642706
3185.0,150.43149859968992,149.58610514585243,144.04462611103824
3186.0,150.11367400453022,150.1247324412335,143.92518509810964
3187.0,150.08210758404277,150.56474290356724,143.92917012670165
3188.0,150.17241743107982,151.10536914897415,143.6782109692546
3189.0,150.66919653394189,151.459791019023,143.62999211927868
3190.0,150.85971118266696,152.0416680072746,143.69774278221806
3191.0,150.85298923395789,152.39807969040876,143.61328301949766
3192.0,150.68520771608146,152.54498561314855,143.4196609340523
3193.0,150.96083043703533,152.40958469557094,143.35781762371747
3194.0,151.51125785185735,152.08783467650457,142.9914139470274
3195.0,152.17459436447106,151.94328209908434,142.5530430308773
3196.0,152.7638600535741,152.1294453274242,142.17117159600014
3197.0,153.3992341597569,152.6555533119939,141.75226395464378
3198.0,154.12248023516958,153.0099526990617,141.4258676703712
3199.0,155.0905418012292,152.99785133732308,141.17498520426258
3200.0,156.0462819789615,153.22094550362752,141.33121396538624
3201.0,156.94511884814378,153.42324852489196,142.05860386440278
3202.0,157.77067267137616,153.7461358994653,142.87033189765037
3203.0,158.42842055901286,154.40147476760387,144.04089251044874
3204.0,158.52327273268926,154.69359177531118,145.44600197092743
3205.0,158.5719512763858,154.70709748260066,146.69592898246106
3206.0,158.58527787568508,154.52231786874557,147.68009386428247
3207.0,158.12568675649285,154.18275935414493,148.48368839217144
3208.0,157.28858200275562,154.3292393498433,149.03053275832474
3209.0,156.32159541223896,154.51196028688474,149.30394670669028
3210.0,155.4810865130404,154.882985907945,149.50140235484616
3211.0,155.00361926748624,154.877289606064,149.83575814321495
3212.0,154.3352999352855,154.94866362471618,149.8866894893162
3213.0,153.75762418787517,154.99171173276156,149.68236332607793
3214.0,152.6955506604841,155.08671489012693,149.4953529113941
3215.0,151.57209605826012,155.02701786892274,149.3639497316752
3216.0,150.30582713380215,155.13450922149772,149.2191021490643
3217.0,149.28124515823518,155.32196399550656,149.1429014263728
3218.0,148.4156351058736,155.13931408874683,149.19819211103953
3219.0,147.54566518571195,154.97578970590166,149.2397866861856
3220.0,146.86911279244828,155.11067016982867,148.9037753502129
3221.0,146.4545961427559,154.79735211329563,148.25497837520064
3222.0,146.29610163911335,154.65355606363997,147.8889920068426
3223.0,146.51067676673208,154.38676463240625,147.60578723540547
3224.0,147.04283928009244,154.4262685031234,147.72759138013242
3225.0,148.1144418311185,154.32209843937625,148.1562947852795
3226.0,149.17278965940253,153.63368569573166,148.58540011569036
3227.0,150.2167319831687,152.89296071824134,148.7068672390067
3228.0,151.23859283187096,152.006590301154,148.69281606778122
3229.0,152.0330257826996,151.04705379422728,148.89245590911304
3230.0,152.4110246244525,149.94458204385896,149.29962935149135
3231.0,152.58602879490346,148.7331305813327,149.37052649222767
3232.0,152.85151427446655,147.59221732976883,149.4508428973616
3233.0,152.95327607014565,146.42280630131583,149.26564055380283
3234.0,152.58299663298322,145.89998190372185,148.78909135072945
3235.0,152.20521898734546,145.76812796592992,148.34334021469851
3236.0,151.94573320070353,145.83511716426025,147.8783726854471
3237.0,151.6588127431443,145.79332799235374,147.55568672482084
3238.0,151.12715329884855,145.8833559836519,147.0985371800426
3239.0,151.12636957977531,146.23930044470848,146.759471571721
3240.0,150.92290122516354,146.54219699273983,146.34237764802174
3241.0,150.58289117826146,146.59013115600894,145.99055504844284
3242.0,150.342145801118,146.5688450078494,145.81793052840794
3243.0,150.2036284046889,146.291181767219,145.7961672132356
3244.0,150.05048119900698,145.9081211388028,145.75838635993009
3245.0,149.85655559901141,145.81354633207468,145.84059416614667
3246.0,149.67666602348524,146.00072751699656,145.73268867434012
3247.0,149.60886564723072,146.2042166617288,145.78005078499032
3248.0,149.3477588191913,146.16875827739742,145.77548929828572
3249.0,149.0176817911117,145.8441436154125,145.84866401952868
3250.0,148.6106801472891,145.91788884076615,145.82256621706907
3251.0,148.25602082950059,145.90245397302877,145.45380058149559
3252.0,147.86903644681243,145.65186427399783,144.9511064525403
3253.0,147.84275095908893,145.40593625647983,144.52574556412893
3254.0,147.62464550306697,144.79697688047477,144.35439982481842
3255.0,147.47276876059135,144.0749869465592,144.1221693629859
3256.0,147.31151247935938,143.17587507435766,143.8635787588253
3257.0,146.9598803057846,142.5179720436471,143.7852885458115
3258.0,147.0529639079943,142.6274792996988,143.86497800123104
3259.0,147.2752965491946,142.873924820423,143.8839644316794
3260.0,147.79985926908762,142.9908895917651,144.21431384005535
3261.0,148.49704422483975,143.25036488373726,144.44896563264123
3262.0,149.01497510400264,143.42620851734026,144.54600942463122
3263.0,149.52746219331536,143.78599798996677,144.7174797972114
3264.0,149.84994928802018,144.35609222740138,145.11739841182242
3265.0,150.08242053974567,144.74939938364238,145.17712032005517
3266.0,150.15336233368615,145.31400350132924,145.04797134557194
3267.0,149.98930748105604,145.69996513517606,144.93773225778006
3268.0,149.73577555060803,145.6741755227251,144.93122140749216
3269.0,149.15937180951363,146.15057397106904,144.709994169036
3270.0,148.27418567396825,146.64602307339675,144.79989210221015
3271.0,147.24284756314074,147.06137616078902,145.01586711226054
3272.0,146.33541717127048,147.639350998753,144.79433186278484
3273.0,145.62229407113801,148.2525876865373,144.70885284433726
3274.0,144.81433117353026,149.40274725578394,145.08023513802164
3275.0,144.44110312553005,150.28564523182882,145.53187056610977
3276.0,144.30608275589805,150.96039186368836,145.88176673914936
3277.0,144.48366949379482,152.04864627220556,145.85723517992366
3278.0,144.44374954706683,152.54356210673512,145.9403413443888
3279.0,144.4718701921772,152.86898986580468,145.76614524353667
3280.0,144.61302862662455,153.16820965858565,145.460784431117
3281.0,144.5845987382183,153.42147729024717,145.26054360016767
3282.0,144.74115830094863,153.71430748347507,144.9938025804019
3283.0,145.30029664825906,153.5249763478911,144.67990508862692
3284.0,145.81302724180762,153.24287686510735,144.5797041159635
3285.0,145.71475916796774,152.94307201858388,144.43488438769646
3286.0,145.49494515357733,152.12307653552605,144.5691774616338
3287.0,145.32560847405142,151.77872111051687,144.9703820656489
3288.0,145.35649137355276,151.16426180518502,145.44953210703946
3289.0,145.42684900890134,150.73113215062455,146.0391644939027
3290.0,145.8139520583022,150.1704404381229,146.85377307443008
3291.0,145.88670362816916,149.81603567724912,147.23150412978077
3292.0,145.626426684644,149.42965484338964,147.35693659689406
3293.0,145.4306481230332,149.15615788781068,147.6305409410981
3294.0,145.71326024452975,149.11074394044707,147.60076235452837
3295.0,145.83811798504917,149.37235727652995,147.55014818940015
3296.0,146.1929162342948,149.3595483773139,147.4074384209158
3297.0,146.7514448130591,149.5611226334263,147.29211177023979
3298.0,147.3932050580428,149.84874060391468,146.88706152535275
3299.0,147.96532526605301,149.88427350953995,146.18637381385886
3300.0,148.34517634492036,149.4768573112478,145.75256354429146
3301.0,148.98995607190656,149.4007332134267,145.54884040484862
3302.0,149.6153168318247,149.11741271179537,145.1024724553357
3303.0,150.2079971842671,148.57681422298953,145.09564855897256
3304.0,150.50595474537477,147.451344414517,145.03695762523384
3305.0,150.73342246667343,146.5203968579927,144.48315516762565
3306.0,150.8883577968641,145.75962176419458,144.6401431101553
3307.0,150.87424904657513,144.8001416563427,144.98391743914596
3308.0,150.47122821677874,144.09024117257184,145.47716465633843
3309.0,150.45531730860702,143.60081428302226,146.01715223804604
3310.0,150.33370682004752,142.93555571891108,146.44197811125736
3311.0,149.86937830792507,142.72256760718494,146.60831687756382
3312.0,149.08546547425763,142.60132598192294,146.5368636554014
3313.0,148.84285162381042,143.1559910674725,146.7252542229551
3314.0,148.34793833867332,143.37796006423108,147.08022354027705
3315.0,147.6644397870224,143.7231309928104,146.90408984741273
3316.0,146.92932199892832,143.97601089919482,146.7693640533284
3317.0,146.53065951231733,144.2137705040775,146.79255854736377
3318.0,146.28725874124726,144.49173140717937,146.81446139367662
3319.0,146.27287776470612,145.1315288381859,146.92093070884457
3320.0,146.49403182573164,145.51457373532975,147.27899983358466
3321.0,146.94025436382222,145.84576645290892,147.87478773917178
3322.0,147.19844701111114,146.1680437833468,148.12716371765416
3323.0,147.7079479791831,146.72618662107982,148.54356224719916
3324.0,147.94637810990025,147.17371772948292,148.84720475025378
3325.0,148.22285576065786,148.1794208612244,149.1130129903053
3326.0,148.70522488932113,149.28486617026883,148.897785828045
3327.0,148.91967392839845,150.21241464801759,148.746446820663
3328.0,148.78132237255792,150.83626260152244,148.73382632444438
3329.0,149.0329573674359,151.22295429016282,148.76882480913113
3330.0,149.34723421972026,151.67813061039993,148.81677041228056
3331.0,149.63100922475252,151.6384103342367,148.76758527351654
3332.0,149.78180799447077,151.54207346296144,148.47824023917912
3333.0,149.95162360103288,151.7391918672326,148.12454735617243
3334.0,150.17772906067012,151.28015732827484,147.77394347203884
3335.0,149.90558094252245,150.90184069329285,147.71710543145915
3336.0,149.42590215053585,150.40082971685348,147.5006577440928
3337.0,148.82967096054463,149.5566291453464,146.92289378853647
3338.0,147.96789944459726,149.0534465071462,146.31982644985868
3339.0,147.30859363047665,148.58928590020292,145.49406353384407
3340.0,146.86735236364143,148.7779331577553,145.19234508534547
3341.0,146.23999339760414,148.7845438013854,144.88558548438692
3342.0,145.84113163312145,148.51231929706861,144.27797697819122
3343.0,145.16251202607452,148.5518998284537,143.95947400765286
3344.0,144.84184038185802,148.33725817141726,143.81333733119186
3345.0,144.92141160868306,148.1014707945362,144.0147200758803
3346.0,145.12724632512948,148.22190954241188,144.4398945786777
3347.0,145.2491256072322,148.34717990027315,144.7214388253406
3348.0,145.2048572563713,148.58468656480983,145.1733477748727
3349.0,144.70320928867164,148.78646363861165,145.1619821496603
3350.0,144.37490213707179,149.1838751004156,145.37935909586326
3351.0,144.21314220133368,149.63002191839664,145.88959331904812
3352.0,144.3074620842735,149.9415603204093,145.97178848238997
3353.0,144.55474825739685,150.51374746897176,145.69267372103135
3354.0,144.595617691956,151.3142197788741,145.334660608291
3355.0,144.7076438767324,151.9485042900368,144.97599554990998
3356.0,144.60494133590973,152.29612048027172,144.8257361835143
3357.0,144.14157638465636,152.10641693517692,144.48799431029502
3358.0,143.86041283549406,151.70055298412478,144.37277326851972
3359.0,143.91163689422757,151.2359118683464,144.4102292110383
3360.0,144.1606223309134,150.42387236506264,144.3965961010641
3361.0,144.4346140608545,149.84065066839682,144.62091680493305
3362.0,144.73437351182912,149.11232037402408,145.00444951068354
3363.0,145.3668150150478,148.3518835438766,145.22456334912852
3364.0,145.98088383770846,147.58778431949068,145.45579930009987
3365.0,146.81253226259702,147.02287838532826,145.81715703905408
3366.0,147.85707351968733,146.66961419171687,145.78148859667354
3367.0,148.7629536730509,146.17112058009857,145.9761613909273
3368.0,149.5436897382367,145.91669184286297,146.05623136604444
3369.0,149.72132465004785,146.03509763282847,146.39620076660572
3370.0,149.94842711026962,146.15208045104131,146.45700635859092
3371.0,149.97798340056784,146.13973262869973,146.56624414330952
3372.0,149.76325011531975,146.48972065355227,146.53643579145464
3373.0,149.84741974358724,146.95540960270606,146.5399678006916
3374.0,149.94341569192358,147.2906227596869,146.1829447512724
3375.0,149.97196378665924,147.6217650564335,146.39687829366346
3376.0,150.101383523669,148.21416535727516,146.17251270345258
3377.0,149.88499153623326,148.7943537648173,145.81787532352266
3378.0,149.82523622421166,149.07538645099777,145.14849992414452
3379.0,149.61941876933173,149.54601565298807,144.2879439363635
3380.0,149.40184222902062,150.27913310573936,143.56910637904608
3381.0,149.29181889032392,150.72503772579356,143.37077899912828
3382.0,148.9387275016571,151.26939093768806,143.0242850643197
3383.0,148.38616335667413,152.1277696141434,142.96347674166245
3384.0,148.09445447876269,152.92652593766894,142.75349170592236
3385.0,147.87574467211726,153.38801403136048,142.54731340193632
3386.0,148.02471871920005,153.22041750452394,142.9852209418493
3387.0,148.51183801766638,153.10678825979053,143.4447873952294
3388.0,149.10971633812903,152.79618312927585,144.20401684528971
3389.0,149.69288294426903,152.02720119687834,144.90642110255902
3390.0,150.0965005810027,151.05345833840138,145.1032211689326
3391.0,150.48046130963698,149.97142937657443,145.31234659076898
3392.0,150.9173520436904,149.2183077683133,145.2521738089341
3393.0,151.11682100880358,148.6782416120504,145.39859080946022
3394.0,151.15208758390884,148.19660389607324,145.55240380249194
3395.0,151.2025752659403,148.22665788006537,145.2897961471263
3396.0,151.55157188594026,148.3621985396337,144.88100274359888
3397.0,151.27751220199278,148.15801154198567,144.79103277127012
3398.0,151.2157272448937,148.2462488530083,144.55443876331293
3399.0,151.0659970768946,148.54591526286836,144.23062029013022
3400.0,150.9009603069046,149.00729193212132,144.17863531837898
3401.0,150.8531435433684,149.0988654783933,144.06381675689516
3402.0,150.94821174519757,149.53377635879352,143.88455678186142
3403.0,151.1964864747223,150.09348660364375,143.76716752751605
3404.0,151.16243935396625,150.62444530908311,143.69986359698507
3405.0,150.50578209081422,151.4643991300439,143.99598383274287
3406.0,150.46858506628644,152.41277607089975,144.27300388927193
3407.0,150.10981642512735,153.49314053132755,144.5219896203466
3408.0,149.85728964809545,154.5000591278579,145.26856088619658
3409.0,149.63496045379424,155.3640032794608,145.60230503731626
3410.0,149.65619303240763,156.17519056493046,146.06525143044567
3411.0,149.70674564330733,156.53626304397596,146.33778250536992
3412.0,149.74255380263898,156.35410282742654,146.57924321211956
3413.0,149.58181266033276,156.54939748845078,146.59697843091826
3414.0,149.7736677189614,156.22290984034717,146.19956226367827
3415.0,149.69490043440175,156.1439711498403,145.69354379179043
3416.0,149.85102228794733,155.79833576733108,145.25409403997784
3417.0,150.0229771235861,155.18953415663037,144.36698274431654
3418.0,150.232358233233,154.44870226106127,143.6006822206872
3419.0,150.23363449968346,153.76745656260977,142.69166990732026
3420.0,150.463302015339,153.31909456405032,141.84688410707463
3421.0,150.77579592999234,153.313978099007,141.27895746766583
3422.0,151.3551139837265,152.7746063576104,141.1861990077304
3423.0,151.77694974772757,152.33910969634732,141.37051045941365
3424.0,152.27487261737545,151.47672399430417,141.49287986633246
3425.0,152.40223905231286,150.56410191486654,141.72981907917148
3426.0,152.61942271116104,149.7891010274652,142.15060514345134
3427.0,152.58223742145677,148.85721671164848,142.5803828807921
3428.0,152.42506743879022,147.91816694265782,142.87507830992385
3429.0,152.02885906961455,147.0527411396596,143.3797219074031
3430.0,151.7568088160807,146.21256450579364,143.35859777122792
3431.0,151.8127422612934,145.41355323013548,143.05523035430923
3432.0,151.89320430725826,144.96360847686407,142.7385989081363
3433.0,152.22376532803227,144.79835088931202,142.49165754580514
3434.0,152.89803879399108,144.6704199384308,142.0870208202631
3435.0,153.44932303581143,144.73260748931662,141.7237155288101
3436.0,154.11104701339784,145.25136452760376,141.00135924943584
3437.0,154.653081909433,146.00800710152612,140.46671527413778
3438.0,155.30536474277764,146.55681631424267,140.03871841765036
3439.0,155.56029818688904,146.84405944791573,140.04787833084947
3440.0,155.72407801552174,147.24007195990157,140.34604771393296
3441.0,155.71640809776497,147.59895723430057,140.73566353129684
3442.0,155.42847954890274,147.89476424733,140.86047535977892
3443.0,154.98459518742976,148.36483298519354,141.0617443751907
3444.0,154.64547456495325,148.78464847907068,141.05852331294096
3445.0,154.16749288217116,149.09050884212306,141.52113839595194
3446.0,153.7726052698101,149.13009505546762,142.46869538288317
3447.0,153.54184305909757,149.21428130262746,143.06036695749046
3448.0,153.21855555954326,149.94707307053895,143.50449044704104
3449.0,152.8402754719046,150.58105154668075,143.3755164674854
3450.0,152.53744252593975,151.35293738289306,143.35361994305117
3451.0,152.35628468940143,152.00763713777647,143.76872812724548
3452.0,152.13140195547808,152.5332780578089,144.34747382125835
3453.0,151.9251282674477,153.0324332667747,145.1467009481329
3454.0,151.99165111438734,153.59612934464315,145.66903588325877
3455.0,152.48513775920384,154.23511133990237,145.77055093349273
3456.0,152.7718741751429,154.6930455301433,146.18385733898484
3457.0,153.0010667970775,154.75494506264232,146.83092728941645
3458.0,153.00144262921998,155.16024619205388,147.3773407985945
3459.0,152.93968294655852,154.93323543380563,147.71050968342047
3460.0,153.04266439822578,154.65115579317342,147.5627315292661
3461.0,153.22794811670693,154.3875867027646,147.00911773916857
3462.0,153.2865905840683,154.04188663431847,146.49093676881537
3463.0,153.26524818240333,154.07829631815667,146.34913730029166
3464.0,152.7748734971999,153.92477383289432,146.30276853353064
3465.0,152.1990748166553,153.672708088243,146.16426925212775
3466.0,152.01530781474662,153.59735094008994,145.6846180332377
3467.0,152.09307994413945,153.231026285258,145.38262626282386
3468.0,152.18736082925062,153.12544995730858,145.25758738884397
3469.0,151.9830994520418,153.34605468100548,145.05636659360687
3470.0,151.8567897429055,153.2123002568337,144.81293316566644
3471.0,151.97966977757392,152.80597671604818,144.1655557992185
3472.0,151.76131409379502,152.24322915978536,143.53663474691996
3473.0,151.38879573990954,151.86426112299674,142.7528119455021
3474.0,151.26068600297364,151.94784631849464,141.81128635380082
3475.0,150.88793288095212,151.77510931718916,141.09353749644492
3476.0,150.19823385371052,151.3308293264377,140.46293659308998
3477.0,149.51202255785668,150.9562523207213,139.5271725395596
3478.0,148.81270633251896,150.5301901682147,138.83939823800793
3479.0,148.03263698398712,150.82588733232583,138.23739376684807
3480.0,146.73650297976053,151.16995917661674,138.0625846769019
3481.0,145.65460277707905,151.32390885888807,137.6757316441553
3482.0,144.99360664345124,151.50628885196645,137.4847643454251
3483.0,144.14433099987485,151.40196553341346,137.66124544468227
3484.0,143.66969006787198,151.3832274982422,137.63107134080118
3485.0,143.65956117912984,151.60000781367052,137.67091516642358
3486.0,143.5904138578901,151.58185646932696,137.73706055287178
3487.0,143.77241948982618,151.54344339593183,138.22755634044603
3488.0,144.12705201782558,151.19385170205578,138.83750596709018
3489.0,145.39242918686142,151.26230914187718,139.43999038892701
3490.0,146.8155562060732,151.28443733483425,140.18556437423106
3491.0,147.98170836912712,151.1025810089418,140.67253380942162
3492.0,149.1044809478363,151.1863040549913,140.7919437373992
3493.0,150.01817423797013,151.67988794660045,140.7208661729315
3494.0,150.70747195398204,151.9323371390086,140.4207285565694
3495.0,151.32143265568084,152.6200335151116,140.78517802420637
3496.0,151.67453891245793,153.2490854246386,140.75632878397218
3497.0,151.85863350671235,153.85193254898869,140.9299764681249
3498.0,151.94974760651604,153.97329006149988,141.00926995249463
3499.0,151.89644377846736,154.09921893526788,140.83298147141602
3500.0,151.94788598103764,154.00898206707436,140.9792886585417
3501.0,152.10663506336624,153.49662875678436,141.199690458633
3502.0,152.41610153780096,152.47210907166317,141.9381539224164
3503.0,152.45544956469072,152.0253428280367,143.12790000298085
3504.0,152.57159799316295,151.19030276624073,143.66082746558817
3505.0,153.02126363539642,150.4753888765367,144.22426738237496
3506.0,153.55224366598864,149.90052086358347,144.39570275086865
3507.0,153.61085782667564,149.3304547046047,144.57492890263464
3508.0,153.46864454736254,148.7269375391604,145.03790069519616
3509.0,153.3044269412864,148.58538168093787,145.36575818906846
3510.0,153.1453589836842,148.5723895481279,145.7213360339671
3511.0,152.85874822981918,148.5977157141897,146.1401392813677
3512.0,152.6497521074197,147.99262818586672,146.55298468483377
3513.0,152.71913723553212,147.6653392645413,147.02101709705673
3514.0,152.67595592349136,147.45733416749474,147.3922645022512
3515.0,152.57961975495368,147.09776524560556,147.8182549892083
3516.0,152.5554202845828,147.05009952065512,148.04960603577996
3517.0,152.6460156971223,147.03756479671256,148.23430064594234
3518.0,152.55915061270463,146.81053249725187,148.19942798289796
3519.0,152.60915805089013,146.55666579980274,148.01655898521625
3520.0,152.50468794843047,146.57354625229917,147.46602404676034
3521.0,152.83394817626893,146.78902052279838,146.72272440310795
3522.0,152.87447997434822,147.17942874602673,146.04330261195508
3523.0,152.81647412868935,147.35970231182725,145.7872959211856
3524.0,152.797707415472,147.64089763124227,145.5935231831674
3525.0,152.71521917209495,148.0214543224181,145.8809721959373
3526.0,152.68738173344323,148.24441309397082,146.03672869871866
3527.0,152.65169680548098,148.26505294764436,146.9891151163769
3528.0,152.53484881489769,148.30025145209333,148.0761510379489
3529.0,152.81616481525776,147.91378446906347,149.2549254091907
3530.0,152.57299632082015,147.58521908896265,150.3157396187401
3531.0,152.84815181044524,147.27192015297683,151.4087843373493
3532.0,153.22657929959027,146.76188061142713,152.12723303012018
3533.0,153.40095060991231,146.3434966279372,152.91378704219474
3534.0,153.30797175514553,145.70435373440455,153.12110204407054
3535.0,153.34411533743756,145.2799535751155,153.26840547612275
3536.0,153.68143814597963,144.81912740352132,152.7768745765731
3537.0,154.04776181920155,144.54245458275784,151.95407041638296
3538.0,154.1245842606567,144.56331688394405,151.1578408926364
3539.0,154.43753571379978,144.75552394745046,150.19962916136186
3540.0,154.0778573879942,144.4670420426621,149.2968547987845
3541.0,153.8941993757266,144.37061795344252,148.32908029572656
3542.0,153.66531848982058,144.2431914431154,147.42722574753185
3543.0,153.56880109101735,144.2696144417469,146.83274909862567
3544.0,153.40517118952522,144.3442251806727,146.48515046551435
3545.0,153.18602833151516,144.41847408579923,146.12545482867878
3546.0,152.84788470043162,144.49792554353994,146.11644477288357
3547.0,152.47668926483547,144.70877426614524,145.98359166131885
3548.0,152.13952542031234,144.87375307636972,146.3273142802938
3549.0,151.94392026545157,145.12440499433603,146.5625896299797
3550.0,151.29611668717013,145.5958352448709,146.94797250366958
3551.0,150.83602609320715,146.01509905795646,147.3254908301481
3552.0,150.52301281550717,146.34972413730367,147.61709501074196
3553.0,150.18732229963257,146.58853212227777,147.69023690075014
3554.0,149.73143675665298,146.87618661626968,147.84964037909793
3555.0,149.15415238279647,147.07301898302202,148.20733753146735
3556.0,148.65568710975998,146.9517182852174,148.70701585464218
3557.0,147.9425579263203,146.6276418401512,148.70795604775054
3558.0,147.45103776154266,146.57635398994526,148.58541521830614
3559.0,147.34809147635426,146.24576863652695,148.36268176851263
3560.0,147.17493295296688,145.73854604256604,148.07281189546472
3561.0,146.90980811259746,145.2724866884132,147.81495816992214
3562.0,147.01967977321152,144.85095769999032,147.60155779074253
3563.0,147.42012177688107,144.63253840776528,147.05638850099766
3564.0,147.89171820426253,144.57342154187967,146.10391768432726
3565.0,148.4704053950569,144.2195908161018,145.04102901923045
3566.0,149.03552239503045,144.15521100956315,144.06251926671936
3567.0,149.30867851479587,143.9764651689149,143.27019391488918
3568.0,149.54303238382653,143.950425729276,142.54754645416224
3569.0,149.82237709911706,143.99851123649756,141.96856841321588
3570.0,150.33056725979617,143.92066477378566,141.61447108384772
3571.0,150.3849238751422,143.76557984580225,141.28142107373867
3572.0,150.290611845666,143.23804697551722,141.28418102798616
3573.0,150.37665540633964,142.45066273092348,141.53353242176757
3574.0,150.13875509069328,142.16895742391011,141.96141627937564
3575.0,150.41650487119963,141.75937049322863,142.6283997509958
3576.0,150.794230470854,141.58658563132437,143.25449659705427
3577.0,150.7112407560329,141.5257420765571,143.89652613663765
3578.0,150.47444096145844,141.54620352451317,144.4728773359415
3579.0,150.02474954587933,141.7644176468865,144.85781195402606
3580.0,149.66162428004205,141.81424091942844,145.47049690502965
3581.0,149.16024400076367,142.36869651178847,146.36469760206188
3582.0,148.37980010350026,142.88398419227278,147.42832238103728
3583.0,147.91597532803618,143.55646652225613,148.36000182062145
3584.0,147.17843700113923,144.11265008028792,148.9902513478143
3585.0,146.8653726768562,144.6881592346927,149.49779542349953
3586.0,146.9684304026609,145.43243310087996,149.85458503124048
3587.0,147.31972183981145,146.35144515218016,150.0008554738656
3588.0,147.59016411777083,147.27046139856583,149.8416458234907
3589.0,147.90997520687606,148.42478211385054,149.7267577062846
3590.0,148.47715758549808,149.4189325050497,149.24173144944396
3591.0,148.86744465924943,150.50694406895983,148.01665567080278
3592.0,149.39949044149552,151.24470211490933,147.1926967688326
3593.0,149.6503182796609,151.9956934958636,146.4996165677774
3594.0,149.4581555823779,152.56953441730803,145.85172512064668
3595.0,149.43519604725415,152.9322465031173,145.31275151415693
3596.0,149.4221300365808,152.92567924242695,144.91051521048792
3597.0,149.30433179127684,152.71995925101874,144.87942390630096
3598.0,149.33291400267808,152.40372818579073,144.6022242845949
3599.0,149.26846176143727,151.817314778522,144.22606193761598
3600.0,149.26672839260416,151.49237629033482,144.2928468178751
3601.0,149.42412993648531,151.39548970761518,143.75856283295917
3602.0,149.89776223412412,151.0013837035433,143.28924330229938
3603.0,150.73832282197023,150.58326411722274,142.91976723655495
3604.0,151.25452929752245,149.95315520123506,142.41506908474187
3605.0,151.67703622305422,149.36650260812164,142.0177408040497
3606.0,152.10116883386556,148.95537063624658,141.80550385062293
3607.0,152.07558234886918,148.63997011049554,141.5428481891874
3608.0,151.86292190906977,148.53414773858458,141.36310092147284
3609.0,151.7005961108682,148.37546676625342,141.29121767100892
3610.0,151.39218412586158,147.99265400443142,141.5553303962186
3611.0,150.81365588657513,148.12691430879636,141.87137174163172
3612.0,149.91448695250497,148.30651450965365,142.00517338869602
3613.0,149.06565710183756,148.26243158635296,142.40214857928666
3614.0,148.2325665811913,148.471241385799,142.5342519537721
3615.0,147.84455500956568,148.974432226148,142.53800798809755
3616.0,147.7706424676575,149.51566249161021,142.84382973324617
3617.0,147.74777188874864,150.14878428583074,142.94621618956808
3618.0,148.18314749991063,150.59988288518275,142.9560520456095
3619.0,148.6815747273992,151.11186377036117,143.0277315241589
3620.0,149.2839443487063,151.65214853989175,142.96425012438831
3621.0,149.9293083467518,152.18236634493323,143.3242511888763
3622.0,150.4722688077507,152.89677531132727,143.4951311924234
3623.0,151.02757134457718,153.26331709226739,143.8974570854701
3624.0,151.50227022192755,153.2859796868906,144.17794635889425
3625.0,152.22927440886556,153.00578035908487,144.36671013892013
3626.0,152.96969965298356,152.79574225082482,144.65366007568997
3627.0,153.396209819959,152.65587773625322,144.79610782617482
3628.0,153.72474835164846,152.5181525344978,144.99580744268417
3629.0,154.0769780032802,152.2649994843415,145.17450782433042
3630.0,154.32146352369824,151.85506981946588,145.1969622636894
3631.0,154.50083090940055,151.59843428696826,145.39617455857228
3632.0,154.75305055381136,151.49173249091322,145.52462496911494
3633.0,154.99960520712494,151.2721903254889,145.3910771601092
3634.0,154.6657422527232,151.1559087984046,145.25192004587663
3635.0,154.40870030526287,151.1175281339598,145.39127646611044
3636.0,154.00443141343703,151.31053310218033,145.67336789610422
3637.0,153.3679633623621,151.52736015801753,145.84658362074657
3638.0,152.7865849081874,151.69865075703336,145.84483026611656
3639.0,152.2155995058435,151.71860692599603,145.87665105740493
3640.0,151.93810617111117,151.51034555360616,145.8701527065643
3641.0,151.51783719529598,151.45804854509618,145.9519198895569
3642.0,151.19004975243723,151.50129971156696,146.1379051883946
3643.0,151.054018223782,151.40465184995773,146.3445035180751
3644.0,150.90075145112812,151.21305087356922,146.34837914532247
3645.0,150.90850115715892,150.6556626921256,146.42336599520738
3646.0,151.31407066638496,150.41001185392423,146.4452650753043
3647.0,152.00110971612324,150.23734845151404,146.58236173639085
3648.0,152.54374343778522,150.22700585200428,146.69484458571483
3649.0,153.02909944051567,150.33992369451664,146.62385227003165
3650.0,153.70536017703097,150.41732554953987,146.66833984098548
3651.0,153.9693186512148,150.48138140737225,146.72557972489338
3652.0,154.23192133731942,150.8052233347796,146.50193879400513
3653.0,154.33885570369915,150.94542552523362,146.60681633818567
3654.0,154.2584000519149,150.88117391059134,146.42559351086513
3655.0,153.7502705965305,150.1812609803188,146.30205670145077
3656.0,153.09067847808086,149.5308343751455,146.43237362703485
3657.0,152.27418195949926,148.96069078847336,146.5280454295697
3658.0,151.4441876059234,148.7450656733664,146.90690748798363
3659.0,150.39917563909955,148.27963499060917,147.1156967283794
3660.0,149.6509618048986,148.10942345979672,147.38257316813224
3661.0,148.96602858406476,147.9936692106693,147.75682573171724
3662.0,148.42370326206512,147.79633813790826,147.93782850780536
3663.0,147.98223708563842,147.84602275742722,148.4476458530524
3664.0,147.65996346399749,148.3338324534499,148.7888472277444
3665.0,146.8828164626878,148.93289082848017,148.64703972293518
3666.0,146.99695459358662,149.25695526655983,148.7331405143331
3667.0,147.00873968660545,149.4384271402117,148.6086494252813
3668.0,146.89495036235903,150.02342327789583,148.27314982800993
3669.0,146.5525207803218,150.31823377352123,147.87577384733999
3670.0,146.56118961285813,150.6562779950154,147.46352027786608
3671.0,146.50835337397257,150.96667487189788,146.80395527527378
3672.0,146.68609851026582,151.30406578077213,146.0594022445931
3673.0,146.74859275451098,151.7776160511082,145.34151263297346
3674.0,147.01979128643748,151.98130560088788,144.89982117528322
3675.0,146.96350464955142,152.360365850643,144.1191313834102
3676.0,147.09897109401962,152.51296380343626,143.57420057225403
3677.0,147.3767156319182,152.2785339059433,143.34997330544397
3678.0,147.7376113106996,152.1588487480252,142.07715227695752
3679.0,147.90919139342384,151.7702985576054,141.97037672875072
3680.0,148.25218766041837,151.58038586224927,142.01707817558525
3681.0,148.51655888124108,151.74865189666002,142.07330610641543
3682.0,148.9993960412261,151.82731880106033,142.11242009990144
3683.0,149.49124393680822,152.05416388640433,142.07168552839966
3684.0,149.558923469553,152.28031975696473,142.21613444419876
3685.0,149.8174285114601,152.3958614732525,142.12398258561888
3686.0,150.02981400563098,152.5277241353478,141.7649759449348
3687.0,150.08661769256622,152.8779652672528,142.41973522413662
3688.0,150.15672553437645,153.16032089878072,142.0791327121987
3689.0,149.98111199875274,153.32348301355125,141.72321350148027
3690.0,149.34750614097408,153.16376503036324,141.53399128441185
3691.0,148.81178853219586,152.9325479983857,141.55125140547315
3692.0,148.50956905881188,152.41794146606566,141.77918423303353
3693.0,148.1712441238925,151.77140061928412,141.96582769132164
3694.0,147.53797389215438,151.2955591272123,142.14246301547672
3695.0,146.9121232804043,150.63831304703743,142.21071533604194
3696.0,146.60799217159723,149.9891234256117,142.54381278929543
3697.0,146.171371352138,149.56347984863925,142.46919437188424
3698.0,145.9014991517673,149.29650197504122,142.5110797803663
3699.0,145.85593752238492,149.15888444724033,142.62914941985278
3700.0,145.49443806819392,148.9905973620564,142.5698172308471
3701.0,145.11363782090686,148.98323309508984,142.38333366154848
3702.0,145.0755731385498,149.03083118683062,142.00305023683313
3703.0,144.82689136836734,149.00307737185068,141.6777910122486
3704.0,144.37523050894237,149.36806301694855,141.6361567222313
3705.0,143.60960429827603,149.51773984806252,141.7144124049985
3706.0,143.02684434080328,149.6126910206149,142.0916135035962
3707.0,142.40709201572068,149.52068409589452,142.19412882125872
3708.0,142.22593335099023,149.11752366634659,142.18503676219225
3709.0,142.18471976723788,148.6880839572193,142.50756795399278
3710.0,142.14180643843648,148.1413413134059,142.88516594817543
3711.0,141.91044876235046,147.63034522645353,143.39346898072367
3712.0,142.0491848762946,147.21376514471763,143.9629319594194
3713.0,142.44832313160478,146.9707400534273,144.35559224644157
3714.0,142.87072546877897,146.97453406779226,145.12368079811299
3715.0,143.2060951637527,146.89949378641487,145.7353867052013
3716.0,143.60403116683085,147.12660897218527,146.55513097173375
3717.0,143.62711813686084,147.57333079151533,147.22295114896042
3718.0,143.54987082430753,147.8610575857674,147.57473276608144
3719.0,143.42768278304936,148.47089630002316,147.76517786205454
3720.0,143.44227771053795,149.20147977165257,147.81395463778432
3721.0,143.11143740898066,149.76905105754943,147.80053650697448
3722.0,142.90415671934466,150.0961368038446,147.98841489566635
3723.0,142.92143607514305,150.34895456376822,147.6703728938926
3724.0,142.9821441339159,150.48116392180535,147.56583077190615
3725.0,142.99805352361471,150.17747094907966,147.46165038125548
3726.0,143.2072721190229,149.9440345725245,147.14369534427334
3727.0,143.53607927394322,149.67901694472718,146.77251886576852
3728.0,143.99885551122037,149.02332276413858,146.34828910303386
3729.0,144.94089183294278,148.2184530994438,146.18710643185085
3730.0,145.92810975824437,147.4963997730415,146.05915739470998
3731.0,146.81283918809677,146.93178592435973,145.68012368905897
3732.0,147.5872858502,145.98743285538495,145.2230799202588
3733.0,148.1680942695971,145.18795050745604,144.77989428121305
3734.0,148.58693316171377,144.71507814267372,144.11433830012092
3735.0,148.83522787058558,143.98145927139123,143.75305070891855
3736.0,149.0368899884204,143.53932951457878,143.42555013373726
3737.0,148.9072476672231,143.21058881687094,143.392771526797
3738.0,148.45099543614052,142.9071766563321,143.24200598617801
3739.0,148.05987591374006,142.7533022907415,143.17794506747808
3740.0,148.0608402480532,142.6196717130659,143.21522780263518
3741.0,148.36076023803577,142.646172462343,143.23628204382288
3742.0,148.66707045735996,142.77803326338673,143.14335768066832
3743.0,149.31009920233856,142.98993274544455,143.22512259577627
3744.0,149.92017531093444,143.3029478228858,143.4607769184067
3745.0,150.18473067030544,143.66087246139386,143.65436456118732
3746.0,150.65454108372245,144.09777313769936,143.9136177782764
3747.0,151.25709871831558,144.5869827886194,144.28198755430336
3748.0,151.7244300962565,144.95428717231803,144.34731262660486
3749.0,151.63727800866147,145.16219543078356,144.67688409202074
3750.0,151.2430589648624,145.8033308030153,144.99835095182328
3751.0,151.06923387426247,146.32375343026987,145.13323380732024
3752.0,150.88454780830784,146.78328365685138,145.19006266882562
3753.0,150.90193063273765,147.05882360238704,145.2224000622639
3754.0,151.30051927376093,147.15506034351802,145.12459331096724
3755.0,151.5626643901289,147.14426581118568,144.79899163842305
3756.0,151.31878886209606,147.21383205505606,144.502522346201
3757.0,150.95612268566703,147.3294610763385,144.45935106899935
3758.0,150.88206417212803,147.2571631216086,144.5239880669413
3759.0,150.85221506586714,146.98802118900292,144.85335143639583
3760.0,150.61641175693018,146.826741837244,145.53475589175517
3761.0,150.19911461946876,146.766297886951,145.93335397944156
3762.0,149.56496478207396,146.82335731350057,145.94782885762444
3763.0,148.84704306754898,147.03952683827004,145.99902880361412
3764.0,147.9026263692064,147.2266662743922,146.0373460621259
3765.0,147.44348408644072,147.58451019155015,145.7922163232359
3766.0,147.25419935904887,147.6260153531231,145.42848362748342
3767.0,146.9582323763739,147.62210819556327,145.04530479463057
3768.0,146.56317429955462,147.2886426209899,144.64095549694798
3769.0,146.39920967324355,146.75389054273847,144.04143204792234
3770.0,146.28091963965576,146.22148006164446,143.77645509767115
3771.0,146.2907984340641,145.95740160265078,143.6876845577872
3772.0,146.56068079631262,145.57841685445973,143.6764185843461
3773.0,147.24534488065424,145.54692308142467,143.77166004797553
3774.0,147.48649239858827,145.17999166213855,144.31077543493652
3775.0,147.92578991743747,145.20097588000814,144.9274356289537
3776.0,148.07351899741747,145.50719968973314,145.1726212791549
3777.0,148.6446742664658,145.5249202406227,145.0275864420077
3778.0,149.26726200852764,145.7763210853653,145.16301441710786
3779.0,149.8032467333331,146.01941220388352,145.0196596409513
3780.0,150.3168813856049,145.6562272215581,144.8319363153684
3781.0,150.41646797859778,145.45753713957708,144.6867279572534
3782.0,150.4552402348818,145.05083118027335,144.50594307862437
3783.0,150.87468805954114,144.79899986758159,144.19811731170913
3784.0,151.19873540585306,144.18726848335274,143.60594447016715
3785.0,151.73333644270022,143.46099304432693,143.42689517676723
3786.0,152.03741695060052,143.13356596697247,143.6149540123176
3787.0,152.26489900834284,142.70924280838037,143.6462958667238
3788.0,152.14379547171788,142.41858215997175,144.01880369604416
3789.0,152.21996584631884,142.67013330728102,144.68770909310078
3790.0,152.27511781469246,142.74107520099776,145.46559634153542
3791.0,152.27508713114284,143.15920400835572,146.25758115876363
3792.0,151.919406728814,143.4502728185417,147.14057634119973
3793.0,151.39758837454306,144.05637669426198,147.92767952265692
3794.0,150.96811246127902,144.83620320874854,148.54383243961007
3795.0,150.69504414666397,145.62572194339756,148.93529791406058
3796.0,150.11223141475463,146.42386294332985,149.28768230430174
3797.0,150.04947027539043,146.866696795856,149.42102551991235
3798.0,149.78166591302883,146.95467282595564,149.03808513483548
3799.0,149.86625398344594,147.04621401907943,148.0826492374756
3800.0,149.98112561499693,146.78602440259775,147.41536110801306
3801.0,150.49182523603193,146.9598010988217,146.58020637920512
3802.0,151.14653458510537,147.15852867558024,145.95632009073594
3803.0,151.81200702587208,147.21034031753504,145.20671929824744
3804.0,152.19608451627576,147.21632342751,144.4223288693765
3805.0,152.81880162149352,147.22721969722843,143.50841543904642
3806.0,153.4088286839011,147.49609472140457,142.85809431457216
3807.0,153.84322495129732,148.07917599407904,142.6982061845842
3808.0,154.14980249697604,148.633331927111,143.1687912706437
3809.0,154.11222968322213,149.15552766714075,143.54550585720497
3810.0,153.85748954729465,149.42684645614963,143.71249069032228
3811.0,153.27734145265384,149.7794891880336,144.13729767641067
3812.0,152.9538800847492,149.90101355725196,144.30128759428612
3813.0,152.51327822529854,150.04343709089667,144.78876975416875
3814.0,152.02224806943414,150.42268588774564,144.83268442210291
3815.0,151.4741907939875,150.33026773290305,144.88493263206607
3816.0,151.12640842144276,150.05185811075435,144.74650759834748
3817.0,150.82482069636205,149.89643611618436,144.75043078361983
3818.0,150.6924402782001,149.6619012215158,144.3935025611686
3819.0,150.76088200000254,149.5369962671959,144.39025351429362
3820.0,151.43720495405654,149.40931296826463,144.3984214433209
3821.0,151.91130350272394,149.568230233099,144.77350846267714
3822.0,152.58138191512825,149.90325901103517,145.0656106666774
3823.0,153.3179601860195,150.13393792785152,145.62639012288673
3824.0,153.67115208627004,150.7185423329173,146.09898677922834
3825.0,153.8433710001059,151.38025008520117,146.21548930382943
3826.0,153.74420669663385,151.75524338150447,146.26878955581975
3827.0,153.82075501505622,152.02128561353499,146.73839133222003
3828.0,153.6816690219366,152.19271962677243,147.02843449434693
3829.0,153.05782499441153,152.13517341505508,147.2619595154061
3830.0,152.39887691086852,152.09073037426262,147.4689662648567
3831.0,151.56133259896296,151.97264406872776,147.66898357242985
3832.0,150.70586440072924,151.882146327596,147.8876550915681
3833.0,150.27430059537375,151.71807808774224,148.00865232678353
3834.0,149.97108852871054,151.5663411529465,148.5832655034481
3835.0,149.86291568520986,151.454640591279,149.15091741234298
3836.0,149.80589273280324,151.43651518552198,149.52110830824805
3837.0,149.78476407522973,151.38190550759714,149.31683588498205
3838.0,149.75142479353877,151.262406940696,149.07674365891418
3839.0,149.66601691459064,151.02659463932886,148.81688374200195
3840.0,149.60522390985912,151.06140371643045,148.21601679585916
3841.0,149.34340815327604,151.21285291251513,147.79653648803787
3842.0,148.84083398066144,151.39192824995243,147.58278434614488
3843.0,148.4645383627109,151.39822667660377,147.24078956559464
3844.0,148.0593528516311,151.52727716968047,146.6533250589287
3845.0,147.5922171618222,151.8724644672076,145.71525809553526
3846.0,147.21490710587994,152.14567726666826,144.936856482427
3847.0,146.95895672921867,152.55532008072845,144.19059064534588
3848.0,146.7413796611951,153.2301701408356,143.70582065295366
3849.0,146.7220020788373,153.56489620909485,143.37866273698054
3850.0,147.06808982934484,153.74049805482753,143.17983637388295
3851.0,147.87804146209587,153.79652784292128,142.62833605554948
3852.0,148.41785026312553,154.1653186331432,142.05372256263718
3853.0,148.84831696426522,154.60812407291425,141.6583262215391
3854.0,149.28459349743062,155.1555563605148,141.48337291546517
3855.0,149.45719809225477,155.65435000515453,141.89635240461905
3856.0,149.62765732972727,156.30049090361044,142.069506443776
3857.0,149.69703269287567,156.85995148837398,142.21988318742916
3858.0,149.86840314005713,157.1661389349634,142.35729745192344
3859.0,149.87047563079201,157.21242220915903,142.5098752160994
3860.0,149.70845184672476,157.3502524962618,142.90441298852517
3861.0,149.58083272939467,157.28299076558955,143.24476367518793
3862.0,149.69517717560117,157.1450430771835,143.58158664298574
3863.0,149.6275464914068,156.82608494774695,143.93539554710551
3864.0,149.787035366422,156.46476990723815,143.79073184896595
3865.0,149.8566495560117,156.05800379054284,144.1171290431712
3866.0,149.9529142938188,155.2305132679931,144.1393180210764
3867.0,149.92931813660118,154.62062376819352,144.35957236858548
3868.0,149.94026810368652,154.29009340752847,144.80934138144755
3869.0,149.95439851092354,154.09491392670287,144.90560003277872
3870.0,149.9892698313171,153.84788205097206,145.22719192268303
3871.0,150.13094876794366,153.29458622716845,145.39693717467748
3872.0,150.32334235691394,152.7830345149745,145.53471906596315
3873.0,150.1782263658178,152.53186197532108,146.36025238723172
3874.0,149.82339735105938,151.95142836418663,146.66384213102242
3875.0,149.39539269186034,151.5340456772811,147.04251930199365
3876.0,149.08785340706842,150.75081051617477,147.41872195025292
3877.0,148.5108398330176,150.18731402510082,147.61524242798538
3878.0,148.01681340651757,149.5352053451315,148.0282959817255
3879.0,147.62965763908008,149.14726065019815,148.37934565266474
3880.0,147.12152674067138,148.8790665745366,148.61841893575556
3881.0,146.53347021546287,148.5001775405566,148.86087538922027
3882.0,146.01940438372526,147.78806425682137,148.38037168428554
3883.0,146.1096758152562,147.62620455383268,148.26580686159014
3884.0,146.23950145360206,147.77450278029323,147.98094009526784
3885.0,146.3954179185133,148.251019420863,147.54101322700618
3886.0,146.7333197708146,148.4730000274479,146.89675092343748
3887.0,147.07579504549167,148.61457493821652,146.2032224721022
3888.0,147.53009605784933,148.43867485045735,145.68090101065306
3889.0,147.91208598928506,148.35416656928118,145.12039277508583
3890.0,148.45860838312998,148.45253983200678,144.68468229039257
3891.0,149.163326127198,148.7849584752329,144.62417994369022
3892.0,149.53571983578104,148.62873172703837,144.38115206203017
3893.0,149.9469440261429,148.3555016525743,144.1908451916842
3894.0,150.233373977569,147.9253544927192,144.0701832153444
3895.0,150.4889530062174,147.2927311376955,143.8876697041635
3896.0,150.55694218210894,146.54617979294176,143.72374391935546
3897.0,150.76973670218285,146.21676745863945,143.28799008064667
3898.0,150.83870680169377,146.18514531354333,143.07741568244558
3899.0,150.76113978676608,146.16253646866272,142.83963031868151
3900.0,150.87319776909064,146.11812385927152,142.51423808086741
3901.0,150.9991117628165,146.31121955893542,141.8444414916441
3902.0,151.29681494438694,146.45639480001006,141.47217130820684
3903.0,151.50700071989306,146.62217943487664,140.9700408292748
3904.0,151.69460735103667,146.83928243258563,140.54064892598714
3905.0,151.7627847431787,147.18046423057754,140.3001788841688
3906.0,151.74150402558377,147.3577359339607,139.93407151133187
3907.0,151.74905612880747,147.23584154430782,139.42050713673225
3908.0,151.5278000361807,146.9907976057658,138.83303602113872
3909.0,151.2216643109991,146.8102893231943,138.35979327760694
3910.0,150.73039872098013,146.75611610664515,138.40420629391488
3911.0,150.08904259877914,146.48775011621075,138.52527339951354
3912.0,149.42935406921796,146.0830229871968,138.47605942349645
3913.0,148.9760778815404,145.81998244291475,138.63412052111522
3914.0,148.56164515775046,145.78472149798907,138.64289511541276
3915.0,148.211065683627,145.95839581737627,138.90596364414844
3916.0,148.13266687158014,146.20909983774538,139.65086644263135
3917.0,148.51807747157716,146.36614538439022,140.45451564586958
3918.0,148.63333884388138,146.48751086345553,141.25946800905996
3919.0,149.07721412157335,146.1965864289163,141.78573988546813
3920.0,149.47848306411578,146.10441967106553,142.12796107787514
3921.0,149.99067018519202,146.25667493714337,142.77062928933213
3922.0,150.345929949009,146.22271670900946,142.95870995657887
3923.0,150.86405535340265,146.17428922641218,143.49945538088656
3924.0,151.14213980557028,145.94014762427574,143.97413098239147
3925.0,151.32081220435688,145.77180521556255,144.0378900607437
3926.0,151.5825533534251,145.8770566149749,144.1378404517729
3927.0,151.909299705641,146.09883941351833,144.19571878828597
3928.0,152.06384335780714,146.62927050997425,144.47766436104843
3929.0,151.98335774994413,147.16846826527936,144.54373584346715
3930.0,151.94902831397926,148.0568235654763,144.61080538241606
3931.0,151.60129575435948,148.745955069028,144.82719136640483
3932.0,151.34231867540038,149.13679053767325,144.91267689804732
3933.0,151.01857321601778,149.46401423974305,144.89430163431888
3934.0,150.69868645882386,149.9042458195948,145.01527484084056
3935.0,150.2179098273388,149.84700176993994,145.25833094607324
3936.0,150.04651348997902,149.3728358941286,145.42314778400527
3937.0,149.8412732442375,148.8277191275183,145.66084783341574
3938.0,149.9384884835497,148.43594850646065,146.21291365950518
3939.0,149.883066758162,147.96831467746458,146.84752875592903
3940.0,149.9800765536387,147.68034406380892,147.5545412239571
3941.0,150.11694610843531,147.10250965332463,148.01900305600915
3942.0,150.28544328991953,146.4181897325792,148.62748285650332
3943.0,150.66584409608012,145.45747106072224,148.85984914945695
3944.0,151.29570574559625,145.01116938225158,149.06212407093724
3945.0,151.61877960325458,144.6887753815849,149.12965777645792
3946.0,152.24550607394562,144.32503746280707,149.34062040528903
3947.0,152.93424925132376,143.88657013131262,149.2259830331685
3948.0,153.72654569379844,143.20124066263838,148.93050542373467
3949.0,154.84413509867164,142.65620465869802,148.8503293942112
3950.0,155.8656551475155,142.59899208681927,148.75956382111406
3951.0,156.83613127733514,142.66113922422633,148.82931939577588
3952.0,157.73648995841268,143.04848998123268,148.7716655951345
3953.0,158.42971389627658,143.3771786724102,148.53191616348568
3954.0,159.24641931521563,143.79766106904768,148.61049396011697
3955.0,159.88599355699645,144.35411020943417,148.56252231866273
3956.0,160.27278355664865,144.60402933158508,148.556121286851
3957.0,160.30963868252772,144.94017742855232,148.42105273112452
3958.0,160.17019827009085,145.06835991715442,148.16091080957204
3959.0,159.77365472029788,144.93115167490137,148.27918974565694
3960.0,159.61660908501707,144.64006770600042,148.1151410841264
3961.0,159.51684537727078,144.4594936693145,148.5582684149317
3962.0,159.52643822949014,144.29904880914427,149.07585764211484
3963.0,159.46977759053658,144.17925800358068,149.4109311869218
3964.0,159.40939870158277,144.22606925666847,149.58771107978362
3965.0,159.5186871353467,144.5684949068253,149.91928231692987
3966.0,160.01926308791883,144.7937404834805,150.4860506482274
3967.0,160.54526927301976,145.44335017099385,151.1675495417282
3968.0,161.0032309776639,145.98711484168984,151.56134248991276
3969.0,161.33670672860075,146.68807628772208,151.9670949970215
3970.0,161.1581818900509,146.78230205684858,152.0139671116535
3971.0,160.89788661901733,146.87968307845603,151.9183060289825
3972.0,160.576397674221,146.7546979570554,151.75210579982726
3973.0,160.21092555522685,146.59234524676285,151.75240368795755
3974.0,159.68867901618944,146.27302463860627,151.57707226652533
3975.0,159.08829734448395,146.29148504474526,151.1851706319242
3976.0,158.58362426381288,146.1808103855618,150.4538398912037
3977.0,157.98671927726835,146.2678062932908,149.7637034163024
3978.0,157.16716883587102,146.37684223314642,149.03644076888662
3979.0,156.8328688738514,146.70302917908947,148.57919513547355
3980.0,156.46766733430795,146.8807943543665,148.26361984886506
3981.0,156.06121308539687,147.15374279532054,148.01721730447107
3982.0,155.43163961226153,147.26209540015128,147.98065245455135
3983.0,155.17651158459785,147.71081781993877,148.03540135421883
3984.0,154.79440972316976,148.12722401935346,148.29683033909433
3985.0,154.35852393472595,148.37849785830014,148.9254461332919
3986.0,153.94546324628502,148.6538511510839,149.64739483362334
3987.0,153.6316411453067,148.81011872879543,150.4685827420038
3988.0,152.96836853239512,148.81726567846192,151.28184896365912
3989.0,152.10826178701282,148.7090001341857,152.07260984103135
3990.0,151.08288373619155,148.77173682219387,152.85845318017664
3991.0,150.3519818460943,148.7874355782101,153.22843876490504
3992.0,149.3547518470796,148.33188513860324,153.75049932386133
3993.0,148.4169529540294,147.69050286479637,154.1172152926694
3994.0,147.41376859985021,147.1225972919807,154.36322112710144
3995.0,146.50000206777543,146.46111499472835,154.39719401677442
3996.0,145.6853914232447,145.85652604360317,154.2072672042745
3997.0,145.11565971732753,145.40895727031182,153.8934788809253
3998.0,144.48500328166153,144.864397982242,153.45092555764916
3999.0,144.2911387464267,144.21630472813786,153.02405439210537
4000.0,143.92037447574435,143.47804257025007,152.56318723993311
4001.0,143.56112382342164,142.8916818989774,151.7053143875263
4002.0,143.26905290340153,142.25356375228853,150.7882083974186
4003.0,142.88945553260254,141.7705859544202,149.83126126295957
4004.0,142.65023213482826,141.70609016284163,149.1662707450438
4005.0,142.60711451076295,141.6291602738233,148.87351791509172
4006.0,142.43457923992213,141.57511475369287,148.8051803299644
4007.0,142.47430750878698,141.88544025487028,148.9376901812239
4008.0,142.5952200833002,142.22035177468277,149.16967313149468
4009.0,143.00115937836293,142.63155805115727,149.29864211618028
4010.0,143.3369011752588,143.22111310545117,149.81920544976526
4011.0,144.06363751242165,144.11870068341668,150.40121230364701
4012.0,144.78601824359748,144.80076781041154,150.74535618501045
4013.0,145.67200375313143,145.0646344055512,150.8872127427175
4014.0,146.58893987617137,145.558724538092,150.8306009077174
4015.0,147.58379750666904,145.88391086410974,150.6976396163394
4016.0,148.5812562722678,145.93682903241964,150.1067878570177
4017.0,149.71379311846516,146.0460225333522,149.3990609770224
4018.0,150.35719146371306,145.98679845699738,148.89307187007876
4019.0,151.01500843027898,145.78990167983164,148.31587489034754
4020.0,150.91358436111838,145.15700772821907,147.64439567567598
4021.0,150.9378129473981,144.4261587415428,147.29323837859494
4022.0,151.0228433679301,144.0141797479358,147.13443692273216
4023.0,151.13344109239247,143.4063785548241,146.82013826816274
4024.0,151.23270171487013,143.00026078441712,146.4402871740171
4025.0,151.19035381376221,142.670716316975,146.67538434252205
4026.0,151.08685327221883,142.43713288208343,147.02225790453093
4027.0,151.60642190144438,142.410838114107,147.26617639962834
4028.0,152.12892133791803,142.28473748002338,147.3385929739519
4029.0,152.93891543225868,142.41178612434834,147.6946142718029
4030.0,153.60354220210263,142.4635264902867,148.07802696630054
4031.0,153.8803498706249,142.4885590981456,148.25091279132147
4032.0,153.98189914309322,142.61756115472613,148.676963082364
4033.0,153.96909591082024,142.69579563560478,148.89677775308414
4034.0,153.98161147579512,142.8521719679664,148.90914607262957
4035.0,153.6238788026823,142.90812585857228,148.7678620754869
4036.0,153.03484978271555,142.874141068424,148.61757933664762
4037.0,152.24709809860653,142.9793922251411,148.24565148908798
4038.0,151.64214707481744,142.80707534576968,147.9298782723637
4039.0,151.2240896801643,142.65790759256595,147.59043898008488
4040.0,151.18697489840304,142.33133979287828,147.50500735060493
4041.0,151.04460702660356,142.0053977098825,147.57028014001236
4042.0,151.07890431522696,141.96048189900796,147.69226882394713
4043.0,151.10455123058523,141.9195764459004,147.55770331438742
4044.0,151.16162942444458,141.83168898970365,147.50593321537988
4045.0,151.3742423046047,141.83082042469087,147.57171104312437
4046.0,151.80192988708254,141.9166924766478,147.96991973224596
4047.0,151.9003914960549,142.2052418824637,148.1742696478979
4048.0,151.82746024102647,142.8687442289587,148.38302896670442
4049.0,151.2148910106851,143.20788205857747,148.07517000439395
4050.0,150.51246881814305,143.24859803714392,147.52896769953807
4051.0,149.42208391230687,143.15605904170138,147.07057099924452
4052.0,148.638678788599,143.01740141223465,147.04696452110224
4053.0,147.8523641062406,142.4595450964515,146.8961963783107
4054.0,146.67955798084841,141.85513315763254,146.8946226363708
4055.0,145.53995077171305,141.20019985226,146.81233638906505
4056.0,144.66477204096265,140.47985411381546,146.54569276529236
4057.0,143.99512180275474,139.70174795664317,146.20418407128307
4058.0,143.89187542419455,139.18240815567546,146.1117705650511
4059.0,143.64678348642056,138.9453910321573,146.15424508536876
4060.0,143.62322482685346,138.65248838978093,146.13115311587467
4061.0,143.36266804200002,138.6625399719441,146.06983538184716
4062.0,143.27013758238928,139.20047369576054,146.27707592737684
4063.0,143.39883862834512,139.89331033424392,146.39323659105332
4064.0,143.62613409412504,140.40619958459027,146.60526815428696
4065.0,143.97474662834944,140.66258670117327,146.55074032660713
4066.0,144.12310132920342,141.20640084865028,146.29830874424525
4067.0,143.93455041096922,141.9044940267411,146.2015711122191
4068.0,144.19790869858952,142.60642282989895,146.03039352939714
4069.0,144.52701714989993,143.2817880247324,145.9982304370752
4070.0,144.75548415778644,143.73702092091108,145.96291894773074
4071.0,144.80142356499493,144.27723063613007,145.932773956989
4072.0,144.76302125251237,144.45273928847064,145.88651893293712
4073.0,144.9542489536064,144.77378782201185,145.71787757276837
4074.0,145.04568964117163,145.323490627898,146.05999760680075
4075.0,145.06316125564783,145.34988613024387,146.63138394103314
4076.0,145.2068030382477,145.43548934344818,146.98474083257662
4077.0,145.00040045231887,145.64751360691187,147.54107627352272
4078.0,145.1115992772148,145.93744189985284,147.71571670224318
4079.0,145.4064994027847,146.38667852849755,147.8129344524941
4080.0,145.88199337615347,146.65464082445055,147.87451186075717
4081.0,146.255483412682,147.0528577743715,147.7161149773402
4082.0,146.4996034608067,147.56019061806728,147.50984908953944
4083.0,146.59589505190857,147.9168843113112,147.08938370040582
4084.0,146.85984487933604,148.2907500238481,146.7679585254206
4085.0,147.08647226878847,148.77090646137495,146.70946735843538
4086.0,147.66091982565382,149.26669191306732,146.32696257165458
4087.0,147.58300315358997,149.78122403641225,145.97323563750163
4088.0,147.83002187364644,149.86722961147723,145.55014611217092
4089.0,148.22878056568305,149.88524501996363,144.84017350052525
4090.0,148.8525243248123,150.01506295572278,144.56555803600645
4091.0,149.1811736052528,150.1234735454742,144.36366308430743
4092.0,149.2554259727168,150.23061438525065,144.59347229068973
4093.0,149.39659924542627,150.39189644912213,144.81459111476485
4094.0,149.49384106995092,150.403012764034,144.82030281591133
4095.0,149.24437527824696,150.18921089064696,144.84611659037225
4096.0,149.4087252632151,149.9786119529467,145.11514835600067
4097.0,149.24129300084178,149.83634949499242,145.3925977649089
4098.0,148.57894703596298,149.71446810130112,145.79937370634252
4099.0,147.62176503466787,149.3996048144084,146.09228037601818
4100.0,146.5011983784888,148.7667463608948,146.29685321649652
4101.0,145.7794789614704,148.52275404899382,146.0666384029701
4102.0,144.89285777240275,148.19092026493303,145.8485163046146
4103.0,144.32851811022715,148.06159659079384,145.7405589864015
4104.0,143.98825195639807,147.89146270469968,145.6745906565076
4105.0,143.73574502725177,147.7312331932522,145.9361731689696
4106.0,143.43605978277992,147.63782824488496,146.37585172661522
4107.0,143.41579586075352,147.63797686307103,146.79591086699216
4108.0,143.76657332796265,147.85520660940398,146.96707588309783
4109.0,144.37001165365447,148.24873103274007,147.21312334660107
4110.0,145.05705548340515,148.50208115356963,147.719742755422
4111.0,145.703850914794,148.82555332258167,148.24347312920912
4112.0,146.14168185607463,148.80312150007344,148.93093100947203
4113.0,146.51542635972356,148.93149622252383,149.30559852744227
4114.0,146.7132901066477,149.15932562342513,149.1477562187966
4115.0,146.8991482487166,149.20662690228048,148.6273310066772
4116.0,146.92879465586992,149.17928977367345,147.82837185380407
4117.0,146.8601575627546,149.02215521082923,147.1141432214415
4118.0,146.91322961892817,148.8438731625627,146.25032901186887
4119.0,146.83647106093255,148.71452544670592,145.18859637631382
4120.0,146.8757298111274,148.77143384216072,143.69661774982723
4121.0,146.76472796725773,148.63167514917663,142.27442324795913
4122.0,146.86240599543387,148.054982777895,141.3624955347362
4123.0,146.93126901963655,147.5002435914903,140.634001729926
4124.0,146.98087188624797,147.3089532691201,140.07386758276272
4125.0,147.30096636823487,146.87410808113103,139.87271284823117
4126.0,147.63060037988254,146.3669574232684,139.6854490130592
4127.0,147.91521391152313,145.93402800722612,139.8262792461534
4128.0,148.0019470892069,145.50077464539146,139.89286554834962
4129.0,148.182651752665,145.3363010419559,140.2498939829339
4130.0,148.77274250845196,145.3142678089455,140.53293982802555
4131.0,148.93881408122388,145.40680457628525,140.7896969006362
4132.0,149.00103163852705,145.4557216695032,141.33938003520532
4133.0,149.10586882761385,145.38462725015387,141.84706802098538
4134.0,149.29894805108688,145.5146365518479,142.45035915375726
4135.0,149.38274578943884,146.07296509804246,142.9165266896445
4136.0,149.32197958244697,146.69237527440637,143.4113214297365
4137.0,149.58873732902106,147.30305938500945,144.19161132570943
4138.0,149.91468679356086,147.58952595042405,144.75880415779076
4139.0,149.95546293502355,148.03747581612592,145.19878908271184
4140.0,149.90475291433458,148.85399706529333,145.18256427267994
4141.0,149.89204637156342,149.35875537652103,145.0639678865963
4142.0,149.772146044653,149.88441162514243,144.90031251414095
4143.0,149.33919166682233,150.43408689287577,144.61474048033534
4144.0,148.86408580549676,150.8899617552392,144.2010115323042
4145.0,148.8378495538502,151.14746212076008,143.84749904432158
4146.0,148.56826767671274,151.4125181705123,143.54353871886696
4147.0,148.32143287156543,151.52507510983875,143.45742078720224
4148.0,148.02596382046673,151.59111856766145,143.41761281575256
4149.0,148.11775008521124,151.21890417479437,143.47138866872692
4150.0,148.20943963228657,150.71063325946187,143.30076359279525
4151.0,148.31420227981394,150.25603412096697,143.37857299607145
4152.0,148.39757463486524,150.14722983565466,143.75521422417793
4153.0,148.6583699914359,149.79913443510168,144.4222385372309
4154.0,148.75357741354577,149.4476818462286,144.75931572565318
4155.0,148.8945949051086,148.86775194285883,144.9797522682318
4156.0,148.75807879200872,148.37920536234074,145.12483564692164
4157.0,148.6627547717098,147.97898048695612,145.22173295328514
4158.0,148.4136327261715,148.0677834035687,145.54061321068122
4159.0,148.5063966993732,148.37294895431302,146.08756792430637
4160.0,148.63506098324135,148.54936002237335,146.54261827148204
4161.0,149.0245422331077,148.23353375062527,146.73866348825706
4162.0,149.17989209707275,147.9357433928602,146.85696523146507
4163.0,148.99701534317853,147.88274181088357,147.2033180698387
4164.0,148.70792614767157,147.97910044104063,147.49379666805703
4165.0,148.5009868977799,148.30556745798566,147.83261988974877
4166.0,148.3141061045074,148.9345728169619,148.088160626553
4167.0,148.18418277332606,149.35962901236326,148.22827195028003
4168.0,147.65885089138618,149.8566916484642,148.2938060703509
4169.0,147.3970398544397,150.2670735289275,148.15796295340758
4170.0,147.22963153927964,151.18870104481735,148.12570628503417
4171.0,147.3769478474528,152.16118006829623,148.21436994186215
4172.0,147.56383778926403,152.98540193531005,148.44799813736702
4173.0,147.69805104335757,153.633575433994,148.55145967501073
4174.0,147.9656889463669,154.1655600594742,148.80052809529045
4175.0,148.26673854805077,154.13575264443114,149.3102249339064
4176.0,149.07823278734742,153.84509972287577,149.6824825758018
4177.0,149.83818586853567,153.55991331413105,149.8156257263442
4178.0,150.47987383605556,153.50596385343442,149.83154284129415
4179.0,150.98103728157434,153.29377317101793,149.6782781890819
4180.0,150.7993258240691,152.81229976633648,149.43496822182072
4181.0,150.56562481786978,152.20309866598382,149.05435135814713
4182.0,150.71837027234287,151.64163251201796,148.78340267984197
4183.0,150.95688527233693,151.04652427717647,148.21112684402223
4184.0,151.03323273524794,150.62018970200162,147.0902277469558
4185.0,150.49244179266867,150.53624884794266,146.39578283010076
4186.0,149.93649589506995,150.52700383862518,146.17365961396231
4187.0,149.2184255752374,150.42347300652747,146.35403873251894
4188.0,148.69175134379327,150.06571049161636,146.41928836864042
4189.0,148.62655366156025,149.90775147523095,146.55843866143726
4190.0,148.75454983386084,149.88039518358124,146.45187673580122
4191.0,149.26525435136492,149.90637259961088,146.26759164712135
4192.0,148.97927366198863,149.68926460244842,146.41282983114266
4193.0,148.83376669168712,149.35480751709676,147.02491826210576
4194.0,148.65759189960144,149.11022176478778,147.3390575645439
4195.0,148.82646661910138,148.78302953710005,147.4696180542117
4196.0,148.97806760799574,148.547483386867,147.50386606510722
4197.0,148.57916255776956,148.44496961700784,147.53986209520406
4198.0,148.15289559633015,148.1178505585309,147.69280792249347
4199.0,147.69354948880496,148.0255596301334,148.23841015220228
4200.0,146.66282374758012,148.20305079644646,148.75260394354888
4201.0,146.0641521900239,148.6356916241926,148.90517545204654
4202.0,145.51483863080708,149.20810448643815,148.99946075090324
4203.0,145.2602119368558,149.4055059775963,149.2913064447572
4204.0,145.1369714900572,149.32396492026567,149.52184145748078
4205.0,145.0632647178195,149.36388666353832,149.778491761732
4206.0,145.2462745798108,149.53273221840567,149.94193122667878
4207.0,145.4990366466151,149.6053800335048,149.82177210736492
4208.0,145.71360754008745,149.48165791555184,149.44651216894465
4209.0,145.8295556812038,149.06649222925267,149.39303243731945
4210.0,146.3598301931248,148.3089651997583,149.59556602454225
4211.0,146.70074323220143,147.7946719899041,149.59817296077154
4212.0,147.1139647132915,147.44927651368542,149.51445787647498
4213.0,147.38106877106833,147.40127937027032,149.38658973703232
4214.0,147.60284991075196,146.81010200242824,149.1719267711962
4215.0,147.90035171715175,146.17717836715775,149.2045583483238
4216.0,148.1936582178657,146.14217903859475,149.00627477472793
4217.0,148.64562700254268,146.08309066363785,149.09139964703098
4218.0,149.04679674261587,146.38167516884118,148.84269850451255
4219.0,149.16619558853233,147.00005329336693,148.55892990232408
4220.0,149.43398778356504,147.2580988858871,148.62417951791267
4221.0,149.57057417444761,147.54449426422624,148.68443284259453
4222.0,149.46573134607507,147.9441377505796,148.5470292327132
4223.0,149.52326744686056,148.74034884447792,148.42126633222273
4224.0,149.5862415744895,149.4639987878403,148.244634201002
4225.0,149.5190541389231,150.06858129591978,148.40246538177874
4226.0,149.63512652157124,150.76844153506278,148.3431688725126
4227.0,149.87467133607979,151.319714415108,148.3481559541284
4228.0,150.29342488713485,151.7845264956324,148.5310593779273
4229.0,151.0591631347974,152.16062087445096,148.37735756327632
4230.0,151.75822878128392,152.67528367564069,148.26133265804626
4231.0,152.49233005554575,152.9722221224496,148.44819629797303
4232.0,152.9591363052176,153.1878460172605,148.51911402313254
4233.0,153.44607557740008,153.11594328518146,148.5563489839199
4234.0,154.06188289334236,152.84413151124073,148.37041266228817
4235.0,154.40106858309355,152.18864423903543,148.1182746840835
4236.0,154.66811568444766,151.40922211593065,148.24716426227036
4237.0,154.83272993440534,150.63075581823372,148.47585911687753
4238.0,154.58553923518159,150.11166288882794,148.80310694545136
4239.0,154.04359987643664,149.5844410298418,148.85274320488386
4240.0,153.49771766378655,149.03714333570082,148.8207448936422
4241.0,153.11451044454452,148.50615083634375,149.04197004843624
4242.0,152.6642481444572,148.38959398822703,149.14873412189542
4243.0,152.09738860407626,148.3373514228775,149.562206859816
4244.0,151.52294011668778,148.25666365945546,150.12342482193694
4245.0,151.05515989849093,148.18213404560927,150.3632154400258
4246.0,150.90902382433723,148.10785853516066,150.29616230413123
4247.0,150.69183559175053,147.97759736620324,150.1138583637801
4248.0,150.64480834829232,147.72426526903195,150.30215964961204
4249.0,150.7479612373866,147.37686984584678,150.5359348715512
4250.0,150.93271091522942,146.98360327886297,150.8122301763466
4251.0,151.3146556276906,146.42547854700288,151.04663033896574
4252.0,151.7145436080496,146.0752962617865,151.01636644285918
4253.0,151.9834689771469,145.9544087190106,150.7988496204994
4254.0,151.87942995135575,145.76224829868627,150.56729578744043
4255.0,151.60610643296513,145.43174763143577,150.3335997920048
4256.0,151.582539955044,145.21997246178734,149.99470093754408
4257.0,151.64556417352725,145.42703959178994,149.50914347397674
4258.0,151.3097652127541,145.63245335113135,149.03793832813423
4259.0,150.72025698941832,145.79810146773957,148.55607169975676
4260.0,149.95542660843807,146.1344041843191,148.2393250768103
4261.0,149.48770036048964,146.2131481147171,147.91355697975493
4262.0,149.07164202882205,146.38235790953308,147.59918193632222
4263.0,148.7880423699663,146.42835552690974,147.34856769827476
4264.0,148.42624029302212,146.77267514444043,147.0462417996717
4265.0,148.1586564333539,146.74116777799097,146.80160838799574
4266.0,148.0409427553127,146.56942924015505,146.57886433680716
4267.0,148.2659284582768,146.45863467484713,146.3548283086657
4268.0,148.44700936294302,146.26286453353583,146.18757186131174
4269.0,148.72710543383576,145.85584103457157,145.98426682138253
4270.0,148.89004368702618,145.3340775574828,145.90336560933827
4271.0,149.16870229628847,144.61967465895017,145.75076993928118
4272.0,149.53152506876873,144.24783739157772,145.70115576972916
4273.0,149.8935725805814,143.8921465112846,145.8256178141135
4274.0,149.82301436910927,143.75985201062772,146.1217886332246
4275.0,149.83229739797878,143.52866849754818,146.6440638162187
4276.0,149.74172763640578,143.45763573868763,146.859775321624
4277.0,150.04336049126977,143.643085311506,147.0491264200729
4278.0,150.0660913924659,143.75055219625395,147.32024540751837
4279.0,150.18334156051014,143.89813648184787,147.92392464444237
4280.0,150.05445291376304,144.21596532249853,148.89042496085298
4281.0,149.85068518615063,144.50234375487997,149.76837523818762
4282.0,149.58544896806217,144.75545464291343,150.43055901501194
4283.0,149.55202336247828,144.97942241542617,150.83120729644045
4284.0,149.17273619296617,145.04935989441805,151.00737738282095
4285.0,148.77854213825637,144.93733582847196,151.52948744167063
4286.0,148.4631769101582,144.92649638296933,151.90759092292802
4287.0,148.29444292725213,145.06997966161927,152.21668801213036
4288.0,148.03352335878824,145.27222734280681,152.26083172551296
4289.0,148.08446249390852,145.5479874846446,151.99839175724242
4290.0,148.26598615911442,145.84143090637764,151.65561691444415
4291.0,148.3750040446354,145.91339271640203,151.2809479218177
4292.0,148.60702864936428,145.9688473344854,151.20581095796044
4293.0,148.8769926297033,145.85665572521788,151.1099753548278
4294.0,149.29748314835535,145.8236092718063,150.8298744048524
4295.0,149.71302814786688,145.5823592676424,150.876863569312
4296.0,150.3656618871471,145.46535539124525,150.9960226653591
4297.0,150.92646463838278,145.60502274504753,150.69783416079864
4298.0,151.1860627936948,145.57198725633717,150.39649874538318
4299.0,151.7611779632246,145.4000891339006,150.4259308896796
4300.0,152.1347296983382,145.4006934093523,150.33738515255135
4301.0,152.5409419815562,145.68565192264262,150.28742716989512
4302.0,153.16246603075865,145.90976677476152,150.07934455075085
4303.0,153.64352993798155,146.02098133975556,150.12813210283227
4304.0,153.71082551354516,145.95493646291865,149.6746187378507
4305.0,153.581606415048,145.7815821395878,149.41343848907786
4306.0,153.74612698603167,145.3634275973724,149.13160383959212
4307.0,154.23168948077273,145.20738356999925,148.84367176954638
4308.0,154.35874845052726,145.1396435308448,148.23840222582726
4309.0,154.69549889643406,145.12662296533796,147.92912949768538
4310.0,155.14086103887288,145.01291902516584,147.55298623335108
4311.0,155.22308364335336,145.04260462519144,147.56250274645996
4312.0,155.12147527297572,145.25461584296863,147.52081414590504
4313.0,155.2951814122398,145.69572248777015,147.72902966284295
4314.0,155.4340917334175,146.15531303785616,147.81800950875646
4315.0,155.11428014978372,146.67707965160636,148.38404744704215
4316.0,154.66215826962426,146.8898196973686,149.0672530495648
4317.0,154.17726902011597,146.96951917458634,149.70870446804616
4318.0,153.60266240914513,146.6716928186036,150.28576032795192
4319.0,152.88907492886887,146.68511612811938,150.92930479977446
4320.0,152.3101518197397,146.6420873893758,151.43311916283884
4321.0,151.83016220619416,146.54422599167447,151.9469529385574
4322.0,150.94790351964713,146.34536321615874,152.15678482293615
4323.0,150.01581399975984,145.87636206940368,152.28658995955635
4324.0,149.28411880049876,145.39889763705813,152.51677862065455
4325.0,148.70134190535333,145.1997115050561,152.68933123836277
4326.0,148.09581532845723,145.1678216308076,152.80890940612684
4327.0,147.6773384166104,145.4656555301043,152.79582975233697
4328.0,147.2565164565736,145.29581187225935,152.6653262764855
4329.0,147.01207681534171,145.18218682099786,152.43415131502906
4330.0,146.77317970819433,145.1791412743842,151.76074772889785
4331.0,147.083347690026,145.3963942144157,151.1303436158378
4332.0,147.44959776314707,145.92179236859204,150.2919299512503
4333.0,147.9203973227019,146.5510748960502,149.4255864071183
4334.0,148.22597224189334,147.0341927955196,148.8058736768383
4335.0,148.49854237961546,147.3829163645331,148.34335309684036
4336.0,148.6971105195393,147.75145959562974,147.89356897728973
4337.0,148.59267433172005,148.11764046582977,147.42459779555085
4338.0,148.6873677376675,148.72649422381465,146.92255743665808
4339.0,148.97460979886424,149.11784417738883,146.81710143357984
4340.0,149.08144582043852,149.53482204861675,146.78149505467857
4341.0,148.89250102459863,149.90778654517527,146.68745900382106
4342.0,148.74384904911128,149.9977778141524,146.23475578347316
4343.0,148.59934382855585,150.22535861335302,145.6315377989048
4344.0,148.58963428937224,150.49946554900419,145.0414715840985
4345.0,148.5684334854192,150.5704202952509,144.66971247653615
4346.0,148.83969728378798,150.78089122923768,144.39160085139682
4347.0,148.83738953475785,150.7819964497442,144.11371102512732
4348.0,148.77341076116568,150.85640992155544,143.69470347400278
4349.0,148.68463865738553,150.75594360011357,143.56977886920228
4350.0,148.5887429677583,150.61838927995495,143.80497897953094
4351.0,148.3957532729813,150.75783317495265,144.408201074411
4352.0,148.30273610792665,150.74003682209303,144.95895374173026
4353.0,148.3553574301058,150.46160451717859,145.7517992053959
4354.0,148.58249018006987,150.46694935370337,146.49232685942002
4355.0,148.70385925983277,150.46046521628836,147.24619912350752
4356.0,148.97230061640022,150.6670156163499,147.91225663666512
4357.0,149.2124939634876,150.80051521685024,148.59705105523315
4358.0,149.53972133057596,150.84740766808974,149.27165233439376
4359.0,149.98426451974095,150.89787926891907,149.74294627692106
4360.0,150.60649545118807,150.96584702299046,150.02314754313514
4361.0,151.31826397987348,151.1032699844202,150.40755369582405
4362.0,152.0308955742496,151.27900156978416,150.6476258477547
4363.0,152.60964698984967,151.2685417169314,150.7421811752031
4364.0,153.53667721797825,151.1685096918143,150.75466474305253
4365.0,154.0567398607249,150.72871474907825,150.88011767234568
4366.0,154.69599931426814,150.02789117587423,150.98886045354237
4367.0,155.15311825137576,149.50236838848204,151.0194102333254
4368.0,156.04922526882567,148.78571034424215,151.17614662452814
4369.0,156.43250091747532,147.93468146585482,151.2145116609733
4370.0,156.27466204733201,147.33615045500179,150.9525674803558
4371.0,155.92069300257347,146.85925335504712,150.7008329895061
4372.0,155.80964243216292,146.40532634459615,150.54329693947264
4373.0,155.47758089846496,146.1205742682157,150.31149561237257
4374.0,155.46483581506803,145.9930377901007,150.06033514352194
4375.0,155.53339893120238,146.39705207242065,149.92801265511096
4376.0,155.53567104535904,146.66858948773012,149.70960998750311
4377.0,155.4417308780426,147.12816756400468,149.48810992586013
4378.0,155.4184787580309,147.67737203901765,149.25378744935912
4379.0,155.52422455884397,147.99242987606996,149.11379938837152
4380.0,155.73190225262036,148.23616503916196,148.57936848606502
4381.0,155.4532866182338,148.28914707105847,147.93416052402392
4382.0,154.68160583860964,148.1498969778242,147.22789773354424
4383.0,154.12010359207468,148.0151098267175,146.5700044193451
4384.0,153.22044881854737,147.84178125402985,145.80562810181559
4385.0,152.2954355187734,147.94105190174412,145.1030935000938
4386.0,151.2130404686547,148.01254138414563,144.31470524216405
4387.0,150.14182271092588,147.94235039434244,143.57768687544626
4388.0,149.2950453219427,147.74194205567392,142.89815117900648
4389.0,148.26712909116432,147.56323635740495,142.56745942877126
4390.0,147.43771647246967,147.47255403087263,142.5117106239182
4391.0,146.976271827232,147.50669377728755,142.79105049236674
4392.0,146.36669586144188,147.67360488898643,143.1497848547655
4393.0,145.94778804253215,147.74568560657667,143.42829543672298
4394.0,145.92669873504514,147.54967817058258,143.56825842256652
4395.0,145.9777003972623,147.15301611275567,143.85064048367562
4396.0,146.34058241347645,146.83905085569515,144.27059980539735
4397.0,146.64827078356757,146.6347791717336,144.7719861296794
4398.0,147.3000087313559,146.4846540646085,145.2351197131271
4399.0,148.10492612663418,146.38631626603194,145.38915482794735
4400.0,148.97118769468236,146.25329345179352,145.39595320395432
4401.0,149.57185051315787,146.01053419292663,145.43308113158662
4402.0,150.2293580354795,145.71250514931899,145.64441223020862
4403.0,150.74769028874616,145.73132573487646,145.65863009815905
4404.0,151.2307552783388,145.7657934281237,145.46468727747666
4405.0,151.4446828962571,145.94456840622234,145.32782408493742
4406.0,151.93695677150586,146.23494582994928,145.16397542221785
4407.0,152.21620638333877,146.57356759076816,144.75795710232802
4408.0,152.23826114103505,147.03296828684145,144.4774123855032
4409.0,152.46018586112967,147.31438285803904,144.11420685160098
4410.0,152.68065527272807,147.63332116754484,143.5561738200814
4411.0,152.59822884940877,147.98217861533917,143.1875673483631
4412.0,152.4355446013931,148.08749035480616,143.06255466408737
4413.0,152.1035387900804,148.46422322842804,143.3177035724459
4414.0,151.97418878779013,148.69436139161124,143.49267060765845
4415.0,151.46517724214476,148.6775453512517,143.501850292376
4416.0,150.98398801455616,148.9510648394676,143.69228253453818
4417.0,150.6212809281749,148.8725952585297,143.77426333413433
4418.0,150.01881617387804,149.00393814172742,144.03185338527936
4419.0,149.76750985860417,148.8314985774437,144.41681072245032
4420.0,149.55051203742622,148.6770270084613,144.56430079936564
4421.0,149.1086973403597,148.34593983397266,144.90155937607526
4422.0,148.8133574266416,147.98616069909048,144.97301421447952
4423.0,148.1779415871096,147.49611074837208,145.28998214197074
4424.0,148.0215134795381,147.15711507337159,145.8108553369722
4425.0,147.843320364382,146.8037158150232,146.448703942429
4426.0,148.03164076519488,146.4846167132614,147.28925897378593
4427.0,148.3055953020245,146.07780014995345,147.78235240928424
4428.0,148.5476107061162,145.83033890781138,148.2823039389147
4429.0,148.8739455763861,145.748479151918,148.82601045883047
4430.0,149.54065644576218,145.7018603443066,148.92746300646786
4431.0,150.2909129623017,145.64299193068774,149.04695112479516
4432.0,151.39496351046085,145.97531014461993,149.20758536222036
4433.0,152.0995123568515,146.11535644989914,149.27746634335907
4434.0,152.82894790880297,146.10144945578926,148.9587682760373
4435.0,153.08690556211914,146.3884280575654,148.71814775313786
4436.0,153.01494620956638,146.5524588755498,148.54719704392096
4437.0,152.88721757308082,146.95454669578515,148.5575993461241
4438.0,152.6620952260498,147.41536568837262,148.55459077569228
4439.0,152.20082989142583,148.08266830379605,148.90131356168973
4440.0,151.42267731746108,148.72034056389327,149.41500902531436
4441.0,150.82339049689784,148.88733938365337,149.5653013198879
4442.0,150.29055131765466,149.08998683312973,149.8130673653652
4443.0,149.46747904666537,149.27832470279262,150.314751864565
4444.0,148.74235837944912,149.31278867948112,150.73149279483943
4445.0,147.93531001470785,149.48008489203315,150.85110046821475
4446.0,147.15050199404354,149.2910849363638,150.6808468118789
4447.0,146.6844272283084,149.04151361426975,150.5507012433651
4448.0,146.4038465485198,148.62494502687585,150.37743437596848
4449.0,146.33373620284945,148.36725381224582,150.04768524351618
4450.0,145.85822735657976,148.1991161777343,149.90659521709512
4451.0,145.2673283060882,148.36816927691288,149.97451458974106
4452.0,145.09505245934793,148.46899969600813,150.09432145418714
4453.0,145.0432461522552,148.46367665041697,149.97763219735464
4454.0,145.26346212991214,148.48485172556624,150.3223938526606
4455.0,145.17184413570217,148.5296472029944,150.67666440152598
4456.0,145.11658522699815,148.56016743362628,150.82224060302966
4457.0,145.10211161016053,148.49811210376134,151.03519201954197
4458.0,145.1067980678539,148.20245467997117,151.36100173390898
4459.0,145.23645333771287,148.20229417979078,151.486451766994
4460.0,145.57039361589523,148.18632763778388,151.64977105471982
4461.0,145.97299910234057,148.36733745560892,151.76703170312365
4462.0,146.4973839749624,148.59433076086162,151.88762140360868
4463.0,147.12320629697606,148.80283026104235,152.00486537353726
4464.0,147.9105848131487,149.59270226597846,152.14346116902692
4465.0,148.73186207987985,150.33253887960302,152.449983096351
4466.0,149.24506282351945,151.0779484486732,152.96781595841372
4467.0,149.77648742273678,151.78815531244564,153.3380605973677
4468.0,150.0761521809442,152.24010406631837,153.7147370855701
4469.0,150.50858555572114,152.62414627329466,153.85931367840607
4470.0,150.63311093781414,152.65155099463533,154.2485999696517
4471.0,150.52525249251377,152.8049981370341,155.02617206978496
4472.0,150.39791906400117,152.69506188359588,155.70117650567389
4473.0,150.37393291675681,152.32744738899413,156.3555179699386
4474.0,150.05981363352623,151.94330311076135,156.96546888405607
4475.0,149.93544413527286,151.56447885873428,156.96014556344267
4476.0,149.71729519126245,151.22343406974386,156.89833779006779
4477.0,149.74693636137798,150.95791140966747,156.9683889755245
4478.0,149.45708302202243,150.44425215025112,157.01002921930976
4479.0,149.12398521746988,150.13269936461984,156.86137529560966
4480.0,148.8096276917519,149.72729852945878,156.42780589451036
4481.0,148.43460651689148,149.49346869146203,155.69142091109052
4482.0,148.10772600926055,149.13034227551728,155.2004057075685
4483.0,147.68330795255847,148.6942984703031,154.65260500120803
4484.0,147.32674485771065,148.3825636333204,154.51280740565156
4485.0,147.1495697743206,148.08027121212797,154.3050725789911
4486.0,146.9732746367707,147.69768546763046,153.93994793973187
4487.0,146.87504883466988,147.86102773775661,153.47870978527112
4488.0,146.92588687686603,147.88428323250642,153.11393922410758
4489.0,146.99320865649676,148.16319086996756,152.5925384424412
4490.0,147.03737288940485,148.72624165618834,152.13665823861615
4491.0,147.13155280139515,149.12923530064432,151.45145080428358
4492.0,147.5604242892985,149.4762135346775,150.85026988459632
4493.0,147.995782237798,149.65498094093698,149.77218905848065
4494.0,148.43167607088247,149.73548594968574,148.81200206309765
4495.0,148.80938539708274,149.82571198628332,147.966494168044
4496.0,149.21293415226648,149.52145377352448,147.33344962140194
4497.0,149.7489140196811,149.51598930971963,146.51987815081492
4498.0,150.39412936194657,149.67791259275887,145.98375213835092
4499.0,151.15897785508506,149.3170748802761,146.0551395886281
4500.0,151.91542406100027,148.85242349389944,146.1457422146056
4501.0,152.62802185252926,148.73897933809113,145.80341011256888
4502.0,153.07300793075404,148.78743522928784,145.71880770611426
4503.0,153.5121104627554,148.87270899228773,145.74014251495936
4504.0,153.7383453204085,149.10143122445822,145.8921179459036
4505.0,153.96218785029308,149.39213935429163,145.86347427568757
4506.0,154.15294851078917,149.35423158868932,145.94886343678402
4507.0,154.14704175512364,149.1049872107132,145.97170304412563
4508.0,154.0491669109246,148.82454115675174,145.71587855428714
4509.0,154.04390169865326,148.85174265565445,145.52732740312433
4510.0,153.95793267449832,148.68891580614783,145.63110387439517
4511.0,153.93505630651964,148.68958015139074,145.9132198101603
4512.0,153.86395671794003,148.71534082386248,146.16801526115538
4513.0,154.24484805598146,148.69501663946892,146.46766077747301
4514.0,154.35125634675038,148.73576799228982,146.89089132157642
4515.0,154.31781798632167,149.1148407070555,147.19211231425078
4516.0,154.5582686210719,149.43580578779753,147.37868279163638
4517.0,154.68075352947025,150.22963620316125,147.7120195000138
4518.0,154.30712745546882,150.90532879953471,148.0520293716667
4519.0,154.06473749975123,151.53394649766824,148.4979657369526
4520.0,153.92157534044333,152.0496230427893,148.89949057497535
4521.0,153.59172208382174,152.5574972995564,149.6056812156142
4522.0,153.04367958482516,152.85683404804723,149.95259693572768
4523.0,152.82699188129214,153.11185117009327,150.17697327110187
4524.0,152.71406877050998,152.9642490328273,150.22952816720613
4525.0,152.40700581517623,152.69017006741893,150.47390207392428
4526.0,152.258666266461,152.29062626682924,150.40475893590158
4527.0,152.2347432900448,152.00606858111817,150.27106976505576
4528.0,152.01876548405355,151.65028839451955,150.19571947978613
4529.0,152.04205846634744,151.28983538287093,150.02374379651846
4530.0,152.2605525333873,150.97294204840392,149.54120531945608
4531.0,152.46717567801207,150.7294160659785,149.19396575478672
4532.0,152.63728091139564,150.38843921965534,148.94725420207757
4533.0,152.6641068269579,150.27823459063316,148.95862333483768
4534.0,152.60510442253846,150.57736237912064,148.90949410225562
4535.0,152.39749520125812,150.78694630335457,149.29037674973029
4536.0,152.23916865291687,150.78263820549796,149.86734384803486
4537.0,152.1866206619077,151.0259127552676,150.51008338814137
4538.0,151.80722703728517,151.17040771508158,151.33871951905454
4539.0,151.4871705837022,151.37321158011292,152.0486932428639
4540.0,151.4488392621439,151.61125855471994,152.90713118437378
4541.0,151.27750447724608,151.82478926586373,153.70592788640016
4542.0,151.25033068879907,152.0144474816185,154.53571705934695
4543.0,151.19334531674164,151.93458592364254,155.20170538732694
4544.0,151.0969865569119,152.0622895833465,155.75940038475005
4545.0,151.14912512620393,152.43613412892566,156.0126644921282
4546.0,151.05282396527602,152.30177929133217,155.99880444871928
4547.0,151.20323297294178,152.05640996218318,155.9935252517812
4548.0,151.06561085998155,151.67756076844418,155.9750138810942
4549.0,150.64282149466723,151.4108815634559,155.79547092684805
4550.0,150.42106157605176,151.36543092139073,155.3885824319033
4551.0,150.03631150860855,151.36009585911677,154.92877645031945
4552.0,149.8547868358409,151.23565960874527,154.29609324137465
4553.0,150.0648483558913,151.2788677488806,153.5436010948082
4554.0,149.88250693266713,151.2099576633244,152.83878228630007
4555.0,149.76964327370993,151.61626828524555,152.50401266582827
4556.0,149.7177094140675,152.05589201505774,152.10273727702184
4557.0,150.0010350203779,152.6662513296651,151.77999452496454
4558.0,150.35817440551477,153.2141730313351,151.347880454216
4559.0,150.54428444537345,153.41815792439894,151.03364455351002
4560.0,150.98979609752166,153.4180764282985,150.58888603690013
4561.0,150.9824482451808,153.48738816810328,150.69742935087297
4562.0,150.5637811224865,153.3503446489331,150.69108649630454
4563.0,150.34861362712306,153.25702580651955,150.6438757309939
4564.0,150.22354012563758,153.03740576642664,150.23501010446708
4565.0,149.91241919897783,152.94838829022453,149.75308277433749
4566.0,149.4550573844506,152.70259033072261,149.04547172466852
4567.0,149.00963931976483,152.43706280871265,148.61785312095998
4568.0,148.75393038892534,152.46022663314943,148.31739993877156
4569.0,148.45789575643093,152.57667383014274,148.21890869028906
4570.0,148.24585603437367,152.70273511024536,147.6559392447289
4571.0,148.1954229759802,152.73177719354615,147.30496315105214
4572.0,148.18235584134226,152.53814110700776,147.06679595609947
4573.0,148.1566000976163,152.2236804044096,146.78428372192826
4574.0,147.94749223888346,151.88423058600324,146.80596153248624
4575.0,147.9014319041862,151.741543081868,147.17914423017595
4576.0,147.88296451008225,151.87901887611036,147.18944327538298
4577.0,147.66334077145015,151.9516919105229,147.1086991278506
4578.0,147.18054131891836,151.85726316252578,147.13018690872994
4579.0,146.92839864737124,151.67279489608538,147.5407145134315
4580.0,146.81463193567225,151.4454010871277,147.81420775048437
4581.0,146.8951892835111,151.50088144725842,148.0249659182989
4582.0,146.8922102138432,151.53794220617485,148.3740346852865
4583.0,147.21179632900234,151.47857686516866,148.4848890890928
4584.0,147.462432754351,151.26984353444513,148.469296071987
4585.0,147.88285374804485,150.7163177703662,148.68628562774228
4586.0,148.25510446813428,150.07701256591514,149.27782141404043
4587.0,148.96127788578198,149.49913023410943,149.8874464390288
4588.0,149.84640795023216,149.12027657367923,150.13023281402968
4589.0,150.56148859067753,149.02528526569807,150.45558463128657
4590.0,151.02819276587456,148.62832578360099,150.81399675481433
4591.0,151.55904060967788,148.40758708568825,151.32221419052047
4592.0,152.0959152898252,148.23478958581015,151.6710744846883
4593.0,152.53626852834776,148.10109401082016,151.9376251795422
4594.0,152.9236753597007,148.33486458616616,152.39182054399933
4595.0,153.17009564453434,148.52200581174546,152.29568234729985
4596.0,153.10739227855794,148.72183694167177,152.06752710764633
4597.0,152.86094264411994,148.81144928627774,151.9537410446852
4598.0,152.62813002883487,148.7964668700226,151.90908443951187
4599.0,152.65954473447624,149.11504381186975,152.04499937972747
4600.0,152.72460035404518,149.43322517649432,151.9078871476314
4601.0,152.381502089919,149.9652436436315,151.71804839018822
4602.0,151.85715049540926,150.43017052891256,151.58310626403772
4603.0,151.25144556101398,150.35536241542974,151.3678747133568
4604.0,150.57390544354863,150.26140491802292,151.53403044338296
4605.0,150.27515763819832,150.32485795477868,151.45799047370568
4606.0,150.1495829944264,150.4805949465035,151.58779637260633
4607.0,150.0536466866493,150.42402483361622,151.78907041957586
4608.0,149.5939899166426,150.44819004985825,151.6812178395914
4609.0,149.08052858154323,150.4710431967406,151.58158772056277
4610.0,149.11514247980844,150.28506975330765,151.4935594445131
4611.0,149.46836791208622,150.0196726171578,151.7215141726248
4612.0,149.79173061779878,150.26098304852138,152.11747028713933
4613.0,150.39638729775825,150.72005631535558,152.40011015799064
4614.0,150.83718075267035,151.06474364717513,152.959941563228
4615.0,150.9801755442169,151.12485583498432,153.31276723536092
4616.0,151.43222880382856,151.48999103372506,153.37565955976217
4617.0,151.90733407729084,151.30545874902933,153.71623700816298
4618.0,152.60944537900036,151.31918733138878,154.2591157279528
4619.0,152.88084598496633,151.46914270532255,154.74191745391042
4620.0,152.7995595842849,151.85656557505743,155.14189202410887
4621.0,152.6489114483222,151.99991556606813,155.39429799805293
4622.0,152.38752112795237,151.90751393247922,155.40716206495952
4623.0,152.07676309548847,152.0044298163889,155.47275037615594
4624.0,151.72260251558106,152.25966326994904,155.59798341343384
4625.0,151.20761709945398,152.36949494496469,155.62194089458836
4626.0,150.9974316627654,152.78914503920578,155.36583802127868
4627.0,150.72797445962593,152.83467481524985,155.0420299857636
4628.0,150.52707300050687,152.67218446340752,154.88702300968063
4629.0,150.41780128495222,152.52981766545489,154.62581143569892
4630.0,150.37831435030498,152.35400887864262,154.41795313226507
4631.0,150.6248756155451,152.27271452800852,154.1328831238752
4632.0,150.95499695199285,151.8721577020998,153.67524724693394
4633.0,151.763799275648,151.43542975155447,153.2574337574617
4634.0,152.61241413304717,151.00075997549615,153.16129872869124
4635.0,153.24522837003303,150.57651874864462,153.252975513489
4636.0,153.6327051834814,150.21861199376738,153.23432760650095
4637.0,153.88083218657695,150.14093876496602,153.35207916165712
4638.0,154.48123019848714,149.84907829552375,153.1308788031962
4639.0,155.0582021071186,149.76169614020472,152.7905138304774
4640.0,155.54906587375447,149.62693613767556,152.64531327624036
4641.0,155.74894209087702,149.72618927922073,152.46375815813798
4642.0,155.54792684641353,149.67284500173548,152.4024984855771
4643.0,155.11971964818557,149.5245756784732,152.37076510207373
4644.0,154.83848820580235,149.04645122922105,152.12910777689825
4645.0,154.65070362500768,148.5970590179035,152.31974217360127
4646.0,154.8245481067832,147.83807525531392,152.43480165728357
4647.0,154.50658559318688,147.17944575588888,152.76640867005662
4648.0,154.1571836977449,146.11224058537135,153.04501884887407
4649.0,153.7757620044114,145.41765137619035,153.44634312577426
4650.0,153.41097155507518,144.8159902926311,153.90539947139038
4651.0,153.0514170630388,144.50930914674768,154.19784708788677
4652.0,152.73413689121932,144.22489010178924,154.4187576673801
4653.0,152.29002611421356,144.51889901267165,154.57427564285874
4654.0,151.72077964106924,144.61302281945373,154.51321787267113
4655.0,151.24431949728483,145.07332264695705,154.40293960039958
4656.0,151.0897962035628,145.60771912403948,154.26294500897149
4657.0,150.99964756226936,146.26745293547629,154.20728853218301
4658.0,151.06405157351557,146.5139151784428,154.14180320183897
4659.0,151.38148880305812,146.71241728019186,154.1024755413982
4660.0,151.56444675045117,147.04632447338645,153.95923155671989
4661.0,151.70644316622253,147.55736113780137,153.62803888356214
4662.0,152.06357191248657,147.63105303370384,153.3325847548631
4663.0,152.423159489385,147.92940128509667,153.08668089736906
4664.0,152.48602209611434,148.2112323558826,152.75968041068484
4665.0,152.26282301106295,148.29985817287985,152.72029546116346
4666.0,151.93089175323914,148.65453865591184,152.5742216579468
4667.0,151.50500761800484,149.20040251523932,152.23241322480408
4668.0,151.08418396240506,149.64560443008128,151.74209487035785
4669.0,150.9915820244816,149.84699064135486,151.41666311109333
4670.0,150.99477504948882,149.87099779172655,151.31311407913861
4671.0,150.92956105669302,150.00373613929506,150.9227918498724
4672.0,151.18502320616201,150.20636839541865,151.11751927500413
4673.0,151.39864473305417,150.14118481425766,151.26143515028173
4674.0,151.46666305875598,150.493456931281,150.95440411392
4675.0,151.54691903533558,150.66263607777634,150.631591412637
4676.0,151.497723226486,150.64456170447676,150.4682050743571
4677.0,151.39531713896582,150.51804610723386,150.07143375809343
4678.0,151.33047180932422,150.4668134493692,149.47065938482098
4679.0,151.09014990229196,150.30378159433448,148.77125341359996
4680.0,150.92173539256075,150.34900685121656,148.63232667892737
4681.0,150.60200069989702,150.39756637311476,147.62377587437268
4682.0,150.20869188753107,150.48343374643486,146.80577097184255
4683.0,150.21328019530986,150.2755705608815,146.406854972871
4684.0,150.41074569815268,149.96206021405416,145.9939436439935
4685.0,150.55535519155347,149.4922335314045,145.41728654985803
4686.0,150.76719383717645,149.0716521195736,145.34572950894866
4687.0,151.16087277925874,148.58541541925945,145.4744523887068
4688.0,151.70163537059744,148.20661326272992,145.43323205060096
4689.0,152.15374652079123,147.738917421906,145.2695252598872
4690.0,152.38613948163427,147.3666670757732,145.23592333761783
4691.0,152.71541696895653,147.434762907238,145.30824865121494
4692.0,152.89434102988096,147.11995971196512,145.17133169397903
4693.0,153.09804767870315,146.9064833761193,144.9675252460591
4694.0,153.2692516669397,146.66473438775873,144.81293603811466
4695.0,153.39395759754086,146.53512781669411,144.4442738966726
4696.0,153.21957676406737,146.47233934624435,144.07944451066172
4697.0,152.91822681955304,146.65070818684825,144.01074543054258
4698.0,152.559214406505,146.65834686513261,143.8228753700106
4699.0,152.5390783486108,146.47380719963417,143.70869753369317
4700.0,152.5731444543037,145.99574103070276,143.55555375458223
4701.0,152.5221172488646,146.12415410379316,143.74209316126434
4702.0,152.10659632360608,146.49672219201312,144.00550096450047
4703.0,152.0845193237779,147.2095399851587,144.2935542822943
4704.0,151.8440571528741,147.90032498670368,144.80411674342162
4705.0,151.66637124306808,148.48625229248276,145.3856751033872
4706.0,151.71424042451918,148.82983017101208,145.6410327778791
4707.0,151.41289073736314,149.33736683570453,146.07271948749644
4708.0,151.0606143435747,149.9605947938447,146.5323844623563
4709.0,150.92439317343366,150.74551553449982,146.9148040363353
4710.0,150.63654105285715,151.40282959368872,147.0830020697445
4711.0,150.70302179479043,152.06773589769017,147.0543101145557
4712.0,150.44045926360434,152.55354883963795,147.39685283760815
4713.0,150.26200121865526,152.8222061336316,147.5180388817337
4714.0,150.17845234857336,153.12303916445117,147.60019997456482
4715.0,149.83005074514156,153.29410161983853,147.74733652781876
4716.0,149.90595807615716,153.58899677114167,147.85719762363556
4717.0,149.9526869213411,153.79324537199378,147.69295192928772
4718.0,149.7868752882788,153.7371553185839,147.64000342389744
4719.0,149.80169546514566,153.56536359576126,147.51979645124567
4720.0,149.80379915496746,153.25105659713958,147.55066739337482
4721.0,149.6984720652506,152.70283595925017,147.18677662868546
4722.0,149.71486406902278,152.19760973307194,146.9078413377585
4723.0,149.4809528495047,151.8381429535569,146.59810648431719
4724.0,149.24226521530434,151.73681000920766,146.4315849317785
4725.0,148.93119553819034,151.51404892843664,146.392235952317
4726.0,148.47924069823313,151.2142013039652,146.52443088048238
4727.0,147.87673298231107,150.87807844718296,146.38513747328426
4728.0,147.4272593926652,150.6001969209256,146.25942532253077
4729.0,146.86592480921314,150.40073610297605,146.17299014891438
4730.0,146.57255136756405,150.42381068924695,146.22925158074742
4731.0,146.40955240248294,150.51403997630516,146.2262130309123
4732.0,146.40965326517792,150.59266407409928,146.25056128096057
4733.0,146.6352041176202,150.48199738408158,146.5876724223546
4734.0,146.73075338965484,150.4242917672091,146.83460180596205
4735.0,146.8455069484229,150.37634656574986,146.92966635711628
4736.0,147.25005104322386,150.51184294223273,147.28750405273558
4737.0,147.57419071249322,150.73320411761188,147.74534606989147
4738.0,147.5939704941551,150.72016424554954,148.19603952615935
4739.0,147.58571094144665,150.77429083106648,148.42955910153333
4740.0,147.40625153103142,151.09876382567228,148.4285490593975
4741.0,147.19589611509622,151.01622322911874,148.42142403295003
4742.0,146.89824483700517,151.20597797960707,148.16320049807726
4743.0,146.74376022634385,151.34257414981658,147.85672996266538
4744.0,146.8359333849356,151.52860916370392,147.59722363425846
4745.0,146.76670490639313,151.5661791319648,147.22769653505094
4746.0,146.97150043137464,151.56256082170813,146.84949345076313
4747.0,147.2550655741652,151.389277561876,146.60614290878905
4748.0,147.29372600976944,151.2768945583761,146.26757781363708
4749.0,147.23629139408263,150.83309258012775,146.46163717073847
4750.0,147.1586777496514,150.69802864948207,146.64499843859653
4751.0,146.86932385795265,150.47440602883734,146.5433082524814
4752.0,146.43877558156223,150.23760793253183,146.58014900547295
4753.0,145.73837446677334,149.7580117471311,146.9328519350958
4754.0,145.26204828239972,149.57461699056972,147.04947580742942
4755.0,144.4551076314134,149.3229064113668,147.02621346853599
4756.0,143.61459876068903,149.41704515188616,147.34029857119418
4757.0,143.03756537862682,149.44957819676873,147.86387876126216
4758.0,142.42834053205436,149.52351248098014,148.1876797035473
4759.0,141.8229569765968,149.53494337599378,148.42258361366197
4760.0,141.50521881333208,149.338505202009,148.6040270645229
4761.0,141.5070866496084,149.23340973427693,148.79328103306713
4762.0,141.54214294121743,149.28459952405876,148.87074175904525
4763.0,141.27938343254698,148.98335753094452,149.08393755888332
4764.0,141.11919833652684,148.63977022953304,149.25875142987385
4765.0,141.13179941026993,148.3013854176468,149.1507816410861
4766.0,140.90202757823073,147.934360219328,149.21591608725524
4767.0,140.85788747464323,147.61670083960487,149.13897002305188
4768.0,140.74385970118576,147.5153924942931,149.16153749764803
4769.0,140.52695496134555,147.44766946565525,149.38628354672323
4770.0,140.26669657302327,147.3393584233604,149.62699097333083
4771.0,139.8749652891605,147.49703178304807,149.8299512619214
4772.0,139.42269686372038,147.48836629978848,149.89790859324796
4773.0,139.12531926232768,147.5351422952817,149.83021313924036
4774.0,138.90138066108582,147.6564000279044,149.95828426781907
4775.0,138.86996710624956,147.7714171021491,149.9873766038732
4776.0,138.90573450942296,148.13363142415412,149.94264752510927
4777.0,138.92703039580127,148.29196800497206,149.78723158410895
4778.0,139.0653347935491,148.42036264634416,149.54113151061404
4779.0,139.0650956815203,148.6009392759364,149.15908495165687
4780.0,139.01493827399872,148.6954260397854,148.90925296027925
4781.0,139.2381432413757,149.055916282371,148.6913071441744
4782.0,139.72878077751778,149.23986435042883,148.56700126847323
4783.0,140.32017810890474,149.42755415719427,148.38720700321622
4784.0,140.97485156134218,149.49186973235535,148.42949421038534
4785.0,141.5346336516834,149.58461119737368,148.8166833190852
4786.0,142.15662422510692,149.24021629084433,149.28961796965675
4787.0,142.59253822540876,149.0313598629245,149.97045378661332
4788.0,143.1694040662139,148.64165996368877,150.63591407586267
4789.0,144.18858951718894,148.38414669337365,151.09286595869506
4790.0,144.77320200614162,147.93048686024494,151.44811294229908
4791.0,144.9504815257878,147.64439968378434,151.98671698859863
4792.0,144.93062874416256,147.30635623192558,152.36296814340488
4793.0,145.04954236749558,147.26975114309457,152.9193449978045
4794.0,145.15399815640293,147.22338001457774,153.24625145504908
4795.0,145.109767472752,147.77507612027392,153.47368621637182
4796.0,145.1691338962709,148.11838946684526,153.46438190881548
4797.0,145.20975963231467,148.6082536979285,153.39236415555501
4798.0,145.05215460205736,148.78459734553715,153.29850123534638
4799.0,145.16840443155638,149.05887553835447,153.54534610480283
4800.0,145.2480209856329,149.42589215333265,153.82987606709665
4801.0,145.5747397870452,149.70731334568663,153.82183776466002
4802.0,145.84492733718847,149.90846402055772,153.64262741742763
4803.0,146.13559213648088,149.85236809709295,153.4358701154917
4804.0,146.70049868721475,149.827150148848,153.4016120109196
4805.0,147.12043082442864,149.92070548896166,153.4158910234955
4806.0,147.24770493348495,149.73384157361474,153.5834648888535
4807.0,147.51696638830452,149.42682582928606,154.02186788122768
4808.0,147.89394029946467,149.08382824932465,154.48492884340408
4809.0,148.24960927345978,148.6085144990272,154.6902399208839
4810.0,148.37835199379566,148.44441596446921,155.18411922116093
4811.0,148.4523639563006,147.9616190270879,155.31080939961797
4812.0,148.59428768971492,147.52802034653428,155.63880216290198
4813.0,148.45324146058726,146.79182060793062,155.87671352156255
4814.0,148.24485155808586,146.10390743543644,155.94304468323713
4815.0,148.35272782770193,145.5930479736497,155.66464626944955
4816.0,148.24853740618434,145.37427860522462,155.41264380869575
4817.0,148.15593212798177,145.38145256377047,155.02021853286095
4818.0,148.22529763084077,145.28030288966406,154.72610061675994
4819.0,148.33006566719496,144.93851612740337,154.44973209415195
4820.0,148.0701091221999,144.8018030456398,154.15736712965213
4821.0,147.53212378808266,144.75911240087882,153.74746691441126
4822.0,147.04579908911987,144.8659805007468,153.39051640939758
4823.0,146.67404141666833,144.93351618705742,153.27920074044903
4824.0,146.46337741010024,144.97671555676948,153.58240242757637
4825.0,145.96715009725096,144.9920629566202,153.56562256753966
4826.0,145.5809986015767,145.14665263538063,153.80024220886443
4827.0,145.0852970769132,145.27154986657786,154.02040938594567
4828.0,144.75549513060037,145.4036321832077,154.4220061143088
4829.0,144.6489032337609,145.6992595522469,154.7455411480534
4830.0,144.67595667022553,146.0510681635328,155.08368464883634
4831.0,144.76965486316269,146.22138621413663,155.1084938114278
4832.0,144.8300971766011,146.2537440296822,155.02522768058475
4833.0,144.89606182748838,146.3918727006783,154.8438933148257
4834.0,145.2362908137272,146.62150483326886,154.74594858929314
4835.0,145.5261498782093,146.41155978640964,154.52912199175162
4836.0,145.69239263951928,146.37398097859,154.16396464938833
4837.0,145.55056825210784,146.3372648730411,153.45875655202943
4838.0,145.76354198922635,146.3740983712814,152.88957048923206
4839.0,145.99414185046305,146.2297611815466,152.5157242454797
4840.0,146.13885686483596,146.1502364252705,152.23073511810483
4841.0,146.4545511834743,146.17345421481483,152.0561952907983
4842.0,146.4312630918685,146.34146862000057,151.86533176166355
4843.0,146.377512993204,146.39499637368803,151.68622491596838
4844.0,146.36686435821758,146.6655266023155,151.56177884106785
4845.0,146.5215157641252,147.09343285201084,151.56099229124763
4846.0,146.92796487687568,147.56914883534472,151.64088261126923
4847.0,147.06872124596268,147.82402550189627,151.8226629282732
4848.0,147.5099332659534,147.98558395011128,151.70254770306428
4849.0,148.10840007259932,148.38393219065972,151.70114243890916
4850.0,148.7076460104982,148.80028493819896,151.57960192482096
4851.0,149.49229457358746,148.82584274555526,151.4290019386167
4852.0,150.33760492333147,148.81525972051637,151.2476075971601
4853.0,150.90286024799528,148.6731056778081,151.01177672484513
4854.0,151.66334733054717,148.43578973876276,150.87707657882163
4855.0,152.45291315308728,148.00758040741297,151.00365841518504
4856.0,152.99051680363016,147.61019263171931,151.07344746459862
4857.0,153.6172812254674,147.34998493669525,150.9364498813333
4858.0,153.86582008740805,147.03623220445783,150.75390881110036
4859.0,154.08955951753816,146.79211026257383,150.8015530085089
4860.0,154.35311593155316,146.83117595389845,151.0197382808632
4861.0,154.4760030012074,146.68786141360687,151.09823366088807
4862.0,154.60164786469025,146.45392951828117,150.97559598360235
4863.0,154.21802491212924,146.17562818848242,150.69145844183154
4864.0,153.70063320098174,145.95488577229978,150.2498211200002
4865.0,153.36003526731625,145.74081200462007,150.03651944598224
4866.0,152.49296518547877,145.7280311583941,149.97710402823407
4867.0,152.03971748541178,145.7169802164294,149.96857183007629
4868.0,151.7066788699906,145.7584421158556,149.68970640761458
4869.0,151.13928940427834,145.70915396454248,149.3310216600369
4870.0,150.8217674023788,145.7025844656291,149.18906194499527
4871.0,150.44557256415015,145.8376408742,149.3396825655596
4872.0,150.44400859096783,145.98549004676295,149.8631690034603
4873.0,150.46987347258664,146.19759152469427,150.34051862101308
4874.0,150.63398394263982,146.55680123506346,150.79463987814023
4875.0,150.77008450368322,147.16287879563006,151.29005825949102
4876.0,150.81314114701192,147.55861221232817,151.76392066830925
4877.0,150.6644754394511,147.7077507218381,152.32968253900776
4878.0,150.68041875896955,147.926901271759,152.7599642069415
4879.0,150.7023496870883,148.43424103830463,153.05741349926473
4880.0,150.61712301987302,149.06784124930317,153.214447456378
4881.0,150.41978385559975,149.71966927948745,153.12424048776265
4882.0,150.33723333154538,150.2913085000783,152.98365335315444
4883.0,150.19922230755492,151.05820685769075,152.62912739005228
4884.0,150.20436035238998,151.2745659933145,152.26163383627733
4885.0,150.3129304972461,151.5566942282768,151.79000862590973
4886.0,150.64246621709518,151.99066130003303,151.4931428176876
4887.0,150.9185142195388,152.201334547941,151.1430858516614
4888.0,150.89041713755873,152.2151052504087,150.7892508640312
4889.0,150.9500019265042,152.09346572695264,150.4175413702756
4890.0,150.7150621393337,151.9088440014346,150.04001306567596
4891.0,150.3764603746533,151.73442606888946,149.53555458214197
4892.0,149.9564404487371,151.19366218749656,149.15036192580055
4893.0,149.6480235075918,150.83187293428506,149.09433760211525
4894.0,149.30566280798308,150.42064112071523,149.03323402922345
4895.0,148.86125391215552,150.07322453580417,148.7724980418904
4896.0,148.274910602569,149.9135748330256,148.61817494983717
4897.0,147.88008871504942,149.65247297441817,148.34517356645
4898.0,147.67567782801294,149.55329028013765,148.24847244066115
4899.0,147.59038931327999,149.3622519901151,148.26856689554376
4900.0,147.2846923532849,149.23615233837785,148.21863347490503
4901.0,147.21802774751484,149.30216883917277,147.96644794697232
4902.0,146.92190235270357,149.19832390156722,147.51965766980027
4903.0,146.77499794628838,149.2867238606351,147.3126749366448
4904.0,146.70233456837897,149.5872931526884,147.13775293385507
4905.0,146.6193355849427,149.69832905030754,147.13265552319785
4906.0,146.74243761213035,150.01274141411602,147.39784332943276
4907.0,147.01448291975996,150.19087908442825,147.4846262321219
4908.0,147.38669509006218,150.37442307462533,147.54911859494314
4909.0,147.97434409401282,150.3934930317679,147.6322575211184
4910.0,148.33675838373355,150.4188450092961,147.8256880739475
4911.0,148.9114953362925,150.60456706201143,147.96748894892585
4912.0,149.25341014885456,150.69899498969235,148.09063159702222
4913.0,149.3734412808399,150.54028190892205,148.4387204914737
4914.0,149.6056650706085,150.52412761926743,148.5259457501021
4915.0,149.85774079505427,150.39018252614778,148.58278301262285
4916.0,149.78517312315307,150.344951505612,148.5404856686727
4917.0,149.81679572526832,150.38548617043077,148.666496062327
4918.0,149.67978534753001,150.5683870184064,148.88958220631326
4919.0,149.56966078572353,150.57438484388894,148.9550970083793
4920.0,149.36496611666394,150.3609337218739,149.14394087493062
4921.0,148.90507070651614,150.34280356929239,149.27841196391626
4922.0,148.6961944238481,150.3552036908467,149.20112243315174
4923.0,148.52914089769163,150.50833005192493,149.1993496982908
4924.0,148.25079212782708,150.6292266989563,149.3879212135746
4925.0,148.3543563590779,150.85289106911796,149.5984517768689
4926.0,148.54014360995242,150.91860326944962,149.54493786796832
4927.0,148.97714315870442,150.91124987487095,149.4959050055677
4928.0,149.4308335448193,150.7716570351118,149.60536801593037
4929.0,149.88947321998978,150.65803697629406,149.42685123218843
4930.0,150.6830598452957,150.35942787191735,149.0052033941082
4931.0,150.9932433500672,150.06164726996806,148.6688610687125
4932.0,151.34859761381867,149.53523920300265,148.49087345481013
4933.0,151.58892271655895,148.96508907367382,147.468760052282
4934.0,151.76905146579048,148.23591099104084,146.91901761117805
4935.0,151.771320510476,147.71792337256898,146.40893769865798
4936.0,151.4852388520534,147.36965589044934,146.0303042085785
4937.0,151.15958111820134,147.26900556587307,145.59660870648014
4938.0,150.6164029898917,147.17268001379426,145.3685679877066
4939.0,149.96436889377097,147.15242817654314,145.51563114092914
4940.0,149.69386276307137,146.98192566715232,145.88760994560283
4941.0,149.20265751245807,146.8589831678941,146.41285493962567
4942.0,148.9132927186743,146.81261696558047,147.47198479034978
4943.0,148.6869304469161,146.86190149470795,148.09660630892284
4944.0,148.47256302423511,146.8594411361034,148.50228911927977
4945.0,148.5008642094842,146.93181364813375,148.87875173150002
4946.0,148.48811465579007,146.89229132718896,149.2879480678342
4947.0,148.77207887243395,147.00844087641943,149.58611144463794
4948.0,149.30347011335596,147.22827263841594,149.93484621283486
4949.0,149.81681605205551,147.41932063088757,150.0486629222081
4950.0,150.44578559101825,147.51146861390893,149.93036627456905
4951.0,150.77502946229555,147.48093934357624,149.66525408319382
4952.0,150.66824532211857,147.262188170138,149.1686169002701
4953.0,150.86616844473264,147.15518793119634,149.26989347237253
4954.0,151.1855386761061,146.72593240383173,149.00120075432898
4955.0,151.514925048648,146.44680091751968,148.88725865477494
4956.0,151.75763661118916,146.2618491241081,148.8857413765871
4957.0,151.70997375461263,146.12608803809687,148.69000816535225
4958.0,151.7437951107191,146.13842502175112,148.43646714476824
4959.0,151.4801605992008,146.05183695928173,148.2388636211187
4960.0,151.25822208519156,146.33374875425613,148.31746686749
4961.0,151.28996050405817,147.01714194447598,148.5331569844126
4962.0,151.1417807795744,147.62374933326913,148.40136467564773
4963.0,150.81481103844197,148.2857959670282,148.54121097281325
4964.0,150.5133666901896,148.6590747118402,148.59190923962424
4965.0,150.2332924457012,148.89337941908843,148.84659554225624
4966.0,149.75454183887302,148.96281110059735,149.39731535688662
4967.0,149.2553238339257,149.02497256540263,150.14529436945958
4968.0,148.94087299592763,149.35670058946533,150.6323910320751
4969.0,148.61589530822374,149.39258658625042,151.31352448271562
4970.0,148.31350967814285,149.40247407471847,152.11833262446777
4971.0,147.86684112389398,149.40569643414858,152.74954872361744
4972.0,147.65067578685196,149.2986421398378,153.31375140117464
4973.0,147.5187980689305,149.0983278876028,153.99147388917356
4974.0,147.42469734599763,149.07502545038884,154.59111094601985
4975.0,147.58331448622877,148.9128422410815,155.10090695131956
4976.0,147.50304600267873,148.81062881651036,155.36800994483457
4977.0,147.37577754389537,148.75352179872436,155.74126974896427
4978.0,147.32432785883637,148.83870433990154,155.82720522396772
4979.0,147.43366835712453,148.5143584310251,156.00445191349593
4980.0,147.69784046561213,148.11595531183892,156.39412941702255
4981.0,147.9772841949754,147.8802279268035,156.56692088607602
4982.0,148.3096143046324,148.07706789818948,156.5230052048017
4983.0,148.59221760326534,148.41582800197705,156.17699920655292
4984.0,148.85841234932667,149.04554140128567,155.7198642633635
4985.0,149.46775230083867,149.6658702868481,155.43604770774007
4986.0,150.08121680282898,150.21700665285073,155.00387234118654
4987.0,150.61478187531443,150.74900068872978,154.5735231145544
4988.0,151.1095009698445,151.5177962825664,154.1297880715405
4989.0,151.40191009375638,152.17302292962194,153.39390020959198
4990.0,151.25501882632105,152.7086258300648,152.85515969880504
4991.0,151.146301167851,153.10516529322985,152.5037945192639
4992.0,150.8952345493762,152.98816540570257,152.10255504744597
4993.0,150.44649794974285,152.56044765934558,151.81824706433915
4994.0,149.58071584098315,152.18483952974054,151.4684012560102
4995.0,148.7087623347233,151.92642921254657,151.28935437829824
4996.0,148.05310957481586,151.5864576101133,151.05868711115662
4997.0,147.23873110222175,151.13704304473018,150.75347589443467
4998.0,146.56087919615803,150.8351991404461,150.63917331403837
4999.0,146.06433490380036,150.67672446361436,150.64971452697642
5000.0,145.4200182655632,150.49880229229134,150.54006366385218
